ISO-10303-21;
HEADER;
FILE_DESCRIPTION(('Open CASCADE Model'),'2;1');
FILE_NAME('Open CASCADE Shape Model','2025-11-02T23:30:34',('Author'),(
    'Open CASCADE'),'Open CASCADE STEP processor 6.8','Open CASCADE 6.8'
  ,'Unknown');
FILE_SCHEMA(('AUTOMOTIVE_DESIGN { 1 0 10303 214 1 1 1 1 }'));
ENDSEC;
DATA;
#1 = APPLICATION_PROTOCOL_DEFINITION('international standard',
  'automotive_design',2000,#2);
#2 = APPLICATION_CONTEXT(
  'core data for automotive mechanical design processes');
#3 = SHAPE_DEFINITION_REPRESENTATION(#4,#10);
#4 = PRODUCT_DEFINITION_SHAPE('','',#5);
#5 = PRODUCT_DEFINITION('design','',#6,#9);
#6 = PRODUCT_DEFINITION_FORMATION('','',#7);
#7 = PRODUCT('PCB','PCB','',(#8));
#8 = PRODUCT_CONTEXT('',#2,'mechanical');
#9 = PRODUCT_DEFINITION_CONTEXT('part definition',#2,'design');
#10 = ADVANCED_BREP_SHAPE_REPRESENTATION('',(#11,#15),#8490);
#11 = AXIS2_PLACEMENT_3D('',#12,#13,#14);
#12 = CARTESIAN_POINT('',(0.E+000,0.E+000,0.E+000));
#13 = DIRECTION('',(0.E+000,0.E+000,1.));
#14 = DIRECTION('',(1.,0.E+000,-0.E+000));
#15 = MANIFOLD_SOLID_BREP('',#16);
#16 = CLOSED_SHELL('',(#17,#59,#92,#123,#147,#189,#213,#255,#279,#312,
    #345,#378,#411,#444,#477,#510,#543,#576,#609,#642,#675,#708,#741,
    #774,#807,#840,#873,#906,#939,#972,#1012,#1045,#1076,#1100,#1140,
    #1173,#1204,#1228,#1268,#1301,#1332,#1356,#1389,#1429,#1462,#1493,
    #1517,#1550,#1590,#1623,#1654,#1678,#1711,#1744,#1784,#1817,#1848,
    #1872,#1905,#1938,#1971,#2004,#2037,#2070,#2103,#2136,#2169,#2202,
    #2235,#2268,#2301,#2334,#2367,#2400,#2433,#2466,#2499,#2532,#2565,
    #2598,#2631,#2664,#2697,#2730,#2763,#2803,#2834,#2865,#2887,#2920,
    #2953,#2986,#3019,#3052,#3085,#3118,#3151,#3184,#3217,#3250,#3283,
    #3316,#3349,#3382,#3415,#3448,#3481,#3514,#3547,#3580,#3613,#3646,
    #3679,#3712,#3745,#3778,#3811,#3844,#3877,#3910,#3943,#3976,#4009,
    #4042,#4075,#4108,#4141,#4174,#4207,#4240,#4273,#4306,#4339,#4372,
    #4405,#4438,#4471,#4504,#4537,#4570,#4603,#4636,#4669,#4702,#4735,
    #4768,#4801,#4834,#4867,#4900,#4933,#4966,#4999,#5032,#5065,#5098,
    #5131,#5164,#5197,#5230,#5263,#5296,#5329,#5362,#5395,#5428,#5461,
    #5494,#5527,#5560,#5593,#5626,#5659,#5692,#5725,#5758,#5791,#5824,
    #5857,#5890,#5923,#5956,#5989,#6022,#6055,#6088,#6121,#6154,#6187,
    #6220,#6253,#6286,#6319,#6352,#6385,#6418,#6451,#6484,#6517,#6550,
    #6583,#6616,#6649,#6682,#6715,#6748,#6781,#6814,#6854,#6885,#6916,
    #6938,#6971,#7004,#7037,#7070,#7103,#7136,#7169,#7202,#7235,#7268,
    #7879));
#17 = ADVANCED_FACE('',(#18),#54,.T.);
#18 = FACE_BOUND('',#19,.F.);
#19 = EDGE_LOOP('',(#20,#30,#39,#47));
#20 = ORIENTED_EDGE('',*,*,#21,.T.);
#21 = EDGE_CURVE('',#22,#24,#26,.T.);
#22 = VERTEX_POINT('',#23);
#23 = CARTESIAN_POINT('',(-65.91999816894,23.993000030518,-0.41148));
#24 = VERTEX_POINT('',#25);
#25 = CARTESIAN_POINT('',(-65.91999816894,23.993000030518,0.E+000));
#26 = LINE('',#27,#28);
#27 = CARTESIAN_POINT('',(-65.91999816894,23.993000030518,-0.41148));
#28 = VECTOR('',#29,1.);
#29 = DIRECTION('',(0.E+000,0.E+000,1.));
#30 = ORIENTED_EDGE('',*,*,#31,.T.);
#31 = EDGE_CURVE('',#24,#32,#34,.T.);
#32 = VERTEX_POINT('',#33);
#33 = CARTESIAN_POINT('',(65.919998168945,23.993000030518,0.E+000));
#34 = CIRCLE('',#35,70.150466217762);
#35 = AXIS2_PLACEMENT_3D('',#36,#37,#38);
#36 = CARTESIAN_POINT('',(0.E+000,4.64691883149E-004,0.E+000));
#37 = DIRECTION('',(0.E+000,0.E+000,1.));
#38 = DIRECTION('',(-0.93969437016,0.342015336921,-0.E+000));
#39 = ORIENTED_EDGE('',*,*,#40,.F.);
#40 = EDGE_CURVE('',#41,#32,#43,.T.);
#41 = VERTEX_POINT('',#42);
#42 = CARTESIAN_POINT('',(65.919998168945,23.993000030518,-0.41148));
#43 = LINE('',#44,#45);
#44 = CARTESIAN_POINT('',(65.919998168945,23.993000030518,-0.41148));
#45 = VECTOR('',#46,1.);
#46 = DIRECTION('',(0.E+000,0.E+000,1.));
#47 = ORIENTED_EDGE('',*,*,#48,.F.);
#48 = EDGE_CURVE('',#22,#41,#49,.T.);
#49 = CIRCLE('',#50,70.150466217762);
#50 = AXIS2_PLACEMENT_3D('',#51,#52,#53);
#51 = CARTESIAN_POINT('',(0.E+000,4.64691883149E-004,-0.41148));
#52 = DIRECTION('',(0.E+000,0.E+000,1.));
#53 = DIRECTION('',(-0.93969437016,0.342015336921,-0.E+000));
#54 = CYLINDRICAL_SURFACE('',#55,70.150466217762);
#55 = AXIS2_PLACEMENT_3D('',#56,#57,#58);
#56 = CARTESIAN_POINT('',(0.E+000,4.64691883149E-004,-0.41148));
#57 = DIRECTION('',(-0.E+000,-0.E+000,-1.));
#58 = DIRECTION('',(-0.93969437016,0.342015336921,-0.E+000));
#59 = ADVANCED_FACE('',(#60),#87,.T.);
#60 = FACE_BOUND('',#61,.F.);
#61 = EDGE_LOOP('',(#62,#63,#72,#80));
#62 = ORIENTED_EDGE('',*,*,#40,.T.);
#63 = ORIENTED_EDGE('',*,*,#64,.T.);
#64 = EDGE_CURVE('',#32,#65,#67,.T.);
#65 = VERTEX_POINT('',#66);
#66 = CARTESIAN_POINT('',(65.77799987793,24.091999053955,0.E+000));
#67 = CIRCLE('',#68,0.149472442534);
#68 = AXIS2_PLACEMENT_3D('',#69,#70,#71);
#69 = CARTESIAN_POINT('',(65.779303397227,23.942532295394,0.E+000));
#70 = DIRECTION('',(0.E+000,0.E+000,1.));
#71 = DIRECTION('',(0.941275658123,0.337639060869,-0.E+000));
#72 = ORIENTED_EDGE('',*,*,#73,.F.);
#73 = EDGE_CURVE('',#74,#65,#76,.T.);
#74 = VERTEX_POINT('',#75);
#75 = CARTESIAN_POINT('',(65.77799987793,24.091999053955,-0.41148));
#76 = LINE('',#77,#78);
#77 = CARTESIAN_POINT('',(65.77799987793,24.091999053955,-0.41148));
#78 = VECTOR('',#79,1.);
#79 = DIRECTION('',(0.E+000,0.E+000,1.));
#80 = ORIENTED_EDGE('',*,*,#81,.F.);
#81 = EDGE_CURVE('',#41,#74,#82,.T.);
#82 = CIRCLE('',#83,0.149472442534);
#83 = AXIS2_PLACEMENT_3D('',#84,#85,#86);
#84 = CARTESIAN_POINT('',(65.779303397227,23.942532295394,-0.41148));
#85 = DIRECTION('',(0.E+000,0.E+000,1.));
#86 = DIRECTION('',(0.941275658123,0.337639060869,-0.E+000));
#87 = CYLINDRICAL_SURFACE('',#88,0.149472442534);
#88 = AXIS2_PLACEMENT_3D('',#89,#90,#91);
#89 = CARTESIAN_POINT('',(65.779303397227,23.942532295394,-0.41148));
#90 = DIRECTION('',(-0.E+000,-0.E+000,-1.));
#91 = DIRECTION('',(0.941275658123,0.337639060869,-0.E+000));
#92 = ADVANCED_FACE('',(#93),#118,.F.);
#93 = FACE_BOUND('',#94,.F.);
#94 = EDGE_LOOP('',(#95,#96,#104,#112));
#95 = ORIENTED_EDGE('',*,*,#73,.T.);
#96 = ORIENTED_EDGE('',*,*,#97,.T.);
#97 = EDGE_CURVE('',#65,#98,#100,.T.);
#98 = VERTEX_POINT('',#99);
#99 = CARTESIAN_POINT('',(-65.77799987793,24.091999053955,0.E+000));
#100 = LINE('',#101,#102);
#101 = CARTESIAN_POINT('',(65.77799987793,24.091999053955,0.E+000));
#102 = VECTOR('',#103,1.);
#103 = DIRECTION('',(-1.,0.E+000,0.E+000));
#104 = ORIENTED_EDGE('',*,*,#105,.F.);
#105 = EDGE_CURVE('',#106,#98,#108,.T.);
#106 = VERTEX_POINT('',#107);
#107 = CARTESIAN_POINT('',(-65.77799987793,24.091999053955,-0.41148));
#108 = LINE('',#109,#110);
#109 = CARTESIAN_POINT('',(-65.77799987793,24.091999053955,-0.41148));
#110 = VECTOR('',#111,1.);
#111 = DIRECTION('',(0.E+000,0.E+000,1.));
#112 = ORIENTED_EDGE('',*,*,#113,.F.);
#113 = EDGE_CURVE('',#74,#106,#114,.T.);
#114 = LINE('',#115,#116);
#115 = CARTESIAN_POINT('',(65.77799987793,24.091999053955,-0.41148));
#116 = VECTOR('',#117,1.);
#117 = DIRECTION('',(-1.,0.E+000,0.E+000));
#118 = PLANE('',#119);
#119 = AXIS2_PLACEMENT_3D('',#120,#121,#122);
#120 = CARTESIAN_POINT('',(65.77799987793,24.091999053955,-0.41148));
#121 = DIRECTION('',(0.E+000,-1.,0.E+000));
#122 = DIRECTION('',(-1.,0.E+000,0.E+000));
#123 = ADVANCED_FACE('',(#124),#142,.T.);
#124 = FACE_BOUND('',#125,.F.);
#125 = EDGE_LOOP('',(#126,#127,#134,#135));
#126 = ORIENTED_EDGE('',*,*,#105,.T.);
#127 = ORIENTED_EDGE('',*,*,#128,.T.);
#128 = EDGE_CURVE('',#98,#24,#129,.T.);
#129 = CIRCLE('',#130,0.149472442534);
#130 = AXIS2_PLACEMENT_3D('',#131,#132,#133);
#131 = CARTESIAN_POINT('',(-65.77930339722,23.942532295394,0.E+000));
#132 = DIRECTION('',(0.E+000,0.E+000,1.));
#133 = DIRECTION('',(8.720800140179E-003,0.999961973099,-0.E+000));
#134 = ORIENTED_EDGE('',*,*,#21,.F.);
#135 = ORIENTED_EDGE('',*,*,#136,.F.);
#136 = EDGE_CURVE('',#106,#22,#137,.T.);
#137 = CIRCLE('',#138,0.149472442534);
#138 = AXIS2_PLACEMENT_3D('',#139,#140,#141);
#139 = CARTESIAN_POINT('',(-65.77930339722,23.942532295394,-0.41148));
#140 = DIRECTION('',(0.E+000,0.E+000,1.));
#141 = DIRECTION('',(8.720800140179E-003,0.999961973099,-0.E+000));
#142 = CYLINDRICAL_SURFACE('',#143,0.149472442534);
#143 = AXIS2_PLACEMENT_3D('',#144,#145,#146);
#144 = CARTESIAN_POINT('',(-65.77930339722,23.942532295394,-0.41148));
#145 = DIRECTION('',(-0.E+000,-0.E+000,-1.));
#146 = DIRECTION('',(8.720800140179E-003,0.999961973099,-0.E+000));
#147 = ADVANCED_FACE('',(#148),#184,.F.);
#148 = FACE_BOUND('',#149,.T.);
#149 = EDGE_LOOP('',(#150,#160,#169,#177));
#150 = ORIENTED_EDGE('',*,*,#151,.T.);
#151 = EDGE_CURVE('',#152,#154,#156,.T.);
#152 = VERTEX_POINT('',#153);
#153 = CARTESIAN_POINT('',(-37.80600008,-53.086,-0.41148));
#154 = VERTEX_POINT('',#155);
#155 = CARTESIAN_POINT('',(-37.80600008,-53.086,0.E+000));
#156 = LINE('',#157,#158);
#157 = CARTESIAN_POINT('',(-37.80600008,-53.086,-0.41148));
#158 = VECTOR('',#159,1.);
#159 = DIRECTION('',(0.E+000,0.E+000,1.));
#160 = ORIENTED_EDGE('',*,*,#161,.T.);
#161 = EDGE_CURVE('',#154,#162,#164,.T.);
#162 = VERTEX_POINT('',#163);
#163 = CARTESIAN_POINT('',(-32.80599992,-53.086,0.E+000));
#164 = CIRCLE('',#165,2.50000008);
#165 = AXIS2_PLACEMENT_3D('',#166,#167,#168);
#166 = CARTESIAN_POINT('',(-35.306,-53.086,0.E+000));
#167 = DIRECTION('',(0.E+000,0.E+000,1.));
#168 = DIRECTION('',(-1.,0.E+000,-0.E+000));
#169 = ORIENTED_EDGE('',*,*,#170,.F.);
#170 = EDGE_CURVE('',#171,#162,#173,.T.);
#171 = VERTEX_POINT('',#172);
#172 = CARTESIAN_POINT('',(-32.80599992,-53.086,-0.41148));
#173 = LINE('',#174,#175);
#174 = CARTESIAN_POINT('',(-32.80599992,-53.086,-0.41148));
#175 = VECTOR('',#176,1.);
#176 = DIRECTION('',(0.E+000,0.E+000,1.));
#177 = ORIENTED_EDGE('',*,*,#178,.F.);
#178 = EDGE_CURVE('',#152,#171,#179,.T.);
#179 = CIRCLE('',#180,2.50000008);
#180 = AXIS2_PLACEMENT_3D('',#181,#182,#183);
#181 = CARTESIAN_POINT('',(-35.306,-53.086,-0.41148));
#182 = DIRECTION('',(0.E+000,0.E+000,1.));
#183 = DIRECTION('',(-1.,0.E+000,-0.E+000));
#184 = CYLINDRICAL_SURFACE('',#185,2.50000008);
#185 = AXIS2_PLACEMENT_3D('',#186,#187,#188);
#186 = CARTESIAN_POINT('',(-35.306,-53.086,-0.41148));
#187 = DIRECTION('',(-0.E+000,-0.E+000,-1.));
#188 = DIRECTION('',(-1.,0.E+000,-0.E+000));
#189 = ADVANCED_FACE('',(#190),#208,.F.);
#190 = FACE_BOUND('',#191,.T.);
#191 = EDGE_LOOP('',(#192,#193,#200,#201));
#192 = ORIENTED_EDGE('',*,*,#170,.T.);
#193 = ORIENTED_EDGE('',*,*,#194,.T.);
#194 = EDGE_CURVE('',#162,#154,#195,.T.);
#195 = CIRCLE('',#196,2.50000008);
#196 = AXIS2_PLACEMENT_3D('',#197,#198,#199);
#197 = CARTESIAN_POINT('',(-35.306,-53.086,0.E+000));
#198 = DIRECTION('',(0.E+000,0.E+000,1.));
#199 = DIRECTION('',(1.,0.E+000,-0.E+000));
#200 = ORIENTED_EDGE('',*,*,#151,.F.);
#201 = ORIENTED_EDGE('',*,*,#202,.F.);
#202 = EDGE_CURVE('',#171,#152,#203,.T.);
#203 = CIRCLE('',#204,2.50000008);
#204 = AXIS2_PLACEMENT_3D('',#205,#206,#207);
#205 = CARTESIAN_POINT('',(-35.306,-53.086,-0.41148));
#206 = DIRECTION('',(0.E+000,0.E+000,1.));
#207 = DIRECTION('',(1.,0.E+000,-0.E+000));
#208 = CYLINDRICAL_SURFACE('',#209,2.50000008);
#209 = AXIS2_PLACEMENT_3D('',#210,#211,#212);
#210 = CARTESIAN_POINT('',(-35.306,-53.086,-0.41148));
#211 = DIRECTION('',(-0.E+000,-0.E+000,-1.));
#212 = DIRECTION('',(1.,0.E+000,-0.E+000));
#213 = ADVANCED_FACE('',(#214),#250,.F.);
#214 = FACE_BOUND('',#215,.T.);
#215 = EDGE_LOOP('',(#216,#226,#235,#243));
#216 = ORIENTED_EDGE('',*,*,#217,.T.);
#217 = EDGE_CURVE('',#218,#220,#222,.T.);
#218 = VERTEX_POINT('',#219);
#219 = CARTESIAN_POINT('',(-30.44000008,-53.086,-0.41148));
#220 = VERTEX_POINT('',#221);
#221 = CARTESIAN_POINT('',(-30.44000008,-53.086,0.E+000));
#222 = LINE('',#223,#224);
#223 = CARTESIAN_POINT('',(-30.44000008,-53.086,-0.41148));
#224 = VECTOR('',#225,1.);
#225 = DIRECTION('',(0.E+000,0.E+000,1.));
#226 = ORIENTED_EDGE('',*,*,#227,.T.);
#227 = EDGE_CURVE('',#220,#228,#230,.T.);
#228 = VERTEX_POINT('',#229);
#229 = CARTESIAN_POINT('',(-25.43999992,-53.086,0.E+000));
#230 = CIRCLE('',#231,2.50000008);
#231 = AXIS2_PLACEMENT_3D('',#232,#233,#234);
#232 = CARTESIAN_POINT('',(-27.94,-53.086,0.E+000));
#233 = DIRECTION('',(0.E+000,0.E+000,1.));
#234 = DIRECTION('',(-1.,0.E+000,-0.E+000));
#235 = ORIENTED_EDGE('',*,*,#236,.F.);
#236 = EDGE_CURVE('',#237,#228,#239,.T.);
#237 = VERTEX_POINT('',#238);
#238 = CARTESIAN_POINT('',(-25.43999992,-53.086,-0.41148));
#239 = LINE('',#240,#241);
#240 = CARTESIAN_POINT('',(-25.43999992,-53.086,-0.41148));
#241 = VECTOR('',#242,1.);
#242 = DIRECTION('',(0.E+000,0.E+000,1.));
#243 = ORIENTED_EDGE('',*,*,#244,.F.);
#244 = EDGE_CURVE('',#218,#237,#245,.T.);
#245 = CIRCLE('',#246,2.50000008);
#246 = AXIS2_PLACEMENT_3D('',#247,#248,#249);
#247 = CARTESIAN_POINT('',(-27.94,-53.086,-0.41148));
#248 = DIRECTION('',(0.E+000,0.E+000,1.));
#249 = DIRECTION('',(-1.,0.E+000,-0.E+000));
#250 = CYLINDRICAL_SURFACE('',#251,2.50000008);
#251 = AXIS2_PLACEMENT_3D('',#252,#253,#254);
#252 = CARTESIAN_POINT('',(-27.94,-53.086,-0.41148));
#253 = DIRECTION('',(-0.E+000,-0.E+000,-1.));
#254 = DIRECTION('',(-1.,0.E+000,-0.E+000));
#255 = ADVANCED_FACE('',(#256),#274,.F.);
#256 = FACE_BOUND('',#257,.T.);
#257 = EDGE_LOOP('',(#258,#259,#266,#267));
#258 = ORIENTED_EDGE('',*,*,#236,.T.);
#259 = ORIENTED_EDGE('',*,*,#260,.T.);
#260 = EDGE_CURVE('',#228,#220,#261,.T.);
#261 = CIRCLE('',#262,2.50000008);
#262 = AXIS2_PLACEMENT_3D('',#263,#264,#265);
#263 = CARTESIAN_POINT('',(-27.94,-53.086,0.E+000));
#264 = DIRECTION('',(0.E+000,0.E+000,1.));
#265 = DIRECTION('',(1.,0.E+000,-0.E+000));
#266 = ORIENTED_EDGE('',*,*,#217,.F.);
#267 = ORIENTED_EDGE('',*,*,#268,.F.);
#268 = EDGE_CURVE('',#237,#218,#269,.T.);
#269 = CIRCLE('',#270,2.50000008);
#270 = AXIS2_PLACEMENT_3D('',#271,#272,#273);
#271 = CARTESIAN_POINT('',(-27.94,-53.086,-0.41148));
#272 = DIRECTION('',(0.E+000,0.E+000,1.));
#273 = DIRECTION('',(1.,0.E+000,-0.E+000));
#274 = CYLINDRICAL_SURFACE('',#275,2.50000008);
#275 = AXIS2_PLACEMENT_3D('',#276,#277,#278);
#276 = CARTESIAN_POINT('',(-27.94,-53.086,-0.41148));
#277 = DIRECTION('',(-0.E+000,-0.E+000,-1.));
#278 = DIRECTION('',(1.,0.E+000,-0.E+000));
#279 = ADVANCED_FACE('',(#280),#307,.F.);
#280 = FACE_BOUND('',#281,.T.);
#281 = EDGE_LOOP('',(#282,#292,#299,#300));
#282 = ORIENTED_EDGE('',*,*,#283,.T.);
#283 = EDGE_CURVE('',#284,#286,#288,.T.);
#284 = VERTEX_POINT('',#285);
#285 = CARTESIAN_POINT('',(-38.389,-35.814,-0.41148));
#286 = VERTEX_POINT('',#287);
#287 = CARTESIAN_POINT('',(-38.389,-35.814,0.E+000));
#288 = LINE('',#289,#290);
#289 = CARTESIAN_POINT('',(-38.389,-35.814,-0.41148));
#290 = VECTOR('',#291,1.);
#291 = DIRECTION('',(0.E+000,0.E+000,1.));
#292 = ORIENTED_EDGE('',*,*,#293,.T.);
#293 = EDGE_CURVE('',#286,#286,#294,.T.);
#294 = CIRCLE('',#295,0.6);
#295 = AXIS2_PLACEMENT_3D('',#296,#297,#298);
#296 = CARTESIAN_POINT('',(-38.989,-35.814,0.E+000));
#297 = DIRECTION('',(0.E+000,0.E+000,1.));
#298 = DIRECTION('',(1.,0.E+000,-0.E+000));
#299 = ORIENTED_EDGE('',*,*,#283,.F.);
#300 = ORIENTED_EDGE('',*,*,#301,.F.);
#301 = EDGE_CURVE('',#284,#284,#302,.T.);
#302 = CIRCLE('',#303,0.6);
#303 = AXIS2_PLACEMENT_3D('',#304,#305,#306);
#304 = CARTESIAN_POINT('',(-38.989,-35.814,-0.41148));
#305 = DIRECTION('',(0.E+000,0.E+000,1.));
#306 = DIRECTION('',(1.,0.E+000,-0.E+000));
#307 = CYLINDRICAL_SURFACE('',#308,0.6);
#308 = AXIS2_PLACEMENT_3D('',#309,#310,#311);
#309 = CARTESIAN_POINT('',(-38.989,-35.814,-0.41148));
#310 = DIRECTION('',(-0.E+000,-0.E+000,-1.));
#311 = DIRECTION('',(1.,0.E+000,-0.E+000));
#312 = ADVANCED_FACE('',(#313),#340,.F.);
#313 = FACE_BOUND('',#314,.T.);
#314 = EDGE_LOOP('',(#315,#325,#332,#333));
#315 = ORIENTED_EDGE('',*,*,#316,.T.);
#316 = EDGE_CURVE('',#317,#319,#321,.T.);
#317 = VERTEX_POINT('',#318);
#318 = CARTESIAN_POINT('',(-29.041,-46.482,-0.41148));
#319 = VERTEX_POINT('',#320);
#320 = CARTESIAN_POINT('',(-29.041,-46.482,0.E+000));
#321 = LINE('',#322,#323);
#322 = CARTESIAN_POINT('',(-29.041,-46.482,-0.41148));
#323 = VECTOR('',#324,1.);
#324 = DIRECTION('',(0.E+000,0.E+000,1.));
#325 = ORIENTED_EDGE('',*,*,#326,.T.);
#326 = EDGE_CURVE('',#319,#319,#327,.T.);
#327 = CIRCLE('',#328,0.55);
#328 = AXIS2_PLACEMENT_3D('',#329,#330,#331);
#329 = CARTESIAN_POINT('',(-29.591,-46.482,0.E+000));
#330 = DIRECTION('',(0.E+000,0.E+000,1.));
#331 = DIRECTION('',(1.,0.E+000,-0.E+000));
#332 = ORIENTED_EDGE('',*,*,#316,.F.);
#333 = ORIENTED_EDGE('',*,*,#334,.F.);
#334 = EDGE_CURVE('',#317,#317,#335,.T.);
#335 = CIRCLE('',#336,0.55);
#336 = AXIS2_PLACEMENT_3D('',#337,#338,#339);
#337 = CARTESIAN_POINT('',(-29.591,-46.482,-0.41148));
#338 = DIRECTION('',(0.E+000,0.E+000,1.));
#339 = DIRECTION('',(1.,0.E+000,-0.E+000));
#340 = CYLINDRICAL_SURFACE('',#341,0.55);
#341 = AXIS2_PLACEMENT_3D('',#342,#343,#344);
#342 = CARTESIAN_POINT('',(-29.591,-46.482,-0.41148));
#343 = DIRECTION('',(-0.E+000,-0.E+000,-1.));
#344 = DIRECTION('',(1.,0.E+000,-0.E+000));
#345 = ADVANCED_FACE('',(#346),#373,.F.);
#346 = FACE_BOUND('',#347,.T.);
#347 = EDGE_LOOP('',(#348,#358,#365,#366));
#348 = ORIENTED_EDGE('',*,*,#349,.T.);
#349 = EDGE_CURVE('',#350,#352,#354,.T.);
#350 = VERTEX_POINT('',#351);
#351 = CARTESIAN_POINT('',(-32.42,-33.782,-0.41148));
#352 = VERTEX_POINT('',#353);
#353 = CARTESIAN_POINT('',(-32.42,-33.782,0.E+000));
#354 = LINE('',#355,#356);
#355 = CARTESIAN_POINT('',(-32.42,-33.782,-0.41148));
#356 = VECTOR('',#357,1.);
#357 = DIRECTION('',(0.E+000,0.E+000,1.));
#358 = ORIENTED_EDGE('',*,*,#359,.T.);
#359 = EDGE_CURVE('',#352,#352,#360,.T.);
#360 = CIRCLE('',#361,0.6);
#361 = AXIS2_PLACEMENT_3D('',#362,#363,#364);
#362 = CARTESIAN_POINT('',(-33.02,-33.782,0.E+000));
#363 = DIRECTION('',(0.E+000,0.E+000,1.));
#364 = DIRECTION('',(1.,0.E+000,-0.E+000));
#365 = ORIENTED_EDGE('',*,*,#349,.F.);
#366 = ORIENTED_EDGE('',*,*,#367,.F.);
#367 = EDGE_CURVE('',#350,#350,#368,.T.);
#368 = CIRCLE('',#369,0.6);
#369 = AXIS2_PLACEMENT_3D('',#370,#371,#372);
#370 = CARTESIAN_POINT('',(-33.02,-33.782,-0.41148));
#371 = DIRECTION('',(0.E+000,0.E+000,1.));
#372 = DIRECTION('',(1.,0.E+000,-0.E+000));
#373 = CYLINDRICAL_SURFACE('',#374,0.6);
#374 = AXIS2_PLACEMENT_3D('',#375,#376,#377);
#375 = CARTESIAN_POINT('',(-33.02,-33.782,-0.41148));
#376 = DIRECTION('',(-0.E+000,-0.E+000,-1.));
#377 = DIRECTION('',(1.,0.E+000,-0.E+000));
#378 = ADVANCED_FACE('',(#379),#406,.F.);
#379 = FACE_BOUND('',#380,.T.);
#380 = EDGE_LOOP('',(#381,#391,#398,#399));
#381 = ORIENTED_EDGE('',*,*,#382,.T.);
#382 = EDGE_CURVE('',#383,#385,#387,.T.);
#383 = VERTEX_POINT('',#384);
#384 = CARTESIAN_POINT('',(-27.009,-60.325,-0.41148));
#385 = VERTEX_POINT('',#386);
#386 = CARTESIAN_POINT('',(-27.009,-60.325,0.E+000));
#387 = LINE('',#388,#389);
#388 = CARTESIAN_POINT('',(-27.009,-60.325,-0.41148));
#389 = VECTOR('',#390,1.);
#390 = DIRECTION('',(0.E+000,0.E+000,1.));
#391 = ORIENTED_EDGE('',*,*,#392,.T.);
#392 = EDGE_CURVE('',#385,#385,#393,.T.);
#393 = CIRCLE('',#394,0.55);
#394 = AXIS2_PLACEMENT_3D('',#395,#396,#397);
#395 = CARTESIAN_POINT('',(-27.559,-60.325,0.E+000));
#396 = DIRECTION('',(0.E+000,0.E+000,1.));
#397 = DIRECTION('',(1.,0.E+000,-0.E+000));
#398 = ORIENTED_EDGE('',*,*,#382,.F.);
#399 = ORIENTED_EDGE('',*,*,#400,.F.);
#400 = EDGE_CURVE('',#383,#383,#401,.T.);
#401 = CIRCLE('',#402,0.55);
#402 = AXIS2_PLACEMENT_3D('',#403,#404,#405);
#403 = CARTESIAN_POINT('',(-27.559,-60.325,-0.41148));
#404 = DIRECTION('',(0.E+000,0.E+000,1.));
#405 = DIRECTION('',(1.,0.E+000,-0.E+000));
#406 = CYLINDRICAL_SURFACE('',#407,0.55);
#407 = AXIS2_PLACEMENT_3D('',#408,#409,#410);
#408 = CARTESIAN_POINT('',(-27.559,-60.325,-0.41148));
#409 = DIRECTION('',(-0.E+000,-0.E+000,-1.));
#410 = DIRECTION('',(1.,0.E+000,-0.E+000));
#411 = ADVANCED_FACE('',(#412),#439,.F.);
#412 = FACE_BOUND('',#413,.T.);
#413 = EDGE_LOOP('',(#414,#424,#431,#432));
#414 = ORIENTED_EDGE('',*,*,#415,.T.);
#415 = EDGE_CURVE('',#416,#418,#420,.T.);
#416 = VERTEX_POINT('',#417);
#417 = CARTESIAN_POINT('',(-24.469,-60.325,-0.41148));
#418 = VERTEX_POINT('',#419);
#419 = CARTESIAN_POINT('',(-24.469,-60.325,0.E+000));
#420 = LINE('',#421,#422);
#421 = CARTESIAN_POINT('',(-24.469,-60.325,-0.41148));
#422 = VECTOR('',#423,1.);
#423 = DIRECTION('',(0.E+000,0.E+000,1.));
#424 = ORIENTED_EDGE('',*,*,#425,.T.);
#425 = EDGE_CURVE('',#418,#418,#426,.T.);
#426 = CIRCLE('',#427,0.55);
#427 = AXIS2_PLACEMENT_3D('',#428,#429,#430);
#428 = CARTESIAN_POINT('',(-25.019,-60.325,0.E+000));
#429 = DIRECTION('',(0.E+000,0.E+000,1.));
#430 = DIRECTION('',(1.,0.E+000,-0.E+000));
#431 = ORIENTED_EDGE('',*,*,#415,.F.);
#432 = ORIENTED_EDGE('',*,*,#433,.F.);
#433 = EDGE_CURVE('',#416,#416,#434,.T.);
#434 = CIRCLE('',#435,0.55);
#435 = AXIS2_PLACEMENT_3D('',#436,#437,#438);
#436 = CARTESIAN_POINT('',(-25.019,-60.325,-0.41148));
#437 = DIRECTION('',(0.E+000,0.E+000,1.));
#438 = DIRECTION('',(1.,0.E+000,-0.E+000));
#439 = CYLINDRICAL_SURFACE('',#440,0.55);
#440 = AXIS2_PLACEMENT_3D('',#441,#442,#443);
#441 = CARTESIAN_POINT('',(-25.019,-60.325,-0.41148));
#442 = DIRECTION('',(-0.E+000,-0.E+000,-1.));
#443 = DIRECTION('',(1.,0.E+000,-0.E+000));
#444 = ADVANCED_FACE('',(#445),#472,.F.);
#445 = FACE_BOUND('',#446,.T.);
#446 = EDGE_LOOP('',(#447,#457,#464,#465));
#447 = ORIENTED_EDGE('',*,*,#448,.T.);
#448 = EDGE_CURVE('',#449,#451,#453,.T.);
#449 = VERTEX_POINT('',#450);
#450 = CARTESIAN_POINT('',(-16.401,-51.397,-0.41148));
#451 = VERTEX_POINT('',#452);
#452 = CARTESIAN_POINT('',(-16.401,-51.397,0.E+000));
#453 = LINE('',#454,#455);
#454 = CARTESIAN_POINT('',(-16.401,-51.397,-0.41148));
#455 = VECTOR('',#456,1.);
#456 = DIRECTION('',(0.E+000,0.E+000,1.));
#457 = ORIENTED_EDGE('',*,*,#458,.T.);
#458 = EDGE_CURVE('',#451,#451,#459,.T.);
#459 = CIRCLE('',#460,0.25);
#460 = AXIS2_PLACEMENT_3D('',#461,#462,#463);
#461 = CARTESIAN_POINT('',(-16.651,-51.397,0.E+000));
#462 = DIRECTION('',(0.E+000,0.E+000,1.));
#463 = DIRECTION('',(1.,0.E+000,-0.E+000));
#464 = ORIENTED_EDGE('',*,*,#448,.F.);
#465 = ORIENTED_EDGE('',*,*,#466,.F.);
#466 = EDGE_CURVE('',#449,#449,#467,.T.);
#467 = CIRCLE('',#468,0.25);
#468 = AXIS2_PLACEMENT_3D('',#469,#470,#471);
#469 = CARTESIAN_POINT('',(-16.651,-51.397,-0.41148));
#470 = DIRECTION('',(0.E+000,0.E+000,1.));
#471 = DIRECTION('',(1.,0.E+000,-0.E+000));
#472 = CYLINDRICAL_SURFACE('',#473,0.25);
#473 = AXIS2_PLACEMENT_3D('',#474,#475,#476);
#474 = CARTESIAN_POINT('',(-16.651,-51.397,-0.41148));
#475 = DIRECTION('',(-0.E+000,-0.E+000,-1.));
#476 = DIRECTION('',(1.,0.E+000,-0.E+000));
#477 = ADVANCED_FACE('',(#478),#505,.F.);
#478 = FACE_BOUND('',#479,.T.);
#479 = EDGE_LOOP('',(#480,#490,#497,#498));
#480 = ORIENTED_EDGE('',*,*,#481,.T.);
#481 = EDGE_CURVE('',#482,#484,#486,.T.);
#482 = VERTEX_POINT('',#483);
#483 = CARTESIAN_POINT('',(-29.041,-39.37,-0.41148));
#484 = VERTEX_POINT('',#485);
#485 = CARTESIAN_POINT('',(-29.041,-39.37,0.E+000));
#486 = LINE('',#487,#488);
#487 = CARTESIAN_POINT('',(-29.041,-39.37,-0.41148));
#488 = VECTOR('',#489,1.);
#489 = DIRECTION('',(0.E+000,0.E+000,1.));
#490 = ORIENTED_EDGE('',*,*,#491,.T.);
#491 = EDGE_CURVE('',#484,#484,#492,.T.);
#492 = CIRCLE('',#493,0.55);
#493 = AXIS2_PLACEMENT_3D('',#494,#495,#496);
#494 = CARTESIAN_POINT('',(-29.591,-39.37,0.E+000));
#495 = DIRECTION('',(0.E+000,0.E+000,1.));
#496 = DIRECTION('',(1.,0.E+000,-0.E+000));
#497 = ORIENTED_EDGE('',*,*,#481,.F.);
#498 = ORIENTED_EDGE('',*,*,#499,.F.);
#499 = EDGE_CURVE('',#482,#482,#500,.T.);
#500 = CIRCLE('',#501,0.55);
#501 = AXIS2_PLACEMENT_3D('',#502,#503,#504);
#502 = CARTESIAN_POINT('',(-29.591,-39.37,-0.41148));
#503 = DIRECTION('',(0.E+000,0.E+000,1.));
#504 = DIRECTION('',(1.,0.E+000,-0.E+000));
#505 = CYLINDRICAL_SURFACE('',#506,0.55);
#506 = AXIS2_PLACEMENT_3D('',#507,#508,#509);
#507 = CARTESIAN_POINT('',(-29.591,-39.37,-0.41148));
#508 = DIRECTION('',(-0.E+000,-0.E+000,-1.));
#509 = DIRECTION('',(1.,0.E+000,-0.E+000));
#510 = ADVANCED_FACE('',(#511),#538,.F.);
#511 = FACE_BOUND('',#512,.T.);
#512 = EDGE_LOOP('',(#513,#523,#530,#531));
#513 = ORIENTED_EDGE('',*,*,#514,.T.);
#514 = EDGE_CURVE('',#515,#517,#519,.T.);
#515 = VERTEX_POINT('',#516);
#516 = CARTESIAN_POINT('',(-16.909,-50.,-0.41148));
#517 = VERTEX_POINT('',#518);
#518 = CARTESIAN_POINT('',(-16.909,-50.,0.E+000));
#519 = LINE('',#520,#521);
#520 = CARTESIAN_POINT('',(-16.909,-50.,-0.41148));
#521 = VECTOR('',#522,1.);
#522 = DIRECTION('',(0.E+000,0.E+000,1.));
#523 = ORIENTED_EDGE('',*,*,#524,.T.);
#524 = EDGE_CURVE('',#517,#517,#525,.T.);
#525 = CIRCLE('',#526,0.25);
#526 = AXIS2_PLACEMENT_3D('',#527,#528,#529);
#527 = CARTESIAN_POINT('',(-17.159,-50.,0.E+000));
#528 = DIRECTION('',(0.E+000,0.E+000,1.));
#529 = DIRECTION('',(1.,0.E+000,-0.E+000));
#530 = ORIENTED_EDGE('',*,*,#514,.F.);
#531 = ORIENTED_EDGE('',*,*,#532,.F.);
#532 = EDGE_CURVE('',#515,#515,#533,.T.);
#533 = CIRCLE('',#534,0.25);
#534 = AXIS2_PLACEMENT_3D('',#535,#536,#537);
#535 = CARTESIAN_POINT('',(-17.159,-50.,-0.41148));
#536 = DIRECTION('',(0.E+000,0.E+000,1.));
#537 = DIRECTION('',(1.,0.E+000,-0.E+000));
#538 = CYLINDRICAL_SURFACE('',#539,0.25);
#539 = AXIS2_PLACEMENT_3D('',#540,#541,#542);
#540 = CARTESIAN_POINT('',(-17.159,-50.,-0.41148));
#541 = DIRECTION('',(-0.E+000,-0.E+000,-1.));
#542 = DIRECTION('',(1.,0.E+000,-0.E+000));
#543 = ADVANCED_FACE('',(#544),#571,.F.);
#544 = FACE_BOUND('',#545,.T.);
#545 = EDGE_LOOP('',(#546,#556,#563,#564));
#546 = ORIENTED_EDGE('',*,*,#547,.T.);
#547 = EDGE_CURVE('',#548,#550,#552,.T.);
#548 = VERTEX_POINT('',#549);
#549 = CARTESIAN_POINT('',(-16.274,-48.603,-0.41148));
#550 = VERTEX_POINT('',#551);
#551 = CARTESIAN_POINT('',(-16.274,-48.603,0.E+000));
#552 = LINE('',#553,#554);
#553 = CARTESIAN_POINT('',(-16.274,-48.603,-0.41148));
#554 = VECTOR('',#555,1.);
#555 = DIRECTION('',(0.E+000,0.E+000,1.));
#556 = ORIENTED_EDGE('',*,*,#557,.T.);
#557 = EDGE_CURVE('',#550,#550,#558,.T.);
#558 = CIRCLE('',#559,0.25);
#559 = AXIS2_PLACEMENT_3D('',#560,#561,#562);
#560 = CARTESIAN_POINT('',(-16.524,-48.603,0.E+000));
#561 = DIRECTION('',(0.E+000,0.E+000,1.));
#562 = DIRECTION('',(1.,0.E+000,-0.E+000));
#563 = ORIENTED_EDGE('',*,*,#547,.F.);
#564 = ORIENTED_EDGE('',*,*,#565,.F.);
#565 = EDGE_CURVE('',#548,#548,#566,.T.);
#566 = CIRCLE('',#567,0.25);
#567 = AXIS2_PLACEMENT_3D('',#568,#569,#570);
#568 = CARTESIAN_POINT('',(-16.524,-48.603,-0.41148));
#569 = DIRECTION('',(0.E+000,0.E+000,1.));
#570 = DIRECTION('',(1.,0.E+000,-0.E+000));
#571 = CYLINDRICAL_SURFACE('',#572,0.25);
#572 = AXIS2_PLACEMENT_3D('',#573,#574,#575);
#573 = CARTESIAN_POINT('',(-16.524,-48.603,-0.41148));
#574 = DIRECTION('',(-0.E+000,-0.E+000,-1.));
#575 = DIRECTION('',(1.,0.E+000,-0.E+000));
#576 = ADVANCED_FACE('',(#577),#604,.F.);
#577 = FACE_BOUND('',#578,.T.);
#578 = EDGE_LOOP('',(#579,#589,#596,#597));
#579 = ORIENTED_EDGE('',*,*,#580,.T.);
#580 = EDGE_CURVE('',#581,#583,#585,.T.);
#581 = VERTEX_POINT('',#582);
#582 = CARTESIAN_POINT('',(-48.599,-24.13,-0.41148));
#583 = VERTEX_POINT('',#584);
#584 = CARTESIAN_POINT('',(-48.599,-24.13,0.E+000));
#585 = LINE('',#586,#587);
#586 = CARTESIAN_POINT('',(-48.599,-24.13,-0.41148));
#587 = VECTOR('',#588,1.);
#588 = DIRECTION('',(0.E+000,0.E+000,1.));
#589 = ORIENTED_EDGE('',*,*,#590,.T.);
#590 = EDGE_CURVE('',#583,#583,#591,.T.);
#591 = CIRCLE('',#592,0.55);
#592 = AXIS2_PLACEMENT_3D('',#593,#594,#595);
#593 = CARTESIAN_POINT('',(-49.149,-24.13,0.E+000));
#594 = DIRECTION('',(0.E+000,0.E+000,1.));
#595 = DIRECTION('',(1.,0.E+000,-0.E+000));
#596 = ORIENTED_EDGE('',*,*,#580,.F.);
#597 = ORIENTED_EDGE('',*,*,#598,.F.);
#598 = EDGE_CURVE('',#581,#581,#599,.T.);
#599 = CIRCLE('',#600,0.55);
#600 = AXIS2_PLACEMENT_3D('',#601,#602,#603);
#601 = CARTESIAN_POINT('',(-49.149,-24.13,-0.41148));
#602 = DIRECTION('',(0.E+000,0.E+000,1.));
#603 = DIRECTION('',(1.,0.E+000,-0.E+000));
#604 = CYLINDRICAL_SURFACE('',#605,0.55);
#605 = AXIS2_PLACEMENT_3D('',#606,#607,#608);
#606 = CARTESIAN_POINT('',(-49.149,-24.13,-0.41148));
#607 = DIRECTION('',(-0.E+000,-0.E+000,-1.));
#608 = DIRECTION('',(1.,0.E+000,-0.E+000));
#609 = ADVANCED_FACE('',(#610),#637,.F.);
#610 = FACE_BOUND('',#611,.T.);
#611 = EDGE_LOOP('',(#612,#622,#629,#630));
#612 = ORIENTED_EDGE('',*,*,#613,.T.);
#613 = EDGE_CURVE('',#614,#616,#618,.T.);
#614 = VERTEX_POINT('',#615);
#615 = CARTESIAN_POINT('',(-48.599,-31.75,-0.41148));
#616 = VERTEX_POINT('',#617);
#617 = CARTESIAN_POINT('',(-48.599,-31.75,0.E+000));
#618 = LINE('',#619,#620);
#619 = CARTESIAN_POINT('',(-48.599,-31.75,-0.41148));
#620 = VECTOR('',#621,1.);
#621 = DIRECTION('',(0.E+000,0.E+000,1.));
#622 = ORIENTED_EDGE('',*,*,#623,.T.);
#623 = EDGE_CURVE('',#616,#616,#624,.T.);
#624 = CIRCLE('',#625,0.55);
#625 = AXIS2_PLACEMENT_3D('',#626,#627,#628);
#626 = CARTESIAN_POINT('',(-49.149,-31.75,0.E+000));
#627 = DIRECTION('',(0.E+000,0.E+000,1.));
#628 = DIRECTION('',(1.,0.E+000,-0.E+000));
#629 = ORIENTED_EDGE('',*,*,#613,.F.);
#630 = ORIENTED_EDGE('',*,*,#631,.F.);
#631 = EDGE_CURVE('',#614,#614,#632,.T.);
#632 = CIRCLE('',#633,0.55);
#633 = AXIS2_PLACEMENT_3D('',#634,#635,#636);
#634 = CARTESIAN_POINT('',(-49.149,-31.75,-0.41148));
#635 = DIRECTION('',(0.E+000,0.E+000,1.));
#636 = DIRECTION('',(1.,0.E+000,-0.E+000));
#637 = CYLINDRICAL_SURFACE('',#638,0.55);
#638 = AXIS2_PLACEMENT_3D('',#639,#640,#641);
#639 = CARTESIAN_POINT('',(-49.149,-31.75,-0.41148));
#640 = DIRECTION('',(-0.E+000,-0.E+000,-1.));
#641 = DIRECTION('',(1.,0.E+000,-0.E+000));
#642 = ADVANCED_FACE('',(#643),#670,.F.);
#643 = FACE_BOUND('',#644,.T.);
#644 = EDGE_LOOP('',(#645,#655,#662,#663));
#645 = ORIENTED_EDGE('',*,*,#646,.T.);
#646 = EDGE_CURVE('',#647,#649,#651,.T.);
#647 = VERTEX_POINT('',#648);
#648 = CARTESIAN_POINT('',(-48.599,-29.21,-0.41148));
#649 = VERTEX_POINT('',#650);
#650 = CARTESIAN_POINT('',(-48.599,-29.21,0.E+000));
#651 = LINE('',#652,#653);
#652 = CARTESIAN_POINT('',(-48.599,-29.21,-0.41148));
#653 = VECTOR('',#654,1.);
#654 = DIRECTION('',(0.E+000,0.E+000,1.));
#655 = ORIENTED_EDGE('',*,*,#656,.T.);
#656 = EDGE_CURVE('',#649,#649,#657,.T.);
#657 = CIRCLE('',#658,0.55);
#658 = AXIS2_PLACEMENT_3D('',#659,#660,#661);
#659 = CARTESIAN_POINT('',(-49.149,-29.21,0.E+000));
#660 = DIRECTION('',(0.E+000,0.E+000,1.));
#661 = DIRECTION('',(1.,0.E+000,-0.E+000));
#662 = ORIENTED_EDGE('',*,*,#646,.F.);
#663 = ORIENTED_EDGE('',*,*,#664,.F.);
#664 = EDGE_CURVE('',#647,#647,#665,.T.);
#665 = CIRCLE('',#666,0.55);
#666 = AXIS2_PLACEMENT_3D('',#667,#668,#669);
#667 = CARTESIAN_POINT('',(-49.149,-29.21,-0.41148));
#668 = DIRECTION('',(0.E+000,0.E+000,1.));
#669 = DIRECTION('',(1.,0.E+000,-0.E+000));
#670 = CYLINDRICAL_SURFACE('',#671,0.55);
#671 = AXIS2_PLACEMENT_3D('',#672,#673,#674);
#672 = CARTESIAN_POINT('',(-49.149,-29.21,-0.41148));
#673 = DIRECTION('',(-0.E+000,-0.E+000,-1.));
#674 = DIRECTION('',(1.,0.E+000,-0.E+000));
#675 = ADVANCED_FACE('',(#676),#703,.F.);
#676 = FACE_BOUND('',#677,.T.);
#677 = EDGE_LOOP('',(#678,#688,#695,#696));
#678 = ORIENTED_EDGE('',*,*,#679,.T.);
#679 = EDGE_CURVE('',#680,#682,#684,.T.);
#680 = VERTEX_POINT('',#681);
#681 = CARTESIAN_POINT('',(-49.781,-17.11,-0.41148));
#682 = VERTEX_POINT('',#683);
#683 = CARTESIAN_POINT('',(-49.781,-17.11,0.E+000));
#684 = LINE('',#685,#686);
#685 = CARTESIAN_POINT('',(-49.781,-17.11,-0.41148));
#686 = VECTOR('',#687,1.);
#687 = DIRECTION('',(0.E+000,0.E+000,1.));
#688 = ORIENTED_EDGE('',*,*,#689,.T.);
#689 = EDGE_CURVE('',#682,#682,#690,.T.);
#690 = CIRCLE('',#691,0.25);
#691 = AXIS2_PLACEMENT_3D('',#692,#693,#694);
#692 = CARTESIAN_POINT('',(-50.031,-17.11,0.E+000));
#693 = DIRECTION('',(0.E+000,0.E+000,1.));
#694 = DIRECTION('',(1.,0.E+000,-0.E+000));
#695 = ORIENTED_EDGE('',*,*,#679,.F.);
#696 = ORIENTED_EDGE('',*,*,#697,.F.);
#697 = EDGE_CURVE('',#680,#680,#698,.T.);
#698 = CIRCLE('',#699,0.25);
#699 = AXIS2_PLACEMENT_3D('',#700,#701,#702);
#700 = CARTESIAN_POINT('',(-50.031,-17.11,-0.41148));
#701 = DIRECTION('',(0.E+000,0.E+000,1.));
#702 = DIRECTION('',(1.,0.E+000,-0.E+000));
#703 = CYLINDRICAL_SURFACE('',#704,0.25);
#704 = AXIS2_PLACEMENT_3D('',#705,#706,#707);
#705 = CARTESIAN_POINT('',(-50.031,-17.11,-0.41148));
#706 = DIRECTION('',(-0.E+000,-0.E+000,-1.));
#707 = DIRECTION('',(1.,0.E+000,-0.E+000));
#708 = ADVANCED_FACE('',(#709),#736,.F.);
#709 = FACE_BOUND('',#710,.T.);
#710 = EDGE_LOOP('',(#711,#721,#728,#729));
#711 = ORIENTED_EDGE('',*,*,#712,.T.);
#712 = EDGE_CURVE('',#713,#715,#717,.T.);
#713 = VERTEX_POINT('',#714);
#714 = CARTESIAN_POINT('',(-48.599,-21.59,-0.41148));
#715 = VERTEX_POINT('',#716);
#716 = CARTESIAN_POINT('',(-48.599,-21.59,0.E+000));
#717 = LINE('',#718,#719);
#718 = CARTESIAN_POINT('',(-48.599,-21.59,-0.41148));
#719 = VECTOR('',#720,1.);
#720 = DIRECTION('',(0.E+000,0.E+000,1.));
#721 = ORIENTED_EDGE('',*,*,#722,.T.);
#722 = EDGE_CURVE('',#715,#715,#723,.T.);
#723 = CIRCLE('',#724,0.55);
#724 = AXIS2_PLACEMENT_3D('',#725,#726,#727);
#725 = CARTESIAN_POINT('',(-49.149,-21.59,0.E+000));
#726 = DIRECTION('',(0.E+000,0.E+000,1.));
#727 = DIRECTION('',(1.,0.E+000,-0.E+000));
#728 = ORIENTED_EDGE('',*,*,#712,.F.);
#729 = ORIENTED_EDGE('',*,*,#730,.F.);
#730 = EDGE_CURVE('',#713,#713,#731,.T.);
#731 = CIRCLE('',#732,0.55);
#732 = AXIS2_PLACEMENT_3D('',#733,#734,#735);
#733 = CARTESIAN_POINT('',(-49.149,-21.59,-0.41148));
#734 = DIRECTION('',(0.E+000,0.E+000,1.));
#735 = DIRECTION('',(1.,0.E+000,-0.E+000));
#736 = CYLINDRICAL_SURFACE('',#737,0.55);
#737 = AXIS2_PLACEMENT_3D('',#738,#739,#740);
#738 = CARTESIAN_POINT('',(-49.149,-21.59,-0.41148));
#739 = DIRECTION('',(-0.E+000,-0.E+000,-1.));
#740 = DIRECTION('',(1.,0.E+000,-0.E+000));
#741 = ADVANCED_FACE('',(#742),#769,.F.);
#742 = FACE_BOUND('',#743,.T.);
#743 = EDGE_LOOP('',(#744,#754,#761,#762));
#744 = ORIENTED_EDGE('',*,*,#745,.T.);
#745 = EDGE_CURVE('',#746,#748,#750,.T.);
#746 = VERTEX_POINT('',#747);
#747 = CARTESIAN_POINT('',(-44.358,-21.59,-0.41148));
#748 = VERTEX_POINT('',#749);
#749 = CARTESIAN_POINT('',(-44.358,-21.59,0.E+000));
#750 = LINE('',#751,#752);
#751 = CARTESIAN_POINT('',(-44.358,-21.59,-0.41148));
#752 = VECTOR('',#753,1.);
#753 = DIRECTION('',(0.E+000,0.E+000,1.));
#754 = ORIENTED_EDGE('',*,*,#755,.T.);
#755 = EDGE_CURVE('',#748,#748,#756,.T.);
#756 = CIRCLE('',#757,0.6);
#757 = AXIS2_PLACEMENT_3D('',#758,#759,#760);
#758 = CARTESIAN_POINT('',(-44.958,-21.59,0.E+000));
#759 = DIRECTION('',(0.E+000,0.E+000,1.));
#760 = DIRECTION('',(1.,0.E+000,-0.E+000));
#761 = ORIENTED_EDGE('',*,*,#745,.F.);
#762 = ORIENTED_EDGE('',*,*,#763,.F.);
#763 = EDGE_CURVE('',#746,#746,#764,.T.);
#764 = CIRCLE('',#765,0.6);
#765 = AXIS2_PLACEMENT_3D('',#766,#767,#768);
#766 = CARTESIAN_POINT('',(-44.958,-21.59,-0.41148));
#767 = DIRECTION('',(0.E+000,0.E+000,1.));
#768 = DIRECTION('',(1.,0.E+000,-0.E+000));
#769 = CYLINDRICAL_SURFACE('',#770,0.6);
#770 = AXIS2_PLACEMENT_3D('',#771,#772,#773);
#771 = CARTESIAN_POINT('',(-44.958,-21.59,-0.41148));
#772 = DIRECTION('',(-0.E+000,-0.E+000,-1.));
#773 = DIRECTION('',(1.,0.E+000,-0.E+000));
#774 = ADVANCED_FACE('',(#775),#802,.F.);
#775 = FACE_BOUND('',#776,.T.);
#776 = EDGE_LOOP('',(#777,#787,#794,#795));
#777 = ORIENTED_EDGE('',*,*,#778,.T.);
#778 = EDGE_CURVE('',#779,#781,#783,.T.);
#779 = VERTEX_POINT('',#780);
#780 = CARTESIAN_POINT('',(-44.358,-33.782,-0.41148));
#781 = VERTEX_POINT('',#782);
#782 = CARTESIAN_POINT('',(-44.358,-33.782,0.E+000));
#783 = LINE('',#784,#785);
#784 = CARTESIAN_POINT('',(-44.358,-33.782,-0.41148));
#785 = VECTOR('',#786,1.);
#786 = DIRECTION('',(0.E+000,0.E+000,1.));
#787 = ORIENTED_EDGE('',*,*,#788,.T.);
#788 = EDGE_CURVE('',#781,#781,#789,.T.);
#789 = CIRCLE('',#790,0.6);
#790 = AXIS2_PLACEMENT_3D('',#791,#792,#793);
#791 = CARTESIAN_POINT('',(-44.958,-33.782,0.E+000));
#792 = DIRECTION('',(0.E+000,0.E+000,1.));
#793 = DIRECTION('',(1.,0.E+000,-0.E+000));
#794 = ORIENTED_EDGE('',*,*,#778,.F.);
#795 = ORIENTED_EDGE('',*,*,#796,.F.);
#796 = EDGE_CURVE('',#779,#779,#797,.T.);
#797 = CIRCLE('',#798,0.6);
#798 = AXIS2_PLACEMENT_3D('',#799,#800,#801);
#799 = CARTESIAN_POINT('',(-44.958,-33.782,-0.41148));
#800 = DIRECTION('',(0.E+000,0.E+000,1.));
#801 = DIRECTION('',(1.,0.E+000,-0.E+000));
#802 = CYLINDRICAL_SURFACE('',#803,0.6);
#803 = AXIS2_PLACEMENT_3D('',#804,#805,#806);
#804 = CARTESIAN_POINT('',(-44.958,-33.782,-0.41148));
#805 = DIRECTION('',(-0.E+000,-0.E+000,-1.));
#806 = DIRECTION('',(1.,0.E+000,-0.E+000));
#807 = ADVANCED_FACE('',(#808),#835,.F.);
#808 = FACE_BOUND('',#809,.T.);
#809 = EDGE_LOOP('',(#810,#820,#827,#828));
#810 = ORIENTED_EDGE('',*,*,#811,.T.);
#811 = EDGE_CURVE('',#812,#814,#816,.T.);
#812 = VERTEX_POINT('',#813);
#813 = CARTESIAN_POINT('',(-15.756,-24.271,-0.41148));
#814 = VERTEX_POINT('',#815);
#815 = CARTESIAN_POINT('',(-15.756,-24.271,0.E+000));
#816 = LINE('',#817,#818);
#817 = CARTESIAN_POINT('',(-15.756,-24.271,-0.41148));
#818 = VECTOR('',#819,1.);
#819 = DIRECTION('',(0.E+000,0.E+000,1.));
#820 = ORIENTED_EDGE('',*,*,#821,.T.);
#821 = EDGE_CURVE('',#814,#814,#822,.T.);
#822 = CIRCLE('',#823,0.5);
#823 = AXIS2_PLACEMENT_3D('',#824,#825,#826);
#824 = CARTESIAN_POINT('',(-16.256,-24.271,0.E+000));
#825 = DIRECTION('',(0.E+000,0.E+000,1.));
#826 = DIRECTION('',(1.,0.E+000,-0.E+000));
#827 = ORIENTED_EDGE('',*,*,#811,.F.);
#828 = ORIENTED_EDGE('',*,*,#829,.F.);
#829 = EDGE_CURVE('',#812,#812,#830,.T.);
#830 = CIRCLE('',#831,0.5);
#831 = AXIS2_PLACEMENT_3D('',#832,#833,#834);
#832 = CARTESIAN_POINT('',(-16.256,-24.271,-0.41148));
#833 = DIRECTION('',(0.E+000,0.E+000,1.));
#834 = DIRECTION('',(1.,0.E+000,-0.E+000));
#835 = CYLINDRICAL_SURFACE('',#836,0.5);
#836 = AXIS2_PLACEMENT_3D('',#837,#838,#839);
#837 = CARTESIAN_POINT('',(-16.256,-24.271,-0.41148));
#838 = DIRECTION('',(-0.E+000,-0.E+000,-1.));
#839 = DIRECTION('',(1.,0.E+000,-0.E+000));
#840 = ADVANCED_FACE('',(#841),#868,.F.);
#841 = FACE_BOUND('',#842,.T.);
#842 = EDGE_LOOP('',(#843,#853,#860,#861));
#843 = ORIENTED_EDGE('',*,*,#844,.T.);
#844 = EDGE_CURVE('',#845,#847,#849,.T.);
#845 = VERTEX_POINT('',#846);
#846 = CARTESIAN_POINT('',(-15.756,-21.731,-0.41148));
#847 = VERTEX_POINT('',#848);
#848 = CARTESIAN_POINT('',(-15.756,-21.731,0.E+000));
#849 = LINE('',#850,#851);
#850 = CARTESIAN_POINT('',(-15.756,-21.731,-0.41148));
#851 = VECTOR('',#852,1.);
#852 = DIRECTION('',(0.E+000,0.E+000,1.));
#853 = ORIENTED_EDGE('',*,*,#854,.T.);
#854 = EDGE_CURVE('',#847,#847,#855,.T.);
#855 = CIRCLE('',#856,0.5);
#856 = AXIS2_PLACEMENT_3D('',#857,#858,#859);
#857 = CARTESIAN_POINT('',(-16.256,-21.731,0.E+000));
#858 = DIRECTION('',(0.E+000,0.E+000,1.));
#859 = DIRECTION('',(1.,0.E+000,-0.E+000));
#860 = ORIENTED_EDGE('',*,*,#844,.F.);
#861 = ORIENTED_EDGE('',*,*,#862,.F.);
#862 = EDGE_CURVE('',#845,#845,#863,.T.);
#863 = CIRCLE('',#864,0.5);
#864 = AXIS2_PLACEMENT_3D('',#865,#866,#867);
#865 = CARTESIAN_POINT('',(-16.256,-21.731,-0.41148));
#866 = DIRECTION('',(0.E+000,0.E+000,1.));
#867 = DIRECTION('',(1.,0.E+000,-0.E+000));
#868 = CYLINDRICAL_SURFACE('',#869,0.5);
#869 = AXIS2_PLACEMENT_3D('',#870,#871,#872);
#870 = CARTESIAN_POINT('',(-16.256,-21.731,-0.41148));
#871 = DIRECTION('',(-0.E+000,-0.E+000,-1.));
#872 = DIRECTION('',(1.,0.E+000,-0.E+000));
#873 = ADVANCED_FACE('',(#874),#901,.F.);
#874 = FACE_BOUND('',#875,.T.);
#875 = EDGE_LOOP('',(#876,#886,#893,#894));
#876 = ORIENTED_EDGE('',*,*,#877,.T.);
#877 = EDGE_CURVE('',#878,#880,#882,.T.);
#878 = VERTEX_POINT('',#879);
#879 = CARTESIAN_POINT('',(-32.42,-21.59,-0.41148));
#880 = VERTEX_POINT('',#881);
#881 = CARTESIAN_POINT('',(-32.42,-21.59,0.E+000));
#882 = LINE('',#883,#884);
#883 = CARTESIAN_POINT('',(-32.42,-21.59,-0.41148));
#884 = VECTOR('',#885,1.);
#885 = DIRECTION('',(0.E+000,0.E+000,1.));
#886 = ORIENTED_EDGE('',*,*,#887,.T.);
#887 = EDGE_CURVE('',#880,#880,#888,.T.);
#888 = CIRCLE('',#889,0.6);
#889 = AXIS2_PLACEMENT_3D('',#890,#891,#892);
#890 = CARTESIAN_POINT('',(-33.02,-21.59,0.E+000));
#891 = DIRECTION('',(0.E+000,0.E+000,1.));
#892 = DIRECTION('',(1.,0.E+000,-0.E+000));
#893 = ORIENTED_EDGE('',*,*,#877,.F.);
#894 = ORIENTED_EDGE('',*,*,#895,.F.);
#895 = EDGE_CURVE('',#878,#878,#896,.T.);
#896 = CIRCLE('',#897,0.6);
#897 = AXIS2_PLACEMENT_3D('',#898,#899,#900);
#898 = CARTESIAN_POINT('',(-33.02,-21.59,-0.41148));
#899 = DIRECTION('',(0.E+000,0.E+000,1.));
#900 = DIRECTION('',(1.,0.E+000,-0.E+000));
#901 = CYLINDRICAL_SURFACE('',#902,0.6);
#902 = AXIS2_PLACEMENT_3D('',#903,#904,#905);
#903 = CARTESIAN_POINT('',(-33.02,-21.59,-0.41148));
#904 = DIRECTION('',(-0.E+000,-0.E+000,-1.));
#905 = DIRECTION('',(1.,0.E+000,-0.E+000));
#906 = ADVANCED_FACE('',(#907),#934,.F.);
#907 = FACE_BOUND('',#908,.T.);
#908 = EDGE_LOOP('',(#909,#919,#926,#927));
#909 = ORIENTED_EDGE('',*,*,#910,.T.);
#910 = EDGE_CURVE('',#911,#913,#915,.T.);
#911 = VERTEX_POINT('',#912);
#912 = CARTESIAN_POINT('',(-15.756,-19.191,-0.41148));
#913 = VERTEX_POINT('',#914);
#914 = CARTESIAN_POINT('',(-15.756,-19.191,0.E+000));
#915 = LINE('',#916,#917);
#916 = CARTESIAN_POINT('',(-15.756,-19.191,-0.41148));
#917 = VECTOR('',#918,1.);
#918 = DIRECTION('',(0.E+000,0.E+000,1.));
#919 = ORIENTED_EDGE('',*,*,#920,.T.);
#920 = EDGE_CURVE('',#913,#913,#921,.T.);
#921 = CIRCLE('',#922,0.5);
#922 = AXIS2_PLACEMENT_3D('',#923,#924,#925);
#923 = CARTESIAN_POINT('',(-16.256,-19.191,0.E+000));
#924 = DIRECTION('',(0.E+000,0.E+000,1.));
#925 = DIRECTION('',(1.,0.E+000,-0.E+000));
#926 = ORIENTED_EDGE('',*,*,#910,.F.);
#927 = ORIENTED_EDGE('',*,*,#928,.F.);
#928 = EDGE_CURVE('',#911,#911,#929,.T.);
#929 = CIRCLE('',#930,0.5);
#930 = AXIS2_PLACEMENT_3D('',#931,#932,#933);
#931 = CARTESIAN_POINT('',(-16.256,-19.191,-0.41148));
#932 = DIRECTION('',(0.E+000,0.E+000,1.));
#933 = DIRECTION('',(1.,0.E+000,-0.E+000));
#934 = CYLINDRICAL_SURFACE('',#935,0.5);
#935 = AXIS2_PLACEMENT_3D('',#936,#937,#938);
#936 = CARTESIAN_POINT('',(-16.256,-19.191,-0.41148));
#937 = DIRECTION('',(-0.E+000,-0.E+000,-1.));
#938 = DIRECTION('',(1.,0.E+000,-0.E+000));
#939 = ADVANCED_FACE('',(#940),#967,.F.);
#940 = FACE_BOUND('',#941,.T.);
#941 = EDGE_LOOP('',(#942,#952,#959,#960));
#942 = ORIENTED_EDGE('',*,*,#943,.T.);
#943 = EDGE_CURVE('',#944,#946,#948,.T.);
#944 = VERTEX_POINT('',#945);
#945 = CARTESIAN_POINT('',(-15.756,-16.651,-0.41148));
#946 = VERTEX_POINT('',#947);
#947 = CARTESIAN_POINT('',(-15.756,-16.651,0.E+000));
#948 = LINE('',#949,#950);
#949 = CARTESIAN_POINT('',(-15.756,-16.651,-0.41148));
#950 = VECTOR('',#951,1.);
#951 = DIRECTION('',(0.E+000,0.E+000,1.));
#952 = ORIENTED_EDGE('',*,*,#953,.T.);
#953 = EDGE_CURVE('',#946,#946,#954,.T.);
#954 = CIRCLE('',#955,0.5);
#955 = AXIS2_PLACEMENT_3D('',#956,#957,#958);
#956 = CARTESIAN_POINT('',(-16.256,-16.651,0.E+000));
#957 = DIRECTION('',(0.E+000,0.E+000,1.));
#958 = DIRECTION('',(1.,0.E+000,-0.E+000));
#959 = ORIENTED_EDGE('',*,*,#943,.F.);
#960 = ORIENTED_EDGE('',*,*,#961,.F.);
#961 = EDGE_CURVE('',#944,#944,#962,.T.);
#962 = CIRCLE('',#963,0.5);
#963 = AXIS2_PLACEMENT_3D('',#964,#965,#966);
#964 = CARTESIAN_POINT('',(-16.256,-16.651,-0.41148));
#965 = DIRECTION('',(0.E+000,0.E+000,1.));
#966 = DIRECTION('',(1.,0.E+000,-0.E+000));
#967 = CYLINDRICAL_SURFACE('',#968,0.5);
#968 = AXIS2_PLACEMENT_3D('',#969,#970,#971);
#969 = CARTESIAN_POINT('',(-16.256,-16.651,-0.41148));
#970 = DIRECTION('',(-0.E+000,-0.E+000,-1.));
#971 = DIRECTION('',(1.,0.E+000,-0.E+000));
#972 = ADVANCED_FACE('',(#973),#1007,.T.);
#973 = FACE_BOUND('',#974,.T.);
#974 = EDGE_LOOP('',(#975,#985,#993,#1001));
#975 = ORIENTED_EDGE('',*,*,#976,.T.);
#976 = EDGE_CURVE('',#977,#979,#981,.T.);
#977 = VERTEX_POINT('',#978);
#978 = CARTESIAN_POINT('',(-15.70500034,-66.8169987,-0.41148));
#979 = VERTEX_POINT('',#980);
#980 = CARTESIAN_POINT('',(-15.70500034,-66.8169987,0.E+000));
#981 = LINE('',#982,#983);
#982 = CARTESIAN_POINT('',(-15.70500034,-66.8169987,-0.41148));
#983 = VECTOR('',#984,1.);
#984 = DIRECTION('',(0.E+000,0.E+000,1.));
#985 = ORIENTED_EDGE('',*,*,#986,.T.);
#986 = EDGE_CURVE('',#979,#987,#989,.T.);
#987 = VERTEX_POINT('',#988);
#988 = CARTESIAN_POINT('',(-13.50499966,-66.8169987,0.E+000));
#989 = LINE('',#990,#991);
#990 = CARTESIAN_POINT('',(-15.70500034,-66.8169987,0.E+000));
#991 = VECTOR('',#992,1.);
#992 = DIRECTION('',(1.,0.E+000,0.E+000));
#993 = ORIENTED_EDGE('',*,*,#994,.F.);
#994 = EDGE_CURVE('',#995,#987,#997,.T.);
#995 = VERTEX_POINT('',#996);
#996 = CARTESIAN_POINT('',(-13.50499966,-66.8169987,-0.41148));
#997 = LINE('',#998,#999);
#998 = CARTESIAN_POINT('',(-13.50499966,-66.8169987,-0.41148));
#999 = VECTOR('',#1000,1.);
#1000 = DIRECTION('',(0.E+000,0.E+000,1.));
#1001 = ORIENTED_EDGE('',*,*,#1002,.F.);
#1002 = EDGE_CURVE('',#977,#995,#1003,.T.);
#1003 = LINE('',#1004,#1005);
#1004 = CARTESIAN_POINT('',(-15.70500034,-66.8169987,-0.41148));
#1005 = VECTOR('',#1006,1.);
#1006 = DIRECTION('',(1.,0.E+000,0.E+000));
#1007 = PLANE('',#1008);
#1008 = AXIS2_PLACEMENT_3D('',#1009,#1010,#1011);
#1009 = CARTESIAN_POINT('',(-15.70500034,-66.8169987,-0.41148));
#1010 = DIRECTION('',(0.E+000,1.,0.E+000));
#1011 = DIRECTION('',(1.,0.E+000,0.E+000));
#1012 = ADVANCED_FACE('',(#1013),#1040,.F.);
#1013 = FACE_BOUND('',#1014,.T.);
#1014 = EDGE_LOOP('',(#1015,#1016,#1025,#1033));
#1015 = ORIENTED_EDGE('',*,*,#994,.T.);
#1016 = ORIENTED_EDGE('',*,*,#1017,.T.);
#1017 = EDGE_CURVE('',#987,#1018,#1020,.T.);
#1018 = VERTEX_POINT('',#1019);
#1019 = CARTESIAN_POINT('',(-13.50499966,-65.5170013,0.E+000));
#1020 = CIRCLE('',#1021,0.6499987);
#1021 = AXIS2_PLACEMENT_3D('',#1022,#1023,#1024);
#1022 = CARTESIAN_POINT('',(-13.50499966,-66.167,0.E+000));
#1023 = DIRECTION('',(0.E+000,0.E+000,1.));
#1024 = DIRECTION('',(-0.E+000,-1.,0.E+000));
#1025 = ORIENTED_EDGE('',*,*,#1026,.F.);
#1026 = EDGE_CURVE('',#1027,#1018,#1029,.T.);
#1027 = VERTEX_POINT('',#1028);
#1028 = CARTESIAN_POINT('',(-13.50499966,-65.5170013,-0.41148));
#1029 = LINE('',#1030,#1031);
#1030 = CARTESIAN_POINT('',(-13.50499966,-65.5170013,-0.41148));
#1031 = VECTOR('',#1032,1.);
#1032 = DIRECTION('',(0.E+000,0.E+000,1.));
#1033 = ORIENTED_EDGE('',*,*,#1034,.F.);
#1034 = EDGE_CURVE('',#995,#1027,#1035,.T.);
#1035 = CIRCLE('',#1036,0.6499987);
#1036 = AXIS2_PLACEMENT_3D('',#1037,#1038,#1039);
#1037 = CARTESIAN_POINT('',(-13.50499966,-66.167,-0.41148));
#1038 = DIRECTION('',(0.E+000,0.E+000,1.));
#1039 = DIRECTION('',(-0.E+000,-1.,0.E+000));
#1040 = CYLINDRICAL_SURFACE('',#1041,0.6499987);
#1041 = AXIS2_PLACEMENT_3D('',#1042,#1043,#1044);
#1042 = CARTESIAN_POINT('',(-13.50499966,-66.167,-0.41148));
#1043 = DIRECTION('',(-0.E+000,-0.E+000,-1.));
#1044 = DIRECTION('',(-0.E+000,-1.,0.E+000));
#1045 = ADVANCED_FACE('',(#1046),#1071,.T.);
#1046 = FACE_BOUND('',#1047,.T.);
#1047 = EDGE_LOOP('',(#1048,#1049,#1057,#1065));
#1048 = ORIENTED_EDGE('',*,*,#1026,.T.);
#1049 = ORIENTED_EDGE('',*,*,#1050,.T.);
#1050 = EDGE_CURVE('',#1018,#1051,#1053,.T.);
#1051 = VERTEX_POINT('',#1052);
#1052 = CARTESIAN_POINT('',(-15.70500034,-65.5170013,0.E+000));
#1053 = LINE('',#1054,#1055);
#1054 = CARTESIAN_POINT('',(-13.50499966,-65.5170013,0.E+000));
#1055 = VECTOR('',#1056,1.);
#1056 = DIRECTION('',(-1.,0.E+000,0.E+000));
#1057 = ORIENTED_EDGE('',*,*,#1058,.F.);
#1058 = EDGE_CURVE('',#1059,#1051,#1061,.T.);
#1059 = VERTEX_POINT('',#1060);
#1060 = CARTESIAN_POINT('',(-15.70500034,-65.5170013,-0.41148));
#1061 = LINE('',#1062,#1063);
#1062 = CARTESIAN_POINT('',(-15.70500034,-65.5170013,-0.41148));
#1063 = VECTOR('',#1064,1.);
#1064 = DIRECTION('',(0.E+000,0.E+000,1.));
#1065 = ORIENTED_EDGE('',*,*,#1066,.F.);
#1066 = EDGE_CURVE('',#1027,#1059,#1067,.T.);
#1067 = LINE('',#1068,#1069);
#1068 = CARTESIAN_POINT('',(-13.50499966,-65.5170013,-0.41148));
#1069 = VECTOR('',#1070,1.);
#1070 = DIRECTION('',(-1.,0.E+000,0.E+000));
#1071 = PLANE('',#1072);
#1072 = AXIS2_PLACEMENT_3D('',#1073,#1074,#1075);
#1073 = CARTESIAN_POINT('',(-13.50499966,-65.5170013,-0.41148));
#1074 = DIRECTION('',(0.E+000,-1.,0.E+000));
#1075 = DIRECTION('',(-1.,0.E+000,0.E+000));
#1076 = ADVANCED_FACE('',(#1077),#1095,.F.);
#1077 = FACE_BOUND('',#1078,.T.);
#1078 = EDGE_LOOP('',(#1079,#1080,#1087,#1088));
#1079 = ORIENTED_EDGE('',*,*,#1058,.T.);
#1080 = ORIENTED_EDGE('',*,*,#1081,.T.);
#1081 = EDGE_CURVE('',#1051,#979,#1082,.T.);
#1082 = CIRCLE('',#1083,0.6499987);
#1083 = AXIS2_PLACEMENT_3D('',#1084,#1085,#1086);
#1084 = CARTESIAN_POINT('',(-15.70500034,-66.167,0.E+000));
#1085 = DIRECTION('',(0.E+000,-0.E+000,1.));
#1086 = DIRECTION('',(0.E+000,1.,0.E+000));
#1087 = ORIENTED_EDGE('',*,*,#976,.F.);
#1088 = ORIENTED_EDGE('',*,*,#1089,.F.);
#1089 = EDGE_CURVE('',#1059,#977,#1090,.T.);
#1090 = CIRCLE('',#1091,0.6499987);
#1091 = AXIS2_PLACEMENT_3D('',#1092,#1093,#1094);
#1092 = CARTESIAN_POINT('',(-15.70500034,-66.167,-0.41148));
#1093 = DIRECTION('',(0.E+000,-0.E+000,1.));
#1094 = DIRECTION('',(0.E+000,1.,0.E+000));
#1095 = CYLINDRICAL_SURFACE('',#1096,0.6499987);
#1096 = AXIS2_PLACEMENT_3D('',#1097,#1098,#1099);
#1097 = CARTESIAN_POINT('',(-15.70500034,-66.167,-0.41148));
#1098 = DIRECTION('',(-0.E+000,0.E+000,-1.));
#1099 = DIRECTION('',(0.E+000,1.,0.E+000));
#1100 = ADVANCED_FACE('',(#1101),#1135,.T.);
#1101 = FACE_BOUND('',#1102,.T.);
#1102 = EDGE_LOOP('',(#1103,#1113,#1121,#1129));
#1103 = ORIENTED_EDGE('',*,*,#1104,.T.);
#1104 = EDGE_CURVE('',#1105,#1107,#1109,.T.);
#1105 = VERTEX_POINT('',#1106);
#1106 = CARTESIAN_POINT('',(-8.21200034,-62.1179987,-0.41148));
#1107 = VERTEX_POINT('',#1108);
#1108 = CARTESIAN_POINT('',(-8.21200034,-62.1179987,0.E+000));
#1109 = LINE('',#1110,#1111);
#1110 = CARTESIAN_POINT('',(-8.21200034,-62.1179987,-0.41148));
#1111 = VECTOR('',#1112,1.);
#1112 = DIRECTION('',(0.E+000,0.E+000,1.));
#1113 = ORIENTED_EDGE('',*,*,#1114,.T.);
#1114 = EDGE_CURVE('',#1107,#1115,#1117,.T.);
#1115 = VERTEX_POINT('',#1116);
#1116 = CARTESIAN_POINT('',(-6.01199966,-62.1179987,0.E+000));
#1117 = LINE('',#1118,#1119);
#1118 = CARTESIAN_POINT('',(-8.21200034,-62.1179987,0.E+000));
#1119 = VECTOR('',#1120,1.);
#1120 = DIRECTION('',(1.,0.E+000,0.E+000));
#1121 = ORIENTED_EDGE('',*,*,#1122,.F.);
#1122 = EDGE_CURVE('',#1123,#1115,#1125,.T.);
#1123 = VERTEX_POINT('',#1124);
#1124 = CARTESIAN_POINT('',(-6.01199966,-62.1179987,-0.41148));
#1125 = LINE('',#1126,#1127);
#1126 = CARTESIAN_POINT('',(-6.01199966,-62.1179987,-0.41148));
#1127 = VECTOR('',#1128,1.);
#1128 = DIRECTION('',(0.E+000,0.E+000,1.));
#1129 = ORIENTED_EDGE('',*,*,#1130,.F.);
#1130 = EDGE_CURVE('',#1105,#1123,#1131,.T.);
#1131 = LINE('',#1132,#1133);
#1132 = CARTESIAN_POINT('',(-8.21200034,-62.1179987,-0.41148));
#1133 = VECTOR('',#1134,1.);
#1134 = DIRECTION('',(1.,0.E+000,0.E+000));
#1135 = PLANE('',#1136);
#1136 = AXIS2_PLACEMENT_3D('',#1137,#1138,#1139);
#1137 = CARTESIAN_POINT('',(-8.21200034,-62.1179987,-0.41148));
#1138 = DIRECTION('',(0.E+000,1.,0.E+000));
#1139 = DIRECTION('',(1.,0.E+000,0.E+000));
#1140 = ADVANCED_FACE('',(#1141),#1168,.F.);
#1141 = FACE_BOUND('',#1142,.T.);
#1142 = EDGE_LOOP('',(#1143,#1144,#1153,#1161));
#1143 = ORIENTED_EDGE('',*,*,#1122,.T.);
#1144 = ORIENTED_EDGE('',*,*,#1145,.T.);
#1145 = EDGE_CURVE('',#1115,#1146,#1148,.T.);
#1146 = VERTEX_POINT('',#1147);
#1147 = CARTESIAN_POINT('',(-6.01199966,-60.8180013,0.E+000));
#1148 = CIRCLE('',#1149,0.6499987);
#1149 = AXIS2_PLACEMENT_3D('',#1150,#1151,#1152);
#1150 = CARTESIAN_POINT('',(-6.01199966,-61.468,0.E+000));
#1151 = DIRECTION('',(0.E+000,0.E+000,1.));
#1152 = DIRECTION('',(-0.E+000,-1.,0.E+000));
#1153 = ORIENTED_EDGE('',*,*,#1154,.F.);
#1154 = EDGE_CURVE('',#1155,#1146,#1157,.T.);
#1155 = VERTEX_POINT('',#1156);
#1156 = CARTESIAN_POINT('',(-6.01199966,-60.8180013,-0.41148));
#1157 = LINE('',#1158,#1159);
#1158 = CARTESIAN_POINT('',(-6.01199966,-60.8180013,-0.41148));
#1159 = VECTOR('',#1160,1.);
#1160 = DIRECTION('',(0.E+000,0.E+000,1.));
#1161 = ORIENTED_EDGE('',*,*,#1162,.F.);
#1162 = EDGE_CURVE('',#1123,#1155,#1163,.T.);
#1163 = CIRCLE('',#1164,0.6499987);
#1164 = AXIS2_PLACEMENT_3D('',#1165,#1166,#1167);
#1165 = CARTESIAN_POINT('',(-6.01199966,-61.468,-0.41148));
#1166 = DIRECTION('',(0.E+000,0.E+000,1.));
#1167 = DIRECTION('',(-0.E+000,-1.,0.E+000));
#1168 = CYLINDRICAL_SURFACE('',#1169,0.6499987);
#1169 = AXIS2_PLACEMENT_3D('',#1170,#1171,#1172);
#1170 = CARTESIAN_POINT('',(-6.01199966,-61.468,-0.41148));
#1171 = DIRECTION('',(-0.E+000,-0.E+000,-1.));
#1172 = DIRECTION('',(-0.E+000,-1.,0.E+000));
#1173 = ADVANCED_FACE('',(#1174),#1199,.T.);
#1174 = FACE_BOUND('',#1175,.T.);
#1175 = EDGE_LOOP('',(#1176,#1177,#1185,#1193));
#1176 = ORIENTED_EDGE('',*,*,#1154,.T.);
#1177 = ORIENTED_EDGE('',*,*,#1178,.T.);
#1178 = EDGE_CURVE('',#1146,#1179,#1181,.T.);
#1179 = VERTEX_POINT('',#1180);
#1180 = CARTESIAN_POINT('',(-8.21200034,-60.8180013,0.E+000));
#1181 = LINE('',#1182,#1183);
#1182 = CARTESIAN_POINT('',(-6.01199966,-60.8180013,0.E+000));
#1183 = VECTOR('',#1184,1.);
#1184 = DIRECTION('',(-1.,0.E+000,0.E+000));
#1185 = ORIENTED_EDGE('',*,*,#1186,.F.);
#1186 = EDGE_CURVE('',#1187,#1179,#1189,.T.);
#1187 = VERTEX_POINT('',#1188);
#1188 = CARTESIAN_POINT('',(-8.21200034,-60.8180013,-0.41148));
#1189 = LINE('',#1190,#1191);
#1190 = CARTESIAN_POINT('',(-8.21200034,-60.8180013,-0.41148));
#1191 = VECTOR('',#1192,1.);
#1192 = DIRECTION('',(0.E+000,0.E+000,1.));
#1193 = ORIENTED_EDGE('',*,*,#1194,.F.);
#1194 = EDGE_CURVE('',#1155,#1187,#1195,.T.);
#1195 = LINE('',#1196,#1197);
#1196 = CARTESIAN_POINT('',(-6.01199966,-60.8180013,-0.41148));
#1197 = VECTOR('',#1198,1.);
#1198 = DIRECTION('',(-1.,0.E+000,0.E+000));
#1199 = PLANE('',#1200);
#1200 = AXIS2_PLACEMENT_3D('',#1201,#1202,#1203);
#1201 = CARTESIAN_POINT('',(-6.01199966,-60.8180013,-0.41148));
#1202 = DIRECTION('',(0.E+000,-1.,0.E+000));
#1203 = DIRECTION('',(-1.,0.E+000,0.E+000));
#1204 = ADVANCED_FACE('',(#1205),#1223,.F.);
#1205 = FACE_BOUND('',#1206,.T.);
#1206 = EDGE_LOOP('',(#1207,#1208,#1215,#1216));
#1207 = ORIENTED_EDGE('',*,*,#1186,.T.);
#1208 = ORIENTED_EDGE('',*,*,#1209,.T.);
#1209 = EDGE_CURVE('',#1179,#1107,#1210,.T.);
#1210 = CIRCLE('',#1211,0.6499987);
#1211 = AXIS2_PLACEMENT_3D('',#1212,#1213,#1214);
#1212 = CARTESIAN_POINT('',(-8.21200034,-61.468,0.E+000));
#1213 = DIRECTION('',(0.E+000,-0.E+000,1.));
#1214 = DIRECTION('',(0.E+000,1.,0.E+000));
#1215 = ORIENTED_EDGE('',*,*,#1104,.F.);
#1216 = ORIENTED_EDGE('',*,*,#1217,.F.);
#1217 = EDGE_CURVE('',#1187,#1105,#1218,.T.);
#1218 = CIRCLE('',#1219,0.6499987);
#1219 = AXIS2_PLACEMENT_3D('',#1220,#1221,#1222);
#1220 = CARTESIAN_POINT('',(-8.21200034,-61.468,-0.41148));
#1221 = DIRECTION('',(0.E+000,-0.E+000,1.));
#1222 = DIRECTION('',(0.E+000,1.,0.E+000));
#1223 = CYLINDRICAL_SURFACE('',#1224,0.6499987);
#1224 = AXIS2_PLACEMENT_3D('',#1225,#1226,#1227);
#1225 = CARTESIAN_POINT('',(-8.21200034,-61.468,-0.41148));
#1226 = DIRECTION('',(-0.E+000,0.E+000,-1.));
#1227 = DIRECTION('',(0.E+000,1.,0.E+000));
#1228 = ADVANCED_FACE('',(#1229),#1263,.T.);
#1229 = FACE_BOUND('',#1230,.T.);
#1230 = EDGE_LOOP('',(#1231,#1241,#1249,#1257));
#1231 = ORIENTED_EDGE('',*,*,#1232,.T.);
#1232 = EDGE_CURVE('',#1233,#1235,#1237,.T.);
#1233 = VERTEX_POINT('',#1234);
#1234 = CARTESIAN_POINT('',(-15.70500034,-62.1179987,-0.41148));
#1235 = VERTEX_POINT('',#1236);
#1236 = CARTESIAN_POINT('',(-15.70500034,-62.1179987,0.E+000));
#1237 = LINE('',#1238,#1239);
#1238 = CARTESIAN_POINT('',(-15.70500034,-62.1179987,-0.41148));
#1239 = VECTOR('',#1240,1.);
#1240 = DIRECTION('',(0.E+000,0.E+000,1.));
#1241 = ORIENTED_EDGE('',*,*,#1242,.T.);
#1242 = EDGE_CURVE('',#1235,#1243,#1245,.T.);
#1243 = VERTEX_POINT('',#1244);
#1244 = CARTESIAN_POINT('',(-13.50499966,-62.1179987,0.E+000));
#1245 = LINE('',#1246,#1247);
#1246 = CARTESIAN_POINT('',(-15.70500034,-62.1179987,0.E+000));
#1247 = VECTOR('',#1248,1.);
#1248 = DIRECTION('',(1.,0.E+000,0.E+000));
#1249 = ORIENTED_EDGE('',*,*,#1250,.F.);
#1250 = EDGE_CURVE('',#1251,#1243,#1253,.T.);
#1251 = VERTEX_POINT('',#1252);
#1252 = CARTESIAN_POINT('',(-13.50499966,-62.1179987,-0.41148));
#1253 = LINE('',#1254,#1255);
#1254 = CARTESIAN_POINT('',(-13.50499966,-62.1179987,-0.41148));
#1255 = VECTOR('',#1256,1.);
#1256 = DIRECTION('',(0.E+000,0.E+000,1.));
#1257 = ORIENTED_EDGE('',*,*,#1258,.F.);
#1258 = EDGE_CURVE('',#1233,#1251,#1259,.T.);
#1259 = LINE('',#1260,#1261);
#1260 = CARTESIAN_POINT('',(-15.70500034,-62.1179987,-0.41148));
#1261 = VECTOR('',#1262,1.);
#1262 = DIRECTION('',(1.,0.E+000,0.E+000));
#1263 = PLANE('',#1264);
#1264 = AXIS2_PLACEMENT_3D('',#1265,#1266,#1267);
#1265 = CARTESIAN_POINT('',(-15.70500034,-62.1179987,-0.41148));
#1266 = DIRECTION('',(0.E+000,1.,0.E+000));
#1267 = DIRECTION('',(1.,0.E+000,0.E+000));
#1268 = ADVANCED_FACE('',(#1269),#1296,.F.);
#1269 = FACE_BOUND('',#1270,.T.);
#1270 = EDGE_LOOP('',(#1271,#1272,#1281,#1289));
#1271 = ORIENTED_EDGE('',*,*,#1250,.T.);
#1272 = ORIENTED_EDGE('',*,*,#1273,.T.);
#1273 = EDGE_CURVE('',#1243,#1274,#1276,.T.);
#1274 = VERTEX_POINT('',#1275);
#1275 = CARTESIAN_POINT('',(-13.50499966,-60.8180013,0.E+000));
#1276 = CIRCLE('',#1277,0.6499987);
#1277 = AXIS2_PLACEMENT_3D('',#1278,#1279,#1280);
#1278 = CARTESIAN_POINT('',(-13.50499966,-61.468,0.E+000));
#1279 = DIRECTION('',(0.E+000,0.E+000,1.));
#1280 = DIRECTION('',(-0.E+000,-1.,0.E+000));
#1281 = ORIENTED_EDGE('',*,*,#1282,.F.);
#1282 = EDGE_CURVE('',#1283,#1274,#1285,.T.);
#1283 = VERTEX_POINT('',#1284);
#1284 = CARTESIAN_POINT('',(-13.50499966,-60.8180013,-0.41148));
#1285 = LINE('',#1286,#1287);
#1286 = CARTESIAN_POINT('',(-13.50499966,-60.8180013,-0.41148));
#1287 = VECTOR('',#1288,1.);
#1288 = DIRECTION('',(0.E+000,0.E+000,1.));
#1289 = ORIENTED_EDGE('',*,*,#1290,.F.);
#1290 = EDGE_CURVE('',#1251,#1283,#1291,.T.);
#1291 = CIRCLE('',#1292,0.6499987);
#1292 = AXIS2_PLACEMENT_3D('',#1293,#1294,#1295);
#1293 = CARTESIAN_POINT('',(-13.50499966,-61.468,-0.41148));
#1294 = DIRECTION('',(0.E+000,0.E+000,1.));
#1295 = DIRECTION('',(-0.E+000,-1.,0.E+000));
#1296 = CYLINDRICAL_SURFACE('',#1297,0.6499987);
#1297 = AXIS2_PLACEMENT_3D('',#1298,#1299,#1300);
#1298 = CARTESIAN_POINT('',(-13.50499966,-61.468,-0.41148));
#1299 = DIRECTION('',(-0.E+000,-0.E+000,-1.));
#1300 = DIRECTION('',(-0.E+000,-1.,0.E+000));
#1301 = ADVANCED_FACE('',(#1302),#1327,.T.);
#1302 = FACE_BOUND('',#1303,.T.);
#1303 = EDGE_LOOP('',(#1304,#1305,#1313,#1321));
#1304 = ORIENTED_EDGE('',*,*,#1282,.T.);
#1305 = ORIENTED_EDGE('',*,*,#1306,.T.);
#1306 = EDGE_CURVE('',#1274,#1307,#1309,.T.);
#1307 = VERTEX_POINT('',#1308);
#1308 = CARTESIAN_POINT('',(-15.70500034,-60.8180013,0.E+000));
#1309 = LINE('',#1310,#1311);
#1310 = CARTESIAN_POINT('',(-13.50499966,-60.8180013,0.E+000));
#1311 = VECTOR('',#1312,1.);
#1312 = DIRECTION('',(-1.,0.E+000,0.E+000));
#1313 = ORIENTED_EDGE('',*,*,#1314,.F.);
#1314 = EDGE_CURVE('',#1315,#1307,#1317,.T.);
#1315 = VERTEX_POINT('',#1316);
#1316 = CARTESIAN_POINT('',(-15.70500034,-60.8180013,-0.41148));
#1317 = LINE('',#1318,#1319);
#1318 = CARTESIAN_POINT('',(-15.70500034,-60.8180013,-0.41148));
#1319 = VECTOR('',#1320,1.);
#1320 = DIRECTION('',(0.E+000,0.E+000,1.));
#1321 = ORIENTED_EDGE('',*,*,#1322,.F.);
#1322 = EDGE_CURVE('',#1283,#1315,#1323,.T.);
#1323 = LINE('',#1324,#1325);
#1324 = CARTESIAN_POINT('',(-13.50499966,-60.8180013,-0.41148));
#1325 = VECTOR('',#1326,1.);
#1326 = DIRECTION('',(-1.,0.E+000,0.E+000));
#1327 = PLANE('',#1328);
#1328 = AXIS2_PLACEMENT_3D('',#1329,#1330,#1331);
#1329 = CARTESIAN_POINT('',(-13.50499966,-60.8180013,-0.41148));
#1330 = DIRECTION('',(0.E+000,-1.,0.E+000));
#1331 = DIRECTION('',(-1.,0.E+000,0.E+000));
#1332 = ADVANCED_FACE('',(#1333),#1351,.F.);
#1333 = FACE_BOUND('',#1334,.T.);
#1334 = EDGE_LOOP('',(#1335,#1336,#1343,#1344));
#1335 = ORIENTED_EDGE('',*,*,#1314,.T.);
#1336 = ORIENTED_EDGE('',*,*,#1337,.T.);
#1337 = EDGE_CURVE('',#1307,#1235,#1338,.T.);
#1338 = CIRCLE('',#1339,0.6499987);
#1339 = AXIS2_PLACEMENT_3D('',#1340,#1341,#1342);
#1340 = CARTESIAN_POINT('',(-15.70500034,-61.468,0.E+000));
#1341 = DIRECTION('',(0.E+000,-0.E+000,1.));
#1342 = DIRECTION('',(0.E+000,1.,0.E+000));
#1343 = ORIENTED_EDGE('',*,*,#1232,.F.);
#1344 = ORIENTED_EDGE('',*,*,#1345,.F.);
#1345 = EDGE_CURVE('',#1315,#1233,#1346,.T.);
#1346 = CIRCLE('',#1347,0.6499987);
#1347 = AXIS2_PLACEMENT_3D('',#1348,#1349,#1350);
#1348 = CARTESIAN_POINT('',(-15.70500034,-61.468,-0.41148));
#1349 = DIRECTION('',(0.E+000,-0.E+000,1.));
#1350 = DIRECTION('',(0.E+000,1.,0.E+000));
#1351 = CYLINDRICAL_SURFACE('',#1352,0.6499987);
#1352 = AXIS2_PLACEMENT_3D('',#1353,#1354,#1355);
#1353 = CARTESIAN_POINT('',(-15.70500034,-61.468,-0.41148));
#1354 = DIRECTION('',(-0.E+000,0.E+000,-1.));
#1355 = DIRECTION('',(0.E+000,1.,0.E+000));
#1356 = ADVANCED_FACE('',(#1357),#1384,.F.);
#1357 = FACE_BOUND('',#1358,.T.);
#1358 = EDGE_LOOP('',(#1359,#1369,#1376,#1377));
#1359 = ORIENTED_EDGE('',*,*,#1360,.T.);
#1360 = EDGE_CURVE('',#1361,#1363,#1365,.T.);
#1361 = VERTEX_POINT('',#1362);
#1362 = CARTESIAN_POINT('',(-14.781,-52.11,-0.41148));
#1363 = VERTEX_POINT('',#1364);
#1364 = CARTESIAN_POINT('',(-14.781,-52.11,0.E+000));
#1365 = LINE('',#1366,#1367);
#1366 = CARTESIAN_POINT('',(-14.781,-52.11,-0.41148));
#1367 = VECTOR('',#1368,1.);
#1368 = DIRECTION('',(0.E+000,0.E+000,1.));
#1369 = ORIENTED_EDGE('',*,*,#1370,.T.);
#1370 = EDGE_CURVE('',#1363,#1363,#1371,.T.);
#1371 = CIRCLE('',#1372,0.25);
#1372 = AXIS2_PLACEMENT_3D('',#1373,#1374,#1375);
#1373 = CARTESIAN_POINT('',(-15.031,-52.11,0.E+000));
#1374 = DIRECTION('',(0.E+000,0.E+000,1.));
#1375 = DIRECTION('',(1.,0.E+000,-0.E+000));
#1376 = ORIENTED_EDGE('',*,*,#1360,.F.);
#1377 = ORIENTED_EDGE('',*,*,#1378,.F.);
#1378 = EDGE_CURVE('',#1361,#1361,#1379,.T.);
#1379 = CIRCLE('',#1380,0.25);
#1380 = AXIS2_PLACEMENT_3D('',#1381,#1382,#1383);
#1381 = CARTESIAN_POINT('',(-15.031,-52.11,-0.41148));
#1382 = DIRECTION('',(0.E+000,0.E+000,1.));
#1383 = DIRECTION('',(1.,0.E+000,-0.E+000));
#1384 = CYLINDRICAL_SURFACE('',#1385,0.25);
#1385 = AXIS2_PLACEMENT_3D('',#1386,#1387,#1388);
#1386 = CARTESIAN_POINT('',(-15.031,-52.11,-0.41148));
#1387 = DIRECTION('',(-0.E+000,-0.E+000,-1.));
#1388 = DIRECTION('',(1.,0.E+000,-0.E+000));
#1389 = ADVANCED_FACE('',(#1390),#1424,.T.);
#1390 = FACE_BOUND('',#1391,.T.);
#1391 = EDGE_LOOP('',(#1392,#1402,#1410,#1418));
#1392 = ORIENTED_EDGE('',*,*,#1393,.T.);
#1393 = EDGE_CURVE('',#1394,#1396,#1398,.T.);
#1394 = VERTEX_POINT('',#1395);
#1395 = CARTESIAN_POINT('',(-15.70500034,-57.4189987,-0.41148));
#1396 = VERTEX_POINT('',#1397);
#1397 = CARTESIAN_POINT('',(-15.70500034,-57.4189987,0.E+000));
#1398 = LINE('',#1399,#1400);
#1399 = CARTESIAN_POINT('',(-15.70500034,-57.4189987,-0.41148));
#1400 = VECTOR('',#1401,1.);
#1401 = DIRECTION('',(0.E+000,0.E+000,1.));
#1402 = ORIENTED_EDGE('',*,*,#1403,.T.);
#1403 = EDGE_CURVE('',#1396,#1404,#1406,.T.);
#1404 = VERTEX_POINT('',#1405);
#1405 = CARTESIAN_POINT('',(-13.50499966,-57.4189987,0.E+000));
#1406 = LINE('',#1407,#1408);
#1407 = CARTESIAN_POINT('',(-15.70500034,-57.4189987,0.E+000));
#1408 = VECTOR('',#1409,1.);
#1409 = DIRECTION('',(1.,0.E+000,0.E+000));
#1410 = ORIENTED_EDGE('',*,*,#1411,.F.);
#1411 = EDGE_CURVE('',#1412,#1404,#1414,.T.);
#1412 = VERTEX_POINT('',#1413);
#1413 = CARTESIAN_POINT('',(-13.50499966,-57.4189987,-0.41148));
#1414 = LINE('',#1415,#1416);
#1415 = CARTESIAN_POINT('',(-13.50499966,-57.4189987,-0.41148));
#1416 = VECTOR('',#1417,1.);
#1417 = DIRECTION('',(0.E+000,0.E+000,1.));
#1418 = ORIENTED_EDGE('',*,*,#1419,.F.);
#1419 = EDGE_CURVE('',#1394,#1412,#1420,.T.);
#1420 = LINE('',#1421,#1422);
#1421 = CARTESIAN_POINT('',(-15.70500034,-57.4189987,-0.41148));
#1422 = VECTOR('',#1423,1.);
#1423 = DIRECTION('',(1.,0.E+000,0.E+000));
#1424 = PLANE('',#1425);
#1425 = AXIS2_PLACEMENT_3D('',#1426,#1427,#1428);
#1426 = CARTESIAN_POINT('',(-15.70500034,-57.4189987,-0.41148));
#1427 = DIRECTION('',(0.E+000,1.,0.E+000));
#1428 = DIRECTION('',(1.,0.E+000,0.E+000));
#1429 = ADVANCED_FACE('',(#1430),#1457,.F.);
#1430 = FACE_BOUND('',#1431,.T.);
#1431 = EDGE_LOOP('',(#1432,#1433,#1442,#1450));
#1432 = ORIENTED_EDGE('',*,*,#1411,.T.);
#1433 = ORIENTED_EDGE('',*,*,#1434,.T.);
#1434 = EDGE_CURVE('',#1404,#1435,#1437,.T.);
#1435 = VERTEX_POINT('',#1436);
#1436 = CARTESIAN_POINT('',(-13.50499966,-56.1190013,0.E+000));
#1437 = CIRCLE('',#1438,0.6499987);
#1438 = AXIS2_PLACEMENT_3D('',#1439,#1440,#1441);
#1439 = CARTESIAN_POINT('',(-13.50499966,-56.769,0.E+000));
#1440 = DIRECTION('',(0.E+000,0.E+000,1.));
#1441 = DIRECTION('',(-0.E+000,-1.,0.E+000));
#1442 = ORIENTED_EDGE('',*,*,#1443,.F.);
#1443 = EDGE_CURVE('',#1444,#1435,#1446,.T.);
#1444 = VERTEX_POINT('',#1445);
#1445 = CARTESIAN_POINT('',(-13.50499966,-56.1190013,-0.41148));
#1446 = LINE('',#1447,#1448);
#1447 = CARTESIAN_POINT('',(-13.50499966,-56.1190013,-0.41148));
#1448 = VECTOR('',#1449,1.);
#1449 = DIRECTION('',(0.E+000,0.E+000,1.));
#1450 = ORIENTED_EDGE('',*,*,#1451,.F.);
#1451 = EDGE_CURVE('',#1412,#1444,#1452,.T.);
#1452 = CIRCLE('',#1453,0.6499987);
#1453 = AXIS2_PLACEMENT_3D('',#1454,#1455,#1456);
#1454 = CARTESIAN_POINT('',(-13.50499966,-56.769,-0.41148));
#1455 = DIRECTION('',(0.E+000,0.E+000,1.));
#1456 = DIRECTION('',(-0.E+000,-1.,0.E+000));
#1457 = CYLINDRICAL_SURFACE('',#1458,0.6499987);
#1458 = AXIS2_PLACEMENT_3D('',#1459,#1460,#1461);
#1459 = CARTESIAN_POINT('',(-13.50499966,-56.769,-0.41148));
#1460 = DIRECTION('',(-0.E+000,-0.E+000,-1.));
#1461 = DIRECTION('',(-0.E+000,-1.,0.E+000));
#1462 = ADVANCED_FACE('',(#1463),#1488,.T.);
#1463 = FACE_BOUND('',#1464,.T.);
#1464 = EDGE_LOOP('',(#1465,#1466,#1474,#1482));
#1465 = ORIENTED_EDGE('',*,*,#1443,.T.);
#1466 = ORIENTED_EDGE('',*,*,#1467,.T.);
#1467 = EDGE_CURVE('',#1435,#1468,#1470,.T.);
#1468 = VERTEX_POINT('',#1469);
#1469 = CARTESIAN_POINT('',(-15.70500034,-56.1190013,0.E+000));
#1470 = LINE('',#1471,#1472);
#1471 = CARTESIAN_POINT('',(-13.50499966,-56.1190013,0.E+000));
#1472 = VECTOR('',#1473,1.);
#1473 = DIRECTION('',(-1.,0.E+000,0.E+000));
#1474 = ORIENTED_EDGE('',*,*,#1475,.F.);
#1475 = EDGE_CURVE('',#1476,#1468,#1478,.T.);
#1476 = VERTEX_POINT('',#1477);
#1477 = CARTESIAN_POINT('',(-15.70500034,-56.1190013,-0.41148));
#1478 = LINE('',#1479,#1480);
#1479 = CARTESIAN_POINT('',(-15.70500034,-56.1190013,-0.41148));
#1480 = VECTOR('',#1481,1.);
#1481 = DIRECTION('',(0.E+000,0.E+000,1.));
#1482 = ORIENTED_EDGE('',*,*,#1483,.F.);
#1483 = EDGE_CURVE('',#1444,#1476,#1484,.T.);
#1484 = LINE('',#1485,#1486);
#1485 = CARTESIAN_POINT('',(-13.50499966,-56.1190013,-0.41148));
#1486 = VECTOR('',#1487,1.);
#1487 = DIRECTION('',(-1.,0.E+000,0.E+000));
#1488 = PLANE('',#1489);
#1489 = AXIS2_PLACEMENT_3D('',#1490,#1491,#1492);
#1490 = CARTESIAN_POINT('',(-13.50499966,-56.1190013,-0.41148));
#1491 = DIRECTION('',(0.E+000,-1.,0.E+000));
#1492 = DIRECTION('',(-1.,0.E+000,0.E+000));
#1493 = ADVANCED_FACE('',(#1494),#1512,.F.);
#1494 = FACE_BOUND('',#1495,.T.);
#1495 = EDGE_LOOP('',(#1496,#1497,#1504,#1505));
#1496 = ORIENTED_EDGE('',*,*,#1475,.T.);
#1497 = ORIENTED_EDGE('',*,*,#1498,.T.);
#1498 = EDGE_CURVE('',#1468,#1396,#1499,.T.);
#1499 = CIRCLE('',#1500,0.6499987);
#1500 = AXIS2_PLACEMENT_3D('',#1501,#1502,#1503);
#1501 = CARTESIAN_POINT('',(-15.70500034,-56.769,0.E+000));
#1502 = DIRECTION('',(0.E+000,-0.E+000,1.));
#1503 = DIRECTION('',(0.E+000,1.,0.E+000));
#1504 = ORIENTED_EDGE('',*,*,#1393,.F.);
#1505 = ORIENTED_EDGE('',*,*,#1506,.F.);
#1506 = EDGE_CURVE('',#1476,#1394,#1507,.T.);
#1507 = CIRCLE('',#1508,0.6499987);
#1508 = AXIS2_PLACEMENT_3D('',#1509,#1510,#1511);
#1509 = CARTESIAN_POINT('',(-15.70500034,-56.769,-0.41148));
#1510 = DIRECTION('',(0.E+000,-0.E+000,1.));
#1511 = DIRECTION('',(0.E+000,1.,0.E+000));
#1512 = CYLINDRICAL_SURFACE('',#1513,0.6499987);
#1513 = AXIS2_PLACEMENT_3D('',#1514,#1515,#1516);
#1514 = CARTESIAN_POINT('',(-15.70500034,-56.769,-0.41148));
#1515 = DIRECTION('',(-0.E+000,0.E+000,-1.));
#1516 = DIRECTION('',(0.E+000,1.,0.E+000));
#1517 = ADVANCED_FACE('',(#1518),#1545,.F.);
#1518 = FACE_BOUND('',#1519,.T.);
#1519 = EDGE_LOOP('',(#1520,#1530,#1537,#1538));
#1520 = ORIENTED_EDGE('',*,*,#1521,.T.);
#1521 = EDGE_CURVE('',#1522,#1524,#1526,.T.);
#1522 = VERTEX_POINT('',#1523);
#1523 = CARTESIAN_POINT('',(-13.353,-51.524,-0.41148));
#1524 = VERTEX_POINT('',#1525);
#1525 = CARTESIAN_POINT('',(-13.353,-51.524,0.E+000));
#1526 = LINE('',#1527,#1528);
#1527 = CARTESIAN_POINT('',(-13.353,-51.524,-0.41148));
#1528 = VECTOR('',#1529,1.);
#1529 = DIRECTION('',(0.E+000,0.E+000,1.));
#1530 = ORIENTED_EDGE('',*,*,#1531,.T.);
#1531 = EDGE_CURVE('',#1524,#1524,#1532,.T.);
#1532 = CIRCLE('',#1533,0.25);
#1533 = AXIS2_PLACEMENT_3D('',#1534,#1535,#1536);
#1534 = CARTESIAN_POINT('',(-13.603,-51.524,0.E+000));
#1535 = DIRECTION('',(0.E+000,0.E+000,1.));
#1536 = DIRECTION('',(1.,0.E+000,-0.E+000));
#1537 = ORIENTED_EDGE('',*,*,#1521,.F.);
#1538 = ORIENTED_EDGE('',*,*,#1539,.F.);
#1539 = EDGE_CURVE('',#1522,#1522,#1540,.T.);
#1540 = CIRCLE('',#1541,0.25);
#1541 = AXIS2_PLACEMENT_3D('',#1542,#1543,#1544);
#1542 = CARTESIAN_POINT('',(-13.603,-51.524,-0.41148));
#1543 = DIRECTION('',(0.E+000,0.E+000,1.));
#1544 = DIRECTION('',(1.,0.E+000,-0.E+000));
#1545 = CYLINDRICAL_SURFACE('',#1546,0.25);
#1546 = AXIS2_PLACEMENT_3D('',#1547,#1548,#1549);
#1547 = CARTESIAN_POINT('',(-13.603,-51.524,-0.41148));
#1548 = DIRECTION('',(-0.E+000,-0.E+000,-1.));
#1549 = DIRECTION('',(1.,0.E+000,-0.E+000));
#1550 = ADVANCED_FACE('',(#1551),#1585,.T.);
#1551 = FACE_BOUND('',#1552,.T.);
#1552 = EDGE_LOOP('',(#1553,#1563,#1571,#1579));
#1553 = ORIENTED_EDGE('',*,*,#1554,.T.);
#1554 = EDGE_CURVE('',#1555,#1557,#1559,.T.);
#1555 = VERTEX_POINT('',#1556);
#1556 = CARTESIAN_POINT('',(-8.21200034,-66.8169987,-0.41148));
#1557 = VERTEX_POINT('',#1558);
#1558 = CARTESIAN_POINT('',(-8.21200034,-66.8169987,0.E+000));
#1559 = LINE('',#1560,#1561);
#1560 = CARTESIAN_POINT('',(-8.21200034,-66.8169987,-0.41148));
#1561 = VECTOR('',#1562,1.);
#1562 = DIRECTION('',(0.E+000,0.E+000,1.));
#1563 = ORIENTED_EDGE('',*,*,#1564,.T.);
#1564 = EDGE_CURVE('',#1557,#1565,#1567,.T.);
#1565 = VERTEX_POINT('',#1566);
#1566 = CARTESIAN_POINT('',(-6.01199966,-66.8169987,0.E+000));
#1567 = LINE('',#1568,#1569);
#1568 = CARTESIAN_POINT('',(-8.21200034,-66.8169987,0.E+000));
#1569 = VECTOR('',#1570,1.);
#1570 = DIRECTION('',(1.,0.E+000,0.E+000));
#1571 = ORIENTED_EDGE('',*,*,#1572,.F.);
#1572 = EDGE_CURVE('',#1573,#1565,#1575,.T.);
#1573 = VERTEX_POINT('',#1574);
#1574 = CARTESIAN_POINT('',(-6.01199966,-66.8169987,-0.41148));
#1575 = LINE('',#1576,#1577);
#1576 = CARTESIAN_POINT('',(-6.01199966,-66.8169987,-0.41148));
#1577 = VECTOR('',#1578,1.);
#1578 = DIRECTION('',(0.E+000,0.E+000,1.));
#1579 = ORIENTED_EDGE('',*,*,#1580,.F.);
#1580 = EDGE_CURVE('',#1555,#1573,#1581,.T.);
#1581 = LINE('',#1582,#1583);
#1582 = CARTESIAN_POINT('',(-8.21200034,-66.8169987,-0.41148));
#1583 = VECTOR('',#1584,1.);
#1584 = DIRECTION('',(1.,0.E+000,0.E+000));
#1585 = PLANE('',#1586);
#1586 = AXIS2_PLACEMENT_3D('',#1587,#1588,#1589);
#1587 = CARTESIAN_POINT('',(-8.21200034,-66.8169987,-0.41148));
#1588 = DIRECTION('',(0.E+000,1.,0.E+000));
#1589 = DIRECTION('',(1.,0.E+000,0.E+000));
#1590 = ADVANCED_FACE('',(#1591),#1618,.F.);
#1591 = FACE_BOUND('',#1592,.T.);
#1592 = EDGE_LOOP('',(#1593,#1594,#1603,#1611));
#1593 = ORIENTED_EDGE('',*,*,#1572,.T.);
#1594 = ORIENTED_EDGE('',*,*,#1595,.T.);
#1595 = EDGE_CURVE('',#1565,#1596,#1598,.T.);
#1596 = VERTEX_POINT('',#1597);
#1597 = CARTESIAN_POINT('',(-6.01199966,-65.5170013,0.E+000));
#1598 = CIRCLE('',#1599,0.6499987);
#1599 = AXIS2_PLACEMENT_3D('',#1600,#1601,#1602);
#1600 = CARTESIAN_POINT('',(-6.01199966,-66.167,0.E+000));
#1601 = DIRECTION('',(0.E+000,0.E+000,1.));
#1602 = DIRECTION('',(-0.E+000,-1.,0.E+000));
#1603 = ORIENTED_EDGE('',*,*,#1604,.F.);
#1604 = EDGE_CURVE('',#1605,#1596,#1607,.T.);
#1605 = VERTEX_POINT('',#1606);
#1606 = CARTESIAN_POINT('',(-6.01199966,-65.5170013,-0.41148));
#1607 = LINE('',#1608,#1609);
#1608 = CARTESIAN_POINT('',(-6.01199966,-65.5170013,-0.41148));
#1609 = VECTOR('',#1610,1.);
#1610 = DIRECTION('',(0.E+000,0.E+000,1.));
#1611 = ORIENTED_EDGE('',*,*,#1612,.F.);
#1612 = EDGE_CURVE('',#1573,#1605,#1613,.T.);
#1613 = CIRCLE('',#1614,0.6499987);
#1614 = AXIS2_PLACEMENT_3D('',#1615,#1616,#1617);
#1615 = CARTESIAN_POINT('',(-6.01199966,-66.167,-0.41148));
#1616 = DIRECTION('',(0.E+000,0.E+000,1.));
#1617 = DIRECTION('',(-0.E+000,-1.,0.E+000));
#1618 = CYLINDRICAL_SURFACE('',#1619,0.6499987);
#1619 = AXIS2_PLACEMENT_3D('',#1620,#1621,#1622);
#1620 = CARTESIAN_POINT('',(-6.01199966,-66.167,-0.41148));
#1621 = DIRECTION('',(-0.E+000,-0.E+000,-1.));
#1622 = DIRECTION('',(-0.E+000,-1.,0.E+000));
#1623 = ADVANCED_FACE('',(#1624),#1649,.T.);
#1624 = FACE_BOUND('',#1625,.T.);
#1625 = EDGE_LOOP('',(#1626,#1627,#1635,#1643));
#1626 = ORIENTED_EDGE('',*,*,#1604,.T.);
#1627 = ORIENTED_EDGE('',*,*,#1628,.T.);
#1628 = EDGE_CURVE('',#1596,#1629,#1631,.T.);
#1629 = VERTEX_POINT('',#1630);
#1630 = CARTESIAN_POINT('',(-8.21200034,-65.5170013,0.E+000));
#1631 = LINE('',#1632,#1633);
#1632 = CARTESIAN_POINT('',(-6.01199966,-65.5170013,0.E+000));
#1633 = VECTOR('',#1634,1.);
#1634 = DIRECTION('',(-1.,0.E+000,0.E+000));
#1635 = ORIENTED_EDGE('',*,*,#1636,.F.);
#1636 = EDGE_CURVE('',#1637,#1629,#1639,.T.);
#1637 = VERTEX_POINT('',#1638);
#1638 = CARTESIAN_POINT('',(-8.21200034,-65.5170013,-0.41148));
#1639 = LINE('',#1640,#1641);
#1640 = CARTESIAN_POINT('',(-8.21200034,-65.5170013,-0.41148));
#1641 = VECTOR('',#1642,1.);
#1642 = DIRECTION('',(0.E+000,0.E+000,1.));
#1643 = ORIENTED_EDGE('',*,*,#1644,.F.);
#1644 = EDGE_CURVE('',#1605,#1637,#1645,.T.);
#1645 = LINE('',#1646,#1647);
#1646 = CARTESIAN_POINT('',(-6.01199966,-65.5170013,-0.41148));
#1647 = VECTOR('',#1648,1.);
#1648 = DIRECTION('',(-1.,0.E+000,0.E+000));
#1649 = PLANE('',#1650);
#1650 = AXIS2_PLACEMENT_3D('',#1651,#1652,#1653);
#1651 = CARTESIAN_POINT('',(-6.01199966,-65.5170013,-0.41148));
#1652 = DIRECTION('',(0.E+000,-1.,0.E+000));
#1653 = DIRECTION('',(-1.,0.E+000,0.E+000));
#1654 = ADVANCED_FACE('',(#1655),#1673,.F.);
#1655 = FACE_BOUND('',#1656,.T.);
#1656 = EDGE_LOOP('',(#1657,#1658,#1665,#1666));
#1657 = ORIENTED_EDGE('',*,*,#1636,.T.);
#1658 = ORIENTED_EDGE('',*,*,#1659,.T.);
#1659 = EDGE_CURVE('',#1629,#1557,#1660,.T.);
#1660 = CIRCLE('',#1661,0.6499987);
#1661 = AXIS2_PLACEMENT_3D('',#1662,#1663,#1664);
#1662 = CARTESIAN_POINT('',(-8.21200034,-66.167,0.E+000));
#1663 = DIRECTION('',(0.E+000,-0.E+000,1.));
#1664 = DIRECTION('',(0.E+000,1.,0.E+000));
#1665 = ORIENTED_EDGE('',*,*,#1554,.F.);
#1666 = ORIENTED_EDGE('',*,*,#1667,.F.);
#1667 = EDGE_CURVE('',#1637,#1555,#1668,.T.);
#1668 = CIRCLE('',#1669,0.6499987);
#1669 = AXIS2_PLACEMENT_3D('',#1670,#1671,#1672);
#1670 = CARTESIAN_POINT('',(-8.21200034,-66.167,-0.41148));
#1671 = DIRECTION('',(0.E+000,-0.E+000,1.));
#1672 = DIRECTION('',(0.E+000,1.,0.E+000));
#1673 = CYLINDRICAL_SURFACE('',#1674,0.6499987);
#1674 = AXIS2_PLACEMENT_3D('',#1675,#1676,#1677);
#1675 = CARTESIAN_POINT('',(-8.21200034,-66.167,-0.41148));
#1676 = DIRECTION('',(-0.E+000,0.E+000,-1.));
#1677 = DIRECTION('',(0.E+000,1.,0.E+000));
#1678 = ADVANCED_FACE('',(#1679),#1706,.F.);
#1679 = FACE_BOUND('',#1680,.T.);
#1680 = EDGE_LOOP('',(#1681,#1691,#1698,#1699));
#1681 = ORIENTED_EDGE('',*,*,#1682,.T.);
#1682 = EDGE_CURVE('',#1683,#1685,#1687,.T.);
#1683 = VERTEX_POINT('',#1684);
#1684 = CARTESIAN_POINT('',(2.227,-63.754,-0.41148));
#1685 = VERTEX_POINT('',#1686);
#1686 = CARTESIAN_POINT('',(2.227,-63.754,0.E+000));
#1687 = LINE('',#1688,#1689);
#1688 = CARTESIAN_POINT('',(2.227,-63.754,-0.41148));
#1689 = VECTOR('',#1690,1.);
#1690 = DIRECTION('',(0.E+000,0.E+000,1.));
#1691 = ORIENTED_EDGE('',*,*,#1692,.T.);
#1692 = EDGE_CURVE('',#1685,#1685,#1693,.T.);
#1693 = CIRCLE('',#1694,0.5);
#1694 = AXIS2_PLACEMENT_3D('',#1695,#1696,#1697);
#1695 = CARTESIAN_POINT('',(1.727,-63.754,0.E+000));
#1696 = DIRECTION('',(0.E+000,0.E+000,1.));
#1697 = DIRECTION('',(1.,0.E+000,-0.E+000));
#1698 = ORIENTED_EDGE('',*,*,#1682,.F.);
#1699 = ORIENTED_EDGE('',*,*,#1700,.F.);
#1700 = EDGE_CURVE('',#1683,#1683,#1701,.T.);
#1701 = CIRCLE('',#1702,0.5);
#1702 = AXIS2_PLACEMENT_3D('',#1703,#1704,#1705);
#1703 = CARTESIAN_POINT('',(1.727,-63.754,-0.41148));
#1704 = DIRECTION('',(0.E+000,0.E+000,1.));
#1705 = DIRECTION('',(1.,0.E+000,-0.E+000));
#1706 = CYLINDRICAL_SURFACE('',#1707,0.5);
#1707 = AXIS2_PLACEMENT_3D('',#1708,#1709,#1710);
#1708 = CARTESIAN_POINT('',(1.727,-63.754,-0.41148));
#1709 = DIRECTION('',(-0.E+000,-0.E+000,-1.));
#1710 = DIRECTION('',(1.,0.E+000,-0.E+000));
#1711 = ADVANCED_FACE('',(#1712),#1739,.F.);
#1712 = FACE_BOUND('',#1713,.T.);
#1713 = EDGE_LOOP('',(#1714,#1724,#1731,#1732));
#1714 = ORIENTED_EDGE('',*,*,#1715,.T.);
#1715 = EDGE_CURVE('',#1716,#1718,#1720,.T.);
#1716 = VERTEX_POINT('',#1717);
#1717 = CARTESIAN_POINT('',(-0.313,-63.754,-0.41148));
#1718 = VERTEX_POINT('',#1719);
#1719 = CARTESIAN_POINT('',(-0.313,-63.754,0.E+000));
#1720 = LINE('',#1721,#1722);
#1721 = CARTESIAN_POINT('',(-0.313,-63.754,-0.41148));
#1722 = VECTOR('',#1723,1.);
#1723 = DIRECTION('',(0.E+000,0.E+000,1.));
#1724 = ORIENTED_EDGE('',*,*,#1725,.T.);
#1725 = EDGE_CURVE('',#1718,#1718,#1726,.T.);
#1726 = CIRCLE('',#1727,0.5);
#1727 = AXIS2_PLACEMENT_3D('',#1728,#1729,#1730);
#1728 = CARTESIAN_POINT('',(-0.813,-63.754,0.E+000));
#1729 = DIRECTION('',(0.E+000,0.E+000,1.));
#1730 = DIRECTION('',(1.,0.E+000,-0.E+000));
#1731 = ORIENTED_EDGE('',*,*,#1715,.F.);
#1732 = ORIENTED_EDGE('',*,*,#1733,.F.);
#1733 = EDGE_CURVE('',#1716,#1716,#1734,.T.);
#1734 = CIRCLE('',#1735,0.5);
#1735 = AXIS2_PLACEMENT_3D('',#1736,#1737,#1738);
#1736 = CARTESIAN_POINT('',(-0.813,-63.754,-0.41148));
#1737 = DIRECTION('',(0.E+000,0.E+000,1.));
#1738 = DIRECTION('',(1.,0.E+000,-0.E+000));
#1739 = CYLINDRICAL_SURFACE('',#1740,0.5);
#1740 = AXIS2_PLACEMENT_3D('',#1741,#1742,#1743);
#1741 = CARTESIAN_POINT('',(-0.813,-63.754,-0.41148));
#1742 = DIRECTION('',(-0.E+000,-0.E+000,-1.));
#1743 = DIRECTION('',(1.,0.E+000,-0.E+000));
#1744 = ADVANCED_FACE('',(#1745),#1779,.T.);
#1745 = FACE_BOUND('',#1746,.T.);
#1746 = EDGE_LOOP('',(#1747,#1757,#1765,#1773));
#1747 = ORIENTED_EDGE('',*,*,#1748,.T.);
#1748 = EDGE_CURVE('',#1749,#1751,#1753,.T.);
#1749 = VERTEX_POINT('',#1750);
#1750 = CARTESIAN_POINT('',(-8.21200034,-57.4189987,-0.41148));
#1751 = VERTEX_POINT('',#1752);
#1752 = CARTESIAN_POINT('',(-8.21200034,-57.4189987,0.E+000));
#1753 = LINE('',#1754,#1755);
#1754 = CARTESIAN_POINT('',(-8.21200034,-57.4189987,-0.41148));
#1755 = VECTOR('',#1756,1.);
#1756 = DIRECTION('',(0.E+000,0.E+000,1.));
#1757 = ORIENTED_EDGE('',*,*,#1758,.T.);
#1758 = EDGE_CURVE('',#1751,#1759,#1761,.T.);
#1759 = VERTEX_POINT('',#1760);
#1760 = CARTESIAN_POINT('',(-6.01199966,-57.4189987,0.E+000));
#1761 = LINE('',#1762,#1763);
#1762 = CARTESIAN_POINT('',(-8.21200034,-57.4189987,0.E+000));
#1763 = VECTOR('',#1764,1.);
#1764 = DIRECTION('',(1.,0.E+000,0.E+000));
#1765 = ORIENTED_EDGE('',*,*,#1766,.F.);
#1766 = EDGE_CURVE('',#1767,#1759,#1769,.T.);
#1767 = VERTEX_POINT('',#1768);
#1768 = CARTESIAN_POINT('',(-6.01199966,-57.4189987,-0.41148));
#1769 = LINE('',#1770,#1771);
#1770 = CARTESIAN_POINT('',(-6.01199966,-57.4189987,-0.41148));
#1771 = VECTOR('',#1772,1.);
#1772 = DIRECTION('',(0.E+000,0.E+000,1.));
#1773 = ORIENTED_EDGE('',*,*,#1774,.F.);
#1774 = EDGE_CURVE('',#1749,#1767,#1775,.T.);
#1775 = LINE('',#1776,#1777);
#1776 = CARTESIAN_POINT('',(-8.21200034,-57.4189987,-0.41148));
#1777 = VECTOR('',#1778,1.);
#1778 = DIRECTION('',(1.,0.E+000,0.E+000));
#1779 = PLANE('',#1780);
#1780 = AXIS2_PLACEMENT_3D('',#1781,#1782,#1783);
#1781 = CARTESIAN_POINT('',(-8.21200034,-57.4189987,-0.41148));
#1782 = DIRECTION('',(0.E+000,1.,0.E+000));
#1783 = DIRECTION('',(1.,0.E+000,0.E+000));
#1784 = ADVANCED_FACE('',(#1785),#1812,.F.);
#1785 = FACE_BOUND('',#1786,.T.);
#1786 = EDGE_LOOP('',(#1787,#1788,#1797,#1805));
#1787 = ORIENTED_EDGE('',*,*,#1766,.T.);
#1788 = ORIENTED_EDGE('',*,*,#1789,.T.);
#1789 = EDGE_CURVE('',#1759,#1790,#1792,.T.);
#1790 = VERTEX_POINT('',#1791);
#1791 = CARTESIAN_POINT('',(-6.01199966,-56.1190013,0.E+000));
#1792 = CIRCLE('',#1793,0.6499987);
#1793 = AXIS2_PLACEMENT_3D('',#1794,#1795,#1796);
#1794 = CARTESIAN_POINT('',(-6.01199966,-56.769,0.E+000));
#1795 = DIRECTION('',(0.E+000,0.E+000,1.));
#1796 = DIRECTION('',(-0.E+000,-1.,0.E+000));
#1797 = ORIENTED_EDGE('',*,*,#1798,.F.);
#1798 = EDGE_CURVE('',#1799,#1790,#1801,.T.);
#1799 = VERTEX_POINT('',#1800);
#1800 = CARTESIAN_POINT('',(-6.01199966,-56.1190013,-0.41148));
#1801 = LINE('',#1802,#1803);
#1802 = CARTESIAN_POINT('',(-6.01199966,-56.1190013,-0.41148));
#1803 = VECTOR('',#1804,1.);
#1804 = DIRECTION('',(0.E+000,0.E+000,1.));
#1805 = ORIENTED_EDGE('',*,*,#1806,.F.);
#1806 = EDGE_CURVE('',#1767,#1799,#1807,.T.);
#1807 = CIRCLE('',#1808,0.6499987);
#1808 = AXIS2_PLACEMENT_3D('',#1809,#1810,#1811);
#1809 = CARTESIAN_POINT('',(-6.01199966,-56.769,-0.41148));
#1810 = DIRECTION('',(0.E+000,0.E+000,1.));
#1811 = DIRECTION('',(-0.E+000,-1.,0.E+000));
#1812 = CYLINDRICAL_SURFACE('',#1813,0.6499987);
#1813 = AXIS2_PLACEMENT_3D('',#1814,#1815,#1816);
#1814 = CARTESIAN_POINT('',(-6.01199966,-56.769,-0.41148));
#1815 = DIRECTION('',(-0.E+000,-0.E+000,-1.));
#1816 = DIRECTION('',(-0.E+000,-1.,0.E+000));
#1817 = ADVANCED_FACE('',(#1818),#1843,.T.);
#1818 = FACE_BOUND('',#1819,.T.);
#1819 = EDGE_LOOP('',(#1820,#1821,#1829,#1837));
#1820 = ORIENTED_EDGE('',*,*,#1798,.T.);
#1821 = ORIENTED_EDGE('',*,*,#1822,.T.);
#1822 = EDGE_CURVE('',#1790,#1823,#1825,.T.);
#1823 = VERTEX_POINT('',#1824);
#1824 = CARTESIAN_POINT('',(-8.21200034,-56.1190013,0.E+000));
#1825 = LINE('',#1826,#1827);
#1826 = CARTESIAN_POINT('',(-6.01199966,-56.1190013,0.E+000));
#1827 = VECTOR('',#1828,1.);
#1828 = DIRECTION('',(-1.,0.E+000,0.E+000));
#1829 = ORIENTED_EDGE('',*,*,#1830,.F.);
#1830 = EDGE_CURVE('',#1831,#1823,#1833,.T.);
#1831 = VERTEX_POINT('',#1832);
#1832 = CARTESIAN_POINT('',(-8.21200034,-56.1190013,-0.41148));
#1833 = LINE('',#1834,#1835);
#1834 = CARTESIAN_POINT('',(-8.21200034,-56.1190013,-0.41148));
#1835 = VECTOR('',#1836,1.);
#1836 = DIRECTION('',(0.E+000,0.E+000,1.));
#1837 = ORIENTED_EDGE('',*,*,#1838,.F.);
#1838 = EDGE_CURVE('',#1799,#1831,#1839,.T.);
#1839 = LINE('',#1840,#1841);
#1840 = CARTESIAN_POINT('',(-6.01199966,-56.1190013,-0.41148));
#1841 = VECTOR('',#1842,1.);
#1842 = DIRECTION('',(-1.,0.E+000,0.E+000));
#1843 = PLANE('',#1844);
#1844 = AXIS2_PLACEMENT_3D('',#1845,#1846,#1847);
#1845 = CARTESIAN_POINT('',(-6.01199966,-56.1190013,-0.41148));
#1846 = DIRECTION('',(0.E+000,-1.,0.E+000));
#1847 = DIRECTION('',(-1.,0.E+000,0.E+000));
#1848 = ADVANCED_FACE('',(#1849),#1867,.F.);
#1849 = FACE_BOUND('',#1850,.T.);
#1850 = EDGE_LOOP('',(#1851,#1852,#1859,#1860));
#1851 = ORIENTED_EDGE('',*,*,#1830,.T.);
#1852 = ORIENTED_EDGE('',*,*,#1853,.T.);
#1853 = EDGE_CURVE('',#1823,#1751,#1854,.T.);
#1854 = CIRCLE('',#1855,0.6499987);
#1855 = AXIS2_PLACEMENT_3D('',#1856,#1857,#1858);
#1856 = CARTESIAN_POINT('',(-8.21200034,-56.769,0.E+000));
#1857 = DIRECTION('',(0.E+000,-0.E+000,1.));
#1858 = DIRECTION('',(0.E+000,1.,0.E+000));
#1859 = ORIENTED_EDGE('',*,*,#1748,.F.);
#1860 = ORIENTED_EDGE('',*,*,#1861,.F.);
#1861 = EDGE_CURVE('',#1831,#1749,#1862,.T.);
#1862 = CIRCLE('',#1863,0.6499987);
#1863 = AXIS2_PLACEMENT_3D('',#1864,#1865,#1866);
#1864 = CARTESIAN_POINT('',(-8.21200034,-56.769,-0.41148));
#1865 = DIRECTION('',(0.E+000,-0.E+000,1.));
#1866 = DIRECTION('',(0.E+000,1.,0.E+000));
#1867 = CYLINDRICAL_SURFACE('',#1868,0.6499987);
#1868 = AXIS2_PLACEMENT_3D('',#1869,#1870,#1871);
#1869 = CARTESIAN_POINT('',(-8.21200034,-56.769,-0.41148));
#1870 = DIRECTION('',(-0.E+000,0.E+000,-1.));
#1871 = DIRECTION('',(0.E+000,1.,0.E+000));
#1872 = ADVANCED_FACE('',(#1873),#1900,.F.);
#1873 = FACE_BOUND('',#1874,.T.);
#1874 = EDGE_LOOP('',(#1875,#1885,#1892,#1893));
#1875 = ORIENTED_EDGE('',*,*,#1876,.T.);
#1876 = EDGE_CURVE('',#1877,#1879,#1881,.T.);
#1877 = VERTEX_POINT('',#1878);
#1878 = CARTESIAN_POINT('',(2.227,-56.134,-0.41148));
#1879 = VERTEX_POINT('',#1880);
#1880 = CARTESIAN_POINT('',(2.227,-56.134,0.E+000));
#1881 = LINE('',#1882,#1883);
#1882 = CARTESIAN_POINT('',(2.227,-56.134,-0.41148));
#1883 = VECTOR('',#1884,1.);
#1884 = DIRECTION('',(0.E+000,0.E+000,1.));
#1885 = ORIENTED_EDGE('',*,*,#1886,.T.);
#1886 = EDGE_CURVE('',#1879,#1879,#1887,.T.);
#1887 = CIRCLE('',#1888,0.5);
#1888 = AXIS2_PLACEMENT_3D('',#1889,#1890,#1891);
#1889 = CARTESIAN_POINT('',(1.727,-56.134,0.E+000));
#1890 = DIRECTION('',(0.E+000,0.E+000,1.));
#1891 = DIRECTION('',(1.,0.E+000,-0.E+000));
#1892 = ORIENTED_EDGE('',*,*,#1876,.F.);
#1893 = ORIENTED_EDGE('',*,*,#1894,.F.);
#1894 = EDGE_CURVE('',#1877,#1877,#1895,.T.);
#1895 = CIRCLE('',#1896,0.5);
#1896 = AXIS2_PLACEMENT_3D('',#1897,#1898,#1899);
#1897 = CARTESIAN_POINT('',(1.727,-56.134,-0.41148));
#1898 = DIRECTION('',(0.E+000,0.E+000,1.));
#1899 = DIRECTION('',(1.,0.E+000,-0.E+000));
#1900 = CYLINDRICAL_SURFACE('',#1901,0.5);
#1901 = AXIS2_PLACEMENT_3D('',#1902,#1903,#1904);
#1902 = CARTESIAN_POINT('',(1.727,-56.134,-0.41148));
#1903 = DIRECTION('',(-0.E+000,-0.E+000,-1.));
#1904 = DIRECTION('',(1.,0.E+000,-0.E+000));
#1905 = ADVANCED_FACE('',(#1906),#1933,.F.);
#1906 = FACE_BOUND('',#1907,.T.);
#1907 = EDGE_LOOP('',(#1908,#1918,#1925,#1926));
#1908 = ORIENTED_EDGE('',*,*,#1909,.T.);
#1909 = EDGE_CURVE('',#1910,#1912,#1914,.T.);
#1910 = VERTEX_POINT('',#1911);
#1911 = CARTESIAN_POINT('',(-0.313,-56.134,-0.41148));
#1912 = VERTEX_POINT('',#1913);
#1913 = CARTESIAN_POINT('',(-0.313,-56.134,0.E+000));
#1914 = LINE('',#1915,#1916);
#1915 = CARTESIAN_POINT('',(-0.313,-56.134,-0.41148));
#1916 = VECTOR('',#1917,1.);
#1917 = DIRECTION('',(0.E+000,0.E+000,1.));
#1918 = ORIENTED_EDGE('',*,*,#1919,.T.);
#1919 = EDGE_CURVE('',#1912,#1912,#1920,.T.);
#1920 = CIRCLE('',#1921,0.5);
#1921 = AXIS2_PLACEMENT_3D('',#1922,#1923,#1924);
#1922 = CARTESIAN_POINT('',(-0.813,-56.134,0.E+000));
#1923 = DIRECTION('',(0.E+000,0.E+000,1.));
#1924 = DIRECTION('',(1.,0.E+000,-0.E+000));
#1925 = ORIENTED_EDGE('',*,*,#1909,.F.);
#1926 = ORIENTED_EDGE('',*,*,#1927,.F.);
#1927 = EDGE_CURVE('',#1910,#1910,#1928,.T.);
#1928 = CIRCLE('',#1929,0.5);
#1929 = AXIS2_PLACEMENT_3D('',#1930,#1931,#1932);
#1930 = CARTESIAN_POINT('',(-0.813,-56.134,-0.41148));
#1931 = DIRECTION('',(0.E+000,0.E+000,1.));
#1932 = DIRECTION('',(1.,0.E+000,-0.E+000));
#1933 = CYLINDRICAL_SURFACE('',#1934,0.5);
#1934 = AXIS2_PLACEMENT_3D('',#1935,#1936,#1937);
#1935 = CARTESIAN_POINT('',(-0.813,-56.134,-0.41148));
#1936 = DIRECTION('',(-0.E+000,-0.E+000,-1.));
#1937 = DIRECTION('',(1.,0.E+000,-0.E+000));
#1938 = ADVANCED_FACE('',(#1939),#1966,.F.);
#1939 = FACE_BOUND('',#1940,.T.);
#1940 = EDGE_LOOP('',(#1941,#1951,#1958,#1959));
#1941 = ORIENTED_EDGE('',*,*,#1942,.T.);
#1942 = EDGE_CURVE('',#1943,#1945,#1947,.T.);
#1943 = VERTEX_POINT('',#1944);
#1944 = CARTESIAN_POINT('',(-15.756,-34.431,-0.41148));
#1945 = VERTEX_POINT('',#1946);
#1946 = CARTESIAN_POINT('',(-15.756,-34.431,0.E+000));
#1947 = LINE('',#1948,#1949);
#1948 = CARTESIAN_POINT('',(-15.756,-34.431,-0.41148));
#1949 = VECTOR('',#1950,1.);
#1950 = DIRECTION('',(0.E+000,0.E+000,1.));
#1951 = ORIENTED_EDGE('',*,*,#1952,.T.);
#1952 = EDGE_CURVE('',#1945,#1945,#1953,.T.);
#1953 = CIRCLE('',#1954,0.5);
#1954 = AXIS2_PLACEMENT_3D('',#1955,#1956,#1957);
#1955 = CARTESIAN_POINT('',(-16.256,-34.431,0.E+000));
#1956 = DIRECTION('',(0.E+000,0.E+000,1.));
#1957 = DIRECTION('',(1.,0.E+000,-0.E+000));
#1958 = ORIENTED_EDGE('',*,*,#1942,.F.);
#1959 = ORIENTED_EDGE('',*,*,#1960,.F.);
#1960 = EDGE_CURVE('',#1943,#1943,#1961,.T.);
#1961 = CIRCLE('',#1962,0.5);
#1962 = AXIS2_PLACEMENT_3D('',#1963,#1964,#1965);
#1963 = CARTESIAN_POINT('',(-16.256,-34.431,-0.41148));
#1964 = DIRECTION('',(0.E+000,0.E+000,1.));
#1965 = DIRECTION('',(1.,0.E+000,-0.E+000));
#1966 = CYLINDRICAL_SURFACE('',#1967,0.5);
#1967 = AXIS2_PLACEMENT_3D('',#1968,#1969,#1970);
#1968 = CARTESIAN_POINT('',(-16.256,-34.431,-0.41148));
#1969 = DIRECTION('',(-0.E+000,-0.E+000,-1.));
#1970 = DIRECTION('',(1.,0.E+000,-0.E+000));
#1971 = ADVANCED_FACE('',(#1972),#1999,.F.);
#1972 = FACE_BOUND('',#1973,.T.);
#1973 = EDGE_LOOP('',(#1974,#1984,#1991,#1992));
#1974 = ORIENTED_EDGE('',*,*,#1975,.T.);
#1975 = EDGE_CURVE('',#1976,#1978,#1980,.T.);
#1976 = VERTEX_POINT('',#1977);
#1977 = CARTESIAN_POINT('',(-13.25,-50.,-0.41148));
#1978 = VERTEX_POINT('',#1979);
#1979 = CARTESIAN_POINT('',(-13.25,-50.,0.E+000));
#1980 = LINE('',#1981,#1982);
#1981 = CARTESIAN_POINT('',(-13.25,-50.,-0.41148));
#1982 = VECTOR('',#1983,1.);
#1983 = DIRECTION('',(0.E+000,0.E+000,1.));
#1984 = ORIENTED_EDGE('',*,*,#1985,.T.);
#1985 = EDGE_CURVE('',#1978,#1978,#1986,.T.);
#1986 = CIRCLE('',#1987,1.75);
#1987 = AXIS2_PLACEMENT_3D('',#1988,#1989,#1990);
#1988 = CARTESIAN_POINT('',(-15.,-50.,0.E+000));
#1989 = DIRECTION('',(0.E+000,0.E+000,1.));
#1990 = DIRECTION('',(1.,0.E+000,-0.E+000));
#1991 = ORIENTED_EDGE('',*,*,#1975,.F.);
#1992 = ORIENTED_EDGE('',*,*,#1993,.F.);
#1993 = EDGE_CURVE('',#1976,#1976,#1994,.T.);
#1994 = CIRCLE('',#1995,1.75);
#1995 = AXIS2_PLACEMENT_3D('',#1996,#1997,#1998);
#1996 = CARTESIAN_POINT('',(-15.,-50.,-0.41148));
#1997 = DIRECTION('',(0.E+000,0.E+000,1.));
#1998 = DIRECTION('',(1.,0.E+000,-0.E+000));
#1999 = CYLINDRICAL_SURFACE('',#2000,1.75);
#2000 = AXIS2_PLACEMENT_3D('',#2001,#2002,#2003);
#2001 = CARTESIAN_POINT('',(-15.,-50.,-0.41148));
#2002 = DIRECTION('',(-0.E+000,-0.E+000,-1.));
#2003 = DIRECTION('',(1.,0.E+000,-0.E+000));
#2004 = ADVANCED_FACE('',(#2005),#2032,.F.);
#2005 = FACE_BOUND('',#2006,.T.);
#2006 = EDGE_LOOP('',(#2007,#2017,#2024,#2025));
#2007 = ORIENTED_EDGE('',*,*,#2008,.T.);
#2008 = EDGE_CURVE('',#2009,#2011,#2013,.T.);
#2009 = VERTEX_POINT('',#2010);
#2010 = CARTESIAN_POINT('',(-14.75,-47.841,-0.41148));
#2011 = VERTEX_POINT('',#2012);
#2012 = CARTESIAN_POINT('',(-14.75,-47.841,0.E+000));
#2013 = LINE('',#2014,#2015);
#2014 = CARTESIAN_POINT('',(-14.75,-47.841,-0.41148));
#2015 = VECTOR('',#2016,1.);
#2016 = DIRECTION('',(0.E+000,0.E+000,1.));
#2017 = ORIENTED_EDGE('',*,*,#2018,.T.);
#2018 = EDGE_CURVE('',#2011,#2011,#2019,.T.);
#2019 = CIRCLE('',#2020,0.25);
#2020 = AXIS2_PLACEMENT_3D('',#2021,#2022,#2023);
#2021 = CARTESIAN_POINT('',(-15.,-47.841,0.E+000));
#2022 = DIRECTION('',(0.E+000,0.E+000,1.));
#2023 = DIRECTION('',(1.,0.E+000,-0.E+000));
#2024 = ORIENTED_EDGE('',*,*,#2008,.F.);
#2025 = ORIENTED_EDGE('',*,*,#2026,.F.);
#2026 = EDGE_CURVE('',#2009,#2009,#2027,.T.);
#2027 = CIRCLE('',#2028,0.25);
#2028 = AXIS2_PLACEMENT_3D('',#2029,#2030,#2031);
#2029 = CARTESIAN_POINT('',(-15.,-47.841,-0.41148));
#2030 = DIRECTION('',(0.E+000,0.E+000,1.));
#2031 = DIRECTION('',(1.,0.E+000,-0.E+000));
#2032 = CYLINDRICAL_SURFACE('',#2033,0.25);
#2033 = AXIS2_PLACEMENT_3D('',#2034,#2035,#2036);
#2034 = CARTESIAN_POINT('',(-15.,-47.841,-0.41148));
#2035 = DIRECTION('',(-0.E+000,-0.E+000,-1.));
#2036 = DIRECTION('',(1.,0.E+000,-0.E+000));
#2037 = ADVANCED_FACE('',(#2038),#2065,.F.);
#2038 = FACE_BOUND('',#2039,.T.);
#2039 = EDGE_LOOP('',(#2040,#2050,#2057,#2058));
#2040 = ORIENTED_EDGE('',*,*,#2041,.T.);
#2041 = EDGE_CURVE('',#2042,#2044,#2046,.T.);
#2042 = VERTEX_POINT('',#2043);
#2043 = CARTESIAN_POINT('',(-15.756,-26.811,-0.41148));
#2044 = VERTEX_POINT('',#2045);
#2045 = CARTESIAN_POINT('',(-15.756,-26.811,0.E+000));
#2046 = LINE('',#2047,#2048);
#2047 = CARTESIAN_POINT('',(-15.756,-26.811,-0.41148));
#2048 = VECTOR('',#2049,1.);
#2049 = DIRECTION('',(0.E+000,0.E+000,1.));
#2050 = ORIENTED_EDGE('',*,*,#2051,.T.);
#2051 = EDGE_CURVE('',#2044,#2044,#2052,.T.);
#2052 = CIRCLE('',#2053,0.5);
#2053 = AXIS2_PLACEMENT_3D('',#2054,#2055,#2056);
#2054 = CARTESIAN_POINT('',(-16.256,-26.811,0.E+000));
#2055 = DIRECTION('',(0.E+000,0.E+000,1.));
#2056 = DIRECTION('',(1.,0.E+000,-0.E+000));
#2057 = ORIENTED_EDGE('',*,*,#2041,.F.);
#2058 = ORIENTED_EDGE('',*,*,#2059,.F.);
#2059 = EDGE_CURVE('',#2042,#2042,#2060,.T.);
#2060 = CIRCLE('',#2061,0.5);
#2061 = AXIS2_PLACEMENT_3D('',#2062,#2063,#2064);
#2062 = CARTESIAN_POINT('',(-16.256,-26.811,-0.41148));
#2063 = DIRECTION('',(0.E+000,0.E+000,1.));
#2064 = DIRECTION('',(1.,0.E+000,-0.E+000));
#2065 = CYLINDRICAL_SURFACE('',#2066,0.5);
#2066 = AXIS2_PLACEMENT_3D('',#2067,#2068,#2069);
#2067 = CARTESIAN_POINT('',(-16.256,-26.811,-0.41148));
#2068 = DIRECTION('',(-0.E+000,-0.E+000,-1.));
#2069 = DIRECTION('',(1.,0.E+000,-0.E+000));
#2070 = ADVANCED_FACE('',(#2071),#2098,.F.);
#2071 = FACE_BOUND('',#2072,.T.);
#2072 = EDGE_LOOP('',(#2073,#2083,#2090,#2091));
#2073 = ORIENTED_EDGE('',*,*,#2074,.T.);
#2074 = EDGE_CURVE('',#2075,#2077,#2079,.T.);
#2075 = VERTEX_POINT('',#2076);
#2076 = CARTESIAN_POINT('',(-15.756,-31.891,-0.41148));
#2077 = VERTEX_POINT('',#2078);
#2078 = CARTESIAN_POINT('',(-15.756,-31.891,0.E+000));
#2079 = LINE('',#2080,#2081);
#2080 = CARTESIAN_POINT('',(-15.756,-31.891,-0.41148));
#2081 = VECTOR('',#2082,1.);
#2082 = DIRECTION('',(0.E+000,0.E+000,1.));
#2083 = ORIENTED_EDGE('',*,*,#2084,.T.);
#2084 = EDGE_CURVE('',#2077,#2077,#2085,.T.);
#2085 = CIRCLE('',#2086,0.5);
#2086 = AXIS2_PLACEMENT_3D('',#2087,#2088,#2089);
#2087 = CARTESIAN_POINT('',(-16.256,-31.891,0.E+000));
#2088 = DIRECTION('',(0.E+000,0.E+000,1.));
#2089 = DIRECTION('',(1.,0.E+000,-0.E+000));
#2090 = ORIENTED_EDGE('',*,*,#2074,.F.);
#2091 = ORIENTED_EDGE('',*,*,#2092,.F.);
#2092 = EDGE_CURVE('',#2075,#2075,#2093,.T.);
#2093 = CIRCLE('',#2094,0.5);
#2094 = AXIS2_PLACEMENT_3D('',#2095,#2096,#2097);
#2095 = CARTESIAN_POINT('',(-16.256,-31.891,-0.41148));
#2096 = DIRECTION('',(0.E+000,0.E+000,1.));
#2097 = DIRECTION('',(1.,0.E+000,-0.E+000));
#2098 = CYLINDRICAL_SURFACE('',#2099,0.5);
#2099 = AXIS2_PLACEMENT_3D('',#2100,#2101,#2102);
#2100 = CARTESIAN_POINT('',(-16.256,-31.891,-0.41148));
#2101 = DIRECTION('',(-0.E+000,-0.E+000,-1.));
#2102 = DIRECTION('',(1.,0.E+000,-0.E+000));
#2103 = ADVANCED_FACE('',(#2104),#2131,.F.);
#2104 = FACE_BOUND('',#2105,.T.);
#2105 = EDGE_LOOP('',(#2106,#2116,#2123,#2124));
#2106 = ORIENTED_EDGE('',*,*,#2107,.T.);
#2107 = EDGE_CURVE('',#2108,#2110,#2112,.T.);
#2108 = VERTEX_POINT('',#2109);
#2109 = CARTESIAN_POINT('',(-15.756,-29.351,-0.41148));
#2110 = VERTEX_POINT('',#2111);
#2111 = CARTESIAN_POINT('',(-15.756,-29.351,0.E+000));
#2112 = LINE('',#2113,#2114);
#2113 = CARTESIAN_POINT('',(-15.756,-29.351,-0.41148));
#2114 = VECTOR('',#2115,1.);
#2115 = DIRECTION('',(0.E+000,0.E+000,1.));
#2116 = ORIENTED_EDGE('',*,*,#2117,.T.);
#2117 = EDGE_CURVE('',#2110,#2110,#2118,.T.);
#2118 = CIRCLE('',#2119,0.5);
#2119 = AXIS2_PLACEMENT_3D('',#2120,#2121,#2122);
#2120 = CARTESIAN_POINT('',(-16.256,-29.351,0.E+000));
#2121 = DIRECTION('',(0.E+000,0.E+000,1.));
#2122 = DIRECTION('',(1.,0.E+000,-0.E+000));
#2123 = ORIENTED_EDGE('',*,*,#2107,.F.);
#2124 = ORIENTED_EDGE('',*,*,#2125,.F.);
#2125 = EDGE_CURVE('',#2108,#2108,#2126,.T.);
#2126 = CIRCLE('',#2127,0.5);
#2127 = AXIS2_PLACEMENT_3D('',#2128,#2129,#2130);
#2128 = CARTESIAN_POINT('',(-16.256,-29.351,-0.41148));
#2129 = DIRECTION('',(0.E+000,0.E+000,1.));
#2130 = DIRECTION('',(1.,0.E+000,-0.E+000));
#2131 = CYLINDRICAL_SURFACE('',#2132,0.5);
#2132 = AXIS2_PLACEMENT_3D('',#2133,#2134,#2135);
#2133 = CARTESIAN_POINT('',(-16.256,-29.351,-0.41148));
#2134 = DIRECTION('',(-0.E+000,-0.E+000,-1.));
#2135 = DIRECTION('',(1.,0.E+000,-0.E+000));
#2136 = ADVANCED_FACE('',(#2137),#2164,.F.);
#2137 = FACE_BOUND('',#2138,.T.);
#2138 = EDGE_LOOP('',(#2139,#2149,#2156,#2157));
#2139 = ORIENTED_EDGE('',*,*,#2140,.T.);
#2140 = EDGE_CURVE('',#2141,#2143,#2145,.T.);
#2141 = VERTEX_POINT('',#2142);
#2142 = CARTESIAN_POINT('',(-13.353,-48.476,-0.41148));
#2143 = VERTEX_POINT('',#2144);
#2144 = CARTESIAN_POINT('',(-13.353,-48.476,0.E+000));
#2145 = LINE('',#2146,#2147);
#2146 = CARTESIAN_POINT('',(-13.353,-48.476,-0.41148));
#2147 = VECTOR('',#2148,1.);
#2148 = DIRECTION('',(0.E+000,0.E+000,1.));
#2149 = ORIENTED_EDGE('',*,*,#2150,.T.);
#2150 = EDGE_CURVE('',#2143,#2143,#2151,.T.);
#2151 = CIRCLE('',#2152,0.25);
#2152 = AXIS2_PLACEMENT_3D('',#2153,#2154,#2155);
#2153 = CARTESIAN_POINT('',(-13.603,-48.476,0.E+000));
#2154 = DIRECTION('',(0.E+000,0.E+000,1.));
#2155 = DIRECTION('',(1.,0.E+000,-0.E+000));
#2156 = ORIENTED_EDGE('',*,*,#2140,.F.);
#2157 = ORIENTED_EDGE('',*,*,#2158,.F.);
#2158 = EDGE_CURVE('',#2141,#2141,#2159,.T.);
#2159 = CIRCLE('',#2160,0.25);
#2160 = AXIS2_PLACEMENT_3D('',#2161,#2162,#2163);
#2161 = CARTESIAN_POINT('',(-13.603,-48.476,-0.41148));
#2162 = DIRECTION('',(0.E+000,0.E+000,1.));
#2163 = DIRECTION('',(1.,0.E+000,-0.E+000));
#2164 = CYLINDRICAL_SURFACE('',#2165,0.25);
#2165 = AXIS2_PLACEMENT_3D('',#2166,#2167,#2168);
#2166 = CARTESIAN_POINT('',(-13.603,-48.476,-0.41148));
#2167 = DIRECTION('',(-0.E+000,-0.E+000,-1.));
#2168 = DIRECTION('',(1.,0.E+000,-0.E+000));
#2169 = ADVANCED_FACE('',(#2170),#2197,.F.);
#2170 = FACE_BOUND('',#2171,.T.);
#2171 = EDGE_LOOP('',(#2172,#2182,#2189,#2190));
#2172 = ORIENTED_EDGE('',*,*,#2173,.T.);
#2173 = EDGE_CURVE('',#2174,#2176,#2178,.T.);
#2174 = VERTEX_POINT('',#2175);
#2175 = CARTESIAN_POINT('',(-12.622,-49.941,-0.41148));
#2176 = VERTEX_POINT('',#2177);
#2177 = CARTESIAN_POINT('',(-12.622,-49.941,0.E+000));
#2178 = LINE('',#2179,#2180);
#2179 = CARTESIAN_POINT('',(-12.622,-49.941,-0.41148));
#2180 = VECTOR('',#2181,1.);
#2181 = DIRECTION('',(0.E+000,0.E+000,1.));
#2182 = ORIENTED_EDGE('',*,*,#2183,.T.);
#2183 = EDGE_CURVE('',#2176,#2176,#2184,.T.);
#2184 = CIRCLE('',#2185,0.25);
#2185 = AXIS2_PLACEMENT_3D('',#2186,#2187,#2188);
#2186 = CARTESIAN_POINT('',(-12.872,-49.941,0.E+000));
#2187 = DIRECTION('',(0.E+000,0.E+000,1.));
#2188 = DIRECTION('',(1.,0.E+000,-0.E+000));
#2189 = ORIENTED_EDGE('',*,*,#2173,.F.);
#2190 = ORIENTED_EDGE('',*,*,#2191,.F.);
#2191 = EDGE_CURVE('',#2174,#2174,#2192,.T.);
#2192 = CIRCLE('',#2193,0.25);
#2193 = AXIS2_PLACEMENT_3D('',#2194,#2195,#2196);
#2194 = CARTESIAN_POINT('',(-12.872,-49.941,-0.41148));
#2195 = DIRECTION('',(0.E+000,0.E+000,1.));
#2196 = DIRECTION('',(1.,0.E+000,-0.E+000));
#2197 = CYLINDRICAL_SURFACE('',#2198,0.25);
#2198 = AXIS2_PLACEMENT_3D('',#2199,#2200,#2201);
#2199 = CARTESIAN_POINT('',(-12.872,-49.941,-0.41148));
#2200 = DIRECTION('',(-0.E+000,-0.E+000,-1.));
#2201 = DIRECTION('',(1.,0.E+000,-0.E+000));
#2202 = ADVANCED_FACE('',(#2203),#2230,.F.);
#2203 = FACE_BOUND('',#2204,.T.);
#2204 = EDGE_LOOP('',(#2205,#2215,#2222,#2223));
#2205 = ORIENTED_EDGE('',*,*,#2206,.T.);
#2206 = EDGE_CURVE('',#2207,#2209,#2211,.T.);
#2207 = VERTEX_POINT('',#2208);
#2208 = CARTESIAN_POINT('',(1.566,-49.213,-0.41148));
#2209 = VERTEX_POINT('',#2210);
#2210 = CARTESIAN_POINT('',(1.566,-49.213,0.E+000));
#2211 = LINE('',#2212,#2213);
#2212 = CARTESIAN_POINT('',(1.566,-49.213,-0.41148));
#2213 = VECTOR('',#2214,1.);
#2214 = DIRECTION('',(0.E+000,0.E+000,1.));
#2215 = ORIENTED_EDGE('',*,*,#2216,.T.);
#2216 = EDGE_CURVE('',#2209,#2209,#2217,.T.);
#2217 = CIRCLE('',#2218,0.55);
#2218 = AXIS2_PLACEMENT_3D('',#2219,#2220,#2221);
#2219 = CARTESIAN_POINT('',(1.016,-49.213,0.E+000));
#2220 = DIRECTION('',(0.E+000,0.E+000,1.));
#2221 = DIRECTION('',(1.,0.E+000,-0.E+000));
#2222 = ORIENTED_EDGE('',*,*,#2206,.F.);
#2223 = ORIENTED_EDGE('',*,*,#2224,.F.);
#2224 = EDGE_CURVE('',#2207,#2207,#2225,.T.);
#2225 = CIRCLE('',#2226,0.55);
#2226 = AXIS2_PLACEMENT_3D('',#2227,#2228,#2229);
#2227 = CARTESIAN_POINT('',(1.016,-49.213,-0.41148));
#2228 = DIRECTION('',(0.E+000,0.E+000,1.));
#2229 = DIRECTION('',(1.,0.E+000,-0.E+000));
#2230 = CYLINDRICAL_SURFACE('',#2231,0.55);
#2231 = AXIS2_PLACEMENT_3D('',#2232,#2233,#2234);
#2232 = CARTESIAN_POINT('',(1.016,-49.213,-0.41148));
#2233 = DIRECTION('',(-0.E+000,-0.E+000,-1.));
#2234 = DIRECTION('',(1.,0.E+000,-0.E+000));
#2235 = ADVANCED_FACE('',(#2236),#2263,.F.);
#2236 = FACE_BOUND('',#2237,.T.);
#2237 = EDGE_LOOP('',(#2238,#2248,#2255,#2256));
#2238 = ORIENTED_EDGE('',*,*,#2239,.T.);
#2239 = EDGE_CURVE('',#2240,#2242,#2244,.T.);
#2240 = VERTEX_POINT('',#2241);
#2241 = CARTESIAN_POINT('',(1.566,-41.713,-0.41148));
#2242 = VERTEX_POINT('',#2243);
#2243 = CARTESIAN_POINT('',(1.566,-41.713,0.E+000));
#2244 = LINE('',#2245,#2246);
#2245 = CARTESIAN_POINT('',(1.566,-41.713,-0.41148));
#2246 = VECTOR('',#2247,1.);
#2247 = DIRECTION('',(0.E+000,0.E+000,1.));
#2248 = ORIENTED_EDGE('',*,*,#2249,.T.);
#2249 = EDGE_CURVE('',#2242,#2242,#2250,.T.);
#2250 = CIRCLE('',#2251,0.55);
#2251 = AXIS2_PLACEMENT_3D('',#2252,#2253,#2254);
#2252 = CARTESIAN_POINT('',(1.016,-41.713,0.E+000));
#2253 = DIRECTION('',(0.E+000,0.E+000,1.));
#2254 = DIRECTION('',(1.,0.E+000,-0.E+000));
#2255 = ORIENTED_EDGE('',*,*,#2239,.F.);
#2256 = ORIENTED_EDGE('',*,*,#2257,.F.);
#2257 = EDGE_CURVE('',#2240,#2240,#2258,.T.);
#2258 = CIRCLE('',#2259,0.55);
#2259 = AXIS2_PLACEMENT_3D('',#2260,#2261,#2262);
#2260 = CARTESIAN_POINT('',(1.016,-41.713,-0.41148));
#2261 = DIRECTION('',(0.E+000,0.E+000,1.));
#2262 = DIRECTION('',(1.,0.E+000,-0.E+000));
#2263 = CYLINDRICAL_SURFACE('',#2264,0.55);
#2264 = AXIS2_PLACEMENT_3D('',#2265,#2266,#2267);
#2265 = CARTESIAN_POINT('',(1.016,-41.713,-0.41148));
#2266 = DIRECTION('',(-0.E+000,-0.E+000,-1.));
#2267 = DIRECTION('',(1.,0.E+000,-0.E+000));
#2268 = ADVANCED_FACE('',(#2269),#2296,.F.);
#2269 = FACE_BOUND('',#2270,.T.);
#2270 = EDGE_LOOP('',(#2271,#2281,#2288,#2289));
#2271 = ORIENTED_EDGE('',*,*,#2272,.T.);
#2272 = EDGE_CURVE('',#2273,#2275,#2277,.T.);
#2273 = VERTEX_POINT('',#2274);
#2274 = CARTESIAN_POINT('',(1.566,-46.713,-0.41148));
#2275 = VERTEX_POINT('',#2276);
#2276 = CARTESIAN_POINT('',(1.566,-46.713,0.E+000));
#2277 = LINE('',#2278,#2279);
#2278 = CARTESIAN_POINT('',(1.566,-46.713,-0.41148));
#2279 = VECTOR('',#2280,1.);
#2280 = DIRECTION('',(0.E+000,0.E+000,1.));
#2281 = ORIENTED_EDGE('',*,*,#2282,.T.);
#2282 = EDGE_CURVE('',#2275,#2275,#2283,.T.);
#2283 = CIRCLE('',#2284,0.55);
#2284 = AXIS2_PLACEMENT_3D('',#2285,#2286,#2287);
#2285 = CARTESIAN_POINT('',(1.016,-46.713,0.E+000));
#2286 = DIRECTION('',(0.E+000,0.E+000,1.));
#2287 = DIRECTION('',(1.,0.E+000,-0.E+000));
#2288 = ORIENTED_EDGE('',*,*,#2272,.F.);
#2289 = ORIENTED_EDGE('',*,*,#2290,.F.);
#2290 = EDGE_CURVE('',#2273,#2273,#2291,.T.);
#2291 = CIRCLE('',#2292,0.55);
#2292 = AXIS2_PLACEMENT_3D('',#2293,#2294,#2295);
#2293 = CARTESIAN_POINT('',(1.016,-46.713,-0.41148));
#2294 = DIRECTION('',(0.E+000,0.E+000,1.));
#2295 = DIRECTION('',(1.,0.E+000,-0.E+000));
#2296 = CYLINDRICAL_SURFACE('',#2297,0.55);
#2297 = AXIS2_PLACEMENT_3D('',#2298,#2299,#2300);
#2298 = CARTESIAN_POINT('',(1.016,-46.713,-0.41148));
#2299 = DIRECTION('',(-0.E+000,-0.E+000,-1.));
#2300 = DIRECTION('',(1.,0.E+000,-0.E+000));
#2301 = ADVANCED_FACE('',(#2302),#2329,.F.);
#2302 = FACE_BOUND('',#2303,.T.);
#2303 = EDGE_LOOP('',(#2304,#2314,#2321,#2322));
#2304 = ORIENTED_EDGE('',*,*,#2305,.T.);
#2305 = EDGE_CURVE('',#2306,#2308,#2310,.T.);
#2306 = VERTEX_POINT('',#2307);
#2307 = CARTESIAN_POINT('',(1.566,-44.213,-0.41148));
#2308 = VERTEX_POINT('',#2309);
#2309 = CARTESIAN_POINT('',(1.566,-44.213,0.E+000));
#2310 = LINE('',#2311,#2312);
#2311 = CARTESIAN_POINT('',(1.566,-44.213,-0.41148));
#2312 = VECTOR('',#2313,1.);
#2313 = DIRECTION('',(0.E+000,0.E+000,1.));
#2314 = ORIENTED_EDGE('',*,*,#2315,.T.);
#2315 = EDGE_CURVE('',#2308,#2308,#2316,.T.);
#2316 = CIRCLE('',#2317,0.55);
#2317 = AXIS2_PLACEMENT_3D('',#2318,#2319,#2320);
#2318 = CARTESIAN_POINT('',(1.016,-44.213,0.E+000));
#2319 = DIRECTION('',(0.E+000,0.E+000,1.));
#2320 = DIRECTION('',(1.,0.E+000,-0.E+000));
#2321 = ORIENTED_EDGE('',*,*,#2305,.F.);
#2322 = ORIENTED_EDGE('',*,*,#2323,.F.);
#2323 = EDGE_CURVE('',#2306,#2306,#2324,.T.);
#2324 = CIRCLE('',#2325,0.55);
#2325 = AXIS2_PLACEMENT_3D('',#2326,#2327,#2328);
#2326 = CARTESIAN_POINT('',(1.016,-44.213,-0.41148));
#2327 = DIRECTION('',(0.E+000,0.E+000,1.));
#2328 = DIRECTION('',(1.,0.E+000,-0.E+000));
#2329 = CYLINDRICAL_SURFACE('',#2330,0.55);
#2330 = AXIS2_PLACEMENT_3D('',#2331,#2332,#2333);
#2331 = CARTESIAN_POINT('',(1.016,-44.213,-0.41148));
#2332 = DIRECTION('',(-0.E+000,-0.E+000,-1.));
#2333 = DIRECTION('',(1.,0.E+000,-0.E+000));
#2334 = ADVANCED_FACE('',(#2335),#2362,.F.);
#2335 = FACE_BOUND('',#2336,.T.);
#2336 = EDGE_LOOP('',(#2337,#2347,#2354,#2355));
#2337 = ORIENTED_EDGE('',*,*,#2338,.T.);
#2338 = EDGE_CURVE('',#2339,#2341,#2343,.T.);
#2339 = VERTEX_POINT('',#2340);
#2340 = CARTESIAN_POINT('',(-61.73,-1.778,-0.41148));
#2341 = VERTEX_POINT('',#2342);
#2342 = CARTESIAN_POINT('',(-61.73,-1.778,0.E+000));
#2343 = LINE('',#2344,#2345);
#2344 = CARTESIAN_POINT('',(-61.73,-1.778,-0.41148));
#2345 = VECTOR('',#2346,1.);
#2346 = DIRECTION('',(0.E+000,0.E+000,1.));
#2347 = ORIENTED_EDGE('',*,*,#2348,.T.);
#2348 = EDGE_CURVE('',#2341,#2341,#2349,.T.);
#2349 = CIRCLE('',#2350,0.5);
#2350 = AXIS2_PLACEMENT_3D('',#2351,#2352,#2353);
#2351 = CARTESIAN_POINT('',(-62.23,-1.778,0.E+000));
#2352 = DIRECTION('',(0.E+000,0.E+000,1.));
#2353 = DIRECTION('',(1.,0.E+000,-0.E+000));
#2354 = ORIENTED_EDGE('',*,*,#2338,.F.);
#2355 = ORIENTED_EDGE('',*,*,#2356,.F.);
#2356 = EDGE_CURVE('',#2339,#2339,#2357,.T.);
#2357 = CIRCLE('',#2358,0.5);
#2358 = AXIS2_PLACEMENT_3D('',#2359,#2360,#2361);
#2359 = CARTESIAN_POINT('',(-62.23,-1.778,-0.41148));
#2360 = DIRECTION('',(0.E+000,0.E+000,1.));
#2361 = DIRECTION('',(1.,0.E+000,-0.E+000));
#2362 = CYLINDRICAL_SURFACE('',#2363,0.5);
#2363 = AXIS2_PLACEMENT_3D('',#2364,#2365,#2366);
#2364 = CARTESIAN_POINT('',(-62.23,-1.778,-0.41148));
#2365 = DIRECTION('',(-0.E+000,-0.E+000,-1.));
#2366 = DIRECTION('',(1.,0.E+000,-0.E+000));
#2367 = ADVANCED_FACE('',(#2368),#2395,.F.);
#2368 = FACE_BOUND('',#2369,.T.);
#2369 = EDGE_LOOP('',(#2370,#2380,#2387,#2388));
#2370 = ORIENTED_EDGE('',*,*,#2371,.T.);
#2371 = EDGE_CURVE('',#2372,#2374,#2376,.T.);
#2372 = VERTEX_POINT('',#2373);
#2373 = CARTESIAN_POINT('',(-51.401,-16.397,-0.41148));
#2374 = VERTEX_POINT('',#2375);
#2375 = CARTESIAN_POINT('',(-51.401,-16.397,0.E+000));
#2376 = LINE('',#2377,#2378);
#2377 = CARTESIAN_POINT('',(-51.401,-16.397,-0.41148));
#2378 = VECTOR('',#2379,1.);
#2379 = DIRECTION('',(0.E+000,0.E+000,1.));
#2380 = ORIENTED_EDGE('',*,*,#2381,.T.);
#2381 = EDGE_CURVE('',#2374,#2374,#2382,.T.);
#2382 = CIRCLE('',#2383,0.25);
#2383 = AXIS2_PLACEMENT_3D('',#2384,#2385,#2386);
#2384 = CARTESIAN_POINT('',(-51.651,-16.397,0.E+000));
#2385 = DIRECTION('',(0.E+000,0.E+000,1.));
#2386 = DIRECTION('',(1.,0.E+000,-0.E+000));
#2387 = ORIENTED_EDGE('',*,*,#2371,.F.);
#2388 = ORIENTED_EDGE('',*,*,#2389,.F.);
#2389 = EDGE_CURVE('',#2372,#2372,#2390,.T.);
#2390 = CIRCLE('',#2391,0.25);
#2391 = AXIS2_PLACEMENT_3D('',#2392,#2393,#2394);
#2392 = CARTESIAN_POINT('',(-51.651,-16.397,-0.41148));
#2393 = DIRECTION('',(0.E+000,0.E+000,1.));
#2394 = DIRECTION('',(1.,0.E+000,-0.E+000));
#2395 = CYLINDRICAL_SURFACE('',#2396,0.25);
#2396 = AXIS2_PLACEMENT_3D('',#2397,#2398,#2399);
#2397 = CARTESIAN_POINT('',(-51.651,-16.397,-0.41148));
#2398 = DIRECTION('',(-0.E+000,-0.E+000,-1.));
#2399 = DIRECTION('',(1.,0.E+000,-0.E+000));
#2400 = ADVANCED_FACE('',(#2401),#2428,.F.);
#2401 = FACE_BOUND('',#2402,.T.);
#2402 = EDGE_LOOP('',(#2403,#2413,#2420,#2421));
#2403 = ORIENTED_EDGE('',*,*,#2404,.T.);
#2404 = EDGE_CURVE('',#2405,#2407,#2409,.T.);
#2405 = VERTEX_POINT('',#2406);
#2406 = CARTESIAN_POINT('',(-51.909,-15.,-0.41148));
#2407 = VERTEX_POINT('',#2408);
#2408 = CARTESIAN_POINT('',(-51.909,-15.,0.E+000));
#2409 = LINE('',#2410,#2411);
#2410 = CARTESIAN_POINT('',(-51.909,-15.,-0.41148));
#2411 = VECTOR('',#2412,1.);
#2412 = DIRECTION('',(0.E+000,0.E+000,1.));
#2413 = ORIENTED_EDGE('',*,*,#2414,.T.);
#2414 = EDGE_CURVE('',#2407,#2407,#2415,.T.);
#2415 = CIRCLE('',#2416,0.25);
#2416 = AXIS2_PLACEMENT_3D('',#2417,#2418,#2419);
#2417 = CARTESIAN_POINT('',(-52.159,-15.,0.E+000));
#2418 = DIRECTION('',(0.E+000,0.E+000,1.));
#2419 = DIRECTION('',(1.,0.E+000,-0.E+000));
#2420 = ORIENTED_EDGE('',*,*,#2404,.F.);
#2421 = ORIENTED_EDGE('',*,*,#2422,.F.);
#2422 = EDGE_CURVE('',#2405,#2405,#2423,.T.);
#2423 = CIRCLE('',#2424,0.25);
#2424 = AXIS2_PLACEMENT_3D('',#2425,#2426,#2427);
#2425 = CARTESIAN_POINT('',(-52.159,-15.,-0.41148));
#2426 = DIRECTION('',(0.E+000,0.E+000,1.));
#2427 = DIRECTION('',(1.,0.E+000,-0.E+000));
#2428 = CYLINDRICAL_SURFACE('',#2429,0.25);
#2429 = AXIS2_PLACEMENT_3D('',#2430,#2431,#2432);
#2430 = CARTESIAN_POINT('',(-52.159,-15.,-0.41148));
#2431 = DIRECTION('',(-0.E+000,-0.E+000,-1.));
#2432 = DIRECTION('',(1.,0.E+000,-0.E+000));
#2433 = ADVANCED_FACE('',(#2434),#2461,.F.);
#2434 = FACE_BOUND('',#2435,.T.);
#2435 = EDGE_LOOP('',(#2436,#2446,#2453,#2454));
#2436 = ORIENTED_EDGE('',*,*,#2437,.T.);
#2437 = EDGE_CURVE('',#2438,#2440,#2442,.T.);
#2438 = VERTEX_POINT('',#2439);
#2439 = CARTESIAN_POINT('',(-66.81,-1.778,-0.41148));
#2440 = VERTEX_POINT('',#2441);
#2441 = CARTESIAN_POINT('',(-66.81,-1.778,0.E+000));
#2442 = LINE('',#2443,#2444);
#2443 = CARTESIAN_POINT('',(-66.81,-1.778,-0.41148));
#2444 = VECTOR('',#2445,1.);
#2445 = DIRECTION('',(0.E+000,0.E+000,1.));
#2446 = ORIENTED_EDGE('',*,*,#2447,.T.);
#2447 = EDGE_CURVE('',#2440,#2440,#2448,.T.);
#2448 = CIRCLE('',#2449,0.5);
#2449 = AXIS2_PLACEMENT_3D('',#2450,#2451,#2452);
#2450 = CARTESIAN_POINT('',(-67.31,-1.778,0.E+000));
#2451 = DIRECTION('',(0.E+000,0.E+000,1.));
#2452 = DIRECTION('',(1.,0.E+000,-0.E+000));
#2453 = ORIENTED_EDGE('',*,*,#2437,.F.);
#2454 = ORIENTED_EDGE('',*,*,#2455,.F.);
#2455 = EDGE_CURVE('',#2438,#2438,#2456,.T.);
#2456 = CIRCLE('',#2457,0.5);
#2457 = AXIS2_PLACEMENT_3D('',#2458,#2459,#2460);
#2458 = CARTESIAN_POINT('',(-67.31,-1.778,-0.41148));
#2459 = DIRECTION('',(0.E+000,0.E+000,1.));
#2460 = DIRECTION('',(1.,0.E+000,-0.E+000));
#2461 = CYLINDRICAL_SURFACE('',#2462,0.5);
#2462 = AXIS2_PLACEMENT_3D('',#2463,#2464,#2465);
#2463 = CARTESIAN_POINT('',(-67.31,-1.778,-0.41148));
#2464 = DIRECTION('',(-0.E+000,-0.E+000,-1.));
#2465 = DIRECTION('',(1.,0.E+000,-0.E+000));
#2466 = ADVANCED_FACE('',(#2467),#2494,.F.);
#2467 = FACE_BOUND('',#2468,.T.);
#2468 = EDGE_LOOP('',(#2469,#2479,#2486,#2487));
#2469 = ORIENTED_EDGE('',*,*,#2470,.T.);
#2470 = EDGE_CURVE('',#2471,#2473,#2475,.T.);
#2471 = VERTEX_POINT('',#2472);
#2472 = CARTESIAN_POINT('',(-61.095,8.509,-0.41148));
#2473 = VERTEX_POINT('',#2474);
#2474 = CARTESIAN_POINT('',(-61.095,8.509,0.E+000));
#2475 = LINE('',#2476,#2477);
#2476 = CARTESIAN_POINT('',(-61.095,8.509,-0.41148));
#2477 = VECTOR('',#2478,1.);
#2478 = DIRECTION('',(0.E+000,0.E+000,1.));
#2479 = ORIENTED_EDGE('',*,*,#2480,.T.);
#2480 = EDGE_CURVE('',#2473,#2473,#2481,.T.);
#2481 = CIRCLE('',#2482,0.5);
#2482 = AXIS2_PLACEMENT_3D('',#2483,#2484,#2485);
#2483 = CARTESIAN_POINT('',(-61.595,8.509,0.E+000));
#2484 = DIRECTION('',(0.E+000,0.E+000,1.));
#2485 = DIRECTION('',(1.,0.E+000,-0.E+000));
#2486 = ORIENTED_EDGE('',*,*,#2470,.F.);
#2487 = ORIENTED_EDGE('',*,*,#2488,.F.);
#2488 = EDGE_CURVE('',#2471,#2471,#2489,.T.);
#2489 = CIRCLE('',#2490,0.5);
#2490 = AXIS2_PLACEMENT_3D('',#2491,#2492,#2493);
#2491 = CARTESIAN_POINT('',(-61.595,8.509,-0.41148));
#2492 = DIRECTION('',(0.E+000,0.E+000,1.));
#2493 = DIRECTION('',(1.,0.E+000,-0.E+000));
#2494 = CYLINDRICAL_SURFACE('',#2495,0.5);
#2495 = AXIS2_PLACEMENT_3D('',#2496,#2497,#2498);
#2496 = CARTESIAN_POINT('',(-61.595,8.509,-0.41148));
#2497 = DIRECTION('',(-0.E+000,-0.E+000,-1.));
#2498 = DIRECTION('',(1.,0.E+000,-0.E+000));
#2499 = ADVANCED_FACE('',(#2500),#2527,.F.);
#2500 = FACE_BOUND('',#2501,.T.);
#2501 = EDGE_LOOP('',(#2502,#2512,#2519,#2520));
#2502 = ORIENTED_EDGE('',*,*,#2503,.T.);
#2503 = EDGE_CURVE('',#2504,#2506,#2508,.T.);
#2504 = VERTEX_POINT('',#2505);
#2505 = CARTESIAN_POINT('',(-66.175,8.509,-0.41148));
#2506 = VERTEX_POINT('',#2507);
#2507 = CARTESIAN_POINT('',(-66.175,8.509,0.E+000));
#2508 = LINE('',#2509,#2510);
#2509 = CARTESIAN_POINT('',(-66.175,8.509,-0.41148));
#2510 = VECTOR('',#2511,1.);
#2511 = DIRECTION('',(0.E+000,0.E+000,1.));
#2512 = ORIENTED_EDGE('',*,*,#2513,.T.);
#2513 = EDGE_CURVE('',#2506,#2506,#2514,.T.);
#2514 = CIRCLE('',#2515,0.5);
#2515 = AXIS2_PLACEMENT_3D('',#2516,#2517,#2518);
#2516 = CARTESIAN_POINT('',(-66.675,8.509,0.E+000));
#2517 = DIRECTION('',(0.E+000,0.E+000,1.));
#2518 = DIRECTION('',(1.,0.E+000,-0.E+000));
#2519 = ORIENTED_EDGE('',*,*,#2503,.F.);
#2520 = ORIENTED_EDGE('',*,*,#2521,.F.);
#2521 = EDGE_CURVE('',#2504,#2504,#2522,.T.);
#2522 = CIRCLE('',#2523,0.5);
#2523 = AXIS2_PLACEMENT_3D('',#2524,#2525,#2526);
#2524 = CARTESIAN_POINT('',(-66.675,8.509,-0.41148));
#2525 = DIRECTION('',(0.E+000,0.E+000,1.));
#2526 = DIRECTION('',(1.,0.E+000,-0.E+000));
#2527 = CYLINDRICAL_SURFACE('',#2528,0.5);
#2528 = AXIS2_PLACEMENT_3D('',#2529,#2530,#2531);
#2529 = CARTESIAN_POINT('',(-66.675,8.509,-0.41148));
#2530 = DIRECTION('',(-0.E+000,-0.E+000,-1.));
#2531 = DIRECTION('',(1.,0.E+000,-0.E+000));
#2532 = ADVANCED_FACE('',(#2533),#2560,.F.);
#2533 = FACE_BOUND('',#2534,.T.);
#2534 = EDGE_LOOP('',(#2535,#2545,#2552,#2553));
#2535 = ORIENTED_EDGE('',*,*,#2536,.T.);
#2536 = EDGE_CURVE('',#2537,#2539,#2541,.T.);
#2537 = VERTEX_POINT('',#2538);
#2538 = CARTESIAN_POINT('',(-48.353,-16.524,-0.41148));
#2539 = VERTEX_POINT('',#2540);
#2540 = CARTESIAN_POINT('',(-48.353,-16.524,0.E+000));
#2541 = LINE('',#2542,#2543);
#2542 = CARTESIAN_POINT('',(-48.353,-16.524,-0.41148));
#2543 = VECTOR('',#2544,1.);
#2544 = DIRECTION('',(0.E+000,0.E+000,1.));
#2545 = ORIENTED_EDGE('',*,*,#2546,.T.);
#2546 = EDGE_CURVE('',#2539,#2539,#2547,.T.);
#2547 = CIRCLE('',#2548,0.25);
#2548 = AXIS2_PLACEMENT_3D('',#2549,#2550,#2551);
#2549 = CARTESIAN_POINT('',(-48.603,-16.524,0.E+000));
#2550 = DIRECTION('',(0.E+000,0.E+000,1.));
#2551 = DIRECTION('',(1.,0.E+000,-0.E+000));
#2552 = ORIENTED_EDGE('',*,*,#2536,.F.);
#2553 = ORIENTED_EDGE('',*,*,#2554,.F.);
#2554 = EDGE_CURVE('',#2537,#2537,#2555,.T.);
#2555 = CIRCLE('',#2556,0.25);
#2556 = AXIS2_PLACEMENT_3D('',#2557,#2558,#2559);
#2557 = CARTESIAN_POINT('',(-48.603,-16.524,-0.41148));
#2558 = DIRECTION('',(0.E+000,0.E+000,1.));
#2559 = DIRECTION('',(1.,0.E+000,-0.E+000));
#2560 = CYLINDRICAL_SURFACE('',#2561,0.25);
#2561 = AXIS2_PLACEMENT_3D('',#2562,#2563,#2564);
#2562 = CARTESIAN_POINT('',(-48.603,-16.524,-0.41148));
#2563 = DIRECTION('',(-0.E+000,-0.E+000,-1.));
#2564 = DIRECTION('',(1.,0.E+000,-0.E+000));
#2565 = ADVANCED_FACE('',(#2566),#2593,.F.);
#2566 = FACE_BOUND('',#2567,.T.);
#2567 = EDGE_LOOP('',(#2568,#2578,#2585,#2586));
#2568 = ORIENTED_EDGE('',*,*,#2569,.T.);
#2569 = EDGE_CURVE('',#2570,#2572,#2574,.T.);
#2570 = VERTEX_POINT('',#2571);
#2571 = CARTESIAN_POINT('',(-47.622,-14.941,-0.41148));
#2572 = VERTEX_POINT('',#2573);
#2573 = CARTESIAN_POINT('',(-47.622,-14.941,0.E+000));
#2574 = LINE('',#2575,#2576);
#2575 = CARTESIAN_POINT('',(-47.622,-14.941,-0.41148));
#2576 = VECTOR('',#2577,1.);
#2577 = DIRECTION('',(0.E+000,0.E+000,1.));
#2578 = ORIENTED_EDGE('',*,*,#2579,.T.);
#2579 = EDGE_CURVE('',#2572,#2572,#2580,.T.);
#2580 = CIRCLE('',#2581,0.25);
#2581 = AXIS2_PLACEMENT_3D('',#2582,#2583,#2584);
#2582 = CARTESIAN_POINT('',(-47.872,-14.941,0.E+000));
#2583 = DIRECTION('',(0.E+000,0.E+000,1.));
#2584 = DIRECTION('',(1.,0.E+000,-0.E+000));
#2585 = ORIENTED_EDGE('',*,*,#2569,.F.);
#2586 = ORIENTED_EDGE('',*,*,#2587,.F.);
#2587 = EDGE_CURVE('',#2570,#2570,#2588,.T.);
#2588 = CIRCLE('',#2589,0.25);
#2589 = AXIS2_PLACEMENT_3D('',#2590,#2591,#2592);
#2590 = CARTESIAN_POINT('',(-47.872,-14.941,-0.41148));
#2591 = DIRECTION('',(0.E+000,0.E+000,1.));
#2592 = DIRECTION('',(1.,0.E+000,-0.E+000));
#2593 = CYLINDRICAL_SURFACE('',#2594,0.25);
#2594 = AXIS2_PLACEMENT_3D('',#2595,#2596,#2597);
#2595 = CARTESIAN_POINT('',(-47.872,-14.941,-0.41148));
#2596 = DIRECTION('',(-0.E+000,-0.E+000,-1.));
#2597 = DIRECTION('',(1.,0.E+000,-0.E+000));
#2598 = ADVANCED_FACE('',(#2599),#2626,.F.);
#2599 = FACE_BOUND('',#2600,.T.);
#2600 = EDGE_LOOP('',(#2601,#2611,#2618,#2619));
#2601 = ORIENTED_EDGE('',*,*,#2602,.T.);
#2602 = EDGE_CURVE('',#2603,#2605,#2607,.T.);
#2603 = VERTEX_POINT('',#2604);
#2604 = CARTESIAN_POINT('',(-48.25,-15.,-0.41148));
#2605 = VERTEX_POINT('',#2606);
#2606 = CARTESIAN_POINT('',(-48.25,-15.,0.E+000));
#2607 = LINE('',#2608,#2609);
#2608 = CARTESIAN_POINT('',(-48.25,-15.,-0.41148));
#2609 = VECTOR('',#2610,1.);
#2610 = DIRECTION('',(0.E+000,0.E+000,1.));
#2611 = ORIENTED_EDGE('',*,*,#2612,.T.);
#2612 = EDGE_CURVE('',#2605,#2605,#2613,.T.);
#2613 = CIRCLE('',#2614,1.75);
#2614 = AXIS2_PLACEMENT_3D('',#2615,#2616,#2617);
#2615 = CARTESIAN_POINT('',(-50.,-15.,0.E+000));
#2616 = DIRECTION('',(0.E+000,0.E+000,1.));
#2617 = DIRECTION('',(1.,0.E+000,-0.E+000));
#2618 = ORIENTED_EDGE('',*,*,#2602,.F.);
#2619 = ORIENTED_EDGE('',*,*,#2620,.F.);
#2620 = EDGE_CURVE('',#2603,#2603,#2621,.T.);
#2621 = CIRCLE('',#2622,1.75);
#2622 = AXIS2_PLACEMENT_3D('',#2623,#2624,#2625);
#2623 = CARTESIAN_POINT('',(-50.,-15.,-0.41148));
#2624 = DIRECTION('',(0.E+000,0.E+000,1.));
#2625 = DIRECTION('',(1.,0.E+000,-0.E+000));
#2626 = CYLINDRICAL_SURFACE('',#2627,1.75);
#2627 = AXIS2_PLACEMENT_3D('',#2628,#2629,#2630);
#2628 = CARTESIAN_POINT('',(-50.,-15.,-0.41148));
#2629 = DIRECTION('',(-0.E+000,-0.E+000,-1.));
#2630 = DIRECTION('',(1.,0.E+000,-0.E+000));
#2631 = ADVANCED_FACE('',(#2632),#2659,.F.);
#2632 = FACE_BOUND('',#2633,.T.);
#2633 = EDGE_LOOP('',(#2634,#2644,#2651,#2652));
#2634 = ORIENTED_EDGE('',*,*,#2635,.T.);
#2635 = EDGE_CURVE('',#2636,#2638,#2640,.T.);
#2636 = VERTEX_POINT('',#2637);
#2637 = CARTESIAN_POINT('',(-51.274,-13.603,-0.41148));
#2638 = VERTEX_POINT('',#2639);
#2639 = CARTESIAN_POINT('',(-51.274,-13.603,0.E+000));
#2640 = LINE('',#2641,#2642);
#2641 = CARTESIAN_POINT('',(-51.274,-13.603,-0.41148));
#2642 = VECTOR('',#2643,1.);
#2643 = DIRECTION('',(0.E+000,0.E+000,1.));
#2644 = ORIENTED_EDGE('',*,*,#2645,.T.);
#2645 = EDGE_CURVE('',#2638,#2638,#2646,.T.);
#2646 = CIRCLE('',#2647,0.25);
#2647 = AXIS2_PLACEMENT_3D('',#2648,#2649,#2650);
#2648 = CARTESIAN_POINT('',(-51.524,-13.603,0.E+000));
#2649 = DIRECTION('',(0.E+000,0.E+000,1.));
#2650 = DIRECTION('',(1.,0.E+000,-0.E+000));
#2651 = ORIENTED_EDGE('',*,*,#2635,.F.);
#2652 = ORIENTED_EDGE('',*,*,#2653,.F.);
#2653 = EDGE_CURVE('',#2636,#2636,#2654,.T.);
#2654 = CIRCLE('',#2655,0.25);
#2655 = AXIS2_PLACEMENT_3D('',#2656,#2657,#2658);
#2656 = CARTESIAN_POINT('',(-51.524,-13.603,-0.41148));
#2657 = DIRECTION('',(0.E+000,0.E+000,1.));
#2658 = DIRECTION('',(1.,0.E+000,-0.E+000));
#2659 = CYLINDRICAL_SURFACE('',#2660,0.25);
#2660 = AXIS2_PLACEMENT_3D('',#2661,#2662,#2663);
#2661 = CARTESIAN_POINT('',(-51.524,-13.603,-0.41148));
#2662 = DIRECTION('',(-0.E+000,-0.E+000,-1.));
#2663 = DIRECTION('',(1.,0.E+000,-0.E+000));
#2664 = ADVANCED_FACE('',(#2665),#2692,.F.);
#2665 = FACE_BOUND('',#2666,.T.);
#2666 = EDGE_LOOP('',(#2667,#2677,#2684,#2685));
#2667 = ORIENTED_EDGE('',*,*,#2668,.T.);
#2668 = EDGE_CURVE('',#2669,#2671,#2673,.T.);
#2669 = VERTEX_POINT('',#2670);
#2670 = CARTESIAN_POINT('',(-48.353,-13.476,-0.41148));
#2671 = VERTEX_POINT('',#2672);
#2672 = CARTESIAN_POINT('',(-48.353,-13.476,0.E+000));
#2673 = LINE('',#2674,#2675);
#2674 = CARTESIAN_POINT('',(-48.353,-13.476,-0.41148));
#2675 = VECTOR('',#2676,1.);
#2676 = DIRECTION('',(0.E+000,0.E+000,1.));
#2677 = ORIENTED_EDGE('',*,*,#2678,.T.);
#2678 = EDGE_CURVE('',#2671,#2671,#2679,.T.);
#2679 = CIRCLE('',#2680,0.25);
#2680 = AXIS2_PLACEMENT_3D('',#2681,#2682,#2683);
#2681 = CARTESIAN_POINT('',(-48.603,-13.476,0.E+000));
#2682 = DIRECTION('',(0.E+000,0.E+000,1.));
#2683 = DIRECTION('',(1.,0.E+000,-0.E+000));
#2684 = ORIENTED_EDGE('',*,*,#2668,.F.);
#2685 = ORIENTED_EDGE('',*,*,#2686,.F.);
#2686 = EDGE_CURVE('',#2669,#2669,#2687,.T.);
#2687 = CIRCLE('',#2688,0.25);
#2688 = AXIS2_PLACEMENT_3D('',#2689,#2690,#2691);
#2689 = CARTESIAN_POINT('',(-48.603,-13.476,-0.41148));
#2690 = DIRECTION('',(0.E+000,0.E+000,1.));
#2691 = DIRECTION('',(1.,0.E+000,-0.E+000));
#2692 = CYLINDRICAL_SURFACE('',#2693,0.25);
#2693 = AXIS2_PLACEMENT_3D('',#2694,#2695,#2696);
#2694 = CARTESIAN_POINT('',(-48.603,-13.476,-0.41148));
#2695 = DIRECTION('',(-0.E+000,-0.E+000,-1.));
#2696 = DIRECTION('',(1.,0.E+000,-0.E+000));
#2697 = ADVANCED_FACE('',(#2698),#2725,.F.);
#2698 = FACE_BOUND('',#2699,.T.);
#2699 = EDGE_LOOP('',(#2700,#2710,#2717,#2718));
#2700 = ORIENTED_EDGE('',*,*,#2701,.T.);
#2701 = EDGE_CURVE('',#2702,#2704,#2706,.T.);
#2702 = VERTEX_POINT('',#2703);
#2703 = CARTESIAN_POINT('',(-49.75,-12.841,-0.41148));
#2704 = VERTEX_POINT('',#2705);
#2705 = CARTESIAN_POINT('',(-49.75,-12.841,0.E+000));
#2706 = LINE('',#2707,#2708);
#2707 = CARTESIAN_POINT('',(-49.75,-12.841,-0.41148));
#2708 = VECTOR('',#2709,1.);
#2709 = DIRECTION('',(0.E+000,0.E+000,1.));
#2710 = ORIENTED_EDGE('',*,*,#2711,.T.);
#2711 = EDGE_CURVE('',#2704,#2704,#2712,.T.);
#2712 = CIRCLE('',#2713,0.25);
#2713 = AXIS2_PLACEMENT_3D('',#2714,#2715,#2716);
#2714 = CARTESIAN_POINT('',(-50.,-12.841,0.E+000));
#2715 = DIRECTION('',(0.E+000,0.E+000,1.));
#2716 = DIRECTION('',(1.,0.E+000,-0.E+000));
#2717 = ORIENTED_EDGE('',*,*,#2701,.F.);
#2718 = ORIENTED_EDGE('',*,*,#2719,.F.);
#2719 = EDGE_CURVE('',#2702,#2702,#2720,.T.);
#2720 = CIRCLE('',#2721,0.25);
#2721 = AXIS2_PLACEMENT_3D('',#2722,#2723,#2724);
#2722 = CARTESIAN_POINT('',(-50.,-12.841,-0.41148));
#2723 = DIRECTION('',(0.E+000,0.E+000,1.));
#2724 = DIRECTION('',(1.,0.E+000,-0.E+000));
#2725 = CYLINDRICAL_SURFACE('',#2726,0.25);
#2726 = AXIS2_PLACEMENT_3D('',#2727,#2728,#2729);
#2727 = CARTESIAN_POINT('',(-50.,-12.841,-0.41148));
#2728 = DIRECTION('',(-0.E+000,-0.E+000,-1.));
#2729 = DIRECTION('',(1.,0.E+000,-0.E+000));
#2730 = ADVANCED_FACE('',(#2731),#2758,.F.);
#2731 = FACE_BOUND('',#2732,.T.);
#2732 = EDGE_LOOP('',(#2733,#2743,#2750,#2751));
#2733 = ORIENTED_EDGE('',*,*,#2734,.T.);
#2734 = EDGE_CURVE('',#2735,#2737,#2739,.T.);
#2735 = VERTEX_POINT('',#2736);
#2736 = CARTESIAN_POINT('',(-51.909,15.,-0.41148));
#2737 = VERTEX_POINT('',#2738);
#2738 = CARTESIAN_POINT('',(-51.909,15.,0.E+000));
#2739 = LINE('',#2740,#2741);
#2740 = CARTESIAN_POINT('',(-51.909,15.,-0.41148));
#2741 = VECTOR('',#2742,1.);
#2742 = DIRECTION('',(0.E+000,0.E+000,1.));
#2743 = ORIENTED_EDGE('',*,*,#2744,.T.);
#2744 = EDGE_CURVE('',#2737,#2737,#2745,.T.);
#2745 = CIRCLE('',#2746,0.25);
#2746 = AXIS2_PLACEMENT_3D('',#2747,#2748,#2749);
#2747 = CARTESIAN_POINT('',(-52.159,15.,0.E+000));
#2748 = DIRECTION('',(0.E+000,0.E+000,1.));
#2749 = DIRECTION('',(1.,0.E+000,-0.E+000));
#2750 = ORIENTED_EDGE('',*,*,#2734,.F.);
#2751 = ORIENTED_EDGE('',*,*,#2752,.F.);
#2752 = EDGE_CURVE('',#2735,#2735,#2753,.T.);
#2753 = CIRCLE('',#2754,0.25);
#2754 = AXIS2_PLACEMENT_3D('',#2755,#2756,#2757);
#2755 = CARTESIAN_POINT('',(-52.159,15.,-0.41148));
#2756 = DIRECTION('',(0.E+000,0.E+000,1.));
#2757 = DIRECTION('',(1.,0.E+000,-0.E+000));
#2758 = CYLINDRICAL_SURFACE('',#2759,0.25);
#2759 = AXIS2_PLACEMENT_3D('',#2760,#2761,#2762);
#2760 = CARTESIAN_POINT('',(-52.159,15.,-0.41148));
#2761 = DIRECTION('',(-0.E+000,-0.E+000,-1.));
#2762 = DIRECTION('',(1.,0.E+000,-0.E+000));
#2763 = ADVANCED_FACE('',(#2764),#2798,.F.);
#2764 = FACE_BOUND('',#2765,.F.);
#2765 = EDGE_LOOP('',(#2766,#2776,#2784,#2792));
#2766 = ORIENTED_EDGE('',*,*,#2767,.T.);
#2767 = EDGE_CURVE('',#2768,#2770,#2772,.T.);
#2768 = VERTEX_POINT('',#2769);
#2769 = CARTESIAN_POINT('',(-48.13299942016,-11.30300045013,-0.41148));
#2770 = VERTEX_POINT('',#2771);
#2771 = CARTESIAN_POINT('',(-48.13299942016,-11.30300045013,0.E+000));
#2772 = LINE('',#2773,#2774);
#2773 = CARTESIAN_POINT('',(-48.13299942016,-11.30300045013,-0.41148));
#2774 = VECTOR('',#2775,1.);
#2775 = DIRECTION('',(0.E+000,0.E+000,1.));
#2776 = ORIENTED_EDGE('',*,*,#2777,.T.);
#2777 = EDGE_CURVE('',#2770,#2778,#2780,.T.);
#2778 = VERTEX_POINT('',#2779);
#2779 = CARTESIAN_POINT('',(-59.18199920654,-11.30300045013,0.E+000));
#2780 = LINE('',#2781,#2782);
#2781 = CARTESIAN_POINT('',(-48.13299942016,-11.30300045013,0.E+000));
#2782 = VECTOR('',#2783,1.);
#2783 = DIRECTION('',(-1.,0.E+000,0.E+000));
#2784 = ORIENTED_EDGE('',*,*,#2785,.F.);
#2785 = EDGE_CURVE('',#2786,#2778,#2788,.T.);
#2786 = VERTEX_POINT('',#2787);
#2787 = CARTESIAN_POINT('',(-59.18199920654,-11.30300045013,-0.41148));
#2788 = LINE('',#2789,#2790);
#2789 = CARTESIAN_POINT('',(-59.18199920654,-11.30300045013,-0.41148));
#2790 = VECTOR('',#2791,1.);
#2791 = DIRECTION('',(0.E+000,0.E+000,1.));
#2792 = ORIENTED_EDGE('',*,*,#2793,.F.);
#2793 = EDGE_CURVE('',#2768,#2786,#2794,.T.);
#2794 = LINE('',#2795,#2796);
#2795 = CARTESIAN_POINT('',(-48.13299942016,-11.30300045013,-0.41148));
#2796 = VECTOR('',#2797,1.);
#2797 = DIRECTION('',(-1.,0.E+000,0.E+000));
#2798 = PLANE('',#2799);
#2799 = AXIS2_PLACEMENT_3D('',#2800,#2801,#2802);
#2800 = CARTESIAN_POINT('',(-48.13299942016,-11.30300045013,-0.41148));
#2801 = DIRECTION('',(0.E+000,-1.,0.E+000));
#2802 = DIRECTION('',(-1.,0.E+000,0.E+000));
#2803 = ADVANCED_FACE('',(#2804),#2829,.F.);
#2804 = FACE_BOUND('',#2805,.F.);
#2805 = EDGE_LOOP('',(#2806,#2816,#2822,#2823));
#2806 = ORIENTED_EDGE('',*,*,#2807,.T.);
#2807 = EDGE_CURVE('',#2808,#2810,#2812,.T.);
#2808 = VERTEX_POINT('',#2809);
#2809 = CARTESIAN_POINT('',(-48.13299942016,11.175999641418,-0.41148));
#2810 = VERTEX_POINT('',#2811);
#2811 = CARTESIAN_POINT('',(-48.13299942016,11.175999641418,0.E+000));
#2812 = LINE('',#2813,#2814);
#2813 = CARTESIAN_POINT('',(-48.13299942016,11.175999641418,-0.41148));
#2814 = VECTOR('',#2815,1.);
#2815 = DIRECTION('',(0.E+000,0.E+000,1.));
#2816 = ORIENTED_EDGE('',*,*,#2817,.T.);
#2817 = EDGE_CURVE('',#2810,#2770,#2818,.T.);
#2818 = LINE('',#2819,#2820);
#2819 = CARTESIAN_POINT('',(-48.13299942016,11.175999641418,0.E+000));
#2820 = VECTOR('',#2821,1.);
#2821 = DIRECTION('',(0.E+000,-1.,0.E+000));
#2822 = ORIENTED_EDGE('',*,*,#2767,.F.);
#2823 = ORIENTED_EDGE('',*,*,#2824,.F.);
#2824 = EDGE_CURVE('',#2808,#2768,#2825,.T.);
#2825 = LINE('',#2826,#2827);
#2826 = CARTESIAN_POINT('',(-48.13299942016,11.175999641418,-0.41148));
#2827 = VECTOR('',#2828,1.);
#2828 = DIRECTION('',(0.E+000,-1.,0.E+000));
#2829 = PLANE('',#2830);
#2830 = AXIS2_PLACEMENT_3D('',#2831,#2832,#2833);
#2831 = CARTESIAN_POINT('',(-48.13299942016,11.175999641418,-0.41148));
#2832 = DIRECTION('',(1.,0.E+000,-0.E+000));
#2833 = DIRECTION('',(0.E+000,-1.,0.E+000));
#2834 = ADVANCED_FACE('',(#2835),#2860,.F.);
#2835 = FACE_BOUND('',#2836,.F.);
#2836 = EDGE_LOOP('',(#2837,#2847,#2853,#2854));
#2837 = ORIENTED_EDGE('',*,*,#2838,.T.);
#2838 = EDGE_CURVE('',#2839,#2841,#2843,.T.);
#2839 = VERTEX_POINT('',#2840);
#2840 = CARTESIAN_POINT('',(-59.18199920654,11.175999641418,-0.41148));
#2841 = VERTEX_POINT('',#2842);
#2842 = CARTESIAN_POINT('',(-59.18199920654,11.175999641418,0.E+000));
#2843 = LINE('',#2844,#2845);
#2844 = CARTESIAN_POINT('',(-59.18199920654,11.175999641418,-0.41148));
#2845 = VECTOR('',#2846,1.);
#2846 = DIRECTION('',(0.E+000,0.E+000,1.));
#2847 = ORIENTED_EDGE('',*,*,#2848,.T.);
#2848 = EDGE_CURVE('',#2841,#2810,#2849,.T.);
#2849 = LINE('',#2850,#2851);
#2850 = CARTESIAN_POINT('',(-59.18199920654,11.175999641418,0.E+000));
#2851 = VECTOR('',#2852,1.);
#2852 = DIRECTION('',(1.,0.E+000,0.E+000));
#2853 = ORIENTED_EDGE('',*,*,#2807,.F.);
#2854 = ORIENTED_EDGE('',*,*,#2855,.F.);
#2855 = EDGE_CURVE('',#2839,#2808,#2856,.T.);
#2856 = LINE('',#2857,#2858);
#2857 = CARTESIAN_POINT('',(-59.18199920654,11.175999641418,-0.41148));
#2858 = VECTOR('',#2859,1.);
#2859 = DIRECTION('',(1.,0.E+000,0.E+000));
#2860 = PLANE('',#2861);
#2861 = AXIS2_PLACEMENT_3D('',#2862,#2863,#2864);
#2862 = CARTESIAN_POINT('',(-59.18199920654,11.175999641418,-0.41148));
#2863 = DIRECTION('',(0.E+000,1.,0.E+000));
#2864 = DIRECTION('',(1.,0.E+000,0.E+000));
#2865 = ADVANCED_FACE('',(#2866),#2882,.F.);
#2866 = FACE_BOUND('',#2867,.F.);
#2867 = EDGE_LOOP('',(#2868,#2869,#2875,#2876));
#2868 = ORIENTED_EDGE('',*,*,#2785,.T.);
#2869 = ORIENTED_EDGE('',*,*,#2870,.T.);
#2870 = EDGE_CURVE('',#2778,#2841,#2871,.T.);
#2871 = LINE('',#2872,#2873);
#2872 = CARTESIAN_POINT('',(-59.18199920654,-11.30300045013,0.E+000));
#2873 = VECTOR('',#2874,1.);
#2874 = DIRECTION('',(0.E+000,1.,0.E+000));
#2875 = ORIENTED_EDGE('',*,*,#2838,.F.);
#2876 = ORIENTED_EDGE('',*,*,#2877,.F.);
#2877 = EDGE_CURVE('',#2786,#2839,#2878,.T.);
#2878 = LINE('',#2879,#2880);
#2879 = CARTESIAN_POINT('',(-59.18199920654,-11.30300045013,-0.41148));
#2880 = VECTOR('',#2881,1.);
#2881 = DIRECTION('',(0.E+000,1.,0.E+000));
#2882 = PLANE('',#2883);
#2883 = AXIS2_PLACEMENT_3D('',#2884,#2885,#2886);
#2884 = CARTESIAN_POINT('',(-59.18199920654,-11.30300045013,-0.41148));
#2885 = DIRECTION('',(-1.,0.E+000,0.E+000));
#2886 = DIRECTION('',(0.E+000,1.,0.E+000));
#2887 = ADVANCED_FACE('',(#2888),#2915,.F.);
#2888 = FACE_BOUND('',#2889,.T.);
#2889 = EDGE_LOOP('',(#2890,#2900,#2907,#2908));
#2890 = ORIENTED_EDGE('',*,*,#2891,.T.);
#2891 = EDGE_CURVE('',#2892,#2894,#2896,.T.);
#2892 = VERTEX_POINT('',#2893);
#2893 = CARTESIAN_POINT('',(-51.401,13.603,-0.41148));
#2894 = VERTEX_POINT('',#2895);
#2895 = CARTESIAN_POINT('',(-51.401,13.603,0.E+000));
#2896 = LINE('',#2897,#2898);
#2897 = CARTESIAN_POINT('',(-51.401,13.603,-0.41148));
#2898 = VECTOR('',#2899,1.);
#2899 = DIRECTION('',(0.E+000,0.E+000,1.));
#2900 = ORIENTED_EDGE('',*,*,#2901,.T.);
#2901 = EDGE_CURVE('',#2894,#2894,#2902,.T.);
#2902 = CIRCLE('',#2903,0.25);
#2903 = AXIS2_PLACEMENT_3D('',#2904,#2905,#2906);
#2904 = CARTESIAN_POINT('',(-51.651,13.603,0.E+000));
#2905 = DIRECTION('',(0.E+000,0.E+000,1.));
#2906 = DIRECTION('',(1.,0.E+000,-0.E+000));
#2907 = ORIENTED_EDGE('',*,*,#2891,.F.);
#2908 = ORIENTED_EDGE('',*,*,#2909,.F.);
#2909 = EDGE_CURVE('',#2892,#2892,#2910,.T.);
#2910 = CIRCLE('',#2911,0.25);
#2911 = AXIS2_PLACEMENT_3D('',#2912,#2913,#2914);
#2912 = CARTESIAN_POINT('',(-51.651,13.603,-0.41148));
#2913 = DIRECTION('',(0.E+000,0.E+000,1.));
#2914 = DIRECTION('',(1.,0.E+000,-0.E+000));
#2915 = CYLINDRICAL_SURFACE('',#2916,0.25);
#2916 = AXIS2_PLACEMENT_3D('',#2917,#2918,#2919);
#2917 = CARTESIAN_POINT('',(-51.651,13.603,-0.41148));
#2918 = DIRECTION('',(-0.E+000,-0.E+000,-1.));
#2919 = DIRECTION('',(1.,0.E+000,-0.E+000));
#2920 = ADVANCED_FACE('',(#2921),#2948,.F.);
#2921 = FACE_BOUND('',#2922,.T.);
#2922 = EDGE_LOOP('',(#2923,#2933,#2940,#2941));
#2923 = ORIENTED_EDGE('',*,*,#2924,.T.);
#2924 = EDGE_CURVE('',#2925,#2927,#2929,.T.);
#2925 = VERTEX_POINT('',#2926);
#2926 = CARTESIAN_POINT('',(-64.016,18.669,-0.41148));
#2927 = VERTEX_POINT('',#2928);
#2928 = CARTESIAN_POINT('',(-64.016,18.669,0.E+000));
#2929 = LINE('',#2930,#2931);
#2930 = CARTESIAN_POINT('',(-64.016,18.669,-0.41148));
#2931 = VECTOR('',#2932,1.);
#2932 = DIRECTION('',(0.E+000,0.E+000,1.));
#2933 = ORIENTED_EDGE('',*,*,#2934,.T.);
#2934 = EDGE_CURVE('',#2927,#2927,#2935,.T.);
#2935 = CIRCLE('',#2936,0.5);
#2936 = AXIS2_PLACEMENT_3D('',#2937,#2938,#2939);
#2937 = CARTESIAN_POINT('',(-64.516,18.669,0.E+000));
#2938 = DIRECTION('',(0.E+000,0.E+000,1.));
#2939 = DIRECTION('',(1.,0.E+000,-0.E+000));
#2940 = ORIENTED_EDGE('',*,*,#2924,.F.);
#2941 = ORIENTED_EDGE('',*,*,#2942,.F.);
#2942 = EDGE_CURVE('',#2925,#2925,#2943,.T.);
#2943 = CIRCLE('',#2944,0.5);
#2944 = AXIS2_PLACEMENT_3D('',#2945,#2946,#2947);
#2945 = CARTESIAN_POINT('',(-64.516,18.669,-0.41148));
#2946 = DIRECTION('',(0.E+000,0.E+000,1.));
#2947 = DIRECTION('',(1.,0.E+000,-0.E+000));
#2948 = CYLINDRICAL_SURFACE('',#2949,0.5);
#2949 = AXIS2_PLACEMENT_3D('',#2950,#2951,#2952);
#2950 = CARTESIAN_POINT('',(-64.516,18.669,-0.41148));
#2951 = DIRECTION('',(-0.E+000,-0.E+000,-1.));
#2952 = DIRECTION('',(1.,0.E+000,-0.E+000));
#2953 = ADVANCED_FACE('',(#2954),#2981,.F.);
#2954 = FACE_BOUND('',#2955,.T.);
#2955 = EDGE_LOOP('',(#2956,#2966,#2973,#2974));
#2956 = ORIENTED_EDGE('',*,*,#2957,.T.);
#2957 = EDGE_CURVE('',#2958,#2960,#2962,.T.);
#2958 = VERTEX_POINT('',#2959);
#2959 = CARTESIAN_POINT('',(-51.274,16.397,-0.41148));
#2960 = VERTEX_POINT('',#2961);
#2961 = CARTESIAN_POINT('',(-51.274,16.397,0.E+000));
#2962 = LINE('',#2963,#2964);
#2963 = CARTESIAN_POINT('',(-51.274,16.397,-0.41148));
#2964 = VECTOR('',#2965,1.);
#2965 = DIRECTION('',(0.E+000,0.E+000,1.));
#2966 = ORIENTED_EDGE('',*,*,#2967,.T.);
#2967 = EDGE_CURVE('',#2960,#2960,#2968,.T.);
#2968 = CIRCLE('',#2969,0.25);
#2969 = AXIS2_PLACEMENT_3D('',#2970,#2971,#2972);
#2970 = CARTESIAN_POINT('',(-51.524,16.397,0.E+000));
#2971 = DIRECTION('',(0.E+000,0.E+000,1.));
#2972 = DIRECTION('',(1.,0.E+000,-0.E+000));
#2973 = ORIENTED_EDGE('',*,*,#2957,.F.);
#2974 = ORIENTED_EDGE('',*,*,#2975,.F.);
#2975 = EDGE_CURVE('',#2958,#2958,#2976,.T.);
#2976 = CIRCLE('',#2977,0.25);
#2977 = AXIS2_PLACEMENT_3D('',#2978,#2979,#2980);
#2978 = CARTESIAN_POINT('',(-51.524,16.397,-0.41148));
#2979 = DIRECTION('',(0.E+000,0.E+000,1.));
#2980 = DIRECTION('',(1.,0.E+000,-0.E+000));
#2981 = CYLINDRICAL_SURFACE('',#2982,0.25);
#2982 = AXIS2_PLACEMENT_3D('',#2983,#2984,#2985);
#2983 = CARTESIAN_POINT('',(-51.524,16.397,-0.41148));
#2984 = DIRECTION('',(-0.E+000,-0.E+000,-1.));
#2985 = DIRECTION('',(1.,0.E+000,-0.E+000));
#2986 = ADVANCED_FACE('',(#2987),#3014,.F.);
#2987 = FACE_BOUND('',#2988,.T.);
#2988 = EDGE_LOOP('',(#2989,#2999,#3006,#3007));
#2989 = ORIENTED_EDGE('',*,*,#2990,.T.);
#2990 = EDGE_CURVE('',#2991,#2993,#2995,.T.);
#2991 = VERTEX_POINT('',#2992);
#2992 = CARTESIAN_POINT('',(-58.936,18.669,-0.41148));
#2993 = VERTEX_POINT('',#2994);
#2994 = CARTESIAN_POINT('',(-58.936,18.669,0.E+000));
#2995 = LINE('',#2996,#2997);
#2996 = CARTESIAN_POINT('',(-58.936,18.669,-0.41148));
#2997 = VECTOR('',#2998,1.);
#2998 = DIRECTION('',(0.E+000,0.E+000,1.));
#2999 = ORIENTED_EDGE('',*,*,#3000,.T.);
#3000 = EDGE_CURVE('',#2993,#2993,#3001,.T.);
#3001 = CIRCLE('',#3002,0.5);
#3002 = AXIS2_PLACEMENT_3D('',#3003,#3004,#3005);
#3003 = CARTESIAN_POINT('',(-59.436,18.669,0.E+000));
#3004 = DIRECTION('',(0.E+000,0.E+000,1.));
#3005 = DIRECTION('',(1.,0.E+000,-0.E+000));
#3006 = ORIENTED_EDGE('',*,*,#2990,.F.);
#3007 = ORIENTED_EDGE('',*,*,#3008,.F.);
#3008 = EDGE_CURVE('',#2991,#2991,#3009,.T.);
#3009 = CIRCLE('',#3010,0.5);
#3010 = AXIS2_PLACEMENT_3D('',#3011,#3012,#3013);
#3011 = CARTESIAN_POINT('',(-59.436,18.669,-0.41148));
#3012 = DIRECTION('',(0.E+000,0.E+000,1.));
#3013 = DIRECTION('',(1.,0.E+000,-0.E+000));
#3014 = CYLINDRICAL_SURFACE('',#3015,0.5);
#3015 = AXIS2_PLACEMENT_3D('',#3016,#3017,#3018);
#3016 = CARTESIAN_POINT('',(-59.436,18.669,-0.41148));
#3017 = DIRECTION('',(-0.E+000,-0.E+000,-1.));
#3018 = DIRECTION('',(1.,0.E+000,-0.E+000));
#3019 = ADVANCED_FACE('',(#3020),#3047,.F.);
#3020 = FACE_BOUND('',#3021,.T.);
#3021 = EDGE_LOOP('',(#3022,#3032,#3039,#3040));
#3022 = ORIENTED_EDGE('',*,*,#3023,.T.);
#3023 = EDGE_CURVE('',#3024,#3026,#3028,.T.);
#3024 = VERTEX_POINT('',#3025);
#3025 = CARTESIAN_POINT('',(-49.781,12.89,-0.41148));
#3026 = VERTEX_POINT('',#3027);
#3027 = CARTESIAN_POINT('',(-49.781,12.89,0.E+000));
#3028 = LINE('',#3029,#3030);
#3029 = CARTESIAN_POINT('',(-49.781,12.89,-0.41148));
#3030 = VECTOR('',#3031,1.);
#3031 = DIRECTION('',(0.E+000,0.E+000,1.));
#3032 = ORIENTED_EDGE('',*,*,#3033,.T.);
#3033 = EDGE_CURVE('',#3026,#3026,#3034,.T.);
#3034 = CIRCLE('',#3035,0.25);
#3035 = AXIS2_PLACEMENT_3D('',#3036,#3037,#3038);
#3036 = CARTESIAN_POINT('',(-50.031,12.89,0.E+000));
#3037 = DIRECTION('',(0.E+000,0.E+000,1.));
#3038 = DIRECTION('',(1.,0.E+000,-0.E+000));
#3039 = ORIENTED_EDGE('',*,*,#3023,.F.);
#3040 = ORIENTED_EDGE('',*,*,#3041,.F.);
#3041 = EDGE_CURVE('',#3024,#3024,#3042,.T.);
#3042 = CIRCLE('',#3043,0.25);
#3043 = AXIS2_PLACEMENT_3D('',#3044,#3045,#3046);
#3044 = CARTESIAN_POINT('',(-50.031,12.89,-0.41148));
#3045 = DIRECTION('',(0.E+000,0.E+000,1.));
#3046 = DIRECTION('',(1.,0.E+000,-0.E+000));
#3047 = CYLINDRICAL_SURFACE('',#3048,0.25);
#3048 = AXIS2_PLACEMENT_3D('',#3049,#3050,#3051);
#3049 = CARTESIAN_POINT('',(-50.031,12.89,-0.41148));
#3050 = DIRECTION('',(-0.E+000,-0.E+000,-1.));
#3051 = DIRECTION('',(1.,0.E+000,-0.E+000));
#3052 = ADVANCED_FACE('',(#3053),#3080,.F.);
#3053 = FACE_BOUND('',#3054,.T.);
#3054 = EDGE_LOOP('',(#3055,#3065,#3072,#3073));
#3055 = ORIENTED_EDGE('',*,*,#3056,.T.);
#3056 = EDGE_CURVE('',#3057,#3059,#3061,.T.);
#3057 = VERTEX_POINT('',#3058);
#3058 = CARTESIAN_POINT('',(-48.353,13.476,-0.41148));
#3059 = VERTEX_POINT('',#3060);
#3060 = CARTESIAN_POINT('',(-48.353,13.476,0.E+000));
#3061 = LINE('',#3062,#3063);
#3062 = CARTESIAN_POINT('',(-48.353,13.476,-0.41148));
#3063 = VECTOR('',#3064,1.);
#3064 = DIRECTION('',(0.E+000,0.E+000,1.));
#3065 = ORIENTED_EDGE('',*,*,#3066,.T.);
#3066 = EDGE_CURVE('',#3059,#3059,#3067,.T.);
#3067 = CIRCLE('',#3068,0.25);
#3068 = AXIS2_PLACEMENT_3D('',#3069,#3070,#3071);
#3069 = CARTESIAN_POINT('',(-48.603,13.476,0.E+000));
#3070 = DIRECTION('',(0.E+000,0.E+000,1.));
#3071 = DIRECTION('',(1.,0.E+000,-0.E+000));
#3072 = ORIENTED_EDGE('',*,*,#3056,.F.);
#3073 = ORIENTED_EDGE('',*,*,#3074,.F.);
#3074 = EDGE_CURVE('',#3057,#3057,#3075,.T.);
#3075 = CIRCLE('',#3076,0.25);
#3076 = AXIS2_PLACEMENT_3D('',#3077,#3078,#3079);
#3077 = CARTESIAN_POINT('',(-48.603,13.476,-0.41148));
#3078 = DIRECTION('',(0.E+000,0.E+000,1.));
#3079 = DIRECTION('',(1.,0.E+000,-0.E+000));
#3080 = CYLINDRICAL_SURFACE('',#3081,0.25);
#3081 = AXIS2_PLACEMENT_3D('',#3082,#3083,#3084);
#3082 = CARTESIAN_POINT('',(-48.603,13.476,-0.41148));
#3083 = DIRECTION('',(-0.E+000,-0.E+000,-1.));
#3084 = DIRECTION('',(1.,0.E+000,-0.E+000));
#3085 = ADVANCED_FACE('',(#3086),#3113,.F.);
#3086 = FACE_BOUND('',#3087,.T.);
#3087 = EDGE_LOOP('',(#3088,#3098,#3105,#3106));
#3088 = ORIENTED_EDGE('',*,*,#3089,.T.);
#3089 = EDGE_CURVE('',#3090,#3092,#3094,.T.);
#3090 = VERTEX_POINT('',#3091);
#3091 = CARTESIAN_POINT('',(-48.25,15.,-0.41148));
#3092 = VERTEX_POINT('',#3093);
#3093 = CARTESIAN_POINT('',(-48.25,15.,0.E+000));
#3094 = LINE('',#3095,#3096);
#3095 = CARTESIAN_POINT('',(-48.25,15.,-0.41148));
#3096 = VECTOR('',#3097,1.);
#3097 = DIRECTION('',(0.E+000,0.E+000,1.));
#3098 = ORIENTED_EDGE('',*,*,#3099,.T.);
#3099 = EDGE_CURVE('',#3092,#3092,#3100,.T.);
#3100 = CIRCLE('',#3101,1.75);
#3101 = AXIS2_PLACEMENT_3D('',#3102,#3103,#3104);
#3102 = CARTESIAN_POINT('',(-50.,15.,0.E+000));
#3103 = DIRECTION('',(0.E+000,0.E+000,1.));
#3104 = DIRECTION('',(1.,0.E+000,-0.E+000));
#3105 = ORIENTED_EDGE('',*,*,#3089,.F.);
#3106 = ORIENTED_EDGE('',*,*,#3107,.F.);
#3107 = EDGE_CURVE('',#3090,#3090,#3108,.T.);
#3108 = CIRCLE('',#3109,1.75);
#3109 = AXIS2_PLACEMENT_3D('',#3110,#3111,#3112);
#3110 = CARTESIAN_POINT('',(-50.,15.,-0.41148));
#3111 = DIRECTION('',(0.E+000,0.E+000,1.));
#3112 = DIRECTION('',(1.,0.E+000,-0.E+000));
#3113 = CYLINDRICAL_SURFACE('',#3114,1.75);
#3114 = AXIS2_PLACEMENT_3D('',#3115,#3116,#3117);
#3115 = CARTESIAN_POINT('',(-50.,15.,-0.41148));
#3116 = DIRECTION('',(-0.E+000,-0.E+000,-1.));
#3117 = DIRECTION('',(1.,0.E+000,-0.E+000));
#3118 = ADVANCED_FACE('',(#3119),#3146,.F.);
#3119 = FACE_BOUND('',#3120,.T.);
#3120 = EDGE_LOOP('',(#3121,#3131,#3138,#3139));
#3121 = ORIENTED_EDGE('',*,*,#3122,.T.);
#3122 = EDGE_CURVE('',#3123,#3125,#3127,.T.);
#3123 = VERTEX_POINT('',#3124);
#3124 = CARTESIAN_POINT('',(-49.75,17.159,-0.41148));
#3125 = VERTEX_POINT('',#3126);
#3126 = CARTESIAN_POINT('',(-49.75,17.159,0.E+000));
#3127 = LINE('',#3128,#3129);
#3128 = CARTESIAN_POINT('',(-49.75,17.159,-0.41148));
#3129 = VECTOR('',#3130,1.);
#3130 = DIRECTION('',(0.E+000,0.E+000,1.));
#3131 = ORIENTED_EDGE('',*,*,#3132,.T.);
#3132 = EDGE_CURVE('',#3125,#3125,#3133,.T.);
#3133 = CIRCLE('',#3134,0.25);
#3134 = AXIS2_PLACEMENT_3D('',#3135,#3136,#3137);
#3135 = CARTESIAN_POINT('',(-50.,17.159,0.E+000));
#3136 = DIRECTION('',(0.E+000,0.E+000,1.));
#3137 = DIRECTION('',(1.,0.E+000,-0.E+000));
#3138 = ORIENTED_EDGE('',*,*,#3122,.F.);
#3139 = ORIENTED_EDGE('',*,*,#3140,.F.);
#3140 = EDGE_CURVE('',#3123,#3123,#3141,.T.);
#3141 = CIRCLE('',#3142,0.25);
#3142 = AXIS2_PLACEMENT_3D('',#3143,#3144,#3145);
#3143 = CARTESIAN_POINT('',(-50.,17.159,-0.41148));
#3144 = DIRECTION('',(0.E+000,0.E+000,1.));
#3145 = DIRECTION('',(1.,0.E+000,-0.E+000));
#3146 = CYLINDRICAL_SURFACE('',#3147,0.25);
#3147 = AXIS2_PLACEMENT_3D('',#3148,#3149,#3150);
#3148 = CARTESIAN_POINT('',(-50.,17.159,-0.41148));
#3149 = DIRECTION('',(-0.E+000,-0.E+000,-1.));
#3150 = DIRECTION('',(1.,0.E+000,-0.E+000));
#3151 = ADVANCED_FACE('',(#3152),#3179,.F.);
#3152 = FACE_BOUND('',#3153,.T.);
#3153 = EDGE_LOOP('',(#3154,#3164,#3171,#3172));
#3154 = ORIENTED_EDGE('',*,*,#3155,.T.);
#3155 = EDGE_CURVE('',#3156,#3158,#3160,.T.);
#3156 = VERTEX_POINT('',#3157);
#3157 = CARTESIAN_POINT('',(-47.622,15.059,-0.41148));
#3158 = VERTEX_POINT('',#3159);
#3159 = CARTESIAN_POINT('',(-47.622,15.059,0.E+000));
#3160 = LINE('',#3161,#3162);
#3161 = CARTESIAN_POINT('',(-47.622,15.059,-0.41148));
#3162 = VECTOR('',#3163,1.);
#3163 = DIRECTION('',(0.E+000,0.E+000,1.));
#3164 = ORIENTED_EDGE('',*,*,#3165,.T.);
#3165 = EDGE_CURVE('',#3158,#3158,#3166,.T.);
#3166 = CIRCLE('',#3167,0.25);
#3167 = AXIS2_PLACEMENT_3D('',#3168,#3169,#3170);
#3168 = CARTESIAN_POINT('',(-47.872,15.059,0.E+000));
#3169 = DIRECTION('',(0.E+000,0.E+000,1.));
#3170 = DIRECTION('',(1.,0.E+000,-0.E+000));
#3171 = ORIENTED_EDGE('',*,*,#3155,.F.);
#3172 = ORIENTED_EDGE('',*,*,#3173,.F.);
#3173 = EDGE_CURVE('',#3156,#3156,#3174,.T.);
#3174 = CIRCLE('',#3175,0.25);
#3175 = AXIS2_PLACEMENT_3D('',#3176,#3177,#3178);
#3176 = CARTESIAN_POINT('',(-47.872,15.059,-0.41148));
#3177 = DIRECTION('',(0.E+000,0.E+000,1.));
#3178 = DIRECTION('',(1.,0.E+000,-0.E+000));
#3179 = CYLINDRICAL_SURFACE('',#3180,0.25);
#3180 = AXIS2_PLACEMENT_3D('',#3181,#3182,#3183);
#3181 = CARTESIAN_POINT('',(-47.872,15.059,-0.41148));
#3182 = DIRECTION('',(-0.E+000,-0.E+000,-1.));
#3183 = DIRECTION('',(1.,0.E+000,-0.E+000));
#3184 = ADVANCED_FACE('',(#3185),#3212,.F.);
#3185 = FACE_BOUND('',#3186,.T.);
#3186 = EDGE_LOOP('',(#3187,#3197,#3204,#3205));
#3187 = ORIENTED_EDGE('',*,*,#3188,.T.);
#3188 = EDGE_CURVE('',#3189,#3191,#3193,.T.);
#3189 = VERTEX_POINT('',#3190);
#3190 = CARTESIAN_POINT('',(-48.353,16.524,-0.41148));
#3191 = VERTEX_POINT('',#3192);
#3192 = CARTESIAN_POINT('',(-48.353,16.524,0.E+000));
#3193 = LINE('',#3194,#3195);
#3194 = CARTESIAN_POINT('',(-48.353,16.524,-0.41148));
#3195 = VECTOR('',#3196,1.);
#3196 = DIRECTION('',(0.E+000,0.E+000,1.));
#3197 = ORIENTED_EDGE('',*,*,#3198,.T.);
#3198 = EDGE_CURVE('',#3191,#3191,#3199,.T.);
#3199 = CIRCLE('',#3200,0.25);
#3200 = AXIS2_PLACEMENT_3D('',#3201,#3202,#3203);
#3201 = CARTESIAN_POINT('',(-48.603,16.524,0.E+000));
#3202 = DIRECTION('',(0.E+000,0.E+000,1.));
#3203 = DIRECTION('',(1.,0.E+000,-0.E+000));
#3204 = ORIENTED_EDGE('',*,*,#3188,.F.);
#3205 = ORIENTED_EDGE('',*,*,#3206,.F.);
#3206 = EDGE_CURVE('',#3189,#3189,#3207,.T.);
#3207 = CIRCLE('',#3208,0.25);
#3208 = AXIS2_PLACEMENT_3D('',#3209,#3210,#3211);
#3209 = CARTESIAN_POINT('',(-48.603,16.524,-0.41148));
#3210 = DIRECTION('',(0.E+000,0.E+000,1.));
#3211 = DIRECTION('',(1.,0.E+000,-0.E+000));
#3212 = CYLINDRICAL_SURFACE('',#3213,0.25);
#3213 = AXIS2_PLACEMENT_3D('',#3214,#3215,#3216);
#3214 = CARTESIAN_POINT('',(-48.603,16.524,-0.41148));
#3215 = DIRECTION('',(-0.E+000,-0.E+000,-1.));
#3216 = DIRECTION('',(1.,0.E+000,-0.E+000));
#3217 = ADVANCED_FACE('',(#3218),#3245,.F.);
#3218 = FACE_BOUND('',#3219,.T.);
#3219 = EDGE_LOOP('',(#3220,#3230,#3237,#3238));
#3220 = ORIENTED_EDGE('',*,*,#3221,.T.);
#3221 = EDGE_CURVE('',#3222,#3224,#3226,.T.);
#3222 = VERTEX_POINT('',#3223);
#3223 = CARTESIAN_POINT('',(-42.025,-14.605,-0.41148));
#3224 = VERTEX_POINT('',#3225);
#3225 = CARTESIAN_POINT('',(-42.025,-14.605,0.E+000));
#3226 = LINE('',#3227,#3228);
#3227 = CARTESIAN_POINT('',(-42.025,-14.605,-0.41148));
#3228 = VECTOR('',#3229,1.);
#3229 = DIRECTION('',(0.E+000,0.E+000,1.));
#3230 = ORIENTED_EDGE('',*,*,#3231,.T.);
#3231 = EDGE_CURVE('',#3224,#3224,#3232,.T.);
#3232 = CIRCLE('',#3233,0.55);
#3233 = AXIS2_PLACEMENT_3D('',#3234,#3235,#3236);
#3234 = CARTESIAN_POINT('',(-42.575,-14.605,0.E+000));
#3235 = DIRECTION('',(0.E+000,0.E+000,1.));
#3236 = DIRECTION('',(1.,0.E+000,-0.E+000));
#3237 = ORIENTED_EDGE('',*,*,#3221,.F.);
#3238 = ORIENTED_EDGE('',*,*,#3239,.F.);
#3239 = EDGE_CURVE('',#3222,#3222,#3240,.T.);
#3240 = CIRCLE('',#3241,0.55);
#3241 = AXIS2_PLACEMENT_3D('',#3242,#3243,#3244);
#3242 = CARTESIAN_POINT('',(-42.575,-14.605,-0.41148));
#3243 = DIRECTION('',(0.E+000,0.E+000,1.));
#3244 = DIRECTION('',(1.,0.E+000,-0.E+000));
#3245 = CYLINDRICAL_SURFACE('',#3246,0.55);
#3246 = AXIS2_PLACEMENT_3D('',#3247,#3248,#3249);
#3247 = CARTESIAN_POINT('',(-42.575,-14.605,-0.41148));
#3248 = DIRECTION('',(-0.E+000,-0.E+000,-1.));
#3249 = DIRECTION('',(1.,0.E+000,-0.E+000));
#3250 = ADVANCED_FACE('',(#3251),#3278,.F.);
#3251 = FACE_BOUND('',#3252,.T.);
#3252 = EDGE_LOOP('',(#3253,#3263,#3270,#3271));
#3253 = ORIENTED_EDGE('',*,*,#3254,.T.);
#3254 = EDGE_CURVE('',#3255,#3257,#3259,.T.);
#3255 = VERTEX_POINT('',#3256);
#3256 = CARTESIAN_POINT('',(-37.025,-14.605,-0.41148));
#3257 = VERTEX_POINT('',#3258);
#3258 = CARTESIAN_POINT('',(-37.025,-14.605,0.E+000));
#3259 = LINE('',#3260,#3261);
#3260 = CARTESIAN_POINT('',(-37.025,-14.605,-0.41148));
#3261 = VECTOR('',#3262,1.);
#3262 = DIRECTION('',(0.E+000,0.E+000,1.));
#3263 = ORIENTED_EDGE('',*,*,#3264,.T.);
#3264 = EDGE_CURVE('',#3257,#3257,#3265,.T.);
#3265 = CIRCLE('',#3266,0.55);
#3266 = AXIS2_PLACEMENT_3D('',#3267,#3268,#3269);
#3267 = CARTESIAN_POINT('',(-37.575,-14.605,0.E+000));
#3268 = DIRECTION('',(0.E+000,0.E+000,1.));
#3269 = DIRECTION('',(1.,0.E+000,-0.E+000));
#3270 = ORIENTED_EDGE('',*,*,#3254,.F.);
#3271 = ORIENTED_EDGE('',*,*,#3272,.F.);
#3272 = EDGE_CURVE('',#3255,#3255,#3273,.T.);
#3273 = CIRCLE('',#3274,0.55);
#3274 = AXIS2_PLACEMENT_3D('',#3275,#3276,#3277);
#3275 = CARTESIAN_POINT('',(-37.575,-14.605,-0.41148));
#3276 = DIRECTION('',(0.E+000,0.E+000,1.));
#3277 = DIRECTION('',(1.,0.E+000,-0.E+000));
#3278 = CYLINDRICAL_SURFACE('',#3279,0.55);
#3279 = AXIS2_PLACEMENT_3D('',#3280,#3281,#3282);
#3280 = CARTESIAN_POINT('',(-37.575,-14.605,-0.41148));
#3281 = DIRECTION('',(-0.E+000,-0.E+000,-1.));
#3282 = DIRECTION('',(1.,0.E+000,-0.E+000));
#3283 = ADVANCED_FACE('',(#3284),#3311,.F.);
#3284 = FACE_BOUND('',#3285,.T.);
#3285 = EDGE_LOOP('',(#3286,#3296,#3303,#3304));
#3286 = ORIENTED_EDGE('',*,*,#3287,.T.);
#3287 = EDGE_CURVE('',#3288,#3290,#3292,.T.);
#3288 = VERTEX_POINT('',#3289);
#3289 = CARTESIAN_POINT('',(-39.525,-14.605,-0.41148));
#3290 = VERTEX_POINT('',#3291);
#3291 = CARTESIAN_POINT('',(-39.525,-14.605,0.E+000));
#3292 = LINE('',#3293,#3294);
#3293 = CARTESIAN_POINT('',(-39.525,-14.605,-0.41148));
#3294 = VECTOR('',#3295,1.);
#3295 = DIRECTION('',(0.E+000,0.E+000,1.));
#3296 = ORIENTED_EDGE('',*,*,#3297,.T.);
#3297 = EDGE_CURVE('',#3290,#3290,#3298,.T.);
#3298 = CIRCLE('',#3299,0.55);
#3299 = AXIS2_PLACEMENT_3D('',#3300,#3301,#3302);
#3300 = CARTESIAN_POINT('',(-40.075,-14.605,0.E+000));
#3301 = DIRECTION('',(0.E+000,0.E+000,1.));
#3302 = DIRECTION('',(1.,0.E+000,-0.E+000));
#3303 = ORIENTED_EDGE('',*,*,#3287,.F.);
#3304 = ORIENTED_EDGE('',*,*,#3305,.F.);
#3305 = EDGE_CURVE('',#3288,#3288,#3306,.T.);
#3306 = CIRCLE('',#3307,0.55);
#3307 = AXIS2_PLACEMENT_3D('',#3308,#3309,#3310);
#3308 = CARTESIAN_POINT('',(-40.075,-14.605,-0.41148));
#3309 = DIRECTION('',(0.E+000,0.E+000,1.));
#3310 = DIRECTION('',(1.,0.E+000,-0.E+000));
#3311 = CYLINDRICAL_SURFACE('',#3312,0.55);
#3312 = AXIS2_PLACEMENT_3D('',#3313,#3314,#3315);
#3313 = CARTESIAN_POINT('',(-40.075,-14.605,-0.41148));
#3314 = DIRECTION('',(-0.E+000,-0.E+000,-1.));
#3315 = DIRECTION('',(1.,0.E+000,-0.E+000));
#3316 = ADVANCED_FACE('',(#3317),#3344,.F.);
#3317 = FACE_BOUND('',#3318,.T.);
#3318 = EDGE_LOOP('',(#3319,#3329,#3336,#3337));
#3319 = ORIENTED_EDGE('',*,*,#3320,.T.);
#3320 = EDGE_CURVE('',#3321,#3323,#3325,.T.);
#3321 = VERTEX_POINT('',#3322);
#3322 = CARTESIAN_POINT('',(-42.025,-7.62,-0.41148));
#3323 = VERTEX_POINT('',#3324);
#3324 = CARTESIAN_POINT('',(-42.025,-7.62,0.E+000));
#3325 = LINE('',#3326,#3327);
#3326 = CARTESIAN_POINT('',(-42.025,-7.62,-0.41148));
#3327 = VECTOR('',#3328,1.);
#3328 = DIRECTION('',(0.E+000,0.E+000,1.));
#3329 = ORIENTED_EDGE('',*,*,#3330,.T.);
#3330 = EDGE_CURVE('',#3323,#3323,#3331,.T.);
#3331 = CIRCLE('',#3332,0.55);
#3332 = AXIS2_PLACEMENT_3D('',#3333,#3334,#3335);
#3333 = CARTESIAN_POINT('',(-42.575,-7.62,0.E+000));
#3334 = DIRECTION('',(0.E+000,0.E+000,1.));
#3335 = DIRECTION('',(1.,0.E+000,-0.E+000));
#3336 = ORIENTED_EDGE('',*,*,#3320,.F.);
#3337 = ORIENTED_EDGE('',*,*,#3338,.F.);
#3338 = EDGE_CURVE('',#3321,#3321,#3339,.T.);
#3339 = CIRCLE('',#3340,0.55);
#3340 = AXIS2_PLACEMENT_3D('',#3341,#3342,#3343);
#3341 = CARTESIAN_POINT('',(-42.575,-7.62,-0.41148));
#3342 = DIRECTION('',(0.E+000,0.E+000,1.));
#3343 = DIRECTION('',(1.,0.E+000,-0.E+000));
#3344 = CYLINDRICAL_SURFACE('',#3345,0.55);
#3345 = AXIS2_PLACEMENT_3D('',#3346,#3347,#3348);
#3346 = CARTESIAN_POINT('',(-42.575,-7.62,-0.41148));
#3347 = DIRECTION('',(-0.E+000,-0.E+000,-1.));
#3348 = DIRECTION('',(1.,0.E+000,-0.E+000));
#3349 = ADVANCED_FACE('',(#3350),#3377,.F.);
#3350 = FACE_BOUND('',#3351,.T.);
#3351 = EDGE_LOOP('',(#3352,#3362,#3369,#3370));
#3352 = ORIENTED_EDGE('',*,*,#3353,.T.);
#3353 = EDGE_CURVE('',#3354,#3356,#3358,.T.);
#3354 = VERTEX_POINT('',#3355);
#3355 = CARTESIAN_POINT('',(-37.025,-7.62,-0.41148));
#3356 = VERTEX_POINT('',#3357);
#3357 = CARTESIAN_POINT('',(-37.025,-7.62,0.E+000));
#3358 = LINE('',#3359,#3360);
#3359 = CARTESIAN_POINT('',(-37.025,-7.62,-0.41148));
#3360 = VECTOR('',#3361,1.);
#3361 = DIRECTION('',(0.E+000,0.E+000,1.));
#3362 = ORIENTED_EDGE('',*,*,#3363,.T.);
#3363 = EDGE_CURVE('',#3356,#3356,#3364,.T.);
#3364 = CIRCLE('',#3365,0.55);
#3365 = AXIS2_PLACEMENT_3D('',#3366,#3367,#3368);
#3366 = CARTESIAN_POINT('',(-37.575,-7.62,0.E+000));
#3367 = DIRECTION('',(0.E+000,0.E+000,1.));
#3368 = DIRECTION('',(1.,0.E+000,-0.E+000));
#3369 = ORIENTED_EDGE('',*,*,#3353,.F.);
#3370 = ORIENTED_EDGE('',*,*,#3371,.F.);
#3371 = EDGE_CURVE('',#3354,#3354,#3372,.T.);
#3372 = CIRCLE('',#3373,0.55);
#3373 = AXIS2_PLACEMENT_3D('',#3374,#3375,#3376);
#3374 = CARTESIAN_POINT('',(-37.575,-7.62,-0.41148));
#3375 = DIRECTION('',(0.E+000,0.E+000,1.));
#3376 = DIRECTION('',(1.,0.E+000,-0.E+000));
#3377 = CYLINDRICAL_SURFACE('',#3378,0.55);
#3378 = AXIS2_PLACEMENT_3D('',#3379,#3380,#3381);
#3379 = CARTESIAN_POINT('',(-37.575,-7.62,-0.41148));
#3380 = DIRECTION('',(-0.E+000,-0.E+000,-1.));
#3381 = DIRECTION('',(1.,0.E+000,-0.E+000));
#3382 = ADVANCED_FACE('',(#3383),#3410,.F.);
#3383 = FACE_BOUND('',#3384,.T.);
#3384 = EDGE_LOOP('',(#3385,#3395,#3402,#3403));
#3385 = ORIENTED_EDGE('',*,*,#3386,.T.);
#3386 = EDGE_CURVE('',#3387,#3389,#3391,.T.);
#3387 = VERTEX_POINT('',#3388);
#3388 = CARTESIAN_POINT('',(-39.525,-7.62,-0.41148));
#3389 = VERTEX_POINT('',#3390);
#3390 = CARTESIAN_POINT('',(-39.525,-7.62,0.E+000));
#3391 = LINE('',#3392,#3393);
#3392 = CARTESIAN_POINT('',(-39.525,-7.62,-0.41148));
#3393 = VECTOR('',#3394,1.);
#3394 = DIRECTION('',(0.E+000,0.E+000,1.));
#3395 = ORIENTED_EDGE('',*,*,#3396,.T.);
#3396 = EDGE_CURVE('',#3389,#3389,#3397,.T.);
#3397 = CIRCLE('',#3398,0.55);
#3398 = AXIS2_PLACEMENT_3D('',#3399,#3400,#3401);
#3399 = CARTESIAN_POINT('',(-40.075,-7.62,0.E+000));
#3400 = DIRECTION('',(0.E+000,0.E+000,1.));
#3401 = DIRECTION('',(1.,0.E+000,-0.E+000));
#3402 = ORIENTED_EDGE('',*,*,#3386,.F.);
#3403 = ORIENTED_EDGE('',*,*,#3404,.F.);
#3404 = EDGE_CURVE('',#3387,#3387,#3405,.T.);
#3405 = CIRCLE('',#3406,0.55);
#3406 = AXIS2_PLACEMENT_3D('',#3407,#3408,#3409);
#3407 = CARTESIAN_POINT('',(-40.075,-7.62,-0.41148));
#3408 = DIRECTION('',(0.E+000,0.E+000,1.));
#3409 = DIRECTION('',(1.,0.E+000,-0.E+000));
#3410 = CYLINDRICAL_SURFACE('',#3411,0.55);
#3411 = AXIS2_PLACEMENT_3D('',#3412,#3413,#3414);
#3412 = CARTESIAN_POINT('',(-40.075,-7.62,-0.41148));
#3413 = DIRECTION('',(-0.E+000,-0.E+000,-1.));
#3414 = DIRECTION('',(1.,0.E+000,-0.E+000));
#3415 = ADVANCED_FACE('',(#3416),#3443,.F.);
#3416 = FACE_BOUND('',#3417,.T.);
#3417 = EDGE_LOOP('',(#3418,#3428,#3435,#3436));
#3418 = ORIENTED_EDGE('',*,*,#3419,.T.);
#3419 = EDGE_CURVE('',#3420,#3422,#3424,.T.);
#3420 = VERTEX_POINT('',#3421);
#3421 = CARTESIAN_POINT('',(-34.525,-14.605,-0.41148));
#3422 = VERTEX_POINT('',#3423);
#3423 = CARTESIAN_POINT('',(-34.525,-14.605,0.E+000));
#3424 = LINE('',#3425,#3426);
#3425 = CARTESIAN_POINT('',(-34.525,-14.605,-0.41148));
#3426 = VECTOR('',#3427,1.);
#3427 = DIRECTION('',(0.E+000,0.E+000,1.));
#3428 = ORIENTED_EDGE('',*,*,#3429,.T.);
#3429 = EDGE_CURVE('',#3422,#3422,#3430,.T.);
#3430 = CIRCLE('',#3431,0.55);
#3431 = AXIS2_PLACEMENT_3D('',#3432,#3433,#3434);
#3432 = CARTESIAN_POINT('',(-35.075,-14.605,0.E+000));
#3433 = DIRECTION('',(0.E+000,0.E+000,1.));
#3434 = DIRECTION('',(1.,0.E+000,-0.E+000));
#3435 = ORIENTED_EDGE('',*,*,#3419,.F.);
#3436 = ORIENTED_EDGE('',*,*,#3437,.F.);
#3437 = EDGE_CURVE('',#3420,#3420,#3438,.T.);
#3438 = CIRCLE('',#3439,0.55);
#3439 = AXIS2_PLACEMENT_3D('',#3440,#3441,#3442);
#3440 = CARTESIAN_POINT('',(-35.075,-14.605,-0.41148));
#3441 = DIRECTION('',(0.E+000,0.E+000,1.));
#3442 = DIRECTION('',(1.,0.E+000,-0.E+000));
#3443 = CYLINDRICAL_SURFACE('',#3444,0.55);
#3444 = AXIS2_PLACEMENT_3D('',#3445,#3446,#3447);
#3445 = CARTESIAN_POINT('',(-35.075,-14.605,-0.41148));
#3446 = DIRECTION('',(-0.E+000,-0.E+000,-1.));
#3447 = DIRECTION('',(1.,0.E+000,-0.E+000));
#3448 = ADVANCED_FACE('',(#3449),#3476,.F.);
#3449 = FACE_BOUND('',#3450,.T.);
#3450 = EDGE_LOOP('',(#3451,#3461,#3468,#3469));
#3451 = ORIENTED_EDGE('',*,*,#3452,.T.);
#3452 = EDGE_CURVE('',#3453,#3455,#3457,.T.);
#3453 = VERTEX_POINT('',#3454);
#3454 = CARTESIAN_POINT('',(-27.025,-14.605,-0.41148));
#3455 = VERTEX_POINT('',#3456);
#3456 = CARTESIAN_POINT('',(-27.025,-14.605,0.E+000));
#3457 = LINE('',#3458,#3459);
#3458 = CARTESIAN_POINT('',(-27.025,-14.605,-0.41148));
#3459 = VECTOR('',#3460,1.);
#3460 = DIRECTION('',(0.E+000,0.E+000,1.));
#3461 = ORIENTED_EDGE('',*,*,#3462,.T.);
#3462 = EDGE_CURVE('',#3455,#3455,#3463,.T.);
#3463 = CIRCLE('',#3464,0.55);
#3464 = AXIS2_PLACEMENT_3D('',#3465,#3466,#3467);
#3465 = CARTESIAN_POINT('',(-27.575,-14.605,0.E+000));
#3466 = DIRECTION('',(0.E+000,0.E+000,1.));
#3467 = DIRECTION('',(1.,0.E+000,-0.E+000));
#3468 = ORIENTED_EDGE('',*,*,#3452,.F.);
#3469 = ORIENTED_EDGE('',*,*,#3470,.F.);
#3470 = EDGE_CURVE('',#3453,#3453,#3471,.T.);
#3471 = CIRCLE('',#3472,0.55);
#3472 = AXIS2_PLACEMENT_3D('',#3473,#3474,#3475);
#3473 = CARTESIAN_POINT('',(-27.575,-14.605,-0.41148));
#3474 = DIRECTION('',(0.E+000,0.E+000,1.));
#3475 = DIRECTION('',(1.,0.E+000,-0.E+000));
#3476 = CYLINDRICAL_SURFACE('',#3477,0.55);
#3477 = AXIS2_PLACEMENT_3D('',#3478,#3479,#3480);
#3478 = CARTESIAN_POINT('',(-27.575,-14.605,-0.41148));
#3479 = DIRECTION('',(-0.E+000,-0.E+000,-1.));
#3480 = DIRECTION('',(1.,0.E+000,-0.E+000));
#3481 = ADVANCED_FACE('',(#3482),#3509,.F.);
#3482 = FACE_BOUND('',#3483,.T.);
#3483 = EDGE_LOOP('',(#3484,#3494,#3501,#3502));
#3484 = ORIENTED_EDGE('',*,*,#3485,.T.);
#3485 = EDGE_CURVE('',#3486,#3488,#3490,.T.);
#3486 = VERTEX_POINT('',#3487);
#3487 = CARTESIAN_POINT('',(-32.025,-14.605,-0.41148));
#3488 = VERTEX_POINT('',#3489);
#3489 = CARTESIAN_POINT('',(-32.025,-14.605,0.E+000));
#3490 = LINE('',#3491,#3492);
#3491 = CARTESIAN_POINT('',(-32.025,-14.605,-0.41148));
#3492 = VECTOR('',#3493,1.);
#3493 = DIRECTION('',(0.E+000,0.E+000,1.));
#3494 = ORIENTED_EDGE('',*,*,#3495,.T.);
#3495 = EDGE_CURVE('',#3488,#3488,#3496,.T.);
#3496 = CIRCLE('',#3497,0.55);
#3497 = AXIS2_PLACEMENT_3D('',#3498,#3499,#3500);
#3498 = CARTESIAN_POINT('',(-32.575,-14.605,0.E+000));
#3499 = DIRECTION('',(0.E+000,0.E+000,1.));
#3500 = DIRECTION('',(1.,0.E+000,-0.E+000));
#3501 = ORIENTED_EDGE('',*,*,#3485,.F.);
#3502 = ORIENTED_EDGE('',*,*,#3503,.F.);
#3503 = EDGE_CURVE('',#3486,#3486,#3504,.T.);
#3504 = CIRCLE('',#3505,0.55);
#3505 = AXIS2_PLACEMENT_3D('',#3506,#3507,#3508);
#3506 = CARTESIAN_POINT('',(-32.575,-14.605,-0.41148));
#3507 = DIRECTION('',(0.E+000,0.E+000,1.));
#3508 = DIRECTION('',(1.,0.E+000,-0.E+000));
#3509 = CYLINDRICAL_SURFACE('',#3510,0.55);
#3510 = AXIS2_PLACEMENT_3D('',#3511,#3512,#3513);
#3511 = CARTESIAN_POINT('',(-32.575,-14.605,-0.41148));
#3512 = DIRECTION('',(-0.E+000,-0.E+000,-1.));
#3513 = DIRECTION('',(1.,0.E+000,-0.E+000));
#3514 = ADVANCED_FACE('',(#3515),#3542,.F.);
#3515 = FACE_BOUND('',#3516,.T.);
#3516 = EDGE_LOOP('',(#3517,#3527,#3534,#3535));
#3517 = ORIENTED_EDGE('',*,*,#3518,.T.);
#3518 = EDGE_CURVE('',#3519,#3521,#3523,.T.);
#3519 = VERTEX_POINT('',#3520);
#3520 = CARTESIAN_POINT('',(-34.525,-7.62,-0.41148));
#3521 = VERTEX_POINT('',#3522);
#3522 = CARTESIAN_POINT('',(-34.525,-7.62,0.E+000));
#3523 = LINE('',#3524,#3525);
#3524 = CARTESIAN_POINT('',(-34.525,-7.62,-0.41148));
#3525 = VECTOR('',#3526,1.);
#3526 = DIRECTION('',(0.E+000,0.E+000,1.));
#3527 = ORIENTED_EDGE('',*,*,#3528,.T.);
#3528 = EDGE_CURVE('',#3521,#3521,#3529,.T.);
#3529 = CIRCLE('',#3530,0.55);
#3530 = AXIS2_PLACEMENT_3D('',#3531,#3532,#3533);
#3531 = CARTESIAN_POINT('',(-35.075,-7.62,0.E+000));
#3532 = DIRECTION('',(0.E+000,0.E+000,1.));
#3533 = DIRECTION('',(1.,0.E+000,-0.E+000));
#3534 = ORIENTED_EDGE('',*,*,#3518,.F.);
#3535 = ORIENTED_EDGE('',*,*,#3536,.F.);
#3536 = EDGE_CURVE('',#3519,#3519,#3537,.T.);
#3537 = CIRCLE('',#3538,0.55);
#3538 = AXIS2_PLACEMENT_3D('',#3539,#3540,#3541);
#3539 = CARTESIAN_POINT('',(-35.075,-7.62,-0.41148));
#3540 = DIRECTION('',(0.E+000,0.E+000,1.));
#3541 = DIRECTION('',(1.,0.E+000,-0.E+000));
#3542 = CYLINDRICAL_SURFACE('',#3543,0.55);
#3543 = AXIS2_PLACEMENT_3D('',#3544,#3545,#3546);
#3544 = CARTESIAN_POINT('',(-35.075,-7.62,-0.41148));
#3545 = DIRECTION('',(-0.E+000,-0.E+000,-1.));
#3546 = DIRECTION('',(1.,0.E+000,-0.E+000));
#3547 = ADVANCED_FACE('',(#3548),#3575,.F.);
#3548 = FACE_BOUND('',#3549,.T.);
#3549 = EDGE_LOOP('',(#3550,#3560,#3567,#3568));
#3550 = ORIENTED_EDGE('',*,*,#3551,.T.);
#3551 = EDGE_CURVE('',#3552,#3554,#3556,.T.);
#3552 = VERTEX_POINT('',#3553);
#3553 = CARTESIAN_POINT('',(-29.525,-14.605,-0.41148));
#3554 = VERTEX_POINT('',#3555);
#3555 = CARTESIAN_POINT('',(-29.525,-14.605,0.E+000));
#3556 = LINE('',#3557,#3558);
#3557 = CARTESIAN_POINT('',(-29.525,-14.605,-0.41148));
#3558 = VECTOR('',#3559,1.);
#3559 = DIRECTION('',(0.E+000,0.E+000,1.));
#3560 = ORIENTED_EDGE('',*,*,#3561,.T.);
#3561 = EDGE_CURVE('',#3554,#3554,#3562,.T.);
#3562 = CIRCLE('',#3563,0.55);
#3563 = AXIS2_PLACEMENT_3D('',#3564,#3565,#3566);
#3564 = CARTESIAN_POINT('',(-30.075,-14.605,0.E+000));
#3565 = DIRECTION('',(0.E+000,0.E+000,1.));
#3566 = DIRECTION('',(1.,0.E+000,-0.E+000));
#3567 = ORIENTED_EDGE('',*,*,#3551,.F.);
#3568 = ORIENTED_EDGE('',*,*,#3569,.F.);
#3569 = EDGE_CURVE('',#3552,#3552,#3570,.T.);
#3570 = CIRCLE('',#3571,0.55);
#3571 = AXIS2_PLACEMENT_3D('',#3572,#3573,#3574);
#3572 = CARTESIAN_POINT('',(-30.075,-14.605,-0.41148));
#3573 = DIRECTION('',(0.E+000,0.E+000,1.));
#3574 = DIRECTION('',(1.,0.E+000,-0.E+000));
#3575 = CYLINDRICAL_SURFACE('',#3576,0.55);
#3576 = AXIS2_PLACEMENT_3D('',#3577,#3578,#3579);
#3577 = CARTESIAN_POINT('',(-30.075,-14.605,-0.41148));
#3578 = DIRECTION('',(-0.E+000,-0.E+000,-1.));
#3579 = DIRECTION('',(1.,0.E+000,-0.E+000));
#3580 = ADVANCED_FACE('',(#3581),#3608,.F.);
#3581 = FACE_BOUND('',#3582,.T.);
#3582 = EDGE_LOOP('',(#3583,#3593,#3600,#3601));
#3583 = ORIENTED_EDGE('',*,*,#3584,.T.);
#3584 = EDGE_CURVE('',#3585,#3587,#3589,.T.);
#3585 = VERTEX_POINT('',#3586);
#3586 = CARTESIAN_POINT('',(-32.025,-7.62,-0.41148));
#3587 = VERTEX_POINT('',#3588);
#3588 = CARTESIAN_POINT('',(-32.025,-7.62,0.E+000));
#3589 = LINE('',#3590,#3591);
#3590 = CARTESIAN_POINT('',(-32.025,-7.62,-0.41148));
#3591 = VECTOR('',#3592,1.);
#3592 = DIRECTION('',(0.E+000,0.E+000,1.));
#3593 = ORIENTED_EDGE('',*,*,#3594,.T.);
#3594 = EDGE_CURVE('',#3587,#3587,#3595,.T.);
#3595 = CIRCLE('',#3596,0.55);
#3596 = AXIS2_PLACEMENT_3D('',#3597,#3598,#3599);
#3597 = CARTESIAN_POINT('',(-32.575,-7.62,0.E+000));
#3598 = DIRECTION('',(0.E+000,0.E+000,1.));
#3599 = DIRECTION('',(1.,0.E+000,-0.E+000));
#3600 = ORIENTED_EDGE('',*,*,#3584,.F.);
#3601 = ORIENTED_EDGE('',*,*,#3602,.F.);
#3602 = EDGE_CURVE('',#3585,#3585,#3603,.T.);
#3603 = CIRCLE('',#3604,0.55);
#3604 = AXIS2_PLACEMENT_3D('',#3605,#3606,#3607);
#3605 = CARTESIAN_POINT('',(-32.575,-7.62,-0.41148));
#3606 = DIRECTION('',(0.E+000,0.E+000,1.));
#3607 = DIRECTION('',(1.,0.E+000,-0.E+000));
#3608 = CYLINDRICAL_SURFACE('',#3609,0.55);
#3609 = AXIS2_PLACEMENT_3D('',#3610,#3611,#3612);
#3610 = CARTESIAN_POINT('',(-32.575,-7.62,-0.41148));
#3611 = DIRECTION('',(-0.E+000,-0.E+000,-1.));
#3612 = DIRECTION('',(1.,0.E+000,-0.E+000));
#3613 = ADVANCED_FACE('',(#3614),#3641,.F.);
#3614 = FACE_BOUND('',#3615,.T.);
#3615 = EDGE_LOOP('',(#3616,#3626,#3633,#3634));
#3616 = ORIENTED_EDGE('',*,*,#3617,.T.);
#3617 = EDGE_CURVE('',#3618,#3620,#3622,.T.);
#3618 = VERTEX_POINT('',#3619);
#3619 = CARTESIAN_POINT('',(-38.642,16.129,-0.41148));
#3620 = VERTEX_POINT('',#3621);
#3621 = CARTESIAN_POINT('',(-38.642,16.129,0.E+000));
#3622 = LINE('',#3623,#3624);
#3623 = CARTESIAN_POINT('',(-38.642,16.129,-0.41148));
#3624 = VECTOR('',#3625,1.);
#3625 = DIRECTION('',(0.E+000,0.E+000,1.));
#3626 = ORIENTED_EDGE('',*,*,#3627,.T.);
#3627 = EDGE_CURVE('',#3620,#3620,#3628,.T.);
#3628 = CIRCLE('',#3629,0.55);
#3629 = AXIS2_PLACEMENT_3D('',#3630,#3631,#3632);
#3630 = CARTESIAN_POINT('',(-39.192,16.129,0.E+000));
#3631 = DIRECTION('',(0.E+000,0.E+000,1.));
#3632 = DIRECTION('',(1.,0.E+000,-0.E+000));
#3633 = ORIENTED_EDGE('',*,*,#3617,.F.);
#3634 = ORIENTED_EDGE('',*,*,#3635,.F.);
#3635 = EDGE_CURVE('',#3618,#3618,#3636,.T.);
#3636 = CIRCLE('',#3637,0.55);
#3637 = AXIS2_PLACEMENT_3D('',#3638,#3639,#3640);
#3638 = CARTESIAN_POINT('',(-39.192,16.129,-0.41148));
#3639 = DIRECTION('',(0.E+000,0.E+000,1.));
#3640 = DIRECTION('',(1.,0.E+000,-0.E+000));
#3641 = CYLINDRICAL_SURFACE('',#3642,0.55);
#3642 = AXIS2_PLACEMENT_3D('',#3643,#3644,#3645);
#3643 = CARTESIAN_POINT('',(-39.192,16.129,-0.41148));
#3644 = DIRECTION('',(-0.E+000,-0.E+000,-1.));
#3645 = DIRECTION('',(1.,0.E+000,-0.E+000));
#3646 = ADVANCED_FACE('',(#3647),#3674,.F.);
#3647 = FACE_BOUND('',#3648,.T.);
#3648 = EDGE_LOOP('',(#3649,#3659,#3666,#3667));
#3649 = ORIENTED_EDGE('',*,*,#3650,.T.);
#3650 = EDGE_CURVE('',#3651,#3653,#3655,.T.);
#3651 = VERTEX_POINT('',#3652);
#3652 = CARTESIAN_POINT('',(-27.025,-7.62,-0.41148));
#3653 = VERTEX_POINT('',#3654);
#3654 = CARTESIAN_POINT('',(-27.025,-7.62,0.E+000));
#3655 = LINE('',#3656,#3657);
#3656 = CARTESIAN_POINT('',(-27.025,-7.62,-0.41148));
#3657 = VECTOR('',#3658,1.);
#3658 = DIRECTION('',(0.E+000,0.E+000,1.));
#3659 = ORIENTED_EDGE('',*,*,#3660,.T.);
#3660 = EDGE_CURVE('',#3653,#3653,#3661,.T.);
#3661 = CIRCLE('',#3662,0.55);
#3662 = AXIS2_PLACEMENT_3D('',#3663,#3664,#3665);
#3663 = CARTESIAN_POINT('',(-27.575,-7.62,0.E+000));
#3664 = DIRECTION('',(0.E+000,0.E+000,1.));
#3665 = DIRECTION('',(1.,0.E+000,-0.E+000));
#3666 = ORIENTED_EDGE('',*,*,#3650,.F.);
#3667 = ORIENTED_EDGE('',*,*,#3668,.F.);
#3668 = EDGE_CURVE('',#3651,#3651,#3669,.T.);
#3669 = CIRCLE('',#3670,0.55);
#3670 = AXIS2_PLACEMENT_3D('',#3671,#3672,#3673);
#3671 = CARTESIAN_POINT('',(-27.575,-7.62,-0.41148));
#3672 = DIRECTION('',(0.E+000,0.E+000,1.));
#3673 = DIRECTION('',(1.,0.E+000,-0.E+000));
#3674 = CYLINDRICAL_SURFACE('',#3675,0.55);
#3675 = AXIS2_PLACEMENT_3D('',#3676,#3677,#3678);
#3676 = CARTESIAN_POINT('',(-27.575,-7.62,-0.41148));
#3677 = DIRECTION('',(-0.E+000,-0.E+000,-1.));
#3678 = DIRECTION('',(1.,0.E+000,-0.E+000));
#3679 = ADVANCED_FACE('',(#3680),#3707,.F.);
#3680 = FACE_BOUND('',#3681,.T.);
#3681 = EDGE_LOOP('',(#3682,#3692,#3699,#3700));
#3682 = ORIENTED_EDGE('',*,*,#3683,.T.);
#3683 = EDGE_CURVE('',#3684,#3686,#3688,.T.);
#3684 = VERTEX_POINT('',#3685);
#3685 = CARTESIAN_POINT('',(-29.525,-7.62,-0.41148));
#3686 = VERTEX_POINT('',#3687);
#3687 = CARTESIAN_POINT('',(-29.525,-7.62,0.E+000));
#3688 = LINE('',#3689,#3690);
#3689 = CARTESIAN_POINT('',(-29.525,-7.62,-0.41148));
#3690 = VECTOR('',#3691,1.);
#3691 = DIRECTION('',(0.E+000,0.E+000,1.));
#3692 = ORIENTED_EDGE('',*,*,#3693,.T.);
#3693 = EDGE_CURVE('',#3686,#3686,#3694,.T.);
#3694 = CIRCLE('',#3695,0.55);
#3695 = AXIS2_PLACEMENT_3D('',#3696,#3697,#3698);
#3696 = CARTESIAN_POINT('',(-30.075,-7.62,0.E+000));
#3697 = DIRECTION('',(0.E+000,0.E+000,1.));
#3698 = DIRECTION('',(1.,0.E+000,-0.E+000));
#3699 = ORIENTED_EDGE('',*,*,#3683,.F.);
#3700 = ORIENTED_EDGE('',*,*,#3701,.F.);
#3701 = EDGE_CURVE('',#3684,#3684,#3702,.T.);
#3702 = CIRCLE('',#3703,0.55);
#3703 = AXIS2_PLACEMENT_3D('',#3704,#3705,#3706);
#3704 = CARTESIAN_POINT('',(-30.075,-7.62,-0.41148));
#3705 = DIRECTION('',(0.E+000,0.E+000,1.));
#3706 = DIRECTION('',(1.,0.E+000,-0.E+000));
#3707 = CYLINDRICAL_SURFACE('',#3708,0.55);
#3708 = AXIS2_PLACEMENT_3D('',#3709,#3710,#3711);
#3709 = CARTESIAN_POINT('',(-30.075,-7.62,-0.41148));
#3710 = DIRECTION('',(-0.E+000,-0.E+000,-1.));
#3711 = DIRECTION('',(1.,0.E+000,-0.E+000));
#3712 = ADVANCED_FACE('',(#3713),#3740,.F.);
#3713 = FACE_BOUND('',#3714,.T.);
#3714 = EDGE_LOOP('',(#3715,#3725,#3732,#3733));
#3715 = ORIENTED_EDGE('',*,*,#3716,.T.);
#3716 = EDGE_CURVE('',#3717,#3719,#3721,.T.);
#3717 = VERTEX_POINT('',#3718);
#3718 = CARTESIAN_POINT('',(-41.182,16.129,-0.41148));
#3719 = VERTEX_POINT('',#3720);
#3720 = CARTESIAN_POINT('',(-41.182,16.129,0.E+000));
#3721 = LINE('',#3722,#3723);
#3722 = CARTESIAN_POINT('',(-41.182,16.129,-0.41148));
#3723 = VECTOR('',#3724,1.);
#3724 = DIRECTION('',(0.E+000,0.E+000,1.));
#3725 = ORIENTED_EDGE('',*,*,#3726,.T.);
#3726 = EDGE_CURVE('',#3719,#3719,#3727,.T.);
#3727 = CIRCLE('',#3728,0.55);
#3728 = AXIS2_PLACEMENT_3D('',#3729,#3730,#3731);
#3729 = CARTESIAN_POINT('',(-41.732,16.129,0.E+000));
#3730 = DIRECTION('',(0.E+000,0.E+000,1.));
#3731 = DIRECTION('',(1.,0.E+000,-0.E+000));
#3732 = ORIENTED_EDGE('',*,*,#3716,.F.);
#3733 = ORIENTED_EDGE('',*,*,#3734,.F.);
#3734 = EDGE_CURVE('',#3717,#3717,#3735,.T.);
#3735 = CIRCLE('',#3736,0.55);
#3736 = AXIS2_PLACEMENT_3D('',#3737,#3738,#3739);
#3737 = CARTESIAN_POINT('',(-41.732,16.129,-0.41148));
#3738 = DIRECTION('',(0.E+000,0.E+000,1.));
#3739 = DIRECTION('',(1.,0.E+000,-0.E+000));
#3740 = CYLINDRICAL_SURFACE('',#3741,0.55);
#3741 = AXIS2_PLACEMENT_3D('',#3742,#3743,#3744);
#3742 = CARTESIAN_POINT('',(-41.732,16.129,-0.41148));
#3743 = DIRECTION('',(-0.E+000,-0.E+000,-1.));
#3744 = DIRECTION('',(1.,0.E+000,-0.E+000));
#3745 = ADVANCED_FACE('',(#3746),#3773,.F.);
#3746 = FACE_BOUND('',#3747,.T.);
#3747 = EDGE_LOOP('',(#3748,#3758,#3765,#3766));
#3748 = ORIENTED_EDGE('',*,*,#3749,.T.);
#3749 = EDGE_CURVE('',#3750,#3752,#3754,.T.);
#3750 = VERTEX_POINT('',#3751);
#3751 = CARTESIAN_POINT('',(-24.215,16.129,-0.41148));
#3752 = VERTEX_POINT('',#3753);
#3753 = CARTESIAN_POINT('',(-24.215,16.129,0.E+000));
#3754 = LINE('',#3755,#3756);
#3755 = CARTESIAN_POINT('',(-24.215,16.129,-0.41148));
#3756 = VECTOR('',#3757,1.);
#3757 = DIRECTION('',(0.E+000,0.E+000,1.));
#3758 = ORIENTED_EDGE('',*,*,#3759,.T.);
#3759 = EDGE_CURVE('',#3752,#3752,#3760,.T.);
#3760 = CIRCLE('',#3761,0.55);
#3761 = AXIS2_PLACEMENT_3D('',#3762,#3763,#3764);
#3762 = CARTESIAN_POINT('',(-24.765,16.129,0.E+000));
#3763 = DIRECTION('',(0.E+000,0.E+000,1.));
#3764 = DIRECTION('',(1.,0.E+000,-0.E+000));
#3765 = ORIENTED_EDGE('',*,*,#3749,.F.);
#3766 = ORIENTED_EDGE('',*,*,#3767,.F.);
#3767 = EDGE_CURVE('',#3750,#3750,#3768,.T.);
#3768 = CIRCLE('',#3769,0.55);
#3769 = AXIS2_PLACEMENT_3D('',#3770,#3771,#3772);
#3770 = CARTESIAN_POINT('',(-24.765,16.129,-0.41148));
#3771 = DIRECTION('',(0.E+000,0.E+000,1.));
#3772 = DIRECTION('',(1.,0.E+000,-0.E+000));
#3773 = CYLINDRICAL_SURFACE('',#3774,0.55);
#3774 = AXIS2_PLACEMENT_3D('',#3775,#3776,#3777);
#3775 = CARTESIAN_POINT('',(-24.765,16.129,-0.41148));
#3776 = DIRECTION('',(-0.E+000,-0.E+000,-1.));
#3777 = DIRECTION('',(1.,0.E+000,-0.E+000));
#3778 = ADVANCED_FACE('',(#3779),#3806,.F.);
#3779 = FACE_BOUND('',#3780,.T.);
#3780 = EDGE_LOOP('',(#3781,#3791,#3798,#3799));
#3781 = ORIENTED_EDGE('',*,*,#3782,.T.);
#3782 = EDGE_CURVE('',#3783,#3785,#3787,.T.);
#3783 = VERTEX_POINT('',#3784);
#3784 = CARTESIAN_POINT('',(-26.755,16.129,-0.41148));
#3785 = VERTEX_POINT('',#3786);
#3786 = CARTESIAN_POINT('',(-26.755,16.129,0.E+000));
#3787 = LINE('',#3788,#3789);
#3788 = CARTESIAN_POINT('',(-26.755,16.129,-0.41148));
#3789 = VECTOR('',#3790,1.);
#3790 = DIRECTION('',(0.E+000,0.E+000,1.));
#3791 = ORIENTED_EDGE('',*,*,#3792,.T.);
#3792 = EDGE_CURVE('',#3785,#3785,#3793,.T.);
#3793 = CIRCLE('',#3794,0.55);
#3794 = AXIS2_PLACEMENT_3D('',#3795,#3796,#3797);
#3795 = CARTESIAN_POINT('',(-27.305,16.129,0.E+000));
#3796 = DIRECTION('',(0.E+000,0.E+000,1.));
#3797 = DIRECTION('',(1.,0.E+000,-0.E+000));
#3798 = ORIENTED_EDGE('',*,*,#3782,.F.);
#3799 = ORIENTED_EDGE('',*,*,#3800,.F.);
#3800 = EDGE_CURVE('',#3783,#3783,#3801,.T.);
#3801 = CIRCLE('',#3802,0.55);
#3802 = AXIS2_PLACEMENT_3D('',#3803,#3804,#3805);
#3803 = CARTESIAN_POINT('',(-27.305,16.129,-0.41148));
#3804 = DIRECTION('',(0.E+000,0.E+000,1.));
#3805 = DIRECTION('',(1.,0.E+000,-0.E+000));
#3806 = CYLINDRICAL_SURFACE('',#3807,0.55);
#3807 = AXIS2_PLACEMENT_3D('',#3808,#3809,#3810);
#3808 = CARTESIAN_POINT('',(-27.305,16.129,-0.41148));
#3809 = DIRECTION('',(-0.E+000,-0.E+000,-1.));
#3810 = DIRECTION('',(1.,0.E+000,-0.E+000));
#3811 = ADVANCED_FACE('',(#3812),#3839,.F.);
#3812 = FACE_BOUND('',#3813,.T.);
#3813 = EDGE_LOOP('',(#3814,#3824,#3831,#3832));
#3814 = ORIENTED_EDGE('',*,*,#3815,.T.);
#3815 = EDGE_CURVE('',#3816,#3818,#3820,.T.);
#3816 = VERTEX_POINT('',#3817);
#3817 = CARTESIAN_POINT('',(-17.23,14.351,-0.41148));
#3818 = VERTEX_POINT('',#3819);
#3819 = CARTESIAN_POINT('',(-17.23,14.351,0.E+000));
#3820 = LINE('',#3821,#3822);
#3821 = CARTESIAN_POINT('',(-17.23,14.351,-0.41148));
#3822 = VECTOR('',#3823,1.);
#3823 = DIRECTION('',(0.E+000,0.E+000,1.));
#3824 = ORIENTED_EDGE('',*,*,#3825,.T.);
#3825 = EDGE_CURVE('',#3818,#3818,#3826,.T.);
#3826 = CIRCLE('',#3827,0.55);
#3827 = AXIS2_PLACEMENT_3D('',#3828,#3829,#3830);
#3828 = CARTESIAN_POINT('',(-17.78,14.351,0.E+000));
#3829 = DIRECTION('',(0.E+000,0.E+000,1.));
#3830 = DIRECTION('',(1.,0.E+000,-0.E+000));
#3831 = ORIENTED_EDGE('',*,*,#3815,.F.);
#3832 = ORIENTED_EDGE('',*,*,#3833,.F.);
#3833 = EDGE_CURVE('',#3816,#3816,#3834,.T.);
#3834 = CIRCLE('',#3835,0.55);
#3835 = AXIS2_PLACEMENT_3D('',#3836,#3837,#3838);
#3836 = CARTESIAN_POINT('',(-17.78,14.351,-0.41148));
#3837 = DIRECTION('',(0.E+000,0.E+000,1.));
#3838 = DIRECTION('',(1.,0.E+000,-0.E+000));
#3839 = CYLINDRICAL_SURFACE('',#3840,0.55);
#3840 = AXIS2_PLACEMENT_3D('',#3841,#3842,#3843);
#3841 = CARTESIAN_POINT('',(-17.78,14.351,-0.41148));
#3842 = DIRECTION('',(-0.E+000,-0.E+000,-1.));
#3843 = DIRECTION('',(1.,0.E+000,-0.E+000));
#3844 = ADVANCED_FACE('',(#3845),#3872,.F.);
#3845 = FACE_BOUND('',#3846,.T.);
#3846 = EDGE_LOOP('',(#3847,#3857,#3864,#3865));
#3847 = ORIENTED_EDGE('',*,*,#3848,.T.);
#3848 = EDGE_CURVE('',#3849,#3851,#3853,.T.);
#3849 = VERTEX_POINT('',#3850);
#3850 = CARTESIAN_POINT('',(-13.109,5.447,-0.41148));
#3851 = VERTEX_POINT('',#3852);
#3852 = CARTESIAN_POINT('',(-13.109,5.447,0.E+000));
#3853 = LINE('',#3854,#3855);
#3854 = CARTESIAN_POINT('',(-13.109,5.447,-0.41148));
#3855 = VECTOR('',#3856,1.);
#3856 = DIRECTION('',(0.E+000,0.E+000,1.));
#3857 = ORIENTED_EDGE('',*,*,#3858,.T.);
#3858 = EDGE_CURVE('',#3851,#3851,#3859,.T.);
#3859 = CIRCLE('',#3860,1.75);
#3860 = AXIS2_PLACEMENT_3D('',#3861,#3862,#3863);
#3861 = CARTESIAN_POINT('',(-14.859,5.447,0.E+000));
#3862 = DIRECTION('',(0.E+000,0.E+000,1.));
#3863 = DIRECTION('',(1.,0.E+000,-0.E+000));
#3864 = ORIENTED_EDGE('',*,*,#3848,.F.);
#3865 = ORIENTED_EDGE('',*,*,#3866,.F.);
#3866 = EDGE_CURVE('',#3849,#3849,#3867,.T.);
#3867 = CIRCLE('',#3868,1.75);
#3868 = AXIS2_PLACEMENT_3D('',#3869,#3870,#3871);
#3869 = CARTESIAN_POINT('',(-14.859,5.447,-0.41148));
#3870 = DIRECTION('',(0.E+000,0.E+000,1.));
#3871 = DIRECTION('',(1.,0.E+000,-0.E+000));
#3872 = CYLINDRICAL_SURFACE('',#3873,1.75);
#3873 = AXIS2_PLACEMENT_3D('',#3874,#3875,#3876);
#3874 = CARTESIAN_POINT('',(-14.859,5.447,-0.41148));
#3875 = DIRECTION('',(-0.E+000,-0.E+000,-1.));
#3876 = DIRECTION('',(1.,0.E+000,-0.E+000));
#3877 = ADVANCED_FACE('',(#3878),#3905,.F.);
#3878 = FACE_BOUND('',#3879,.T.);
#3879 = EDGE_LOOP('',(#3880,#3890,#3897,#3898));
#3880 = ORIENTED_EDGE('',*,*,#3881,.T.);
#3881 = EDGE_CURVE('',#3882,#3884,#3886,.T.);
#3882 = VERTEX_POINT('',#3883);
#3883 = CARTESIAN_POINT('',(-14.69,14.351,-0.41148));
#3884 = VERTEX_POINT('',#3885);
#3885 = CARTESIAN_POINT('',(-14.69,14.351,0.E+000));
#3886 = LINE('',#3887,#3888);
#3887 = CARTESIAN_POINT('',(-14.69,14.351,-0.41148));
#3888 = VECTOR('',#3889,1.);
#3889 = DIRECTION('',(0.E+000,0.E+000,1.));
#3890 = ORIENTED_EDGE('',*,*,#3891,.T.);
#3891 = EDGE_CURVE('',#3884,#3884,#3892,.T.);
#3892 = CIRCLE('',#3893,0.55);
#3893 = AXIS2_PLACEMENT_3D('',#3894,#3895,#3896);
#3894 = CARTESIAN_POINT('',(-15.24,14.351,0.E+000));
#3895 = DIRECTION('',(0.E+000,0.E+000,1.));
#3896 = DIRECTION('',(1.,0.E+000,-0.E+000));
#3897 = ORIENTED_EDGE('',*,*,#3881,.F.);
#3898 = ORIENTED_EDGE('',*,*,#3899,.F.);
#3899 = EDGE_CURVE('',#3882,#3882,#3900,.T.);
#3900 = CIRCLE('',#3901,0.55);
#3901 = AXIS2_PLACEMENT_3D('',#3902,#3903,#3904);
#3902 = CARTESIAN_POINT('',(-15.24,14.351,-0.41148));
#3903 = DIRECTION('',(0.E+000,0.E+000,1.));
#3904 = DIRECTION('',(1.,0.E+000,-0.E+000));
#3905 = CYLINDRICAL_SURFACE('',#3906,0.55);
#3906 = AXIS2_PLACEMENT_3D('',#3907,#3908,#3909);
#3907 = CARTESIAN_POINT('',(-15.24,14.351,-0.41148));
#3908 = DIRECTION('',(-0.E+000,-0.E+000,-1.));
#3909 = DIRECTION('',(1.,0.E+000,-0.E+000));
#3910 = ADVANCED_FACE('',(#3911),#3938,.F.);
#3911 = FACE_BOUND('',#3912,.T.);
#3912 = EDGE_LOOP('',(#3913,#3923,#3930,#3931));
#3913 = ORIENTED_EDGE('',*,*,#3914,.T.);
#3914 = EDGE_CURVE('',#3915,#3917,#3919,.T.);
#3915 = VERTEX_POINT('',#3916);
#3916 = CARTESIAN_POINT('',(4.542,16.764,-0.41148));
#3917 = VERTEX_POINT('',#3918);
#3918 = CARTESIAN_POINT('',(4.542,16.764,0.E+000));
#3919 = LINE('',#3920,#3921);
#3920 = CARTESIAN_POINT('',(4.542,16.764,-0.41148));
#3921 = VECTOR('',#3922,1.);
#3922 = DIRECTION('',(0.E+000,0.E+000,1.));
#3923 = ORIENTED_EDGE('',*,*,#3924,.T.);
#3924 = EDGE_CURVE('',#3917,#3917,#3925,.T.);
#3925 = CIRCLE('',#3926,0.55);
#3926 = AXIS2_PLACEMENT_3D('',#3927,#3928,#3929);
#3927 = CARTESIAN_POINT('',(3.992,16.764,0.E+000));
#3928 = DIRECTION('',(0.E+000,0.E+000,1.));
#3929 = DIRECTION('',(1.,0.E+000,-0.E+000));
#3930 = ORIENTED_EDGE('',*,*,#3914,.F.);
#3931 = ORIENTED_EDGE('',*,*,#3932,.F.);
#3932 = EDGE_CURVE('',#3915,#3915,#3933,.T.);
#3933 = CIRCLE('',#3934,0.55);
#3934 = AXIS2_PLACEMENT_3D('',#3935,#3936,#3937);
#3935 = CARTESIAN_POINT('',(3.992,16.764,-0.41148));
#3936 = DIRECTION('',(0.E+000,0.E+000,1.));
#3937 = DIRECTION('',(1.,0.E+000,-0.E+000));
#3938 = CYLINDRICAL_SURFACE('',#3939,0.55);
#3939 = AXIS2_PLACEMENT_3D('',#3940,#3941,#3942);
#3940 = CARTESIAN_POINT('',(3.992,16.764,-0.41148));
#3941 = DIRECTION('',(-0.E+000,-0.E+000,-1.));
#3942 = DIRECTION('',(1.,0.E+000,-0.E+000));
#3943 = ADVANCED_FACE('',(#3944),#3971,.F.);
#3944 = FACE_BOUND('',#3945,.T.);
#3945 = EDGE_LOOP('',(#3946,#3956,#3963,#3964));
#3946 = ORIENTED_EDGE('',*,*,#3947,.T.);
#3947 = EDGE_CURVE('',#3948,#3950,#3952,.T.);
#3948 = VERTEX_POINT('',#3949);
#3949 = CARTESIAN_POINT('',(9.839,16.764,-0.41148));
#3950 = VERTEX_POINT('',#3951);
#3951 = CARTESIAN_POINT('',(9.839,16.764,0.E+000));
#3952 = LINE('',#3953,#3954);
#3953 = CARTESIAN_POINT('',(9.839,16.764,-0.41148));
#3954 = VECTOR('',#3955,1.);
#3955 = DIRECTION('',(0.E+000,0.E+000,1.));
#3956 = ORIENTED_EDGE('',*,*,#3957,.T.);
#3957 = EDGE_CURVE('',#3950,#3950,#3958,.T.);
#3958 = CIRCLE('',#3959,0.55);
#3959 = AXIS2_PLACEMENT_3D('',#3960,#3961,#3962);
#3960 = CARTESIAN_POINT('',(9.289,16.764,0.E+000));
#3961 = DIRECTION('',(0.E+000,0.E+000,1.));
#3962 = DIRECTION('',(1.,0.E+000,-0.E+000));
#3963 = ORIENTED_EDGE('',*,*,#3947,.F.);
#3964 = ORIENTED_EDGE('',*,*,#3965,.F.);
#3965 = EDGE_CURVE('',#3948,#3948,#3966,.T.);
#3966 = CIRCLE('',#3967,0.55);
#3967 = AXIS2_PLACEMENT_3D('',#3968,#3969,#3970);
#3968 = CARTESIAN_POINT('',(9.289,16.764,-0.41148));
#3969 = DIRECTION('',(0.E+000,0.E+000,1.));
#3970 = DIRECTION('',(1.,0.E+000,-0.E+000));
#3971 = CYLINDRICAL_SURFACE('',#3972,0.55);
#3972 = AXIS2_PLACEMENT_3D('',#3973,#3974,#3975);
#3973 = CARTESIAN_POINT('',(9.289,16.764,-0.41148));
#3974 = DIRECTION('',(-0.E+000,-0.E+000,-1.));
#3975 = DIRECTION('',(1.,0.E+000,-0.E+000));
#3976 = ADVANCED_FACE('',(#3977),#4004,.F.);
#3977 = FACE_BOUND('',#3978,.T.);
#3978 = EDGE_LOOP('',(#3979,#3989,#3996,#3997));
#3979 = ORIENTED_EDGE('',*,*,#3980,.T.);
#3980 = EDGE_CURVE('',#3981,#3983,#3985,.T.);
#3981 = VERTEX_POINT('',#3982);
#3982 = CARTESIAN_POINT('',(7.19,16.764,-0.41148));
#3983 = VERTEX_POINT('',#3984);
#3984 = CARTESIAN_POINT('',(7.19,16.764,0.E+000));
#3985 = LINE('',#3986,#3987);
#3986 = CARTESIAN_POINT('',(7.19,16.764,-0.41148));
#3987 = VECTOR('',#3988,1.);
#3988 = DIRECTION('',(0.E+000,0.E+000,1.));
#3989 = ORIENTED_EDGE('',*,*,#3990,.T.);
#3990 = EDGE_CURVE('',#3983,#3983,#3991,.T.);
#3991 = CIRCLE('',#3992,0.55);
#3992 = AXIS2_PLACEMENT_3D('',#3993,#3994,#3995);
#3993 = CARTESIAN_POINT('',(6.64,16.764,0.E+000));
#3994 = DIRECTION('',(0.E+000,0.E+000,1.));
#3995 = DIRECTION('',(1.,0.E+000,-0.E+000));
#3996 = ORIENTED_EDGE('',*,*,#3980,.F.);
#3997 = ORIENTED_EDGE('',*,*,#3998,.F.);
#3998 = EDGE_CURVE('',#3981,#3981,#3999,.T.);
#3999 = CIRCLE('',#4000,0.55);
#4000 = AXIS2_PLACEMENT_3D('',#4001,#4002,#4003);
#4001 = CARTESIAN_POINT('',(6.64,16.764,-0.41148));
#4002 = DIRECTION('',(0.E+000,0.E+000,1.));
#4003 = DIRECTION('',(1.,0.E+000,-0.E+000));
#4004 = CYLINDRICAL_SURFACE('',#4005,0.55);
#4005 = AXIS2_PLACEMENT_3D('',#4006,#4007,#4008);
#4006 = CARTESIAN_POINT('',(6.64,16.764,-0.41148));
#4007 = DIRECTION('',(-0.E+000,-0.E+000,-1.));
#4008 = DIRECTION('',(1.,0.E+000,-0.E+000));
#4009 = ADVANCED_FACE('',(#4010),#4037,.F.);
#4010 = FACE_BOUND('',#4011,.T.);
#4011 = EDGE_LOOP('',(#4012,#4022,#4029,#4030));
#4012 = ORIENTED_EDGE('',*,*,#4013,.T.);
#4013 = EDGE_CURVE('',#4014,#4016,#4018,.T.);
#4014 = VERTEX_POINT('',#4015);
#4015 = CARTESIAN_POINT('',(13.599,-51.397,-0.41148));
#4016 = VERTEX_POINT('',#4017);
#4017 = CARTESIAN_POINT('',(13.599,-51.397,0.E+000));
#4018 = LINE('',#4019,#4020);
#4019 = CARTESIAN_POINT('',(13.599,-51.397,-0.41148));
#4020 = VECTOR('',#4021,1.);
#4021 = DIRECTION('',(0.E+000,0.E+000,1.));
#4022 = ORIENTED_EDGE('',*,*,#4023,.T.);
#4023 = EDGE_CURVE('',#4016,#4016,#4024,.T.);
#4024 = CIRCLE('',#4025,0.25);
#4025 = AXIS2_PLACEMENT_3D('',#4026,#4027,#4028);
#4026 = CARTESIAN_POINT('',(13.349,-51.397,0.E+000));
#4027 = DIRECTION('',(0.E+000,0.E+000,1.));
#4028 = DIRECTION('',(1.,0.E+000,-0.E+000));
#4029 = ORIENTED_EDGE('',*,*,#4013,.F.);
#4030 = ORIENTED_EDGE('',*,*,#4031,.F.);
#4031 = EDGE_CURVE('',#4014,#4014,#4032,.T.);
#4032 = CIRCLE('',#4033,0.25);
#4033 = AXIS2_PLACEMENT_3D('',#4034,#4035,#4036);
#4034 = CARTESIAN_POINT('',(13.349,-51.397,-0.41148));
#4035 = DIRECTION('',(0.E+000,0.E+000,1.));
#4036 = DIRECTION('',(1.,0.E+000,-0.E+000));
#4037 = CYLINDRICAL_SURFACE('',#4038,0.25);
#4038 = AXIS2_PLACEMENT_3D('',#4039,#4040,#4041);
#4039 = CARTESIAN_POINT('',(13.349,-51.397,-0.41148));
#4040 = DIRECTION('',(-0.E+000,-0.E+000,-1.));
#4041 = DIRECTION('',(1.,0.E+000,-0.E+000));
#4042 = ADVANCED_FACE('',(#4043),#4070,.F.);
#4043 = FACE_BOUND('',#4044,.T.);
#4044 = EDGE_LOOP('',(#4045,#4055,#4062,#4063));
#4045 = ORIENTED_EDGE('',*,*,#4046,.T.);
#4046 = EDGE_CURVE('',#4047,#4049,#4051,.T.);
#4047 = VERTEX_POINT('',#4048);
#4048 = CARTESIAN_POINT('',(15.219,-52.11,-0.41148));
#4049 = VERTEX_POINT('',#4050);
#4050 = CARTESIAN_POINT('',(15.219,-52.11,0.E+000));
#4051 = LINE('',#4052,#4053);
#4052 = CARTESIAN_POINT('',(15.219,-52.11,-0.41148));
#4053 = VECTOR('',#4054,1.);
#4054 = DIRECTION('',(0.E+000,0.E+000,1.));
#4055 = ORIENTED_EDGE('',*,*,#4056,.T.);
#4056 = EDGE_CURVE('',#4049,#4049,#4057,.T.);
#4057 = CIRCLE('',#4058,0.25);
#4058 = AXIS2_PLACEMENT_3D('',#4059,#4060,#4061);
#4059 = CARTESIAN_POINT('',(14.969,-52.11,0.E+000));
#4060 = DIRECTION('',(0.E+000,0.E+000,1.));
#4061 = DIRECTION('',(1.,0.E+000,-0.E+000));
#4062 = ORIENTED_EDGE('',*,*,#4046,.F.);
#4063 = ORIENTED_EDGE('',*,*,#4064,.F.);
#4064 = EDGE_CURVE('',#4047,#4047,#4065,.T.);
#4065 = CIRCLE('',#4066,0.25);
#4066 = AXIS2_PLACEMENT_3D('',#4067,#4068,#4069);
#4067 = CARTESIAN_POINT('',(14.969,-52.11,-0.41148));
#4068 = DIRECTION('',(0.E+000,0.E+000,1.));
#4069 = DIRECTION('',(1.,0.E+000,-0.E+000));
#4070 = CYLINDRICAL_SURFACE('',#4071,0.25);
#4071 = AXIS2_PLACEMENT_3D('',#4072,#4073,#4074);
#4072 = CARTESIAN_POINT('',(14.969,-52.11,-0.41148));
#4073 = DIRECTION('',(-0.E+000,-0.E+000,-1.));
#4074 = DIRECTION('',(1.,0.E+000,-0.E+000));
#4075 = ADVANCED_FACE('',(#4076),#4103,.F.);
#4076 = FACE_BOUND('',#4077,.T.);
#4077 = EDGE_LOOP('',(#4078,#4088,#4095,#4096));
#4078 = ORIENTED_EDGE('',*,*,#4079,.T.);
#4079 = EDGE_CURVE('',#4080,#4082,#4084,.T.);
#4080 = VERTEX_POINT('',#4081);
#4081 = CARTESIAN_POINT('',(16.75,-50.,-0.41148));
#4082 = VERTEX_POINT('',#4083);
#4083 = CARTESIAN_POINT('',(16.75,-50.,0.E+000));
#4084 = LINE('',#4085,#4086);
#4085 = CARTESIAN_POINT('',(16.75,-50.,-0.41148));
#4086 = VECTOR('',#4087,1.);
#4087 = DIRECTION('',(0.E+000,0.E+000,1.));
#4088 = ORIENTED_EDGE('',*,*,#4089,.T.);
#4089 = EDGE_CURVE('',#4082,#4082,#4090,.T.);
#4090 = CIRCLE('',#4091,1.75);
#4091 = AXIS2_PLACEMENT_3D('',#4092,#4093,#4094);
#4092 = CARTESIAN_POINT('',(15.,-50.,0.E+000));
#4093 = DIRECTION('',(0.E+000,0.E+000,1.));
#4094 = DIRECTION('',(1.,0.E+000,-0.E+000));
#4095 = ORIENTED_EDGE('',*,*,#4079,.F.);
#4096 = ORIENTED_EDGE('',*,*,#4097,.F.);
#4097 = EDGE_CURVE('',#4080,#4080,#4098,.T.);
#4098 = CIRCLE('',#4099,1.75);
#4099 = AXIS2_PLACEMENT_3D('',#4100,#4101,#4102);
#4100 = CARTESIAN_POINT('',(15.,-50.,-0.41148));
#4101 = DIRECTION('',(0.E+000,0.E+000,1.));
#4102 = DIRECTION('',(1.,0.E+000,-0.E+000));
#4103 = CYLINDRICAL_SURFACE('',#4104,1.75);
#4104 = AXIS2_PLACEMENT_3D('',#4105,#4106,#4107);
#4105 = CARTESIAN_POINT('',(15.,-50.,-0.41148));
#4106 = DIRECTION('',(-0.E+000,-0.E+000,-1.));
#4107 = DIRECTION('',(1.,0.E+000,-0.E+000));
#4108 = ADVANCED_FACE('',(#4109),#4136,.F.);
#4109 = FACE_BOUND('',#4110,.T.);
#4110 = EDGE_LOOP('',(#4111,#4121,#4128,#4129));
#4111 = ORIENTED_EDGE('',*,*,#4112,.T.);
#4112 = EDGE_CURVE('',#4113,#4115,#4117,.T.);
#4113 = VERTEX_POINT('',#4114);
#4114 = CARTESIAN_POINT('',(13.091,-50.,-0.41148));
#4115 = VERTEX_POINT('',#4116);
#4116 = CARTESIAN_POINT('',(13.091,-50.,0.E+000));
#4117 = LINE('',#4118,#4119);
#4118 = CARTESIAN_POINT('',(13.091,-50.,-0.41148));
#4119 = VECTOR('',#4120,1.);
#4120 = DIRECTION('',(0.E+000,0.E+000,1.));
#4121 = ORIENTED_EDGE('',*,*,#4122,.T.);
#4122 = EDGE_CURVE('',#4115,#4115,#4123,.T.);
#4123 = CIRCLE('',#4124,0.25);
#4124 = AXIS2_PLACEMENT_3D('',#4125,#4126,#4127);
#4125 = CARTESIAN_POINT('',(12.841,-50.,0.E+000));
#4126 = DIRECTION('',(0.E+000,0.E+000,1.));
#4127 = DIRECTION('',(1.,0.E+000,-0.E+000));
#4128 = ORIENTED_EDGE('',*,*,#4112,.F.);
#4129 = ORIENTED_EDGE('',*,*,#4130,.F.);
#4130 = EDGE_CURVE('',#4113,#4113,#4131,.T.);
#4131 = CIRCLE('',#4132,0.25);
#4132 = AXIS2_PLACEMENT_3D('',#4133,#4134,#4135);
#4133 = CARTESIAN_POINT('',(12.841,-50.,-0.41148));
#4134 = DIRECTION('',(0.E+000,0.E+000,1.));
#4135 = DIRECTION('',(1.,0.E+000,-0.E+000));
#4136 = CYLINDRICAL_SURFACE('',#4137,0.25);
#4137 = AXIS2_PLACEMENT_3D('',#4138,#4139,#4140);
#4138 = CARTESIAN_POINT('',(12.841,-50.,-0.41148));
#4139 = DIRECTION('',(-0.E+000,-0.E+000,-1.));
#4140 = DIRECTION('',(1.,0.E+000,-0.E+000));
#4141 = ADVANCED_FACE('',(#4142),#4169,.F.);
#4142 = FACE_BOUND('',#4143,.T.);
#4143 = EDGE_LOOP('',(#4144,#4154,#4161,#4162));
#4144 = ORIENTED_EDGE('',*,*,#4145,.T.);
#4145 = EDGE_CURVE('',#4146,#4148,#4150,.T.);
#4146 = VERTEX_POINT('',#4147);
#4147 = CARTESIAN_POINT('',(13.726,-48.603,-0.41148));
#4148 = VERTEX_POINT('',#4149);
#4149 = CARTESIAN_POINT('',(13.726,-48.603,0.E+000));
#4150 = LINE('',#4151,#4152);
#4151 = CARTESIAN_POINT('',(13.726,-48.603,-0.41148));
#4152 = VECTOR('',#4153,1.);
#4153 = DIRECTION('',(0.E+000,0.E+000,1.));
#4154 = ORIENTED_EDGE('',*,*,#4155,.T.);
#4155 = EDGE_CURVE('',#4148,#4148,#4156,.T.);
#4156 = CIRCLE('',#4157,0.25);
#4157 = AXIS2_PLACEMENT_3D('',#4158,#4159,#4160);
#4158 = CARTESIAN_POINT('',(13.476,-48.603,0.E+000));
#4159 = DIRECTION('',(0.E+000,0.E+000,1.));
#4160 = DIRECTION('',(1.,0.E+000,-0.E+000));
#4161 = ORIENTED_EDGE('',*,*,#4145,.F.);
#4162 = ORIENTED_EDGE('',*,*,#4163,.F.);
#4163 = EDGE_CURVE('',#4146,#4146,#4164,.T.);
#4164 = CIRCLE('',#4165,0.25);
#4165 = AXIS2_PLACEMENT_3D('',#4166,#4167,#4168);
#4166 = CARTESIAN_POINT('',(13.476,-48.603,-0.41148));
#4167 = DIRECTION('',(0.E+000,0.E+000,1.));
#4168 = DIRECTION('',(1.,0.E+000,-0.E+000));
#4169 = CYLINDRICAL_SURFACE('',#4170,0.25);
#4170 = AXIS2_PLACEMENT_3D('',#4171,#4172,#4173);
#4171 = CARTESIAN_POINT('',(13.476,-48.603,-0.41148));
#4172 = DIRECTION('',(-0.E+000,-0.E+000,-1.));
#4173 = DIRECTION('',(1.,0.E+000,-0.E+000));
#4174 = ADVANCED_FACE('',(#4175),#4202,.F.);
#4175 = FACE_BOUND('',#4176,.T.);
#4176 = EDGE_LOOP('',(#4177,#4187,#4194,#4195));
#4177 = ORIENTED_EDGE('',*,*,#4178,.T.);
#4178 = EDGE_CURVE('',#4179,#4181,#4183,.T.);
#4179 = VERTEX_POINT('',#4180);
#4180 = CARTESIAN_POINT('',(15.25,-47.841,-0.41148));
#4181 = VERTEX_POINT('',#4182);
#4182 = CARTESIAN_POINT('',(15.25,-47.841,0.E+000));
#4183 = LINE('',#4184,#4185);
#4184 = CARTESIAN_POINT('',(15.25,-47.841,-0.41148));
#4185 = VECTOR('',#4186,1.);
#4186 = DIRECTION('',(0.E+000,0.E+000,1.));
#4187 = ORIENTED_EDGE('',*,*,#4188,.T.);
#4188 = EDGE_CURVE('',#4181,#4181,#4189,.T.);
#4189 = CIRCLE('',#4190,0.25);
#4190 = AXIS2_PLACEMENT_3D('',#4191,#4192,#4193);
#4191 = CARTESIAN_POINT('',(15.,-47.841,0.E+000));
#4192 = DIRECTION('',(0.E+000,0.E+000,1.));
#4193 = DIRECTION('',(1.,0.E+000,-0.E+000));
#4194 = ORIENTED_EDGE('',*,*,#4178,.F.);
#4195 = ORIENTED_EDGE('',*,*,#4196,.F.);
#4196 = EDGE_CURVE('',#4179,#4179,#4197,.T.);
#4197 = CIRCLE('',#4198,0.25);
#4198 = AXIS2_PLACEMENT_3D('',#4199,#4200,#4201);
#4199 = CARTESIAN_POINT('',(15.,-47.841,-0.41148));
#4200 = DIRECTION('',(0.E+000,0.E+000,1.));
#4201 = DIRECTION('',(1.,0.E+000,-0.E+000));
#4202 = CYLINDRICAL_SURFACE('',#4203,0.25);
#4203 = AXIS2_PLACEMENT_3D('',#4204,#4205,#4206);
#4204 = CARTESIAN_POINT('',(15.,-47.841,-0.41148));
#4205 = DIRECTION('',(-0.E+000,-0.E+000,-1.));
#4206 = DIRECTION('',(1.,0.E+000,-0.E+000));
#4207 = ADVANCED_FACE('',(#4208),#4235,.F.);
#4208 = FACE_BOUND('',#4209,.T.);
#4209 = EDGE_LOOP('',(#4210,#4220,#4227,#4228));
#4210 = ORIENTED_EDGE('',*,*,#4211,.T.);
#4211 = EDGE_CURVE('',#4212,#4214,#4216,.T.);
#4212 = VERTEX_POINT('',#4213);
#4213 = CARTESIAN_POINT('',(16.647,-51.524,-0.41148));
#4214 = VERTEX_POINT('',#4215);
#4215 = CARTESIAN_POINT('',(16.647,-51.524,0.E+000));
#4216 = LINE('',#4217,#4218);
#4217 = CARTESIAN_POINT('',(16.647,-51.524,-0.41148));
#4218 = VECTOR('',#4219,1.);
#4219 = DIRECTION('',(0.E+000,0.E+000,1.));
#4220 = ORIENTED_EDGE('',*,*,#4221,.T.);
#4221 = EDGE_CURVE('',#4214,#4214,#4222,.T.);
#4222 = CIRCLE('',#4223,0.25);
#4223 = AXIS2_PLACEMENT_3D('',#4224,#4225,#4226);
#4224 = CARTESIAN_POINT('',(16.397,-51.524,0.E+000));
#4225 = DIRECTION('',(0.E+000,0.E+000,1.));
#4226 = DIRECTION('',(1.,0.E+000,-0.E+000));
#4227 = ORIENTED_EDGE('',*,*,#4211,.F.);
#4228 = ORIENTED_EDGE('',*,*,#4229,.F.);
#4229 = EDGE_CURVE('',#4212,#4212,#4230,.T.);
#4230 = CIRCLE('',#4231,0.25);
#4231 = AXIS2_PLACEMENT_3D('',#4232,#4233,#4234);
#4232 = CARTESIAN_POINT('',(16.397,-51.524,-0.41148));
#4233 = DIRECTION('',(0.E+000,0.E+000,1.));
#4234 = DIRECTION('',(1.,0.E+000,-0.E+000));
#4235 = CYLINDRICAL_SURFACE('',#4236,0.25);
#4236 = AXIS2_PLACEMENT_3D('',#4237,#4238,#4239);
#4237 = CARTESIAN_POINT('',(16.397,-51.524,-0.41148));
#4238 = DIRECTION('',(-0.E+000,-0.E+000,-1.));
#4239 = DIRECTION('',(1.,0.E+000,-0.E+000));
#4240 = ADVANCED_FACE('',(#4241),#4268,.F.);
#4241 = FACE_BOUND('',#4242,.T.);
#4242 = EDGE_LOOP('',(#4243,#4253,#4260,#4261));
#4243 = ORIENTED_EDGE('',*,*,#4244,.T.);
#4244 = EDGE_CURVE('',#4245,#4247,#4249,.T.);
#4245 = VERTEX_POINT('',#4246);
#4246 = CARTESIAN_POINT('',(23.723,-56.14,-0.41148));
#4247 = VERTEX_POINT('',#4248);
#4248 = CARTESIAN_POINT('',(23.723,-56.14,0.E+000));
#4249 = LINE('',#4250,#4251);
#4250 = CARTESIAN_POINT('',(23.723,-56.14,-0.41148));
#4251 = VECTOR('',#4252,1.);
#4252 = DIRECTION('',(0.E+000,0.E+000,1.));
#4253 = ORIENTED_EDGE('',*,*,#4254,.T.);
#4254 = EDGE_CURVE('',#4247,#4247,#4255,.T.);
#4255 = CIRCLE('',#4256,1.75);
#4256 = AXIS2_PLACEMENT_3D('',#4257,#4258,#4259);
#4257 = CARTESIAN_POINT('',(21.973,-56.14,0.E+000));
#4258 = DIRECTION('',(0.E+000,0.E+000,1.));
#4259 = DIRECTION('',(1.,0.E+000,-0.E+000));
#4260 = ORIENTED_EDGE('',*,*,#4244,.F.);
#4261 = ORIENTED_EDGE('',*,*,#4262,.F.);
#4262 = EDGE_CURVE('',#4245,#4245,#4263,.T.);
#4263 = CIRCLE('',#4264,1.75);
#4264 = AXIS2_PLACEMENT_3D('',#4265,#4266,#4267);
#4265 = CARTESIAN_POINT('',(21.973,-56.14,-0.41148));
#4266 = DIRECTION('',(0.E+000,0.E+000,1.));
#4267 = DIRECTION('',(1.,0.E+000,-0.E+000));
#4268 = CYLINDRICAL_SURFACE('',#4269,1.75);
#4269 = AXIS2_PLACEMENT_3D('',#4270,#4271,#4272);
#4270 = CARTESIAN_POINT('',(21.973,-56.14,-0.41148));
#4271 = DIRECTION('',(-0.E+000,-0.E+000,-1.));
#4272 = DIRECTION('',(1.,0.E+000,-0.E+000));
#4273 = ADVANCED_FACE('',(#4274),#4301,.F.);
#4274 = FACE_BOUND('',#4275,.T.);
#4275 = EDGE_LOOP('',(#4276,#4286,#4293,#4294));
#4276 = ORIENTED_EDGE('',*,*,#4277,.T.);
#4277 = EDGE_CURVE('',#4278,#4280,#4282,.T.);
#4278 = VERTEX_POINT('',#4279);
#4279 = CARTESIAN_POINT('',(17.378,-49.941,-0.41148));
#4280 = VERTEX_POINT('',#4281);
#4281 = CARTESIAN_POINT('',(17.378,-49.941,0.E+000));
#4282 = LINE('',#4283,#4284);
#4283 = CARTESIAN_POINT('',(17.378,-49.941,-0.41148));
#4284 = VECTOR('',#4285,1.);
#4285 = DIRECTION('',(0.E+000,0.E+000,1.));
#4286 = ORIENTED_EDGE('',*,*,#4287,.T.);
#4287 = EDGE_CURVE('',#4280,#4280,#4288,.T.);
#4288 = CIRCLE('',#4289,0.25);
#4289 = AXIS2_PLACEMENT_3D('',#4290,#4291,#4292);
#4290 = CARTESIAN_POINT('',(17.128,-49.941,0.E+000));
#4291 = DIRECTION('',(0.E+000,0.E+000,1.));
#4292 = DIRECTION('',(1.,0.E+000,-0.E+000));
#4293 = ORIENTED_EDGE('',*,*,#4277,.F.);
#4294 = ORIENTED_EDGE('',*,*,#4295,.F.);
#4295 = EDGE_CURVE('',#4278,#4278,#4296,.T.);
#4296 = CIRCLE('',#4297,0.25);
#4297 = AXIS2_PLACEMENT_3D('',#4298,#4299,#4300);
#4298 = CARTESIAN_POINT('',(17.128,-49.941,-0.41148));
#4299 = DIRECTION('',(0.E+000,0.E+000,1.));
#4300 = DIRECTION('',(1.,0.E+000,-0.E+000));
#4301 = CYLINDRICAL_SURFACE('',#4302,0.25);
#4302 = AXIS2_PLACEMENT_3D('',#4303,#4304,#4305);
#4303 = CARTESIAN_POINT('',(17.128,-49.941,-0.41148));
#4304 = DIRECTION('',(-0.E+000,-0.E+000,-1.));
#4305 = DIRECTION('',(1.,0.E+000,-0.E+000));
#4306 = ADVANCED_FACE('',(#4307),#4334,.F.);
#4307 = FACE_BOUND('',#4308,.T.);
#4308 = EDGE_LOOP('',(#4309,#4319,#4326,#4327));
#4309 = ORIENTED_EDGE('',*,*,#4310,.T.);
#4310 = EDGE_CURVE('',#4311,#4313,#4315,.T.);
#4311 = VERTEX_POINT('',#4312);
#4312 = CARTESIAN_POINT('',(16.647,-48.476,-0.41148));
#4313 = VERTEX_POINT('',#4314);
#4314 = CARTESIAN_POINT('',(16.647,-48.476,0.E+000));
#4315 = LINE('',#4316,#4317);
#4316 = CARTESIAN_POINT('',(16.647,-48.476,-0.41148));
#4317 = VECTOR('',#4318,1.);
#4318 = DIRECTION('',(0.E+000,0.E+000,1.));
#4319 = ORIENTED_EDGE('',*,*,#4320,.T.);
#4320 = EDGE_CURVE('',#4313,#4313,#4321,.T.);
#4321 = CIRCLE('',#4322,0.25);
#4322 = AXIS2_PLACEMENT_3D('',#4323,#4324,#4325);
#4323 = CARTESIAN_POINT('',(16.397,-48.476,0.E+000));
#4324 = DIRECTION('',(0.E+000,0.E+000,1.));
#4325 = DIRECTION('',(1.,0.E+000,-0.E+000));
#4326 = ORIENTED_EDGE('',*,*,#4310,.F.);
#4327 = ORIENTED_EDGE('',*,*,#4328,.F.);
#4328 = EDGE_CURVE('',#4311,#4311,#4329,.T.);
#4329 = CIRCLE('',#4330,0.25);
#4330 = AXIS2_PLACEMENT_3D('',#4331,#4332,#4333);
#4331 = CARTESIAN_POINT('',(16.397,-48.476,-0.41148));
#4332 = DIRECTION('',(0.E+000,0.E+000,1.));
#4333 = DIRECTION('',(1.,0.E+000,-0.E+000));
#4334 = CYLINDRICAL_SURFACE('',#4335,0.25);
#4335 = AXIS2_PLACEMENT_3D('',#4336,#4337,#4338);
#4336 = CARTESIAN_POINT('',(16.397,-48.476,-0.41148));
#4337 = DIRECTION('',(-0.E+000,-0.E+000,-1.));
#4338 = DIRECTION('',(1.,0.E+000,-0.E+000));
#4339 = ADVANCED_FACE('',(#4340),#4367,.F.);
#4340 = FACE_BOUND('',#4341,.T.);
#4341 = EDGE_LOOP('',(#4342,#4352,#4359,#4360));
#4342 = ORIENTED_EDGE('',*,*,#4343,.T.);
#4343 = EDGE_CURVE('',#4344,#4346,#4348,.T.);
#4344 = VERTEX_POINT('',#4345);
#4345 = CARTESIAN_POINT('',(28.313,-46.227,-0.41148));
#4346 = VERTEX_POINT('',#4347);
#4347 = CARTESIAN_POINT('',(28.313,-46.227,0.E+000));
#4348 = LINE('',#4349,#4350);
#4349 = CARTESIAN_POINT('',(28.313,-46.227,-0.41148));
#4350 = VECTOR('',#4351,1.);
#4351 = DIRECTION('',(0.E+000,0.E+000,1.));
#4352 = ORIENTED_EDGE('',*,*,#4353,.T.);
#4353 = EDGE_CURVE('',#4346,#4346,#4354,.T.);
#4354 = CIRCLE('',#4355,0.5);
#4355 = AXIS2_PLACEMENT_3D('',#4356,#4357,#4358);
#4356 = CARTESIAN_POINT('',(27.813,-46.227,0.E+000));
#4357 = DIRECTION('',(0.E+000,0.E+000,1.));
#4358 = DIRECTION('',(1.,0.E+000,-0.E+000));
#4359 = ORIENTED_EDGE('',*,*,#4343,.F.);
#4360 = ORIENTED_EDGE('',*,*,#4361,.F.);
#4361 = EDGE_CURVE('',#4344,#4344,#4362,.T.);
#4362 = CIRCLE('',#4363,0.5);
#4363 = AXIS2_PLACEMENT_3D('',#4364,#4365,#4366);
#4364 = CARTESIAN_POINT('',(27.813,-46.227,-0.41148));
#4365 = DIRECTION('',(0.E+000,0.E+000,1.));
#4366 = DIRECTION('',(1.,0.E+000,-0.E+000));
#4367 = CYLINDRICAL_SURFACE('',#4368,0.5);
#4368 = AXIS2_PLACEMENT_3D('',#4369,#4370,#4371);
#4369 = CARTESIAN_POINT('',(27.813,-46.227,-0.41148));
#4370 = DIRECTION('',(-0.E+000,-0.E+000,-1.));
#4371 = DIRECTION('',(1.,0.E+000,-0.E+000));
#4372 = ADVANCED_FACE('',(#4373),#4400,.F.);
#4373 = FACE_BOUND('',#4374,.T.);
#4374 = EDGE_LOOP('',(#4375,#4385,#4392,#4393));
#4375 = ORIENTED_EDGE('',*,*,#4376,.T.);
#4376 = EDGE_CURVE('',#4377,#4379,#4381,.T.);
#4377 = VERTEX_POINT('',#4378);
#4378 = CARTESIAN_POINT('',(28.313,-43.687,-0.41148));
#4379 = VERTEX_POINT('',#4380);
#4380 = CARTESIAN_POINT('',(28.313,-43.687,0.E+000));
#4381 = LINE('',#4382,#4383);
#4382 = CARTESIAN_POINT('',(28.313,-43.687,-0.41148));
#4383 = VECTOR('',#4384,1.);
#4384 = DIRECTION('',(0.E+000,0.E+000,1.));
#4385 = ORIENTED_EDGE('',*,*,#4386,.T.);
#4386 = EDGE_CURVE('',#4379,#4379,#4387,.T.);
#4387 = CIRCLE('',#4388,0.5);
#4388 = AXIS2_PLACEMENT_3D('',#4389,#4390,#4391);
#4389 = CARTESIAN_POINT('',(27.813,-43.687,0.E+000));
#4390 = DIRECTION('',(0.E+000,0.E+000,1.));
#4391 = DIRECTION('',(1.,0.E+000,-0.E+000));
#4392 = ORIENTED_EDGE('',*,*,#4376,.F.);
#4393 = ORIENTED_EDGE('',*,*,#4394,.F.);
#4394 = EDGE_CURVE('',#4377,#4377,#4395,.T.);
#4395 = CIRCLE('',#4396,0.5);
#4396 = AXIS2_PLACEMENT_3D('',#4397,#4398,#4399);
#4397 = CARTESIAN_POINT('',(27.813,-43.687,-0.41148));
#4398 = DIRECTION('',(0.E+000,0.E+000,1.));
#4399 = DIRECTION('',(1.,0.E+000,-0.E+000));
#4400 = CYLINDRICAL_SURFACE('',#4401,0.5);
#4401 = AXIS2_PLACEMENT_3D('',#4402,#4403,#4404);
#4402 = CARTESIAN_POINT('',(27.813,-43.687,-0.41148));
#4403 = DIRECTION('',(-0.E+000,-0.E+000,-1.));
#4404 = DIRECTION('',(1.,0.E+000,-0.E+000));
#4405 = ADVANCED_FACE('',(#4406),#4433,.F.);
#4406 = FACE_BOUND('',#4407,.T.);
#4407 = EDGE_LOOP('',(#4408,#4418,#4425,#4426));
#4408 = ORIENTED_EDGE('',*,*,#4409,.T.);
#4409 = EDGE_CURVE('',#4410,#4412,#4414,.T.);
#4410 = VERTEX_POINT('',#4411);
#4411 = CARTESIAN_POINT('',(16.502,-29.351,-0.41148));
#4412 = VERTEX_POINT('',#4413);
#4413 = CARTESIAN_POINT('',(16.502,-29.351,0.E+000));
#4414 = LINE('',#4415,#4416);
#4415 = CARTESIAN_POINT('',(16.502,-29.351,-0.41148));
#4416 = VECTOR('',#4417,1.);
#4417 = DIRECTION('',(0.E+000,0.E+000,1.));
#4418 = ORIENTED_EDGE('',*,*,#4419,.T.);
#4419 = EDGE_CURVE('',#4412,#4412,#4420,.T.);
#4420 = CIRCLE('',#4421,0.5);
#4421 = AXIS2_PLACEMENT_3D('',#4422,#4423,#4424);
#4422 = CARTESIAN_POINT('',(16.002,-29.351,0.E+000));
#4423 = DIRECTION('',(0.E+000,0.E+000,1.));
#4424 = DIRECTION('',(1.,0.E+000,-0.E+000));
#4425 = ORIENTED_EDGE('',*,*,#4409,.F.);
#4426 = ORIENTED_EDGE('',*,*,#4427,.F.);
#4427 = EDGE_CURVE('',#4410,#4410,#4428,.T.);
#4428 = CIRCLE('',#4429,0.5);
#4429 = AXIS2_PLACEMENT_3D('',#4430,#4431,#4432);
#4430 = CARTESIAN_POINT('',(16.002,-29.351,-0.41148));
#4431 = DIRECTION('',(0.E+000,0.E+000,1.));
#4432 = DIRECTION('',(1.,0.E+000,-0.E+000));
#4433 = CYLINDRICAL_SURFACE('',#4434,0.5);
#4434 = AXIS2_PLACEMENT_3D('',#4435,#4436,#4437);
#4435 = CARTESIAN_POINT('',(16.002,-29.351,-0.41148));
#4436 = DIRECTION('',(-0.E+000,-0.E+000,-1.));
#4437 = DIRECTION('',(1.,0.E+000,-0.E+000));
#4438 = ADVANCED_FACE('',(#4439),#4466,.F.);
#4439 = FACE_BOUND('',#4440,.T.);
#4440 = EDGE_LOOP('',(#4441,#4451,#4458,#4459));
#4441 = ORIENTED_EDGE('',*,*,#4442,.T.);
#4442 = EDGE_CURVE('',#4443,#4445,#4447,.T.);
#4443 = VERTEX_POINT('',#4444);
#4444 = CARTESIAN_POINT('',(16.502,-34.431,-0.41148));
#4445 = VERTEX_POINT('',#4446);
#4446 = CARTESIAN_POINT('',(16.502,-34.431,0.E+000));
#4447 = LINE('',#4448,#4449);
#4448 = CARTESIAN_POINT('',(16.502,-34.431,-0.41148));
#4449 = VECTOR('',#4450,1.);
#4450 = DIRECTION('',(0.E+000,0.E+000,1.));
#4451 = ORIENTED_EDGE('',*,*,#4452,.T.);
#4452 = EDGE_CURVE('',#4445,#4445,#4453,.T.);
#4453 = CIRCLE('',#4454,0.5);
#4454 = AXIS2_PLACEMENT_3D('',#4455,#4456,#4457);
#4455 = CARTESIAN_POINT('',(16.002,-34.431,0.E+000));
#4456 = DIRECTION('',(0.E+000,0.E+000,1.));
#4457 = DIRECTION('',(1.,0.E+000,-0.E+000));
#4458 = ORIENTED_EDGE('',*,*,#4442,.F.);
#4459 = ORIENTED_EDGE('',*,*,#4460,.F.);
#4460 = EDGE_CURVE('',#4443,#4443,#4461,.T.);
#4461 = CIRCLE('',#4462,0.5);
#4462 = AXIS2_PLACEMENT_3D('',#4463,#4464,#4465);
#4463 = CARTESIAN_POINT('',(16.002,-34.431,-0.41148));
#4464 = DIRECTION('',(0.E+000,0.E+000,1.));
#4465 = DIRECTION('',(1.,0.E+000,-0.E+000));
#4466 = CYLINDRICAL_SURFACE('',#4467,0.5);
#4467 = AXIS2_PLACEMENT_3D('',#4468,#4469,#4470);
#4468 = CARTESIAN_POINT('',(16.002,-34.431,-0.41148));
#4469 = DIRECTION('',(-0.E+000,-0.E+000,-1.));
#4470 = DIRECTION('',(1.,0.E+000,-0.E+000));
#4471 = ADVANCED_FACE('',(#4472),#4499,.F.);
#4472 = FACE_BOUND('',#4473,.T.);
#4473 = EDGE_LOOP('',(#4474,#4484,#4491,#4492));
#4474 = ORIENTED_EDGE('',*,*,#4475,.T.);
#4475 = EDGE_CURVE('',#4476,#4478,#4480,.T.);
#4476 = VERTEX_POINT('',#4477);
#4477 = CARTESIAN_POINT('',(16.502,-31.891,-0.41148));
#4478 = VERTEX_POINT('',#4479);
#4479 = CARTESIAN_POINT('',(16.502,-31.891,0.E+000));
#4480 = LINE('',#4481,#4482);
#4481 = CARTESIAN_POINT('',(16.502,-31.891,-0.41148));
#4482 = VECTOR('',#4483,1.);
#4483 = DIRECTION('',(0.E+000,0.E+000,1.));
#4484 = ORIENTED_EDGE('',*,*,#4485,.T.);
#4485 = EDGE_CURVE('',#4478,#4478,#4486,.T.);
#4486 = CIRCLE('',#4487,0.5);
#4487 = AXIS2_PLACEMENT_3D('',#4488,#4489,#4490);
#4488 = CARTESIAN_POINT('',(16.002,-31.891,0.E+000));
#4489 = DIRECTION('',(0.E+000,0.E+000,1.));
#4490 = DIRECTION('',(1.,0.E+000,-0.E+000));
#4491 = ORIENTED_EDGE('',*,*,#4475,.F.);
#4492 = ORIENTED_EDGE('',*,*,#4493,.F.);
#4493 = EDGE_CURVE('',#4476,#4476,#4494,.T.);
#4494 = CIRCLE('',#4495,0.5);
#4495 = AXIS2_PLACEMENT_3D('',#4496,#4497,#4498);
#4496 = CARTESIAN_POINT('',(16.002,-31.891,-0.41148));
#4497 = DIRECTION('',(0.E+000,0.E+000,1.));
#4498 = DIRECTION('',(1.,0.E+000,-0.E+000));
#4499 = CYLINDRICAL_SURFACE('',#4500,0.5);
#4500 = AXIS2_PLACEMENT_3D('',#4501,#4502,#4503);
#4501 = CARTESIAN_POINT('',(16.002,-31.891,-0.41148));
#4502 = DIRECTION('',(-0.E+000,-0.E+000,-1.));
#4503 = DIRECTION('',(1.,0.E+000,-0.E+000));
#4504 = ADVANCED_FACE('',(#4505),#4532,.F.);
#4505 = FACE_BOUND('',#4506,.T.);
#4506 = EDGE_LOOP('',(#4507,#4517,#4524,#4525));
#4507 = ORIENTED_EDGE('',*,*,#4508,.T.);
#4508 = EDGE_CURVE('',#4509,#4511,#4513,.T.);
#4509 = VERTEX_POINT('',#4510);
#4510 = CARTESIAN_POINT('',(16.502,-19.191,-0.41148));
#4511 = VERTEX_POINT('',#4512);
#4512 = CARTESIAN_POINT('',(16.502,-19.191,0.E+000));
#4513 = LINE('',#4514,#4515);
#4514 = CARTESIAN_POINT('',(16.502,-19.191,-0.41148));
#4515 = VECTOR('',#4516,1.);
#4516 = DIRECTION('',(0.E+000,0.E+000,1.));
#4517 = ORIENTED_EDGE('',*,*,#4518,.T.);
#4518 = EDGE_CURVE('',#4511,#4511,#4519,.T.);
#4519 = CIRCLE('',#4520,0.5);
#4520 = AXIS2_PLACEMENT_3D('',#4521,#4522,#4523);
#4521 = CARTESIAN_POINT('',(16.002,-19.191,0.E+000));
#4522 = DIRECTION('',(0.E+000,0.E+000,1.));
#4523 = DIRECTION('',(1.,0.E+000,-0.E+000));
#4524 = ORIENTED_EDGE('',*,*,#4508,.F.);
#4525 = ORIENTED_EDGE('',*,*,#4526,.F.);
#4526 = EDGE_CURVE('',#4509,#4509,#4527,.T.);
#4527 = CIRCLE('',#4528,0.5);
#4528 = AXIS2_PLACEMENT_3D('',#4529,#4530,#4531);
#4529 = CARTESIAN_POINT('',(16.002,-19.191,-0.41148));
#4530 = DIRECTION('',(0.E+000,0.E+000,1.));
#4531 = DIRECTION('',(1.,0.E+000,-0.E+000));
#4532 = CYLINDRICAL_SURFACE('',#4533,0.5);
#4533 = AXIS2_PLACEMENT_3D('',#4534,#4535,#4536);
#4534 = CARTESIAN_POINT('',(16.002,-19.191,-0.41148));
#4535 = DIRECTION('',(-0.E+000,-0.E+000,-1.));
#4536 = DIRECTION('',(1.,0.E+000,-0.E+000));
#4537 = ADVANCED_FACE('',(#4538),#4565,.F.);
#4538 = FACE_BOUND('',#4539,.T.);
#4539 = EDGE_LOOP('',(#4540,#4550,#4557,#4558));
#4540 = ORIENTED_EDGE('',*,*,#4541,.T.);
#4541 = EDGE_CURVE('',#4542,#4544,#4546,.T.);
#4542 = VERTEX_POINT('',#4543);
#4543 = CARTESIAN_POINT('',(16.502,-26.811,-0.41148));
#4544 = VERTEX_POINT('',#4545);
#4545 = CARTESIAN_POINT('',(16.502,-26.811,0.E+000));
#4546 = LINE('',#4547,#4548);
#4547 = CARTESIAN_POINT('',(16.502,-26.811,-0.41148));
#4548 = VECTOR('',#4549,1.);
#4549 = DIRECTION('',(0.E+000,0.E+000,1.));
#4550 = ORIENTED_EDGE('',*,*,#4551,.T.);
#4551 = EDGE_CURVE('',#4544,#4544,#4552,.T.);
#4552 = CIRCLE('',#4553,0.5);
#4553 = AXIS2_PLACEMENT_3D('',#4554,#4555,#4556);
#4554 = CARTESIAN_POINT('',(16.002,-26.811,0.E+000));
#4555 = DIRECTION('',(0.E+000,0.E+000,1.));
#4556 = DIRECTION('',(1.,0.E+000,-0.E+000));
#4557 = ORIENTED_EDGE('',*,*,#4541,.F.);
#4558 = ORIENTED_EDGE('',*,*,#4559,.F.);
#4559 = EDGE_CURVE('',#4542,#4542,#4560,.T.);
#4560 = CIRCLE('',#4561,0.5);
#4561 = AXIS2_PLACEMENT_3D('',#4562,#4563,#4564);
#4562 = CARTESIAN_POINT('',(16.002,-26.811,-0.41148));
#4563 = DIRECTION('',(0.E+000,0.E+000,1.));
#4564 = DIRECTION('',(1.,0.E+000,-0.E+000));
#4565 = CYLINDRICAL_SURFACE('',#4566,0.5);
#4566 = AXIS2_PLACEMENT_3D('',#4567,#4568,#4569);
#4567 = CARTESIAN_POINT('',(16.002,-26.811,-0.41148));
#4568 = DIRECTION('',(-0.E+000,-0.E+000,-1.));
#4569 = DIRECTION('',(1.,0.E+000,-0.E+000));
#4570 = ADVANCED_FACE('',(#4571),#4598,.F.);
#4571 = FACE_BOUND('',#4572,.T.);
#4572 = EDGE_LOOP('',(#4573,#4583,#4590,#4591));
#4573 = ORIENTED_EDGE('',*,*,#4574,.T.);
#4574 = EDGE_CURVE('',#4575,#4577,#4579,.T.);
#4575 = VERTEX_POINT('',#4576);
#4576 = CARTESIAN_POINT('',(16.502,-24.271,-0.41148));
#4577 = VERTEX_POINT('',#4578);
#4578 = CARTESIAN_POINT('',(16.502,-24.271,0.E+000));
#4579 = LINE('',#4580,#4581);
#4580 = CARTESIAN_POINT('',(16.502,-24.271,-0.41148));
#4581 = VECTOR('',#4582,1.);
#4582 = DIRECTION('',(0.E+000,0.E+000,1.));
#4583 = ORIENTED_EDGE('',*,*,#4584,.T.);
#4584 = EDGE_CURVE('',#4577,#4577,#4585,.T.);
#4585 = CIRCLE('',#4586,0.5);
#4586 = AXIS2_PLACEMENT_3D('',#4587,#4588,#4589);
#4587 = CARTESIAN_POINT('',(16.002,-24.271,0.E+000));
#4588 = DIRECTION('',(0.E+000,0.E+000,1.));
#4589 = DIRECTION('',(1.,0.E+000,-0.E+000));
#4590 = ORIENTED_EDGE('',*,*,#4574,.F.);
#4591 = ORIENTED_EDGE('',*,*,#4592,.F.);
#4592 = EDGE_CURVE('',#4575,#4575,#4593,.T.);
#4593 = CIRCLE('',#4594,0.5);
#4594 = AXIS2_PLACEMENT_3D('',#4595,#4596,#4597);
#4595 = CARTESIAN_POINT('',(16.002,-24.271,-0.41148));
#4596 = DIRECTION('',(0.E+000,0.E+000,1.));
#4597 = DIRECTION('',(1.,0.E+000,-0.E+000));
#4598 = CYLINDRICAL_SURFACE('',#4599,0.5);
#4599 = AXIS2_PLACEMENT_3D('',#4600,#4601,#4602);
#4600 = CARTESIAN_POINT('',(16.002,-24.271,-0.41148));
#4601 = DIRECTION('',(-0.E+000,-0.E+000,-1.));
#4602 = DIRECTION('',(1.,0.E+000,-0.E+000));
#4603 = ADVANCED_FACE('',(#4604),#4631,.F.);
#4604 = FACE_BOUND('',#4605,.T.);
#4605 = EDGE_LOOP('',(#4606,#4616,#4623,#4624));
#4606 = ORIENTED_EDGE('',*,*,#4607,.T.);
#4607 = EDGE_CURVE('',#4608,#4610,#4612,.T.);
#4608 = VERTEX_POINT('',#4609);
#4609 = CARTESIAN_POINT('',(16.502,-21.731,-0.41148));
#4610 = VERTEX_POINT('',#4611);
#4611 = CARTESIAN_POINT('',(16.502,-21.731,0.E+000));
#4612 = LINE('',#4613,#4614);
#4613 = CARTESIAN_POINT('',(16.502,-21.731,-0.41148));
#4614 = VECTOR('',#4615,1.);
#4615 = DIRECTION('',(0.E+000,0.E+000,1.));
#4616 = ORIENTED_EDGE('',*,*,#4617,.T.);
#4617 = EDGE_CURVE('',#4610,#4610,#4618,.T.);
#4618 = CIRCLE('',#4619,0.5);
#4619 = AXIS2_PLACEMENT_3D('',#4620,#4621,#4622);
#4620 = CARTESIAN_POINT('',(16.002,-21.731,0.E+000));
#4621 = DIRECTION('',(0.E+000,0.E+000,1.));
#4622 = DIRECTION('',(1.,0.E+000,-0.E+000));
#4623 = ORIENTED_EDGE('',*,*,#4607,.F.);
#4624 = ORIENTED_EDGE('',*,*,#4625,.F.);
#4625 = EDGE_CURVE('',#4608,#4608,#4626,.T.);
#4626 = CIRCLE('',#4627,0.5);
#4627 = AXIS2_PLACEMENT_3D('',#4628,#4629,#4630);
#4628 = CARTESIAN_POINT('',(16.002,-21.731,-0.41148));
#4629 = DIRECTION('',(0.E+000,0.E+000,1.));
#4630 = DIRECTION('',(1.,0.E+000,-0.E+000));
#4631 = CYLINDRICAL_SURFACE('',#4632,0.5);
#4632 = AXIS2_PLACEMENT_3D('',#4633,#4634,#4635);
#4633 = CARTESIAN_POINT('',(16.002,-21.731,-0.41148));
#4634 = DIRECTION('',(-0.E+000,-0.E+000,-1.));
#4635 = DIRECTION('',(1.,0.E+000,-0.E+000));
#4636 = ADVANCED_FACE('',(#4637),#4664,.F.);
#4637 = FACE_BOUND('',#4638,.T.);
#4638 = EDGE_LOOP('',(#4639,#4649,#4656,#4657));
#4639 = ORIENTED_EDGE('',*,*,#4640,.T.);
#4640 = EDGE_CURVE('',#4641,#4643,#4645,.T.);
#4641 = VERTEX_POINT('',#4642);
#4642 = CARTESIAN_POINT('',(28.313,-41.148,-0.41148));
#4643 = VERTEX_POINT('',#4644);
#4644 = CARTESIAN_POINT('',(28.313,-41.148,0.E+000));
#4645 = LINE('',#4646,#4647);
#4646 = CARTESIAN_POINT('',(28.313,-41.148,-0.41148));
#4647 = VECTOR('',#4648,1.);
#4648 = DIRECTION('',(0.E+000,0.E+000,1.));
#4649 = ORIENTED_EDGE('',*,*,#4650,.T.);
#4650 = EDGE_CURVE('',#4643,#4643,#4651,.T.);
#4651 = CIRCLE('',#4652,0.5);
#4652 = AXIS2_PLACEMENT_3D('',#4653,#4654,#4655);
#4653 = CARTESIAN_POINT('',(27.813,-41.148,0.E+000));
#4654 = DIRECTION('',(0.E+000,0.E+000,1.));
#4655 = DIRECTION('',(1.,0.E+000,-0.E+000));
#4656 = ORIENTED_EDGE('',*,*,#4640,.F.);
#4657 = ORIENTED_EDGE('',*,*,#4658,.F.);
#4658 = EDGE_CURVE('',#4641,#4641,#4659,.T.);
#4659 = CIRCLE('',#4660,0.5);
#4660 = AXIS2_PLACEMENT_3D('',#4661,#4662,#4663);
#4661 = CARTESIAN_POINT('',(27.813,-41.148,-0.41148));
#4662 = DIRECTION('',(0.E+000,0.E+000,1.));
#4663 = DIRECTION('',(1.,0.E+000,-0.E+000));
#4664 = CYLINDRICAL_SURFACE('',#4665,0.5);
#4665 = AXIS2_PLACEMENT_3D('',#4666,#4667,#4668);
#4666 = CARTESIAN_POINT('',(27.813,-41.148,-0.41148));
#4667 = DIRECTION('',(-0.E+000,-0.E+000,-1.));
#4668 = DIRECTION('',(1.,0.E+000,-0.E+000));
#4669 = ADVANCED_FACE('',(#4670),#4697,.F.);
#4670 = FACE_BOUND('',#4671,.T.);
#4671 = EDGE_LOOP('',(#4672,#4682,#4689,#4690));
#4672 = ORIENTED_EDGE('',*,*,#4673,.T.);
#4673 = EDGE_CURVE('',#4674,#4676,#4678,.T.);
#4674 = VERTEX_POINT('',#4675);
#4675 = CARTESIAN_POINT('',(23.721,-27.686,-0.41148));
#4676 = VERTEX_POINT('',#4677);
#4677 = CARTESIAN_POINT('',(23.721,-27.686,0.E+000));
#4678 = LINE('',#4679,#4680);
#4679 = CARTESIAN_POINT('',(23.721,-27.686,-0.41148));
#4680 = VECTOR('',#4681,1.);
#4681 = DIRECTION('',(0.E+000,0.E+000,1.));
#4682 = ORIENTED_EDGE('',*,*,#4683,.T.);
#4683 = EDGE_CURVE('',#4676,#4676,#4684,.T.);
#4684 = CIRCLE('',#4685,1.75);
#4685 = AXIS2_PLACEMENT_3D('',#4686,#4687,#4688);
#4686 = CARTESIAN_POINT('',(21.971,-27.686,0.E+000));
#4687 = DIRECTION('',(0.E+000,0.E+000,1.));
#4688 = DIRECTION('',(1.,0.E+000,-0.E+000));
#4689 = ORIENTED_EDGE('',*,*,#4673,.F.);
#4690 = ORIENTED_EDGE('',*,*,#4691,.F.);
#4691 = EDGE_CURVE('',#4674,#4674,#4692,.T.);
#4692 = CIRCLE('',#4693,1.75);
#4693 = AXIS2_PLACEMENT_3D('',#4694,#4695,#4696);
#4694 = CARTESIAN_POINT('',(21.971,-27.686,-0.41148));
#4695 = DIRECTION('',(0.E+000,0.E+000,1.));
#4696 = DIRECTION('',(1.,0.E+000,-0.E+000));
#4697 = CYLINDRICAL_SURFACE('',#4698,1.75);
#4698 = AXIS2_PLACEMENT_3D('',#4699,#4700,#4701);
#4699 = CARTESIAN_POINT('',(21.971,-27.686,-0.41148));
#4700 = DIRECTION('',(-0.E+000,-0.E+000,-1.));
#4701 = DIRECTION('',(1.,0.E+000,-0.E+000));
#4702 = ADVANCED_FACE('',(#4703),#4730,.F.);
#4703 = FACE_BOUND('',#4704,.T.);
#4704 = EDGE_LOOP('',(#4705,#4715,#4722,#4723));
#4705 = ORIENTED_EDGE('',*,*,#4706,.T.);
#4706 = EDGE_CURVE('',#4707,#4709,#4711,.T.);
#4707 = VERTEX_POINT('',#4708);
#4708 = CARTESIAN_POINT('',(16.502,-16.651,-0.41148));
#4709 = VERTEX_POINT('',#4710);
#4710 = CARTESIAN_POINT('',(16.502,-16.651,0.E+000));
#4711 = LINE('',#4712,#4713);
#4712 = CARTESIAN_POINT('',(16.502,-16.651,-0.41148));
#4713 = VECTOR('',#4714,1.);
#4714 = DIRECTION('',(0.E+000,0.E+000,1.));
#4715 = ORIENTED_EDGE('',*,*,#4716,.T.);
#4716 = EDGE_CURVE('',#4709,#4709,#4717,.T.);
#4717 = CIRCLE('',#4718,0.5);
#4718 = AXIS2_PLACEMENT_3D('',#4719,#4720,#4721);
#4719 = CARTESIAN_POINT('',(16.002,-16.651,0.E+000));
#4720 = DIRECTION('',(0.E+000,0.E+000,1.));
#4721 = DIRECTION('',(1.,0.E+000,-0.E+000));
#4722 = ORIENTED_EDGE('',*,*,#4706,.F.);
#4723 = ORIENTED_EDGE('',*,*,#4724,.F.);
#4724 = EDGE_CURVE('',#4707,#4707,#4725,.T.);
#4725 = CIRCLE('',#4726,0.5);
#4726 = AXIS2_PLACEMENT_3D('',#4727,#4728,#4729);
#4727 = CARTESIAN_POINT('',(16.002,-16.651,-0.41148));
#4728 = DIRECTION('',(0.E+000,0.E+000,1.));
#4729 = DIRECTION('',(1.,0.E+000,-0.E+000));
#4730 = CYLINDRICAL_SURFACE('',#4731,0.5);
#4731 = AXIS2_PLACEMENT_3D('',#4732,#4733,#4734);
#4732 = CARTESIAN_POINT('',(16.002,-16.651,-0.41148));
#4733 = DIRECTION('',(-0.E+000,-0.E+000,-1.));
#4734 = DIRECTION('',(1.,0.E+000,-0.E+000));
#4735 = ADVANCED_FACE('',(#4736),#4763,.F.);
#4736 = FACE_BOUND('',#4737,.T.);
#4737 = EDGE_LOOP('',(#4738,#4748,#4755,#4756));
#4738 = ORIENTED_EDGE('',*,*,#4739,.T.);
#4739 = EDGE_CURVE('',#4740,#4742,#4744,.T.);
#4740 = VERTEX_POINT('',#4741);
#4741 = CARTESIAN_POINT('',(23.029,-21.082,-0.41148));
#4742 = VERTEX_POINT('',#4743);
#4743 = CARTESIAN_POINT('',(23.029,-21.082,0.E+000));
#4744 = LINE('',#4745,#4746);
#4745 = CARTESIAN_POINT('',(23.029,-21.082,-0.41148));
#4746 = VECTOR('',#4747,1.);
#4747 = DIRECTION('',(0.E+000,0.E+000,1.));
#4748 = ORIENTED_EDGE('',*,*,#4749,.T.);
#4749 = EDGE_CURVE('',#4742,#4742,#4750,.T.);
#4750 = CIRCLE('',#4751,0.55);
#4751 = AXIS2_PLACEMENT_3D('',#4752,#4753,#4754);
#4752 = CARTESIAN_POINT('',(22.479,-21.082,0.E+000));
#4753 = DIRECTION('',(0.E+000,0.E+000,1.));
#4754 = DIRECTION('',(1.,0.E+000,-0.E+000));
#4755 = ORIENTED_EDGE('',*,*,#4739,.F.);
#4756 = ORIENTED_EDGE('',*,*,#4757,.F.);
#4757 = EDGE_CURVE('',#4740,#4740,#4758,.T.);
#4758 = CIRCLE('',#4759,0.55);
#4759 = AXIS2_PLACEMENT_3D('',#4760,#4761,#4762);
#4760 = CARTESIAN_POINT('',(22.479,-21.082,-0.41148));
#4761 = DIRECTION('',(0.E+000,0.E+000,1.));
#4762 = DIRECTION('',(1.,0.E+000,-0.E+000));
#4763 = CYLINDRICAL_SURFACE('',#4764,0.55);
#4764 = AXIS2_PLACEMENT_3D('',#4765,#4766,#4767);
#4765 = CARTESIAN_POINT('',(22.479,-21.082,-0.41148));
#4766 = DIRECTION('',(-0.E+000,-0.E+000,-1.));
#4767 = DIRECTION('',(1.,0.E+000,-0.E+000));
#4768 = ADVANCED_FACE('',(#4769),#4796,.F.);
#4769 = FACE_BOUND('',#4770,.T.);
#4770 = EDGE_LOOP('',(#4771,#4781,#4788,#4789));
#4771 = ORIENTED_EDGE('',*,*,#4772,.T.);
#4772 = EDGE_CURVE('',#4773,#4775,#4777,.T.);
#4773 = VERTEX_POINT('',#4774);
#4774 = CARTESIAN_POINT('',(23.029,-18.542,-0.41148));
#4775 = VERTEX_POINT('',#4776);
#4776 = CARTESIAN_POINT('',(23.029,-18.542,0.E+000));
#4777 = LINE('',#4778,#4779);
#4778 = CARTESIAN_POINT('',(23.029,-18.542,-0.41148));
#4779 = VECTOR('',#4780,1.);
#4780 = DIRECTION('',(0.E+000,0.E+000,1.));
#4781 = ORIENTED_EDGE('',*,*,#4782,.T.);
#4782 = EDGE_CURVE('',#4775,#4775,#4783,.T.);
#4783 = CIRCLE('',#4784,0.55);
#4784 = AXIS2_PLACEMENT_3D('',#4785,#4786,#4787);
#4785 = CARTESIAN_POINT('',(22.479,-18.542,0.E+000));
#4786 = DIRECTION('',(0.E+000,0.E+000,1.));
#4787 = DIRECTION('',(1.,0.E+000,-0.E+000));
#4788 = ORIENTED_EDGE('',*,*,#4772,.F.);
#4789 = ORIENTED_EDGE('',*,*,#4790,.F.);
#4790 = EDGE_CURVE('',#4773,#4773,#4791,.T.);
#4791 = CIRCLE('',#4792,0.55);
#4792 = AXIS2_PLACEMENT_3D('',#4793,#4794,#4795);
#4793 = CARTESIAN_POINT('',(22.479,-18.542,-0.41148));
#4794 = DIRECTION('',(0.E+000,0.E+000,1.));
#4795 = DIRECTION('',(1.,0.E+000,-0.E+000));
#4796 = CYLINDRICAL_SURFACE('',#4797,0.55);
#4797 = AXIS2_PLACEMENT_3D('',#4798,#4799,#4800);
#4798 = CARTESIAN_POINT('',(22.479,-18.542,-0.41148));
#4799 = DIRECTION('',(-0.E+000,-0.E+000,-1.));
#4800 = DIRECTION('',(1.,0.E+000,-0.E+000));
#4801 = ADVANCED_FACE('',(#4802),#4829,.F.);
#4802 = FACE_BOUND('',#4803,.T.);
#4803 = EDGE_LOOP('',(#4804,#4814,#4821,#4822));
#4804 = ORIENTED_EDGE('',*,*,#4805,.T.);
#4805 = EDGE_CURVE('',#4806,#4808,#4810,.T.);
#4806 = VERTEX_POINT('',#4807);
#4807 = CARTESIAN_POINT('',(28.313,-48.767,-0.41148));
#4808 = VERTEX_POINT('',#4809);
#4809 = CARTESIAN_POINT('',(28.313,-48.767,0.E+000));
#4810 = LINE('',#4811,#4812);
#4811 = CARTESIAN_POINT('',(28.313,-48.767,-0.41148));
#4812 = VECTOR('',#4813,1.);
#4813 = DIRECTION('',(0.E+000,0.E+000,1.));
#4814 = ORIENTED_EDGE('',*,*,#4815,.T.);
#4815 = EDGE_CURVE('',#4808,#4808,#4816,.T.);
#4816 = CIRCLE('',#4817,0.5);
#4817 = AXIS2_PLACEMENT_3D('',#4818,#4819,#4820);
#4818 = CARTESIAN_POINT('',(27.813,-48.767,0.E+000));
#4819 = DIRECTION('',(0.E+000,0.E+000,1.));
#4820 = DIRECTION('',(1.,0.E+000,-0.E+000));
#4821 = ORIENTED_EDGE('',*,*,#4805,.F.);
#4822 = ORIENTED_EDGE('',*,*,#4823,.F.);
#4823 = EDGE_CURVE('',#4806,#4806,#4824,.T.);
#4824 = CIRCLE('',#4825,0.5);
#4825 = AXIS2_PLACEMENT_3D('',#4826,#4827,#4828);
#4826 = CARTESIAN_POINT('',(27.813,-48.767,-0.41148));
#4827 = DIRECTION('',(0.E+000,0.E+000,1.));
#4828 = DIRECTION('',(1.,0.E+000,-0.E+000));
#4829 = CYLINDRICAL_SURFACE('',#4830,0.5);
#4830 = AXIS2_PLACEMENT_3D('',#4831,#4832,#4833);
#4831 = CARTESIAN_POINT('',(27.813,-48.767,-0.41148));
#4832 = DIRECTION('',(-0.E+000,-0.E+000,-1.));
#4833 = DIRECTION('',(1.,0.E+000,-0.E+000));
#4834 = ADVANCED_FACE('',(#4835),#4862,.F.);
#4835 = FACE_BOUND('',#4836,.T.);
#4836 = EDGE_LOOP('',(#4837,#4847,#4854,#4855));
#4837 = ORIENTED_EDGE('',*,*,#4838,.T.);
#4838 = EDGE_CURVE('',#4839,#4841,#4843,.T.);
#4839 = VERTEX_POINT('',#4840);
#4840 = CARTESIAN_POINT('',(34.84,-41.028,-0.41148));
#4841 = VERTEX_POINT('',#4842);
#4842 = CARTESIAN_POINT('',(34.84,-41.028,0.E+000));
#4843 = LINE('',#4844,#4845);
#4844 = CARTESIAN_POINT('',(34.84,-41.028,-0.41148));
#4845 = VECTOR('',#4846,1.);
#4846 = DIRECTION('',(0.E+000,0.E+000,1.));
#4847 = ORIENTED_EDGE('',*,*,#4848,.T.);
#4848 = EDGE_CURVE('',#4841,#4841,#4849,.T.);
#4849 = CIRCLE('',#4850,0.55);
#4850 = AXIS2_PLACEMENT_3D('',#4851,#4852,#4853);
#4851 = CARTESIAN_POINT('',(34.29,-41.028,0.E+000));
#4852 = DIRECTION('',(0.E+000,0.E+000,1.));
#4853 = DIRECTION('',(1.,0.E+000,-0.E+000));
#4854 = ORIENTED_EDGE('',*,*,#4838,.F.);
#4855 = ORIENTED_EDGE('',*,*,#4856,.F.);
#4856 = EDGE_CURVE('',#4839,#4839,#4857,.T.);
#4857 = CIRCLE('',#4858,0.55);
#4858 = AXIS2_PLACEMENT_3D('',#4859,#4860,#4861);
#4859 = CARTESIAN_POINT('',(34.29,-41.028,-0.41148));
#4860 = DIRECTION('',(0.E+000,0.E+000,1.));
#4861 = DIRECTION('',(1.,0.E+000,-0.E+000));
#4862 = CYLINDRICAL_SURFACE('',#4863,0.55);
#4863 = AXIS2_PLACEMENT_3D('',#4864,#4865,#4866);
#4864 = CARTESIAN_POINT('',(34.29,-41.028,-0.41148));
#4865 = DIRECTION('',(-0.E+000,-0.E+000,-1.));
#4866 = DIRECTION('',(1.,0.E+000,-0.E+000));
#4867 = ADVANCED_FACE('',(#4868),#4895,.F.);
#4868 = FACE_BOUND('',#4869,.T.);
#4869 = EDGE_LOOP('',(#4870,#4880,#4887,#4888));
#4870 = ORIENTED_EDGE('',*,*,#4871,.T.);
#4871 = EDGE_CURVE('',#4872,#4874,#4876,.T.);
#4872 = VERTEX_POINT('',#4873);
#4873 = CARTESIAN_POINT('',(28.313,-38.608,-0.41148));
#4874 = VERTEX_POINT('',#4875);
#4875 = CARTESIAN_POINT('',(28.313,-38.608,0.E+000));
#4876 = LINE('',#4877,#4878);
#4877 = CARTESIAN_POINT('',(28.313,-38.608,-0.41148));
#4878 = VECTOR('',#4879,1.);
#4879 = DIRECTION('',(0.E+000,0.E+000,1.));
#4880 = ORIENTED_EDGE('',*,*,#4881,.T.);
#4881 = EDGE_CURVE('',#4874,#4874,#4882,.T.);
#4882 = CIRCLE('',#4883,0.5);
#4883 = AXIS2_PLACEMENT_3D('',#4884,#4885,#4886);
#4884 = CARTESIAN_POINT('',(27.813,-38.608,0.E+000));
#4885 = DIRECTION('',(0.E+000,0.E+000,1.));
#4886 = DIRECTION('',(1.,0.E+000,-0.E+000));
#4887 = ORIENTED_EDGE('',*,*,#4871,.F.);
#4888 = ORIENTED_EDGE('',*,*,#4889,.F.);
#4889 = EDGE_CURVE('',#4872,#4872,#4890,.T.);
#4890 = CIRCLE('',#4891,0.5);
#4891 = AXIS2_PLACEMENT_3D('',#4892,#4893,#4894);
#4892 = CARTESIAN_POINT('',(27.813,-38.608,-0.41148));
#4893 = DIRECTION('',(0.E+000,0.E+000,1.));
#4894 = DIRECTION('',(1.,0.E+000,-0.E+000));
#4895 = CYLINDRICAL_SURFACE('',#4896,0.5);
#4896 = AXIS2_PLACEMENT_3D('',#4897,#4898,#4899);
#4897 = CARTESIAN_POINT('',(27.813,-38.608,-0.41148));
#4898 = DIRECTION('',(-0.E+000,-0.E+000,-1.));
#4899 = DIRECTION('',(1.,0.E+000,-0.E+000));
#4900 = ADVANCED_FACE('',(#4901),#4928,.F.);
#4901 = FACE_BOUND('',#4902,.T.);
#4902 = EDGE_LOOP('',(#4903,#4913,#4920,#4921));
#4903 = ORIENTED_EDGE('',*,*,#4904,.T.);
#4904 = EDGE_CURVE('',#4905,#4907,#4909,.T.);
#4905 = VERTEX_POINT('',#4906);
#4906 = CARTESIAN_POINT('',(28.313,-36.068,-0.41148));
#4907 = VERTEX_POINT('',#4908);
#4908 = CARTESIAN_POINT('',(28.313,-36.068,0.E+000));
#4909 = LINE('',#4910,#4911);
#4910 = CARTESIAN_POINT('',(28.313,-36.068,-0.41148));
#4911 = VECTOR('',#4912,1.);
#4912 = DIRECTION('',(0.E+000,0.E+000,1.));
#4913 = ORIENTED_EDGE('',*,*,#4914,.T.);
#4914 = EDGE_CURVE('',#4907,#4907,#4915,.T.);
#4915 = CIRCLE('',#4916,0.5);
#4916 = AXIS2_PLACEMENT_3D('',#4917,#4918,#4919);
#4917 = CARTESIAN_POINT('',(27.813,-36.068,0.E+000));
#4918 = DIRECTION('',(0.E+000,0.E+000,1.));
#4919 = DIRECTION('',(1.,0.E+000,-0.E+000));
#4920 = ORIENTED_EDGE('',*,*,#4904,.F.);
#4921 = ORIENTED_EDGE('',*,*,#4922,.F.);
#4922 = EDGE_CURVE('',#4905,#4905,#4923,.T.);
#4923 = CIRCLE('',#4924,0.5);
#4924 = AXIS2_PLACEMENT_3D('',#4925,#4926,#4927);
#4925 = CARTESIAN_POINT('',(27.813,-36.068,-0.41148));
#4926 = DIRECTION('',(0.E+000,0.E+000,1.));
#4927 = DIRECTION('',(1.,0.E+000,-0.E+000));
#4928 = CYLINDRICAL_SURFACE('',#4929,0.5);
#4929 = AXIS2_PLACEMENT_3D('',#4930,#4931,#4932);
#4930 = CARTESIAN_POINT('',(27.813,-36.068,-0.41148));
#4931 = DIRECTION('',(-0.E+000,-0.E+000,-1.));
#4932 = DIRECTION('',(1.,0.E+000,-0.E+000));
#4933 = ADVANCED_FACE('',(#4934),#4961,.F.);
#4934 = FACE_BOUND('',#4935,.T.);
#4935 = EDGE_LOOP('',(#4936,#4946,#4953,#4954));
#4936 = ORIENTED_EDGE('',*,*,#4937,.T.);
#4937 = EDGE_CURVE('',#4938,#4940,#4942,.T.);
#4938 = VERTEX_POINT('',#4939);
#4939 = CARTESIAN_POINT('',(28.313,-33.528,-0.41148));
#4940 = VERTEX_POINT('',#4941);
#4941 = CARTESIAN_POINT('',(28.313,-33.528,0.E+000));
#4942 = LINE('',#4943,#4944);
#4943 = CARTESIAN_POINT('',(28.313,-33.528,-0.41148));
#4944 = VECTOR('',#4945,1.);
#4945 = DIRECTION('',(0.E+000,0.E+000,1.));
#4946 = ORIENTED_EDGE('',*,*,#4947,.T.);
#4947 = EDGE_CURVE('',#4940,#4940,#4948,.T.);
#4948 = CIRCLE('',#4949,0.5);
#4949 = AXIS2_PLACEMENT_3D('',#4950,#4951,#4952);
#4950 = CARTESIAN_POINT('',(27.813,-33.528,0.E+000));
#4951 = DIRECTION('',(0.E+000,0.E+000,1.));
#4952 = DIRECTION('',(1.,0.E+000,-0.E+000));
#4953 = ORIENTED_EDGE('',*,*,#4937,.F.);
#4954 = ORIENTED_EDGE('',*,*,#4955,.F.);
#4955 = EDGE_CURVE('',#4938,#4938,#4956,.T.);
#4956 = CIRCLE('',#4957,0.5);
#4957 = AXIS2_PLACEMENT_3D('',#4958,#4959,#4960);
#4958 = CARTESIAN_POINT('',(27.813,-33.528,-0.41148));
#4959 = DIRECTION('',(0.E+000,0.E+000,1.));
#4960 = DIRECTION('',(1.,0.E+000,-0.E+000));
#4961 = CYLINDRICAL_SURFACE('',#4962,0.5);
#4962 = AXIS2_PLACEMENT_3D('',#4963,#4964,#4965);
#4963 = CARTESIAN_POINT('',(27.813,-33.528,-0.41148));
#4964 = DIRECTION('',(-0.E+000,-0.E+000,-1.));
#4965 = DIRECTION('',(1.,0.E+000,-0.E+000));
#4966 = ADVANCED_FACE('',(#4967),#4994,.F.);
#4967 = FACE_BOUND('',#4968,.T.);
#4968 = EDGE_LOOP('',(#4969,#4979,#4986,#4987));
#4969 = ORIENTED_EDGE('',*,*,#4970,.T.);
#4970 = EDGE_CURVE('',#4971,#4973,#4975,.T.);
#4971 = VERTEX_POINT('',#4972);
#4972 = CARTESIAN_POINT('',(34.84,-33.528,-0.41148));
#4973 = VERTEX_POINT('',#4974);
#4974 = CARTESIAN_POINT('',(34.84,-33.528,0.E+000));
#4975 = LINE('',#4976,#4977);
#4976 = CARTESIAN_POINT('',(34.84,-33.528,-0.41148));
#4977 = VECTOR('',#4978,1.);
#4978 = DIRECTION('',(0.E+000,0.E+000,1.));
#4979 = ORIENTED_EDGE('',*,*,#4980,.T.);
#4980 = EDGE_CURVE('',#4973,#4973,#4981,.T.);
#4981 = CIRCLE('',#4982,0.55);
#4982 = AXIS2_PLACEMENT_3D('',#4983,#4984,#4985);
#4983 = CARTESIAN_POINT('',(34.29,-33.528,0.E+000));
#4984 = DIRECTION('',(0.E+000,0.E+000,1.));
#4985 = DIRECTION('',(1.,0.E+000,-0.E+000));
#4986 = ORIENTED_EDGE('',*,*,#4970,.F.);
#4987 = ORIENTED_EDGE('',*,*,#4988,.F.);
#4988 = EDGE_CURVE('',#4971,#4971,#4989,.T.);
#4989 = CIRCLE('',#4990,0.55);
#4990 = AXIS2_PLACEMENT_3D('',#4991,#4992,#4993);
#4991 = CARTESIAN_POINT('',(34.29,-33.528,-0.41148));
#4992 = DIRECTION('',(0.E+000,0.E+000,1.));
#4993 = DIRECTION('',(1.,0.E+000,-0.E+000));
#4994 = CYLINDRICAL_SURFACE('',#4995,0.55);
#4995 = AXIS2_PLACEMENT_3D('',#4996,#4997,#4998);
#4996 = CARTESIAN_POINT('',(34.29,-33.528,-0.41148));
#4997 = DIRECTION('',(-0.E+000,-0.E+000,-1.));
#4998 = DIRECTION('',(1.,0.E+000,-0.E+000));
#4999 = ADVANCED_FACE('',(#5000),#5027,.F.);
#5000 = FACE_BOUND('',#5001,.T.);
#5001 = EDGE_LOOP('',(#5002,#5012,#5019,#5020));
#5002 = ORIENTED_EDGE('',*,*,#5003,.T.);
#5003 = EDGE_CURVE('',#5004,#5006,#5008,.T.);
#5004 = VERTEX_POINT('',#5005);
#5005 = CARTESIAN_POINT('',(34.84,-38.528,-0.41148));
#5006 = VERTEX_POINT('',#5007);
#5007 = CARTESIAN_POINT('',(34.84,-38.528,0.E+000));
#5008 = LINE('',#5009,#5010);
#5009 = CARTESIAN_POINT('',(34.84,-38.528,-0.41148));
#5010 = VECTOR('',#5011,1.);
#5011 = DIRECTION('',(0.E+000,0.E+000,1.));
#5012 = ORIENTED_EDGE('',*,*,#5013,.T.);
#5013 = EDGE_CURVE('',#5006,#5006,#5014,.T.);
#5014 = CIRCLE('',#5015,0.55);
#5015 = AXIS2_PLACEMENT_3D('',#5016,#5017,#5018);
#5016 = CARTESIAN_POINT('',(34.29,-38.528,0.E+000));
#5017 = DIRECTION('',(0.E+000,0.E+000,1.));
#5018 = DIRECTION('',(1.,0.E+000,-0.E+000));
#5019 = ORIENTED_EDGE('',*,*,#5003,.F.);
#5020 = ORIENTED_EDGE('',*,*,#5021,.F.);
#5021 = EDGE_CURVE('',#5004,#5004,#5022,.T.);
#5022 = CIRCLE('',#5023,0.55);
#5023 = AXIS2_PLACEMENT_3D('',#5024,#5025,#5026);
#5024 = CARTESIAN_POINT('',(34.29,-38.528,-0.41148));
#5025 = DIRECTION('',(0.E+000,0.E+000,1.));
#5026 = DIRECTION('',(1.,0.E+000,-0.E+000));
#5027 = CYLINDRICAL_SURFACE('',#5028,0.55);
#5028 = AXIS2_PLACEMENT_3D('',#5029,#5030,#5031);
#5029 = CARTESIAN_POINT('',(34.29,-38.528,-0.41148));
#5030 = DIRECTION('',(-0.E+000,-0.E+000,-1.));
#5031 = DIRECTION('',(1.,0.E+000,-0.E+000));
#5032 = ADVANCED_FACE('',(#5033),#5060,.F.);
#5033 = FACE_BOUND('',#5034,.T.);
#5034 = EDGE_LOOP('',(#5035,#5045,#5052,#5053));
#5035 = ORIENTED_EDGE('',*,*,#5036,.T.);
#5036 = EDGE_CURVE('',#5037,#5039,#5041,.T.);
#5037 = VERTEX_POINT('',#5038);
#5038 = CARTESIAN_POINT('',(40.936,-41.028,-0.41148));
#5039 = VERTEX_POINT('',#5040);
#5040 = CARTESIAN_POINT('',(40.936,-41.028,0.E+000));
#5041 = LINE('',#5042,#5043);
#5042 = CARTESIAN_POINT('',(40.936,-41.028,-0.41148));
#5043 = VECTOR('',#5044,1.);
#5044 = DIRECTION('',(0.E+000,0.E+000,1.));
#5045 = ORIENTED_EDGE('',*,*,#5046,.T.);
#5046 = EDGE_CURVE('',#5039,#5039,#5047,.T.);
#5047 = CIRCLE('',#5048,0.55);
#5048 = AXIS2_PLACEMENT_3D('',#5049,#5050,#5051);
#5049 = CARTESIAN_POINT('',(40.386,-41.028,0.E+000));
#5050 = DIRECTION('',(0.E+000,0.E+000,1.));
#5051 = DIRECTION('',(1.,0.E+000,-0.E+000));
#5052 = ORIENTED_EDGE('',*,*,#5036,.F.);
#5053 = ORIENTED_EDGE('',*,*,#5054,.F.);
#5054 = EDGE_CURVE('',#5037,#5037,#5055,.T.);
#5055 = CIRCLE('',#5056,0.55);
#5056 = AXIS2_PLACEMENT_3D('',#5057,#5058,#5059);
#5057 = CARTESIAN_POINT('',(40.386,-41.028,-0.41148));
#5058 = DIRECTION('',(0.E+000,0.E+000,1.));
#5059 = DIRECTION('',(1.,0.E+000,-0.E+000));
#5060 = CYLINDRICAL_SURFACE('',#5061,0.55);
#5061 = AXIS2_PLACEMENT_3D('',#5062,#5063,#5064);
#5062 = CARTESIAN_POINT('',(40.386,-41.028,-0.41148));
#5063 = DIRECTION('',(-0.E+000,-0.E+000,-1.));
#5064 = DIRECTION('',(1.,0.E+000,-0.E+000));
#5065 = ADVANCED_FACE('',(#5066),#5093,.F.);
#5066 = FACE_BOUND('',#5067,.T.);
#5067 = EDGE_LOOP('',(#5068,#5078,#5085,#5086));
#5068 = ORIENTED_EDGE('',*,*,#5069,.T.);
#5069 = EDGE_CURVE('',#5070,#5072,#5074,.T.);
#5070 = VERTEX_POINT('',#5071);
#5071 = CARTESIAN_POINT('',(40.936,-38.528,-0.41148));
#5072 = VERTEX_POINT('',#5073);
#5073 = CARTESIAN_POINT('',(40.936,-38.528,0.E+000));
#5074 = LINE('',#5075,#5076);
#5075 = CARTESIAN_POINT('',(40.936,-38.528,-0.41148));
#5076 = VECTOR('',#5077,1.);
#5077 = DIRECTION('',(0.E+000,0.E+000,1.));
#5078 = ORIENTED_EDGE('',*,*,#5079,.T.);
#5079 = EDGE_CURVE('',#5072,#5072,#5080,.T.);
#5080 = CIRCLE('',#5081,0.55);
#5081 = AXIS2_PLACEMENT_3D('',#5082,#5083,#5084);
#5082 = CARTESIAN_POINT('',(40.386,-38.528,0.E+000));
#5083 = DIRECTION('',(0.E+000,0.E+000,1.));
#5084 = DIRECTION('',(1.,0.E+000,-0.E+000));
#5085 = ORIENTED_EDGE('',*,*,#5069,.F.);
#5086 = ORIENTED_EDGE('',*,*,#5087,.F.);
#5087 = EDGE_CURVE('',#5070,#5070,#5088,.T.);
#5088 = CIRCLE('',#5089,0.55);
#5089 = AXIS2_PLACEMENT_3D('',#5090,#5091,#5092);
#5090 = CARTESIAN_POINT('',(40.386,-38.528,-0.41148));
#5091 = DIRECTION('',(0.E+000,0.E+000,1.));
#5092 = DIRECTION('',(1.,0.E+000,-0.E+000));
#5093 = CYLINDRICAL_SURFACE('',#5094,0.55);
#5094 = AXIS2_PLACEMENT_3D('',#5095,#5096,#5097);
#5095 = CARTESIAN_POINT('',(40.386,-38.528,-0.41148));
#5096 = DIRECTION('',(-0.E+000,-0.E+000,-1.));
#5097 = DIRECTION('',(1.,0.E+000,-0.E+000));
#5098 = ADVANCED_FACE('',(#5099),#5126,.F.);
#5099 = FACE_BOUND('',#5100,.T.);
#5100 = EDGE_LOOP('',(#5101,#5111,#5118,#5119));
#5101 = ORIENTED_EDGE('',*,*,#5102,.T.);
#5102 = EDGE_CURVE('',#5103,#5105,#5107,.T.);
#5103 = VERTEX_POINT('',#5104);
#5104 = CARTESIAN_POINT('',(34.84,-36.028,-0.41148));
#5105 = VERTEX_POINT('',#5106);
#5106 = CARTESIAN_POINT('',(34.84,-36.028,0.E+000));
#5107 = LINE('',#5108,#5109);
#5108 = CARTESIAN_POINT('',(34.84,-36.028,-0.41148));
#5109 = VECTOR('',#5110,1.);
#5110 = DIRECTION('',(0.E+000,0.E+000,1.));
#5111 = ORIENTED_EDGE('',*,*,#5112,.T.);
#5112 = EDGE_CURVE('',#5105,#5105,#5113,.T.);
#5113 = CIRCLE('',#5114,0.55);
#5114 = AXIS2_PLACEMENT_3D('',#5115,#5116,#5117);
#5115 = CARTESIAN_POINT('',(34.29,-36.028,0.E+000));
#5116 = DIRECTION('',(0.E+000,0.E+000,1.));
#5117 = DIRECTION('',(1.,0.E+000,-0.E+000));
#5118 = ORIENTED_EDGE('',*,*,#5102,.F.);
#5119 = ORIENTED_EDGE('',*,*,#5120,.F.);
#5120 = EDGE_CURVE('',#5103,#5103,#5121,.T.);
#5121 = CIRCLE('',#5122,0.55);
#5122 = AXIS2_PLACEMENT_3D('',#5123,#5124,#5125);
#5123 = CARTESIAN_POINT('',(34.29,-36.028,-0.41148));
#5124 = DIRECTION('',(0.E+000,0.E+000,1.));
#5125 = DIRECTION('',(1.,0.E+000,-0.E+000));
#5126 = CYLINDRICAL_SURFACE('',#5127,0.55);
#5127 = AXIS2_PLACEMENT_3D('',#5128,#5129,#5130);
#5128 = CARTESIAN_POINT('',(34.29,-36.028,-0.41148));
#5129 = DIRECTION('',(-0.E+000,-0.E+000,-1.));
#5130 = DIRECTION('',(1.,0.E+000,-0.E+000));
#5131 = ADVANCED_FACE('',(#5132),#5159,.F.);
#5132 = FACE_BOUND('',#5133,.T.);
#5133 = EDGE_LOOP('',(#5134,#5144,#5151,#5152));
#5134 = ORIENTED_EDGE('',*,*,#5135,.T.);
#5135 = EDGE_CURVE('',#5136,#5138,#5140,.T.);
#5136 = VERTEX_POINT('',#5137);
#5137 = CARTESIAN_POINT('',(40.936,-36.028,-0.41148));
#5138 = VERTEX_POINT('',#5139);
#5139 = CARTESIAN_POINT('',(40.936,-36.028,0.E+000));
#5140 = LINE('',#5141,#5142);
#5141 = CARTESIAN_POINT('',(40.936,-36.028,-0.41148));
#5142 = VECTOR('',#5143,1.);
#5143 = DIRECTION('',(0.E+000,0.E+000,1.));
#5144 = ORIENTED_EDGE('',*,*,#5145,.T.);
#5145 = EDGE_CURVE('',#5138,#5138,#5146,.T.);
#5146 = CIRCLE('',#5147,0.55);
#5147 = AXIS2_PLACEMENT_3D('',#5148,#5149,#5150);
#5148 = CARTESIAN_POINT('',(40.386,-36.028,0.E+000));
#5149 = DIRECTION('',(0.E+000,0.E+000,1.));
#5150 = DIRECTION('',(1.,0.E+000,-0.E+000));
#5151 = ORIENTED_EDGE('',*,*,#5135,.F.);
#5152 = ORIENTED_EDGE('',*,*,#5153,.F.);
#5153 = EDGE_CURVE('',#5136,#5136,#5154,.T.);
#5154 = CIRCLE('',#5155,0.55);
#5155 = AXIS2_PLACEMENT_3D('',#5156,#5157,#5158);
#5156 = CARTESIAN_POINT('',(40.386,-36.028,-0.41148));
#5157 = DIRECTION('',(0.E+000,0.E+000,1.));
#5158 = DIRECTION('',(1.,0.E+000,-0.E+000));
#5159 = CYLINDRICAL_SURFACE('',#5160,0.55);
#5160 = AXIS2_PLACEMENT_3D('',#5161,#5162,#5163);
#5161 = CARTESIAN_POINT('',(40.386,-36.028,-0.41148));
#5162 = DIRECTION('',(-0.E+000,-0.E+000,-1.));
#5163 = DIRECTION('',(1.,0.E+000,-0.E+000));
#5164 = ADVANCED_FACE('',(#5165),#5192,.F.);
#5165 = FACE_BOUND('',#5166,.T.);
#5166 = EDGE_LOOP('',(#5167,#5177,#5184,#5185));
#5167 = ORIENTED_EDGE('',*,*,#5168,.T.);
#5168 = EDGE_CURVE('',#5169,#5171,#5173,.T.);
#5169 = VERTEX_POINT('',#5170);
#5170 = CARTESIAN_POINT('',(40.936,-33.528,-0.41148));
#5171 = VERTEX_POINT('',#5172);
#5172 = CARTESIAN_POINT('',(40.936,-33.528,0.E+000));
#5173 = LINE('',#5174,#5175);
#5174 = CARTESIAN_POINT('',(40.936,-33.528,-0.41148));
#5175 = VECTOR('',#5176,1.);
#5176 = DIRECTION('',(0.E+000,0.E+000,1.));
#5177 = ORIENTED_EDGE('',*,*,#5178,.T.);
#5178 = EDGE_CURVE('',#5171,#5171,#5179,.T.);
#5179 = CIRCLE('',#5180,0.55);
#5180 = AXIS2_PLACEMENT_3D('',#5181,#5182,#5183);
#5181 = CARTESIAN_POINT('',(40.386,-33.528,0.E+000));
#5182 = DIRECTION('',(0.E+000,0.E+000,1.));
#5183 = DIRECTION('',(1.,0.E+000,-0.E+000));
#5184 = ORIENTED_EDGE('',*,*,#5168,.F.);
#5185 = ORIENTED_EDGE('',*,*,#5186,.F.);
#5186 = EDGE_CURVE('',#5169,#5169,#5187,.T.);
#5187 = CIRCLE('',#5188,0.55);
#5188 = AXIS2_PLACEMENT_3D('',#5189,#5190,#5191);
#5189 = CARTESIAN_POINT('',(40.386,-33.528,-0.41148));
#5190 = DIRECTION('',(0.E+000,0.E+000,1.));
#5191 = DIRECTION('',(1.,0.E+000,-0.E+000));
#5192 = CYLINDRICAL_SURFACE('',#5193,0.55);
#5193 = AXIS2_PLACEMENT_3D('',#5194,#5195,#5196);
#5194 = CARTESIAN_POINT('',(40.386,-33.528,-0.41148));
#5195 = DIRECTION('',(-0.E+000,-0.E+000,-1.));
#5196 = DIRECTION('',(1.,0.E+000,-0.E+000));
#5197 = ADVANCED_FACE('',(#5198),#5225,.F.);
#5198 = FACE_BOUND('',#5199,.T.);
#5199 = EDGE_LOOP('',(#5200,#5210,#5217,#5218));
#5200 = ORIENTED_EDGE('',*,*,#5201,.T.);
#5201 = EDGE_CURVE('',#5202,#5204,#5206,.T.);
#5202 = VERTEX_POINT('',#5203);
#5203 = CARTESIAN_POINT('',(29.252,-21.082,-0.41148));
#5204 = VERTEX_POINT('',#5205);
#5205 = CARTESIAN_POINT('',(29.252,-21.082,0.E+000));
#5206 = LINE('',#5207,#5208);
#5207 = CARTESIAN_POINT('',(29.252,-21.082,-0.41148));
#5208 = VECTOR('',#5209,1.);
#5209 = DIRECTION('',(0.E+000,0.E+000,1.));
#5210 = ORIENTED_EDGE('',*,*,#5211,.T.);
#5211 = EDGE_CURVE('',#5204,#5204,#5212,.T.);
#5212 = CIRCLE('',#5213,0.55);
#5213 = AXIS2_PLACEMENT_3D('',#5214,#5215,#5216);
#5214 = CARTESIAN_POINT('',(28.702,-21.082,0.E+000));
#5215 = DIRECTION('',(0.E+000,0.E+000,1.));
#5216 = DIRECTION('',(1.,0.E+000,-0.E+000));
#5217 = ORIENTED_EDGE('',*,*,#5201,.F.);
#5218 = ORIENTED_EDGE('',*,*,#5219,.F.);
#5219 = EDGE_CURVE('',#5202,#5202,#5220,.T.);
#5220 = CIRCLE('',#5221,0.55);
#5221 = AXIS2_PLACEMENT_3D('',#5222,#5223,#5224);
#5222 = CARTESIAN_POINT('',(28.702,-21.082,-0.41148));
#5223 = DIRECTION('',(0.E+000,0.E+000,1.));
#5224 = DIRECTION('',(1.,0.E+000,-0.E+000));
#5225 = CYLINDRICAL_SURFACE('',#5226,0.55);
#5226 = AXIS2_PLACEMENT_3D('',#5227,#5228,#5229);
#5227 = CARTESIAN_POINT('',(28.702,-21.082,-0.41148));
#5228 = DIRECTION('',(-0.E+000,-0.E+000,-1.));
#5229 = DIRECTION('',(1.,0.E+000,-0.E+000));
#5230 = ADVANCED_FACE('',(#5231),#5258,.F.);
#5231 = FACE_BOUND('',#5232,.T.);
#5232 = EDGE_LOOP('',(#5233,#5243,#5250,#5251));
#5233 = ORIENTED_EDGE('',*,*,#5234,.T.);
#5234 = EDGE_CURVE('',#5235,#5237,#5239,.T.);
#5235 = VERTEX_POINT('',#5236);
#5236 = CARTESIAN_POINT('',(36.668,-26.162,-0.41148));
#5237 = VERTEX_POINT('',#5238);
#5238 = CARTESIAN_POINT('',(36.668,-26.162,0.E+000));
#5239 = LINE('',#5240,#5241);
#5240 = CARTESIAN_POINT('',(36.668,-26.162,-0.41148));
#5241 = VECTOR('',#5242,1.);
#5242 = DIRECTION('',(0.E+000,0.E+000,1.));
#5243 = ORIENTED_EDGE('',*,*,#5244,.T.);
#5244 = EDGE_CURVE('',#5237,#5237,#5245,.T.);
#5245 = CIRCLE('',#5246,0.6);
#5246 = AXIS2_PLACEMENT_3D('',#5247,#5248,#5249);
#5247 = CARTESIAN_POINT('',(36.068,-26.162,0.E+000));
#5248 = DIRECTION('',(0.E+000,0.E+000,1.));
#5249 = DIRECTION('',(1.,0.E+000,-0.E+000));
#5250 = ORIENTED_EDGE('',*,*,#5234,.F.);
#5251 = ORIENTED_EDGE('',*,*,#5252,.F.);
#5252 = EDGE_CURVE('',#5235,#5235,#5253,.T.);
#5253 = CIRCLE('',#5254,0.6);
#5254 = AXIS2_PLACEMENT_3D('',#5255,#5256,#5257);
#5255 = CARTESIAN_POINT('',(36.068,-26.162,-0.41148));
#5256 = DIRECTION('',(0.E+000,0.E+000,1.));
#5257 = DIRECTION('',(1.,0.E+000,-0.E+000));
#5258 = CYLINDRICAL_SURFACE('',#5259,0.6);
#5259 = AXIS2_PLACEMENT_3D('',#5260,#5261,#5262);
#5260 = CARTESIAN_POINT('',(36.068,-26.162,-0.41148));
#5261 = DIRECTION('',(-0.E+000,-0.E+000,-1.));
#5262 = DIRECTION('',(1.,0.E+000,-0.E+000));
#5263 = ADVANCED_FACE('',(#5264),#5291,.F.);
#5264 = FACE_BOUND('',#5265,.T.);
#5265 = EDGE_LOOP('',(#5266,#5276,#5283,#5284));
#5266 = ORIENTED_EDGE('',*,*,#5267,.T.);
#5267 = EDGE_CURVE('',#5268,#5270,#5272,.T.);
#5268 = VERTEX_POINT('',#5269);
#5269 = CARTESIAN_POINT('',(34.128,-26.162,-0.41148));
#5270 = VERTEX_POINT('',#5271);
#5271 = CARTESIAN_POINT('',(34.128,-26.162,0.E+000));
#5272 = LINE('',#5273,#5274);
#5273 = CARTESIAN_POINT('',(34.128,-26.162,-0.41148));
#5274 = VECTOR('',#5275,1.);
#5275 = DIRECTION('',(0.E+000,0.E+000,1.));
#5276 = ORIENTED_EDGE('',*,*,#5277,.T.);
#5277 = EDGE_CURVE('',#5270,#5270,#5278,.T.);
#5278 = CIRCLE('',#5279,0.6);
#5279 = AXIS2_PLACEMENT_3D('',#5280,#5281,#5282);
#5280 = CARTESIAN_POINT('',(33.528,-26.162,0.E+000));
#5281 = DIRECTION('',(0.E+000,0.E+000,1.));
#5282 = DIRECTION('',(1.,0.E+000,-0.E+000));
#5283 = ORIENTED_EDGE('',*,*,#5267,.F.);
#5284 = ORIENTED_EDGE('',*,*,#5285,.F.);
#5285 = EDGE_CURVE('',#5268,#5268,#5286,.T.);
#5286 = CIRCLE('',#5287,0.6);
#5287 = AXIS2_PLACEMENT_3D('',#5288,#5289,#5290);
#5288 = CARTESIAN_POINT('',(33.528,-26.162,-0.41148));
#5289 = DIRECTION('',(0.E+000,0.E+000,1.));
#5290 = DIRECTION('',(1.,0.E+000,-0.E+000));
#5291 = CYLINDRICAL_SURFACE('',#5292,0.6);
#5292 = AXIS2_PLACEMENT_3D('',#5293,#5294,#5295);
#5293 = CARTESIAN_POINT('',(33.528,-26.162,-0.41148));
#5294 = DIRECTION('',(-0.E+000,-0.E+000,-1.));
#5295 = DIRECTION('',(1.,0.E+000,-0.E+000));
#5296 = ADVANCED_FACE('',(#5297),#5324,.F.);
#5297 = FACE_BOUND('',#5298,.T.);
#5298 = EDGE_LOOP('',(#5299,#5309,#5316,#5317));
#5299 = ORIENTED_EDGE('',*,*,#5300,.T.);
#5300 = EDGE_CURVE('',#5301,#5303,#5305,.T.);
#5301 = VERTEX_POINT('',#5302);
#5302 = CARTESIAN_POINT('',(29.252,-18.542,-0.41148));
#5303 = VERTEX_POINT('',#5304);
#5304 = CARTESIAN_POINT('',(29.252,-18.542,0.E+000));
#5305 = LINE('',#5306,#5307);
#5306 = CARTESIAN_POINT('',(29.252,-18.542,-0.41148));
#5307 = VECTOR('',#5308,1.);
#5308 = DIRECTION('',(0.E+000,0.E+000,1.));
#5309 = ORIENTED_EDGE('',*,*,#5310,.T.);
#5310 = EDGE_CURVE('',#5303,#5303,#5311,.T.);
#5311 = CIRCLE('',#5312,0.55);
#5312 = AXIS2_PLACEMENT_3D('',#5313,#5314,#5315);
#5313 = CARTESIAN_POINT('',(28.702,-18.542,0.E+000));
#5314 = DIRECTION('',(0.E+000,0.E+000,1.));
#5315 = DIRECTION('',(1.,0.E+000,-0.E+000));
#5316 = ORIENTED_EDGE('',*,*,#5300,.F.);
#5317 = ORIENTED_EDGE('',*,*,#5318,.F.);
#5318 = EDGE_CURVE('',#5301,#5301,#5319,.T.);
#5319 = CIRCLE('',#5320,0.55);
#5320 = AXIS2_PLACEMENT_3D('',#5321,#5322,#5323);
#5321 = CARTESIAN_POINT('',(28.702,-18.542,-0.41148));
#5322 = DIRECTION('',(0.E+000,0.E+000,1.));
#5323 = DIRECTION('',(1.,0.E+000,-0.E+000));
#5324 = CYLINDRICAL_SURFACE('',#5325,0.55);
#5325 = AXIS2_PLACEMENT_3D('',#5326,#5327,#5328);
#5326 = CARTESIAN_POINT('',(28.702,-18.542,-0.41148));
#5327 = DIRECTION('',(-0.E+000,-0.E+000,-1.));
#5328 = DIRECTION('',(1.,0.E+000,-0.E+000));
#5329 = ADVANCED_FACE('',(#5330),#5357,.F.);
#5330 = FACE_BOUND('',#5331,.T.);
#5331 = EDGE_LOOP('',(#5332,#5342,#5349,#5350));
#5332 = ORIENTED_EDGE('',*,*,#5333,.T.);
#5333 = EDGE_CURVE('',#5334,#5336,#5338,.T.);
#5334 = VERTEX_POINT('',#5335);
#5335 = CARTESIAN_POINT('',(35.475,-21.082,-0.41148));
#5336 = VERTEX_POINT('',#5337);
#5337 = CARTESIAN_POINT('',(35.475,-21.082,0.E+000));
#5338 = LINE('',#5339,#5340);
#5339 = CARTESIAN_POINT('',(35.475,-21.082,-0.41148));
#5340 = VECTOR('',#5341,1.);
#5341 = DIRECTION('',(0.E+000,0.E+000,1.));
#5342 = ORIENTED_EDGE('',*,*,#5343,.T.);
#5343 = EDGE_CURVE('',#5336,#5336,#5344,.T.);
#5344 = CIRCLE('',#5345,0.55);
#5345 = AXIS2_PLACEMENT_3D('',#5346,#5347,#5348);
#5346 = CARTESIAN_POINT('',(34.925,-21.082,0.E+000));
#5347 = DIRECTION('',(0.E+000,0.E+000,1.));
#5348 = DIRECTION('',(1.,0.E+000,-0.E+000));
#5349 = ORIENTED_EDGE('',*,*,#5333,.F.);
#5350 = ORIENTED_EDGE('',*,*,#5351,.F.);
#5351 = EDGE_CURVE('',#5334,#5334,#5352,.T.);
#5352 = CIRCLE('',#5353,0.55);
#5353 = AXIS2_PLACEMENT_3D('',#5354,#5355,#5356);
#5354 = CARTESIAN_POINT('',(34.925,-21.082,-0.41148));
#5355 = DIRECTION('',(0.E+000,0.E+000,1.));
#5356 = DIRECTION('',(1.,0.E+000,-0.E+000));
#5357 = CYLINDRICAL_SURFACE('',#5358,0.55);
#5358 = AXIS2_PLACEMENT_3D('',#5359,#5360,#5361);
#5359 = CARTESIAN_POINT('',(34.925,-21.082,-0.41148));
#5360 = DIRECTION('',(-0.E+000,-0.E+000,-1.));
#5361 = DIRECTION('',(1.,0.E+000,-0.E+000));
#5362 = ADVANCED_FACE('',(#5363),#5390,.F.);
#5363 = FACE_BOUND('',#5364,.T.);
#5364 = EDGE_LOOP('',(#5365,#5375,#5382,#5383));
#5365 = ORIENTED_EDGE('',*,*,#5366,.T.);
#5366 = EDGE_CURVE('',#5367,#5369,#5371,.T.);
#5367 = VERTEX_POINT('',#5368);
#5368 = CARTESIAN_POINT('',(35.475,-18.542,-0.41148));
#5369 = VERTEX_POINT('',#5370);
#5370 = CARTESIAN_POINT('',(35.475,-18.542,0.E+000));
#5371 = LINE('',#5372,#5373);
#5372 = CARTESIAN_POINT('',(35.475,-18.542,-0.41148));
#5373 = VECTOR('',#5374,1.);
#5374 = DIRECTION('',(0.E+000,0.E+000,1.));
#5375 = ORIENTED_EDGE('',*,*,#5376,.T.);
#5376 = EDGE_CURVE('',#5369,#5369,#5377,.T.);
#5377 = CIRCLE('',#5378,0.55);
#5378 = AXIS2_PLACEMENT_3D('',#5379,#5380,#5381);
#5379 = CARTESIAN_POINT('',(34.925,-18.542,0.E+000));
#5380 = DIRECTION('',(0.E+000,0.E+000,1.));
#5381 = DIRECTION('',(1.,0.E+000,-0.E+000));
#5382 = ORIENTED_EDGE('',*,*,#5366,.F.);
#5383 = ORIENTED_EDGE('',*,*,#5384,.F.);
#5384 = EDGE_CURVE('',#5367,#5367,#5385,.T.);
#5385 = CIRCLE('',#5386,0.55);
#5386 = AXIS2_PLACEMENT_3D('',#5387,#5388,#5389);
#5387 = CARTESIAN_POINT('',(34.925,-18.542,-0.41148));
#5388 = DIRECTION('',(0.E+000,0.E+000,1.));
#5389 = DIRECTION('',(1.,0.E+000,-0.E+000));
#5390 = CYLINDRICAL_SURFACE('',#5391,0.55);
#5391 = AXIS2_PLACEMENT_3D('',#5392,#5393,#5394);
#5392 = CARTESIAN_POINT('',(34.925,-18.542,-0.41148));
#5393 = DIRECTION('',(-0.E+000,-0.E+000,-1.));
#5394 = DIRECTION('',(1.,0.E+000,-0.E+000));
#5395 = ADVANCED_FACE('',(#5396),#5423,.F.);
#5396 = FACE_BOUND('',#5397,.T.);
#5397 = EDGE_LOOP('',(#5398,#5408,#5415,#5416));
#5398 = ORIENTED_EDGE('',*,*,#5399,.T.);
#5399 = EDGE_CURVE('',#5400,#5402,#5404,.T.);
#5400 = VERTEX_POINT('',#5401);
#5401 = CARTESIAN_POINT('',(39.208,-26.162,-0.41148));
#5402 = VERTEX_POINT('',#5403);
#5403 = CARTESIAN_POINT('',(39.208,-26.162,0.E+000));
#5404 = LINE('',#5405,#5406);
#5405 = CARTESIAN_POINT('',(39.208,-26.162,-0.41148));
#5406 = VECTOR('',#5407,1.);
#5407 = DIRECTION('',(0.E+000,0.E+000,1.));
#5408 = ORIENTED_EDGE('',*,*,#5409,.T.);
#5409 = EDGE_CURVE('',#5402,#5402,#5410,.T.);
#5410 = CIRCLE('',#5411,0.6);
#5411 = AXIS2_PLACEMENT_3D('',#5412,#5413,#5414);
#5412 = CARTESIAN_POINT('',(38.608,-26.162,0.E+000));
#5413 = DIRECTION('',(0.E+000,0.E+000,1.));
#5414 = DIRECTION('',(1.,0.E+000,-0.E+000));
#5415 = ORIENTED_EDGE('',*,*,#5399,.F.);
#5416 = ORIENTED_EDGE('',*,*,#5417,.F.);
#5417 = EDGE_CURVE('',#5400,#5400,#5418,.T.);
#5418 = CIRCLE('',#5419,0.6);
#5419 = AXIS2_PLACEMENT_3D('',#5420,#5421,#5422);
#5420 = CARTESIAN_POINT('',(38.608,-26.162,-0.41148));
#5421 = DIRECTION('',(0.E+000,0.E+000,1.));
#5422 = DIRECTION('',(1.,0.E+000,-0.E+000));
#5423 = CYLINDRICAL_SURFACE('',#5424,0.6);
#5424 = AXIS2_PLACEMENT_3D('',#5425,#5426,#5427);
#5425 = CARTESIAN_POINT('',(38.608,-26.162,-0.41148));
#5426 = DIRECTION('',(-0.E+000,-0.E+000,-1.));
#5427 = DIRECTION('',(1.,0.E+000,-0.E+000));
#5428 = ADVANCED_FACE('',(#5429),#5456,.F.);
#5429 = FACE_BOUND('',#5430,.T.);
#5430 = EDGE_LOOP('',(#5431,#5441,#5448,#5449));
#5431 = ORIENTED_EDGE('',*,*,#5432,.T.);
#5432 = EDGE_CURVE('',#5433,#5435,#5437,.T.);
#5433 = VERTEX_POINT('',#5434);
#5434 = CARTESIAN_POINT('',(54.455,-27.686,-0.41148));
#5435 = VERTEX_POINT('',#5436);
#5436 = CARTESIAN_POINT('',(54.455,-27.686,0.E+000));
#5437 = LINE('',#5438,#5439);
#5438 = CARTESIAN_POINT('',(54.455,-27.686,-0.41148));
#5439 = VECTOR('',#5440,1.);
#5440 = DIRECTION('',(0.E+000,0.E+000,1.));
#5441 = ORIENTED_EDGE('',*,*,#5442,.T.);
#5442 = EDGE_CURVE('',#5435,#5435,#5443,.T.);
#5443 = CIRCLE('',#5444,1.75);
#5444 = AXIS2_PLACEMENT_3D('',#5445,#5446,#5447);
#5445 = CARTESIAN_POINT('',(52.705,-27.686,0.E+000));
#5446 = DIRECTION('',(0.E+000,0.E+000,1.));
#5447 = DIRECTION('',(1.,0.E+000,-0.E+000));
#5448 = ORIENTED_EDGE('',*,*,#5432,.F.);
#5449 = ORIENTED_EDGE('',*,*,#5450,.F.);
#5450 = EDGE_CURVE('',#5433,#5433,#5451,.T.);
#5451 = CIRCLE('',#5452,1.75);
#5452 = AXIS2_PLACEMENT_3D('',#5453,#5454,#5455);
#5453 = CARTESIAN_POINT('',(52.705,-27.686,-0.41148));
#5454 = DIRECTION('',(0.E+000,0.E+000,1.));
#5455 = DIRECTION('',(1.,0.E+000,-0.E+000));
#5456 = CYLINDRICAL_SURFACE('',#5457,1.75);
#5457 = AXIS2_PLACEMENT_3D('',#5458,#5459,#5460);
#5458 = CARTESIAN_POINT('',(52.705,-27.686,-0.41148));
#5459 = DIRECTION('',(-0.E+000,-0.E+000,-1.));
#5460 = DIRECTION('',(1.,0.E+000,-0.E+000));
#5461 = ADVANCED_FACE('',(#5462),#5489,.F.);
#5462 = FACE_BOUND('',#5463,.T.);
#5463 = EDGE_LOOP('',(#5464,#5474,#5481,#5482));
#5464 = ORIENTED_EDGE('',*,*,#5465,.T.);
#5465 = EDGE_CURVE('',#5466,#5468,#5470,.T.);
#5466 = VERTEX_POINT('',#5467);
#5467 = CARTESIAN_POINT('',(41.748,-26.162,-0.41148));
#5468 = VERTEX_POINT('',#5469);
#5469 = CARTESIAN_POINT('',(41.748,-26.162,0.E+000));
#5470 = LINE('',#5471,#5472);
#5471 = CARTESIAN_POINT('',(41.748,-26.162,-0.41148));
#5472 = VECTOR('',#5473,1.);
#5473 = DIRECTION('',(0.E+000,0.E+000,1.));
#5474 = ORIENTED_EDGE('',*,*,#5475,.T.);
#5475 = EDGE_CURVE('',#5468,#5468,#5476,.T.);
#5476 = CIRCLE('',#5477,0.6);
#5477 = AXIS2_PLACEMENT_3D('',#5478,#5479,#5480);
#5478 = CARTESIAN_POINT('',(41.148,-26.162,0.E+000));
#5479 = DIRECTION('',(0.E+000,0.E+000,1.));
#5480 = DIRECTION('',(1.,0.E+000,-0.E+000));
#5481 = ORIENTED_EDGE('',*,*,#5465,.F.);
#5482 = ORIENTED_EDGE('',*,*,#5483,.F.);
#5483 = EDGE_CURVE('',#5466,#5466,#5484,.T.);
#5484 = CIRCLE('',#5485,0.6);
#5485 = AXIS2_PLACEMENT_3D('',#5486,#5487,#5488);
#5486 = CARTESIAN_POINT('',(41.148,-26.162,-0.41148));
#5487 = DIRECTION('',(0.E+000,0.E+000,1.));
#5488 = DIRECTION('',(1.,0.E+000,-0.E+000));
#5489 = CYLINDRICAL_SURFACE('',#5490,0.6);
#5490 = AXIS2_PLACEMENT_3D('',#5491,#5492,#5493);
#5491 = CARTESIAN_POINT('',(41.148,-26.162,-0.41148));
#5492 = DIRECTION('',(-0.E+000,-0.E+000,-1.));
#5493 = DIRECTION('',(1.,0.E+000,-0.E+000));
#5494 = ADVANCED_FACE('',(#5495),#5522,.F.);
#5495 = FACE_BOUND('',#5496,.T.);
#5496 = EDGE_LOOP('',(#5497,#5507,#5514,#5515));
#5497 = ORIENTED_EDGE('',*,*,#5498,.T.);
#5498 = EDGE_CURVE('',#5499,#5501,#5503,.T.);
#5499 = VERTEX_POINT('',#5500);
#5500 = CARTESIAN_POINT('',(41.698,-21.082,-0.41148));
#5501 = VERTEX_POINT('',#5502);
#5502 = CARTESIAN_POINT('',(41.698,-21.082,0.E+000));
#5503 = LINE('',#5504,#5505);
#5504 = CARTESIAN_POINT('',(41.698,-21.082,-0.41148));
#5505 = VECTOR('',#5506,1.);
#5506 = DIRECTION('',(0.E+000,0.E+000,1.));
#5507 = ORIENTED_EDGE('',*,*,#5508,.T.);
#5508 = EDGE_CURVE('',#5501,#5501,#5509,.T.);
#5509 = CIRCLE('',#5510,0.55);
#5510 = AXIS2_PLACEMENT_3D('',#5511,#5512,#5513);
#5511 = CARTESIAN_POINT('',(41.148,-21.082,0.E+000));
#5512 = DIRECTION('',(0.E+000,0.E+000,1.));
#5513 = DIRECTION('',(1.,0.E+000,-0.E+000));
#5514 = ORIENTED_EDGE('',*,*,#5498,.F.);
#5515 = ORIENTED_EDGE('',*,*,#5516,.F.);
#5516 = EDGE_CURVE('',#5499,#5499,#5517,.T.);
#5517 = CIRCLE('',#5518,0.55);
#5518 = AXIS2_PLACEMENT_3D('',#5519,#5520,#5521);
#5519 = CARTESIAN_POINT('',(41.148,-21.082,-0.41148));
#5520 = DIRECTION('',(0.E+000,0.E+000,1.));
#5521 = DIRECTION('',(1.,0.E+000,-0.E+000));
#5522 = CYLINDRICAL_SURFACE('',#5523,0.55);
#5523 = AXIS2_PLACEMENT_3D('',#5524,#5525,#5526);
#5524 = CARTESIAN_POINT('',(41.148,-21.082,-0.41148));
#5525 = DIRECTION('',(-0.E+000,-0.E+000,-1.));
#5526 = DIRECTION('',(1.,0.E+000,-0.E+000));
#5527 = ADVANCED_FACE('',(#5528),#5555,.F.);
#5528 = FACE_BOUND('',#5529,.T.);
#5529 = EDGE_LOOP('',(#5530,#5540,#5547,#5548));
#5530 = ORIENTED_EDGE('',*,*,#5531,.T.);
#5531 = EDGE_CURVE('',#5532,#5534,#5536,.T.);
#5532 = VERTEX_POINT('',#5533);
#5533 = CARTESIAN_POINT('',(41.698,-18.542,-0.41148));
#5534 = VERTEX_POINT('',#5535);
#5535 = CARTESIAN_POINT('',(41.698,-18.542,0.E+000));
#5536 = LINE('',#5537,#5538);
#5537 = CARTESIAN_POINT('',(41.698,-18.542,-0.41148));
#5538 = VECTOR('',#5539,1.);
#5539 = DIRECTION('',(0.E+000,0.E+000,1.));
#5540 = ORIENTED_EDGE('',*,*,#5541,.T.);
#5541 = EDGE_CURVE('',#5534,#5534,#5542,.T.);
#5542 = CIRCLE('',#5543,0.55);
#5543 = AXIS2_PLACEMENT_3D('',#5544,#5545,#5546);
#5544 = CARTESIAN_POINT('',(41.148,-18.542,0.E+000));
#5545 = DIRECTION('',(0.E+000,0.E+000,1.));
#5546 = DIRECTION('',(1.,0.E+000,-0.E+000));
#5547 = ORIENTED_EDGE('',*,*,#5531,.F.);
#5548 = ORIENTED_EDGE('',*,*,#5549,.F.);
#5549 = EDGE_CURVE('',#5532,#5532,#5550,.T.);
#5550 = CIRCLE('',#5551,0.55);
#5551 = AXIS2_PLACEMENT_3D('',#5552,#5553,#5554);
#5552 = CARTESIAN_POINT('',(41.148,-18.542,-0.41148));
#5553 = DIRECTION('',(0.E+000,0.E+000,1.));
#5554 = DIRECTION('',(1.,0.E+000,-0.E+000));
#5555 = CYLINDRICAL_SURFACE('',#5556,0.55);
#5556 = AXIS2_PLACEMENT_3D('',#5557,#5558,#5559);
#5557 = CARTESIAN_POINT('',(41.148,-18.542,-0.41148));
#5558 = DIRECTION('',(-0.E+000,-0.E+000,-1.));
#5559 = DIRECTION('',(1.,0.E+000,-0.E+000));
#5560 = ADVANCED_FACE('',(#5561),#5588,.F.);
#5561 = FACE_BOUND('',#5562,.T.);
#5562 = EDGE_LOOP('',(#5563,#5573,#5580,#5581));
#5563 = ORIENTED_EDGE('',*,*,#5564,.T.);
#5564 = EDGE_CURVE('',#5565,#5567,#5569,.T.);
#5565 = VERTEX_POINT('',#5566);
#5566 = CARTESIAN_POINT('',(50.219,-17.11,-0.41148));
#5567 = VERTEX_POINT('',#5568);
#5568 = CARTESIAN_POINT('',(50.219,-17.11,0.E+000));
#5569 = LINE('',#5570,#5571);
#5570 = CARTESIAN_POINT('',(50.219,-17.11,-0.41148));
#5571 = VECTOR('',#5572,1.);
#5572 = DIRECTION('',(0.E+000,0.E+000,1.));
#5573 = ORIENTED_EDGE('',*,*,#5574,.T.);
#5574 = EDGE_CURVE('',#5567,#5567,#5575,.T.);
#5575 = CIRCLE('',#5576,0.25);
#5576 = AXIS2_PLACEMENT_3D('',#5577,#5578,#5579);
#5577 = CARTESIAN_POINT('',(49.969,-17.11,0.E+000));
#5578 = DIRECTION('',(0.E+000,0.E+000,1.));
#5579 = DIRECTION('',(1.,0.E+000,-0.E+000));
#5580 = ORIENTED_EDGE('',*,*,#5564,.F.);
#5581 = ORIENTED_EDGE('',*,*,#5582,.F.);
#5582 = EDGE_CURVE('',#5565,#5565,#5583,.T.);
#5583 = CIRCLE('',#5584,0.25);
#5584 = AXIS2_PLACEMENT_3D('',#5585,#5586,#5587);
#5585 = CARTESIAN_POINT('',(49.969,-17.11,-0.41148));
#5586 = DIRECTION('',(0.E+000,0.E+000,1.));
#5587 = DIRECTION('',(1.,0.E+000,-0.E+000));
#5588 = CYLINDRICAL_SURFACE('',#5589,0.25);
#5589 = AXIS2_PLACEMENT_3D('',#5590,#5591,#5592);
#5590 = CARTESIAN_POINT('',(49.969,-17.11,-0.41148));
#5591 = DIRECTION('',(-0.E+000,-0.E+000,-1.));
#5592 = DIRECTION('',(1.,0.E+000,-0.E+000));
#5593 = ADVANCED_FACE('',(#5594),#5621,.F.);
#5594 = FACE_BOUND('',#5595,.T.);
#5595 = EDGE_LOOP('',(#5596,#5606,#5613,#5614));
#5596 = ORIENTED_EDGE('',*,*,#5597,.T.);
#5597 = EDGE_CURVE('',#5598,#5600,#5602,.T.);
#5598 = VERTEX_POINT('',#5599);
#5599 = CARTESIAN_POINT('',(21.251,-10.414,-0.41148));
#5600 = VERTEX_POINT('',#5601);
#5601 = CARTESIAN_POINT('',(21.251,-10.414,0.E+000));
#5602 = LINE('',#5603,#5604);
#5603 = CARTESIAN_POINT('',(21.251,-10.414,-0.41148));
#5604 = VECTOR('',#5605,1.);
#5605 = DIRECTION('',(0.E+000,0.E+000,1.));
#5606 = ORIENTED_EDGE('',*,*,#5607,.T.);
#5607 = EDGE_CURVE('',#5600,#5600,#5608,.T.);
#5608 = CIRCLE('',#5609,0.55);
#5609 = AXIS2_PLACEMENT_3D('',#5610,#5611,#5612);
#5610 = CARTESIAN_POINT('',(20.701,-10.414,0.E+000));
#5611 = DIRECTION('',(0.E+000,0.E+000,1.));
#5612 = DIRECTION('',(1.,0.E+000,-0.E+000));
#5613 = ORIENTED_EDGE('',*,*,#5597,.F.);
#5614 = ORIENTED_EDGE('',*,*,#5615,.F.);
#5615 = EDGE_CURVE('',#5598,#5598,#5616,.T.);
#5616 = CIRCLE('',#5617,0.55);
#5617 = AXIS2_PLACEMENT_3D('',#5618,#5619,#5620);
#5618 = CARTESIAN_POINT('',(20.701,-10.414,-0.41148));
#5619 = DIRECTION('',(0.E+000,0.E+000,1.));
#5620 = DIRECTION('',(1.,0.E+000,-0.E+000));
#5621 = CYLINDRICAL_SURFACE('',#5622,0.55);
#5622 = AXIS2_PLACEMENT_3D('',#5623,#5624,#5625);
#5623 = CARTESIAN_POINT('',(20.701,-10.414,-0.41148));
#5624 = DIRECTION('',(-0.E+000,-0.E+000,-1.));
#5625 = DIRECTION('',(1.,0.E+000,-0.E+000));
#5626 = ADVANCED_FACE('',(#5627),#5654,.F.);
#5627 = FACE_BOUND('',#5628,.T.);
#5628 = EDGE_LOOP('',(#5629,#5639,#5646,#5647));
#5629 = ORIENTED_EDGE('',*,*,#5630,.T.);
#5630 = EDGE_CURVE('',#5631,#5633,#5635,.T.);
#5631 = VERTEX_POINT('',#5632);
#5632 = CARTESIAN_POINT('',(29.252,-16.002,-0.41148));
#5633 = VERTEX_POINT('',#5634);
#5634 = CARTESIAN_POINT('',(29.252,-16.002,0.E+000));
#5635 = LINE('',#5636,#5637);
#5636 = CARTESIAN_POINT('',(29.252,-16.002,-0.41148));
#5637 = VECTOR('',#5638,1.);
#5638 = DIRECTION('',(0.E+000,0.E+000,1.));
#5639 = ORIENTED_EDGE('',*,*,#5640,.T.);
#5640 = EDGE_CURVE('',#5633,#5633,#5641,.T.);
#5641 = CIRCLE('',#5642,0.55);
#5642 = AXIS2_PLACEMENT_3D('',#5643,#5644,#5645);
#5643 = CARTESIAN_POINT('',(28.702,-16.002,0.E+000));
#5644 = DIRECTION('',(0.E+000,0.E+000,1.));
#5645 = DIRECTION('',(1.,0.E+000,-0.E+000));
#5646 = ORIENTED_EDGE('',*,*,#5630,.F.);
#5647 = ORIENTED_EDGE('',*,*,#5648,.F.);
#5648 = EDGE_CURVE('',#5631,#5631,#5649,.T.);
#5649 = CIRCLE('',#5650,0.55);
#5650 = AXIS2_PLACEMENT_3D('',#5651,#5652,#5653);
#5651 = CARTESIAN_POINT('',(28.702,-16.002,-0.41148));
#5652 = DIRECTION('',(0.E+000,0.E+000,1.));
#5653 = DIRECTION('',(1.,0.E+000,-0.E+000));
#5654 = CYLINDRICAL_SURFACE('',#5655,0.55);
#5655 = AXIS2_PLACEMENT_3D('',#5656,#5657,#5658);
#5656 = CARTESIAN_POINT('',(28.702,-16.002,-0.41148));
#5657 = DIRECTION('',(-0.E+000,-0.E+000,-1.));
#5658 = DIRECTION('',(1.,0.E+000,-0.E+000));
#5659 = ADVANCED_FACE('',(#5660),#5687,.F.);
#5660 = FACE_BOUND('',#5661,.T.);
#5661 = EDGE_LOOP('',(#5662,#5672,#5679,#5680));
#5662 = ORIENTED_EDGE('',*,*,#5663,.T.);
#5663 = EDGE_CURVE('',#5664,#5666,#5668,.T.);
#5664 = VERTEX_POINT('',#5665);
#5665 = CARTESIAN_POINT('',(23.029,-16.002,-0.41148));
#5666 = VERTEX_POINT('',#5667);
#5667 = CARTESIAN_POINT('',(23.029,-16.002,0.E+000));
#5668 = LINE('',#5669,#5670);
#5669 = CARTESIAN_POINT('',(23.029,-16.002,-0.41148));
#5670 = VECTOR('',#5671,1.);
#5671 = DIRECTION('',(0.E+000,0.E+000,1.));
#5672 = ORIENTED_EDGE('',*,*,#5673,.T.);
#5673 = EDGE_CURVE('',#5666,#5666,#5674,.T.);
#5674 = CIRCLE('',#5675,0.55);
#5675 = AXIS2_PLACEMENT_3D('',#5676,#5677,#5678);
#5676 = CARTESIAN_POINT('',(22.479,-16.002,0.E+000));
#5677 = DIRECTION('',(0.E+000,0.E+000,1.));
#5678 = DIRECTION('',(1.,0.E+000,-0.E+000));
#5679 = ORIENTED_EDGE('',*,*,#5663,.F.);
#5680 = ORIENTED_EDGE('',*,*,#5681,.F.);
#5681 = EDGE_CURVE('',#5664,#5664,#5682,.T.);
#5682 = CIRCLE('',#5683,0.55);
#5683 = AXIS2_PLACEMENT_3D('',#5684,#5685,#5686);
#5684 = CARTESIAN_POINT('',(22.479,-16.002,-0.41148));
#5685 = DIRECTION('',(0.E+000,0.E+000,1.));
#5686 = DIRECTION('',(1.,0.E+000,-0.E+000));
#5687 = CYLINDRICAL_SURFACE('',#5688,0.55);
#5688 = AXIS2_PLACEMENT_3D('',#5689,#5690,#5691);
#5689 = CARTESIAN_POINT('',(22.479,-16.002,-0.41148));
#5690 = DIRECTION('',(-0.E+000,-0.E+000,-1.));
#5691 = DIRECTION('',(1.,0.E+000,-0.E+000));
#5692 = ADVANCED_FACE('',(#5693),#5720,.F.);
#5693 = FACE_BOUND('',#5694,.T.);
#5694 = EDGE_LOOP('',(#5695,#5705,#5712,#5713));
#5695 = ORIENTED_EDGE('',*,*,#5696,.T.);
#5696 = EDGE_CURVE('',#5697,#5699,#5701,.T.);
#5697 = VERTEX_POINT('',#5698);
#5698 = CARTESIAN_POINT('',(21.251,-7.874,-0.41148));
#5699 = VERTEX_POINT('',#5700);
#5700 = CARTESIAN_POINT('',(21.251,-7.874,0.E+000));
#5701 = LINE('',#5702,#5703);
#5702 = CARTESIAN_POINT('',(21.251,-7.874,-0.41148));
#5703 = VECTOR('',#5704,1.);
#5704 = DIRECTION('',(0.E+000,0.E+000,1.));
#5705 = ORIENTED_EDGE('',*,*,#5706,.T.);
#5706 = EDGE_CURVE('',#5699,#5699,#5707,.T.);
#5707 = CIRCLE('',#5708,0.55);
#5708 = AXIS2_PLACEMENT_3D('',#5709,#5710,#5711);
#5709 = CARTESIAN_POINT('',(20.701,-7.874,0.E+000));
#5710 = DIRECTION('',(0.E+000,0.E+000,1.));
#5711 = DIRECTION('',(1.,0.E+000,-0.E+000));
#5712 = ORIENTED_EDGE('',*,*,#5696,.F.);
#5713 = ORIENTED_EDGE('',*,*,#5714,.F.);
#5714 = EDGE_CURVE('',#5697,#5697,#5715,.T.);
#5715 = CIRCLE('',#5716,0.55);
#5716 = AXIS2_PLACEMENT_3D('',#5717,#5718,#5719);
#5717 = CARTESIAN_POINT('',(20.701,-7.874,-0.41148));
#5718 = DIRECTION('',(0.E+000,0.E+000,1.));
#5719 = DIRECTION('',(1.,0.E+000,-0.E+000));
#5720 = CYLINDRICAL_SURFACE('',#5721,0.55);
#5721 = AXIS2_PLACEMENT_3D('',#5722,#5723,#5724);
#5722 = CARTESIAN_POINT('',(20.701,-7.874,-0.41148));
#5723 = DIRECTION('',(-0.E+000,-0.E+000,-1.));
#5724 = DIRECTION('',(1.,0.E+000,-0.E+000));
#5725 = ADVANCED_FACE('',(#5726),#5753,.F.);
#5726 = FACE_BOUND('',#5727,.T.);
#5727 = EDGE_LOOP('',(#5728,#5738,#5745,#5746));
#5728 = ORIENTED_EDGE('',*,*,#5729,.T.);
#5729 = EDGE_CURVE('',#5730,#5732,#5734,.T.);
#5730 = VERTEX_POINT('',#5731);
#5731 = CARTESIAN_POINT('',(27.471,-10.414,-0.41148));
#5732 = VERTEX_POINT('',#5733);
#5733 = CARTESIAN_POINT('',(27.471,-10.414,0.E+000));
#5734 = LINE('',#5735,#5736);
#5735 = CARTESIAN_POINT('',(27.471,-10.414,-0.41148));
#5736 = VECTOR('',#5737,1.);
#5737 = DIRECTION('',(0.E+000,0.E+000,1.));
#5738 = ORIENTED_EDGE('',*,*,#5739,.T.);
#5739 = EDGE_CURVE('',#5732,#5732,#5740,.T.);
#5740 = CIRCLE('',#5741,0.55);
#5741 = AXIS2_PLACEMENT_3D('',#5742,#5743,#5744);
#5742 = CARTESIAN_POINT('',(26.921,-10.414,0.E+000));
#5743 = DIRECTION('',(0.E+000,0.E+000,1.));
#5744 = DIRECTION('',(1.,0.E+000,-0.E+000));
#5745 = ORIENTED_EDGE('',*,*,#5729,.F.);
#5746 = ORIENTED_EDGE('',*,*,#5747,.F.);
#5747 = EDGE_CURVE('',#5730,#5730,#5748,.T.);
#5748 = CIRCLE('',#5749,0.55);
#5749 = AXIS2_PLACEMENT_3D('',#5750,#5751,#5752);
#5750 = CARTESIAN_POINT('',(26.921,-10.414,-0.41148));
#5751 = DIRECTION('',(0.E+000,0.E+000,1.));
#5752 = DIRECTION('',(1.,0.E+000,-0.E+000));
#5753 = CYLINDRICAL_SURFACE('',#5754,0.55);
#5754 = AXIS2_PLACEMENT_3D('',#5755,#5756,#5757);
#5755 = CARTESIAN_POINT('',(26.921,-10.414,-0.41148));
#5756 = DIRECTION('',(-0.E+000,-0.E+000,-1.));
#5757 = DIRECTION('',(1.,0.E+000,-0.E+000));
#5758 = ADVANCED_FACE('',(#5759),#5786,.F.);
#5759 = FACE_BOUND('',#5760,.T.);
#5760 = EDGE_LOOP('',(#5761,#5771,#5778,#5779));
#5761 = ORIENTED_EDGE('',*,*,#5762,.T.);
#5762 = EDGE_CURVE('',#5763,#5765,#5767,.T.);
#5763 = VERTEX_POINT('',#5764);
#5764 = CARTESIAN_POINT('',(27.471,-7.874,-0.41148));
#5765 = VERTEX_POINT('',#5766);
#5766 = CARTESIAN_POINT('',(27.471,-7.874,0.E+000));
#5767 = LINE('',#5768,#5769);
#5768 = CARTESIAN_POINT('',(27.471,-7.874,-0.41148));
#5769 = VECTOR('',#5770,1.);
#5770 = DIRECTION('',(0.E+000,0.E+000,1.));
#5771 = ORIENTED_EDGE('',*,*,#5772,.T.);
#5772 = EDGE_CURVE('',#5765,#5765,#5773,.T.);
#5773 = CIRCLE('',#5774,0.55);
#5774 = AXIS2_PLACEMENT_3D('',#5775,#5776,#5777);
#5775 = CARTESIAN_POINT('',(26.921,-7.874,0.E+000));
#5776 = DIRECTION('',(0.E+000,0.E+000,1.));
#5777 = DIRECTION('',(1.,0.E+000,-0.E+000));
#5778 = ORIENTED_EDGE('',*,*,#5762,.F.);
#5779 = ORIENTED_EDGE('',*,*,#5780,.F.);
#5780 = EDGE_CURVE('',#5763,#5763,#5781,.T.);
#5781 = CIRCLE('',#5782,0.55);
#5782 = AXIS2_PLACEMENT_3D('',#5783,#5784,#5785);
#5783 = CARTESIAN_POINT('',(26.921,-7.874,-0.41148));
#5784 = DIRECTION('',(0.E+000,0.E+000,1.));
#5785 = DIRECTION('',(1.,0.E+000,-0.E+000));
#5786 = CYLINDRICAL_SURFACE('',#5787,0.55);
#5787 = AXIS2_PLACEMENT_3D('',#5788,#5789,#5790);
#5788 = CARTESIAN_POINT('',(26.921,-7.874,-0.41148));
#5789 = DIRECTION('',(-0.E+000,-0.E+000,-1.));
#5790 = DIRECTION('',(1.,0.E+000,-0.E+000));
#5791 = ADVANCED_FACE('',(#5792),#5819,.F.);
#5792 = FACE_BOUND('',#5793,.T.);
#5793 = EDGE_LOOP('',(#5794,#5804,#5811,#5812));
#5794 = ORIENTED_EDGE('',*,*,#5795,.T.);
#5795 = EDGE_CURVE('',#5796,#5798,#5800,.T.);
#5796 = VERTEX_POINT('',#5797);
#5797 = CARTESIAN_POINT('',(33.691,-10.414,-0.41148));
#5798 = VERTEX_POINT('',#5799);
#5799 = CARTESIAN_POINT('',(33.691,-10.414,0.E+000));
#5800 = LINE('',#5801,#5802);
#5801 = CARTESIAN_POINT('',(33.691,-10.414,-0.41148));
#5802 = VECTOR('',#5803,1.);
#5803 = DIRECTION('',(0.E+000,0.E+000,1.));
#5804 = ORIENTED_EDGE('',*,*,#5805,.T.);
#5805 = EDGE_CURVE('',#5798,#5798,#5806,.T.);
#5806 = CIRCLE('',#5807,0.55);
#5807 = AXIS2_PLACEMENT_3D('',#5808,#5809,#5810);
#5808 = CARTESIAN_POINT('',(33.141,-10.414,0.E+000));
#5809 = DIRECTION('',(0.E+000,0.E+000,1.));
#5810 = DIRECTION('',(1.,0.E+000,-0.E+000));
#5811 = ORIENTED_EDGE('',*,*,#5795,.F.);
#5812 = ORIENTED_EDGE('',*,*,#5813,.F.);
#5813 = EDGE_CURVE('',#5796,#5796,#5814,.T.);
#5814 = CIRCLE('',#5815,0.55);
#5815 = AXIS2_PLACEMENT_3D('',#5816,#5817,#5818);
#5816 = CARTESIAN_POINT('',(33.141,-10.414,-0.41148));
#5817 = DIRECTION('',(0.E+000,0.E+000,1.));
#5818 = DIRECTION('',(1.,0.E+000,-0.E+000));
#5819 = CYLINDRICAL_SURFACE('',#5820,0.55);
#5820 = AXIS2_PLACEMENT_3D('',#5821,#5822,#5823);
#5821 = CARTESIAN_POINT('',(33.141,-10.414,-0.41148));
#5822 = DIRECTION('',(-0.E+000,-0.E+000,-1.));
#5823 = DIRECTION('',(1.,0.E+000,-0.E+000));
#5824 = ADVANCED_FACE('',(#5825),#5852,.F.);
#5825 = FACE_BOUND('',#5826,.T.);
#5826 = EDGE_LOOP('',(#5827,#5837,#5844,#5845));
#5827 = ORIENTED_EDGE('',*,*,#5828,.T.);
#5828 = EDGE_CURVE('',#5829,#5831,#5833,.T.);
#5829 = VERTEX_POINT('',#5830);
#5830 = CARTESIAN_POINT('',(41.698,-16.002,-0.41148));
#5831 = VERTEX_POINT('',#5832);
#5832 = CARTESIAN_POINT('',(41.698,-16.002,0.E+000));
#5833 = LINE('',#5834,#5835);
#5834 = CARTESIAN_POINT('',(41.698,-16.002,-0.41148));
#5835 = VECTOR('',#5836,1.);
#5836 = DIRECTION('',(0.E+000,0.E+000,1.));
#5837 = ORIENTED_EDGE('',*,*,#5838,.T.);
#5838 = EDGE_CURVE('',#5831,#5831,#5839,.T.);
#5839 = CIRCLE('',#5840,0.55);
#5840 = AXIS2_PLACEMENT_3D('',#5841,#5842,#5843);
#5841 = CARTESIAN_POINT('',(41.148,-16.002,0.E+000));
#5842 = DIRECTION('',(0.E+000,0.E+000,1.));
#5843 = DIRECTION('',(1.,0.E+000,-0.E+000));
#5844 = ORIENTED_EDGE('',*,*,#5828,.F.);
#5845 = ORIENTED_EDGE('',*,*,#5846,.F.);
#5846 = EDGE_CURVE('',#5829,#5829,#5847,.T.);
#5847 = CIRCLE('',#5848,0.55);
#5848 = AXIS2_PLACEMENT_3D('',#5849,#5850,#5851);
#5849 = CARTESIAN_POINT('',(41.148,-16.002,-0.41148));
#5850 = DIRECTION('',(0.E+000,0.E+000,1.));
#5851 = DIRECTION('',(1.,0.E+000,-0.E+000));
#5852 = CYLINDRICAL_SURFACE('',#5853,0.55);
#5853 = AXIS2_PLACEMENT_3D('',#5854,#5855,#5856);
#5854 = CARTESIAN_POINT('',(41.148,-16.002,-0.41148));
#5855 = DIRECTION('',(-0.E+000,-0.E+000,-1.));
#5856 = DIRECTION('',(1.,0.E+000,-0.E+000));
#5857 = ADVANCED_FACE('',(#5858),#5885,.F.);
#5858 = FACE_BOUND('',#5859,.T.);
#5859 = EDGE_LOOP('',(#5860,#5870,#5877,#5878));
#5860 = ORIENTED_EDGE('',*,*,#5861,.T.);
#5861 = EDGE_CURVE('',#5862,#5864,#5866,.T.);
#5862 = VERTEX_POINT('',#5863);
#5863 = CARTESIAN_POINT('',(35.475,-16.002,-0.41148));
#5864 = VERTEX_POINT('',#5865);
#5865 = CARTESIAN_POINT('',(35.475,-16.002,0.E+000));
#5866 = LINE('',#5867,#5868);
#5867 = CARTESIAN_POINT('',(35.475,-16.002,-0.41148));
#5868 = VECTOR('',#5869,1.);
#5869 = DIRECTION('',(0.E+000,0.E+000,1.));
#5870 = ORIENTED_EDGE('',*,*,#5871,.T.);
#5871 = EDGE_CURVE('',#5864,#5864,#5872,.T.);
#5872 = CIRCLE('',#5873,0.55);
#5873 = AXIS2_PLACEMENT_3D('',#5874,#5875,#5876);
#5874 = CARTESIAN_POINT('',(34.925,-16.002,0.E+000));
#5875 = DIRECTION('',(0.E+000,0.E+000,1.));
#5876 = DIRECTION('',(1.,0.E+000,-0.E+000));
#5877 = ORIENTED_EDGE('',*,*,#5861,.F.);
#5878 = ORIENTED_EDGE('',*,*,#5879,.F.);
#5879 = EDGE_CURVE('',#5862,#5862,#5880,.T.);
#5880 = CIRCLE('',#5881,0.55);
#5881 = AXIS2_PLACEMENT_3D('',#5882,#5883,#5884);
#5882 = CARTESIAN_POINT('',(34.925,-16.002,-0.41148));
#5883 = DIRECTION('',(0.E+000,0.E+000,1.));
#5884 = DIRECTION('',(1.,0.E+000,-0.E+000));
#5885 = CYLINDRICAL_SURFACE('',#5886,0.55);
#5886 = AXIS2_PLACEMENT_3D('',#5887,#5888,#5889);
#5887 = CARTESIAN_POINT('',(34.925,-16.002,-0.41148));
#5888 = DIRECTION('',(-0.E+000,-0.E+000,-1.));
#5889 = DIRECTION('',(1.,0.E+000,-0.E+000));
#5890 = ADVANCED_FACE('',(#5891),#5918,.F.);
#5891 = FACE_BOUND('',#5892,.T.);
#5892 = EDGE_LOOP('',(#5893,#5903,#5910,#5911));
#5893 = ORIENTED_EDGE('',*,*,#5894,.T.);
#5894 = EDGE_CURVE('',#5895,#5897,#5899,.T.);
#5895 = VERTEX_POINT('',#5896);
#5896 = CARTESIAN_POINT('',(33.691,-7.874,-0.41148));
#5897 = VERTEX_POINT('',#5898);
#5898 = CARTESIAN_POINT('',(33.691,-7.874,0.E+000));
#5899 = LINE('',#5900,#5901);
#5900 = CARTESIAN_POINT('',(33.691,-7.874,-0.41148));
#5901 = VECTOR('',#5902,1.);
#5902 = DIRECTION('',(0.E+000,0.E+000,1.));
#5903 = ORIENTED_EDGE('',*,*,#5904,.T.);
#5904 = EDGE_CURVE('',#5897,#5897,#5905,.T.);
#5905 = CIRCLE('',#5906,0.55);
#5906 = AXIS2_PLACEMENT_3D('',#5907,#5908,#5909);
#5907 = CARTESIAN_POINT('',(33.141,-7.874,0.E+000));
#5908 = DIRECTION('',(0.E+000,0.E+000,1.));
#5909 = DIRECTION('',(1.,0.E+000,-0.E+000));
#5910 = ORIENTED_EDGE('',*,*,#5894,.F.);
#5911 = ORIENTED_EDGE('',*,*,#5912,.F.);
#5912 = EDGE_CURVE('',#5895,#5895,#5913,.T.);
#5913 = CIRCLE('',#5914,0.55);
#5914 = AXIS2_PLACEMENT_3D('',#5915,#5916,#5917);
#5915 = CARTESIAN_POINT('',(33.141,-7.874,-0.41148));
#5916 = DIRECTION('',(0.E+000,0.E+000,1.));
#5917 = DIRECTION('',(1.,0.E+000,-0.E+000));
#5918 = CYLINDRICAL_SURFACE('',#5919,0.55);
#5919 = AXIS2_PLACEMENT_3D('',#5920,#5921,#5922);
#5920 = CARTESIAN_POINT('',(33.141,-7.874,-0.41148));
#5921 = DIRECTION('',(-0.E+000,-0.E+000,-1.));
#5922 = DIRECTION('',(1.,0.E+000,-0.E+000));
#5923 = ADVANCED_FACE('',(#5924),#5951,.F.);
#5924 = FACE_BOUND('',#5925,.T.);
#5925 = EDGE_LOOP('',(#5926,#5936,#5943,#5944));
#5926 = ORIENTED_EDGE('',*,*,#5927,.T.);
#5927 = EDGE_CURVE('',#5928,#5930,#5932,.T.);
#5928 = VERTEX_POINT('',#5929);
#5929 = CARTESIAN_POINT('',(39.912,-10.414,-0.41148));
#5930 = VERTEX_POINT('',#5931);
#5931 = CARTESIAN_POINT('',(39.912,-10.414,0.E+000));
#5932 = LINE('',#5933,#5934);
#5933 = CARTESIAN_POINT('',(39.912,-10.414,-0.41148));
#5934 = VECTOR('',#5935,1.);
#5935 = DIRECTION('',(0.E+000,0.E+000,1.));
#5936 = ORIENTED_EDGE('',*,*,#5937,.T.);
#5937 = EDGE_CURVE('',#5930,#5930,#5938,.T.);
#5938 = CIRCLE('',#5939,0.55);
#5939 = AXIS2_PLACEMENT_3D('',#5940,#5941,#5942);
#5940 = CARTESIAN_POINT('',(39.362,-10.414,0.E+000));
#5941 = DIRECTION('',(0.E+000,0.E+000,1.));
#5942 = DIRECTION('',(1.,0.E+000,-0.E+000));
#5943 = ORIENTED_EDGE('',*,*,#5927,.F.);
#5944 = ORIENTED_EDGE('',*,*,#5945,.F.);
#5945 = EDGE_CURVE('',#5928,#5928,#5946,.T.);
#5946 = CIRCLE('',#5947,0.55);
#5947 = AXIS2_PLACEMENT_3D('',#5948,#5949,#5950);
#5948 = CARTESIAN_POINT('',(39.362,-10.414,-0.41148));
#5949 = DIRECTION('',(0.E+000,0.E+000,1.));
#5950 = DIRECTION('',(1.,0.E+000,-0.E+000));
#5951 = CYLINDRICAL_SURFACE('',#5952,0.55);
#5952 = AXIS2_PLACEMENT_3D('',#5953,#5954,#5955);
#5953 = CARTESIAN_POINT('',(39.362,-10.414,-0.41148));
#5954 = DIRECTION('',(-0.E+000,-0.E+000,-1.));
#5955 = DIRECTION('',(1.,0.E+000,-0.E+000));
#5956 = ADVANCED_FACE('',(#5957),#5984,.F.);
#5957 = FACE_BOUND('',#5958,.T.);
#5958 = EDGE_LOOP('',(#5959,#5969,#5976,#5977));
#5959 = ORIENTED_EDGE('',*,*,#5960,.T.);
#5960 = EDGE_CURVE('',#5961,#5963,#5965,.T.);
#5961 = VERTEX_POINT('',#5962);
#5962 = CARTESIAN_POINT('',(39.912,-7.874,-0.41148));
#5963 = VERTEX_POINT('',#5964);
#5964 = CARTESIAN_POINT('',(39.912,-7.874,0.E+000));
#5965 = LINE('',#5966,#5967);
#5966 = CARTESIAN_POINT('',(39.912,-7.874,-0.41148));
#5967 = VECTOR('',#5968,1.);
#5968 = DIRECTION('',(0.E+000,0.E+000,1.));
#5969 = ORIENTED_EDGE('',*,*,#5970,.T.);
#5970 = EDGE_CURVE('',#5963,#5963,#5971,.T.);
#5971 = CIRCLE('',#5972,0.55);
#5972 = AXIS2_PLACEMENT_3D('',#5973,#5974,#5975);
#5973 = CARTESIAN_POINT('',(39.362,-7.874,0.E+000));
#5974 = DIRECTION('',(0.E+000,0.E+000,1.));
#5975 = DIRECTION('',(1.,0.E+000,-0.E+000));
#5976 = ORIENTED_EDGE('',*,*,#5960,.F.);
#5977 = ORIENTED_EDGE('',*,*,#5978,.F.);
#5978 = EDGE_CURVE('',#5961,#5961,#5979,.T.);
#5979 = CIRCLE('',#5980,0.55);
#5980 = AXIS2_PLACEMENT_3D('',#5981,#5982,#5983);
#5981 = CARTESIAN_POINT('',(39.362,-7.874,-0.41148));
#5982 = DIRECTION('',(0.E+000,0.E+000,1.));
#5983 = DIRECTION('',(1.,0.E+000,-0.E+000));
#5984 = CYLINDRICAL_SURFACE('',#5985,0.55);
#5985 = AXIS2_PLACEMENT_3D('',#5986,#5987,#5988);
#5986 = CARTESIAN_POINT('',(39.362,-7.874,-0.41148));
#5987 = DIRECTION('',(-0.E+000,-0.E+000,-1.));
#5988 = DIRECTION('',(1.,0.E+000,-0.E+000));
#5989 = ADVANCED_FACE('',(#5990),#6017,.F.);
#5990 = FACE_BOUND('',#5991,.T.);
#5991 = EDGE_LOOP('',(#5992,#6002,#6009,#6010));
#5992 = ORIENTED_EDGE('',*,*,#5993,.T.);
#5993 = EDGE_CURVE('',#5994,#5996,#5998,.T.);
#5994 = VERTEX_POINT('',#5995);
#5995 = CARTESIAN_POINT('',(16.355,5.447,-0.41148));
#5996 = VERTEX_POINT('',#5997);
#5997 = CARTESIAN_POINT('',(16.355,5.447,0.E+000));
#5998 = LINE('',#5999,#6000);
#5999 = CARTESIAN_POINT('',(16.355,5.447,-0.41148));
#6000 = VECTOR('',#6001,1.);
#6001 = DIRECTION('',(0.E+000,0.E+000,1.));
#6002 = ORIENTED_EDGE('',*,*,#6003,.T.);
#6003 = EDGE_CURVE('',#5996,#5996,#6004,.T.);
#6004 = CIRCLE('',#6005,1.75);
#6005 = AXIS2_PLACEMENT_3D('',#6006,#6007,#6008);
#6006 = CARTESIAN_POINT('',(14.605,5.447,0.E+000));
#6007 = DIRECTION('',(0.E+000,0.E+000,1.));
#6008 = DIRECTION('',(1.,0.E+000,-0.E+000));
#6009 = ORIENTED_EDGE('',*,*,#5993,.F.);
#6010 = ORIENTED_EDGE('',*,*,#6011,.F.);
#6011 = EDGE_CURVE('',#5994,#5994,#6012,.T.);
#6012 = CIRCLE('',#6013,1.75);
#6013 = AXIS2_PLACEMENT_3D('',#6014,#6015,#6016);
#6014 = CARTESIAN_POINT('',(14.605,5.447,-0.41148));
#6015 = DIRECTION('',(0.E+000,0.E+000,1.));
#6016 = DIRECTION('',(1.,0.E+000,-0.E+000));
#6017 = CYLINDRICAL_SURFACE('',#6018,1.75);
#6018 = AXIS2_PLACEMENT_3D('',#6019,#6020,#6021);
#6019 = CARTESIAN_POINT('',(14.605,5.447,-0.41148));
#6020 = DIRECTION('',(-0.E+000,-0.E+000,-1.));
#6021 = DIRECTION('',(1.,0.E+000,-0.E+000));
#6022 = ADVANCED_FACE('',(#6023),#6050,.F.);
#6023 = FACE_BOUND('',#6024,.T.);
#6024 = EDGE_LOOP('',(#6025,#6035,#6042,#6043));
#6025 = ORIENTED_EDGE('',*,*,#6026,.T.);
#6026 = EDGE_CURVE('',#6027,#6029,#6031,.T.);
#6027 = VERTEX_POINT('',#6028);
#6028 = CARTESIAN_POINT('',(21.251,-5.334,-0.41148));
#6029 = VERTEX_POINT('',#6030);
#6030 = CARTESIAN_POINT('',(21.251,-5.334,0.E+000));
#6031 = LINE('',#6032,#6033);
#6032 = CARTESIAN_POINT('',(21.251,-5.334,-0.41148));
#6033 = VECTOR('',#6034,1.);
#6034 = DIRECTION('',(0.E+000,0.E+000,1.));
#6035 = ORIENTED_EDGE('',*,*,#6036,.T.);
#6036 = EDGE_CURVE('',#6029,#6029,#6037,.T.);
#6037 = CIRCLE('',#6038,0.55);
#6038 = AXIS2_PLACEMENT_3D('',#6039,#6040,#6041);
#6039 = CARTESIAN_POINT('',(20.701,-5.334,0.E+000));
#6040 = DIRECTION('',(0.E+000,0.E+000,1.));
#6041 = DIRECTION('',(1.,0.E+000,-0.E+000));
#6042 = ORIENTED_EDGE('',*,*,#6026,.F.);
#6043 = ORIENTED_EDGE('',*,*,#6044,.F.);
#6044 = EDGE_CURVE('',#6027,#6027,#6045,.T.);
#6045 = CIRCLE('',#6046,0.55);
#6046 = AXIS2_PLACEMENT_3D('',#6047,#6048,#6049);
#6047 = CARTESIAN_POINT('',(20.701,-5.334,-0.41148));
#6048 = DIRECTION('',(0.E+000,0.E+000,1.));
#6049 = DIRECTION('',(1.,0.E+000,-0.E+000));
#6050 = CYLINDRICAL_SURFACE('',#6051,0.55);
#6051 = AXIS2_PLACEMENT_3D('',#6052,#6053,#6054);
#6052 = CARTESIAN_POINT('',(20.701,-5.334,-0.41148));
#6053 = DIRECTION('',(-0.E+000,-0.E+000,-1.));
#6054 = DIRECTION('',(1.,0.E+000,-0.E+000));
#6055 = ADVANCED_FACE('',(#6056),#6083,.F.);
#6056 = FACE_BOUND('',#6057,.T.);
#6057 = EDGE_LOOP('',(#6058,#6068,#6075,#6076));
#6058 = ORIENTED_EDGE('',*,*,#6059,.T.);
#6059 = EDGE_CURVE('',#6060,#6062,#6064,.T.);
#6060 = VERTEX_POINT('',#6061);
#6061 = CARTESIAN_POINT('',(25.188,15.748,-0.41148));
#6062 = VERTEX_POINT('',#6063);
#6063 = CARTESIAN_POINT('',(25.188,15.748,0.E+000));
#6064 = LINE('',#6065,#6066);
#6065 = CARTESIAN_POINT('',(25.188,15.748,-0.41148));
#6066 = VECTOR('',#6067,1.);
#6067 = DIRECTION('',(0.E+000,0.E+000,1.));
#6068 = ORIENTED_EDGE('',*,*,#6069,.T.);
#6069 = EDGE_CURVE('',#6062,#6062,#6070,.T.);
#6070 = CIRCLE('',#6071,0.55);
#6071 = AXIS2_PLACEMENT_3D('',#6072,#6073,#6074);
#6072 = CARTESIAN_POINT('',(24.638,15.748,0.E+000));
#6073 = DIRECTION('',(0.E+000,0.E+000,1.));
#6074 = DIRECTION('',(1.,0.E+000,-0.E+000));
#6075 = ORIENTED_EDGE('',*,*,#6059,.F.);
#6076 = ORIENTED_EDGE('',*,*,#6077,.F.);
#6077 = EDGE_CURVE('',#6060,#6060,#6078,.T.);
#6078 = CIRCLE('',#6079,0.55);
#6079 = AXIS2_PLACEMENT_3D('',#6080,#6081,#6082);
#6080 = CARTESIAN_POINT('',(24.638,15.748,-0.41148));
#6081 = DIRECTION('',(0.E+000,0.E+000,1.));
#6082 = DIRECTION('',(1.,0.E+000,-0.E+000));
#6083 = CYLINDRICAL_SURFACE('',#6084,0.55);
#6084 = AXIS2_PLACEMENT_3D('',#6085,#6086,#6087);
#6085 = CARTESIAN_POINT('',(24.638,15.748,-0.41148));
#6086 = DIRECTION('',(-0.E+000,-0.E+000,-1.));
#6087 = DIRECTION('',(1.,0.E+000,-0.E+000));
#6088 = ADVANCED_FACE('',(#6089),#6116,.F.);
#6089 = FACE_BOUND('',#6090,.T.);
#6090 = EDGE_LOOP('',(#6091,#6101,#6108,#6109));
#6091 = ORIENTED_EDGE('',*,*,#6092,.T.);
#6092 = EDGE_CURVE('',#6093,#6095,#6097,.T.);
#6093 = VERTEX_POINT('',#6094);
#6094 = CARTESIAN_POINT('',(12.488,16.764,-0.41148));
#6095 = VERTEX_POINT('',#6096);
#6096 = CARTESIAN_POINT('',(12.488,16.764,0.E+000));
#6097 = LINE('',#6098,#6099);
#6098 = CARTESIAN_POINT('',(12.488,16.764,-0.41148));
#6099 = VECTOR('',#6100,1.);
#6100 = DIRECTION('',(0.E+000,0.E+000,1.));
#6101 = ORIENTED_EDGE('',*,*,#6102,.T.);
#6102 = EDGE_CURVE('',#6095,#6095,#6103,.T.);
#6103 = CIRCLE('',#6104,0.55);
#6104 = AXIS2_PLACEMENT_3D('',#6105,#6106,#6107);
#6105 = CARTESIAN_POINT('',(11.938,16.764,0.E+000));
#6106 = DIRECTION('',(0.E+000,0.E+000,1.));
#6107 = DIRECTION('',(1.,0.E+000,-0.E+000));
#6108 = ORIENTED_EDGE('',*,*,#6092,.F.);
#6109 = ORIENTED_EDGE('',*,*,#6110,.F.);
#6110 = EDGE_CURVE('',#6093,#6093,#6111,.T.);
#6111 = CIRCLE('',#6112,0.55);
#6112 = AXIS2_PLACEMENT_3D('',#6113,#6114,#6115);
#6113 = CARTESIAN_POINT('',(11.938,16.764,-0.41148));
#6114 = DIRECTION('',(0.E+000,0.E+000,1.));
#6115 = DIRECTION('',(1.,0.E+000,-0.E+000));
#6116 = CYLINDRICAL_SURFACE('',#6117,0.55);
#6117 = AXIS2_PLACEMENT_3D('',#6118,#6119,#6120);
#6118 = CARTESIAN_POINT('',(11.938,16.764,-0.41148));
#6119 = DIRECTION('',(-0.E+000,-0.E+000,-1.));
#6120 = DIRECTION('',(1.,0.E+000,-0.E+000));
#6121 = ADVANCED_FACE('',(#6122),#6149,.F.);
#6122 = FACE_BOUND('',#6123,.T.);
#6123 = EDGE_LOOP('',(#6124,#6134,#6141,#6142));
#6124 = ORIENTED_EDGE('',*,*,#6125,.T.);
#6125 = EDGE_CURVE('',#6126,#6128,#6130,.T.);
#6126 = VERTEX_POINT('',#6127);
#6127 = CARTESIAN_POINT('',(17.786,16.764,-0.41148));
#6128 = VERTEX_POINT('',#6129);
#6129 = CARTESIAN_POINT('',(17.786,16.764,0.E+000));
#6130 = LINE('',#6131,#6132);
#6131 = CARTESIAN_POINT('',(17.786,16.764,-0.41148));
#6132 = VECTOR('',#6133,1.);
#6133 = DIRECTION('',(0.E+000,0.E+000,1.));
#6134 = ORIENTED_EDGE('',*,*,#6135,.T.);
#6135 = EDGE_CURVE('',#6128,#6128,#6136,.T.);
#6136 = CIRCLE('',#6137,0.55);
#6137 = AXIS2_PLACEMENT_3D('',#6138,#6139,#6140);
#6138 = CARTESIAN_POINT('',(17.236,16.764,0.E+000));
#6139 = DIRECTION('',(0.E+000,0.E+000,1.));
#6140 = DIRECTION('',(1.,0.E+000,-0.E+000));
#6141 = ORIENTED_EDGE('',*,*,#6125,.F.);
#6142 = ORIENTED_EDGE('',*,*,#6143,.F.);
#6143 = EDGE_CURVE('',#6126,#6126,#6144,.T.);
#6144 = CIRCLE('',#6145,0.55);
#6145 = AXIS2_PLACEMENT_3D('',#6146,#6147,#6148);
#6146 = CARTESIAN_POINT('',(17.236,16.764,-0.41148));
#6147 = DIRECTION('',(0.E+000,0.E+000,1.));
#6148 = DIRECTION('',(1.,0.E+000,-0.E+000));
#6149 = CYLINDRICAL_SURFACE('',#6150,0.55);
#6150 = AXIS2_PLACEMENT_3D('',#6151,#6152,#6153);
#6151 = CARTESIAN_POINT('',(17.236,16.764,-0.41148));
#6152 = DIRECTION('',(-0.E+000,-0.E+000,-1.));
#6153 = DIRECTION('',(1.,0.E+000,-0.E+000));
#6154 = ADVANCED_FACE('',(#6155),#6182,.F.);
#6155 = FACE_BOUND('',#6156,.T.);
#6156 = EDGE_LOOP('',(#6157,#6167,#6174,#6175));
#6157 = ORIENTED_EDGE('',*,*,#6158,.T.);
#6158 = EDGE_CURVE('',#6159,#6161,#6163,.T.);
#6159 = VERTEX_POINT('',#6160);
#6160 = CARTESIAN_POINT('',(15.137,16.764,-0.41148));
#6161 = VERTEX_POINT('',#6162);
#6162 = CARTESIAN_POINT('',(15.137,16.764,0.E+000));
#6163 = LINE('',#6164,#6165);
#6164 = CARTESIAN_POINT('',(15.137,16.764,-0.41148));
#6165 = VECTOR('',#6166,1.);
#6166 = DIRECTION('',(0.E+000,0.E+000,1.));
#6167 = ORIENTED_EDGE('',*,*,#6168,.T.);
#6168 = EDGE_CURVE('',#6161,#6161,#6169,.T.);
#6169 = CIRCLE('',#6170,0.55);
#6170 = AXIS2_PLACEMENT_3D('',#6171,#6172,#6173);
#6171 = CARTESIAN_POINT('',(14.587,16.764,0.E+000));
#6172 = DIRECTION('',(0.E+000,0.E+000,1.));
#6173 = DIRECTION('',(1.,0.E+000,-0.E+000));
#6174 = ORIENTED_EDGE('',*,*,#6158,.F.);
#6175 = ORIENTED_EDGE('',*,*,#6176,.F.);
#6176 = EDGE_CURVE('',#6159,#6159,#6177,.T.);
#6177 = CIRCLE('',#6178,0.55);
#6178 = AXIS2_PLACEMENT_3D('',#6179,#6180,#6181);
#6179 = CARTESIAN_POINT('',(14.587,16.764,-0.41148));
#6180 = DIRECTION('',(0.E+000,0.E+000,1.));
#6181 = DIRECTION('',(1.,0.E+000,-0.E+000));
#6182 = CYLINDRICAL_SURFACE('',#6183,0.55);
#6183 = AXIS2_PLACEMENT_3D('',#6184,#6185,#6186);
#6184 = CARTESIAN_POINT('',(14.587,16.764,-0.41148));
#6185 = DIRECTION('',(-0.E+000,-0.E+000,-1.));
#6186 = DIRECTION('',(1.,0.E+000,-0.E+000));
#6187 = ADVANCED_FACE('',(#6188),#6215,.F.);
#6188 = FACE_BOUND('',#6189,.T.);
#6189 = EDGE_LOOP('',(#6190,#6200,#6207,#6208));
#6190 = ORIENTED_EDGE('',*,*,#6191,.T.);
#6191 = EDGE_CURVE('',#6192,#6194,#6196,.T.);
#6192 = VERTEX_POINT('',#6193);
#6193 = CARTESIAN_POINT('',(27.471,-5.334,-0.41148));
#6194 = VERTEX_POINT('',#6195);
#6195 = CARTESIAN_POINT('',(27.471,-5.334,0.E+000));
#6196 = LINE('',#6197,#6198);
#6197 = CARTESIAN_POINT('',(27.471,-5.334,-0.41148));
#6198 = VECTOR('',#6199,1.);
#6199 = DIRECTION('',(0.E+000,0.E+000,1.));
#6200 = ORIENTED_EDGE('',*,*,#6201,.T.);
#6201 = EDGE_CURVE('',#6194,#6194,#6202,.T.);
#6202 = CIRCLE('',#6203,0.55);
#6203 = AXIS2_PLACEMENT_3D('',#6204,#6205,#6206);
#6204 = CARTESIAN_POINT('',(26.921,-5.334,0.E+000));
#6205 = DIRECTION('',(0.E+000,0.E+000,1.));
#6206 = DIRECTION('',(1.,0.E+000,-0.E+000));
#6207 = ORIENTED_EDGE('',*,*,#6191,.F.);
#6208 = ORIENTED_EDGE('',*,*,#6209,.F.);
#6209 = EDGE_CURVE('',#6192,#6192,#6210,.T.);
#6210 = CIRCLE('',#6211,0.55);
#6211 = AXIS2_PLACEMENT_3D('',#6212,#6213,#6214);
#6212 = CARTESIAN_POINT('',(26.921,-5.334,-0.41148));
#6213 = DIRECTION('',(0.E+000,0.E+000,1.));
#6214 = DIRECTION('',(1.,0.E+000,-0.E+000));
#6215 = CYLINDRICAL_SURFACE('',#6216,0.55);
#6216 = AXIS2_PLACEMENT_3D('',#6217,#6218,#6219);
#6217 = CARTESIAN_POINT('',(26.921,-5.334,-0.41148));
#6218 = DIRECTION('',(-0.E+000,-0.E+000,-1.));
#6219 = DIRECTION('',(1.,0.E+000,-0.E+000));
#6220 = ADVANCED_FACE('',(#6221),#6248,.F.);
#6221 = FACE_BOUND('',#6222,.T.);
#6222 = EDGE_LOOP('',(#6223,#6233,#6240,#6241));
#6223 = ORIENTED_EDGE('',*,*,#6224,.T.);
#6224 = EDGE_CURVE('',#6225,#6227,#6229,.T.);
#6225 = VERTEX_POINT('',#6226);
#6226 = CARTESIAN_POINT('',(39.912,-5.334,-0.41148));
#6227 = VERTEX_POINT('',#6228);
#6228 = CARTESIAN_POINT('',(39.912,-5.334,0.E+000));
#6229 = LINE('',#6230,#6231);
#6230 = CARTESIAN_POINT('',(39.912,-5.334,-0.41148));
#6231 = VECTOR('',#6232,1.);
#6232 = DIRECTION('',(0.E+000,0.E+000,1.));
#6233 = ORIENTED_EDGE('',*,*,#6234,.T.);
#6234 = EDGE_CURVE('',#6227,#6227,#6235,.T.);
#6235 = CIRCLE('',#6236,0.55);
#6236 = AXIS2_PLACEMENT_3D('',#6237,#6238,#6239);
#6237 = CARTESIAN_POINT('',(39.362,-5.334,0.E+000));
#6238 = DIRECTION('',(0.E+000,0.E+000,1.));
#6239 = DIRECTION('',(1.,0.E+000,-0.E+000));
#6240 = ORIENTED_EDGE('',*,*,#6224,.F.);
#6241 = ORIENTED_EDGE('',*,*,#6242,.F.);
#6242 = EDGE_CURVE('',#6225,#6225,#6243,.T.);
#6243 = CIRCLE('',#6244,0.55);
#6244 = AXIS2_PLACEMENT_3D('',#6245,#6246,#6247);
#6245 = CARTESIAN_POINT('',(39.362,-5.334,-0.41148));
#6246 = DIRECTION('',(0.E+000,0.E+000,1.));
#6247 = DIRECTION('',(1.,0.E+000,-0.E+000));
#6248 = CYLINDRICAL_SURFACE('',#6249,0.55);
#6249 = AXIS2_PLACEMENT_3D('',#6250,#6251,#6252);
#6250 = CARTESIAN_POINT('',(39.362,-5.334,-0.41148));
#6251 = DIRECTION('',(-0.E+000,-0.E+000,-1.));
#6252 = DIRECTION('',(1.,0.E+000,-0.E+000));
#6253 = ADVANCED_FACE('',(#6254),#6281,.F.);
#6254 = FACE_BOUND('',#6255,.T.);
#6255 = EDGE_LOOP('',(#6256,#6266,#6273,#6274));
#6256 = ORIENTED_EDGE('',*,*,#6257,.T.);
#6257 = EDGE_CURVE('',#6258,#6260,#6262,.T.);
#6258 = VERTEX_POINT('',#6259);
#6259 = CARTESIAN_POINT('',(33.691,-5.334,-0.41148));
#6260 = VERTEX_POINT('',#6261);
#6261 = CARTESIAN_POINT('',(33.691,-5.334,0.E+000));
#6262 = LINE('',#6263,#6264);
#6263 = CARTESIAN_POINT('',(33.691,-5.334,-0.41148));
#6264 = VECTOR('',#6265,1.);
#6265 = DIRECTION('',(0.E+000,0.E+000,1.));
#6266 = ORIENTED_EDGE('',*,*,#6267,.T.);
#6267 = EDGE_CURVE('',#6260,#6260,#6268,.T.);
#6268 = CIRCLE('',#6269,0.55);
#6269 = AXIS2_PLACEMENT_3D('',#6270,#6271,#6272);
#6270 = CARTESIAN_POINT('',(33.141,-5.334,0.E+000));
#6271 = DIRECTION('',(0.E+000,0.E+000,1.));
#6272 = DIRECTION('',(1.,0.E+000,-0.E+000));
#6273 = ORIENTED_EDGE('',*,*,#6257,.F.);
#6274 = ORIENTED_EDGE('',*,*,#6275,.F.);
#6275 = EDGE_CURVE('',#6258,#6258,#6276,.T.);
#6276 = CIRCLE('',#6277,0.55);
#6277 = AXIS2_PLACEMENT_3D('',#6278,#6279,#6280);
#6278 = CARTESIAN_POINT('',(33.141,-5.334,-0.41148));
#6279 = DIRECTION('',(0.E+000,0.E+000,1.));
#6280 = DIRECTION('',(1.,0.E+000,-0.E+000));
#6281 = CYLINDRICAL_SURFACE('',#6282,0.55);
#6282 = AXIS2_PLACEMENT_3D('',#6283,#6284,#6285);
#6283 = CARTESIAN_POINT('',(33.141,-5.334,-0.41148));
#6284 = DIRECTION('',(-0.E+000,-0.E+000,-1.));
#6285 = DIRECTION('',(1.,0.E+000,-0.E+000));
#6286 = ADVANCED_FACE('',(#6287),#6314,.F.);
#6287 = FACE_BOUND('',#6288,.T.);
#6288 = EDGE_LOOP('',(#6289,#6299,#6306,#6307));
#6289 = ORIENTED_EDGE('',*,*,#6290,.T.);
#6290 = EDGE_CURVE('',#6291,#6293,#6295,.T.);
#6291 = VERTEX_POINT('',#6292);
#6292 = CARTESIAN_POINT('',(27.728,15.748,-0.41148));
#6293 = VERTEX_POINT('',#6294);
#6294 = CARTESIAN_POINT('',(27.728,15.748,0.E+000));
#6295 = LINE('',#6296,#6297);
#6296 = CARTESIAN_POINT('',(27.728,15.748,-0.41148));
#6297 = VECTOR('',#6298,1.);
#6298 = DIRECTION('',(0.E+000,0.E+000,1.));
#6299 = ORIENTED_EDGE('',*,*,#6300,.T.);
#6300 = EDGE_CURVE('',#6293,#6293,#6301,.T.);
#6301 = CIRCLE('',#6302,0.55);
#6302 = AXIS2_PLACEMENT_3D('',#6303,#6304,#6305);
#6303 = CARTESIAN_POINT('',(27.178,15.748,0.E+000));
#6304 = DIRECTION('',(0.E+000,0.E+000,1.));
#6305 = DIRECTION('',(1.,0.E+000,-0.E+000));
#6306 = ORIENTED_EDGE('',*,*,#6290,.F.);
#6307 = ORIENTED_EDGE('',*,*,#6308,.F.);
#6308 = EDGE_CURVE('',#6291,#6291,#6309,.T.);
#6309 = CIRCLE('',#6310,0.55);
#6310 = AXIS2_PLACEMENT_3D('',#6311,#6312,#6313);
#6311 = CARTESIAN_POINT('',(27.178,15.748,-0.41148));
#6312 = DIRECTION('',(0.E+000,0.E+000,1.));
#6313 = DIRECTION('',(1.,0.E+000,-0.E+000));
#6314 = CYLINDRICAL_SURFACE('',#6315,0.55);
#6315 = AXIS2_PLACEMENT_3D('',#6316,#6317,#6318);
#6316 = CARTESIAN_POINT('',(27.178,15.748,-0.41148));
#6317 = DIRECTION('',(-0.E+000,-0.E+000,-1.));
#6318 = DIRECTION('',(1.,0.E+000,-0.E+000));
#6319 = ADVANCED_FACE('',(#6320),#6347,.F.);
#6320 = FACE_BOUND('',#6321,.T.);
#6321 = EDGE_LOOP('',(#6322,#6332,#6339,#6340));
#6322 = ORIENTED_EDGE('',*,*,#6323,.T.);
#6323 = EDGE_CURVE('',#6324,#6326,#6328,.T.);
#6324 = VERTEX_POINT('',#6325);
#6325 = CARTESIAN_POINT('',(41.571,16.129,-0.41148));
#6326 = VERTEX_POINT('',#6327);
#6327 = CARTESIAN_POINT('',(41.571,16.129,0.E+000));
#6328 = LINE('',#6329,#6330);
#6329 = CARTESIAN_POINT('',(41.571,16.129,-0.41148));
#6330 = VECTOR('',#6331,1.);
#6331 = DIRECTION('',(0.E+000,0.E+000,1.));
#6332 = ORIENTED_EDGE('',*,*,#6333,.T.);
#6333 = EDGE_CURVE('',#6326,#6326,#6334,.T.);
#6334 = CIRCLE('',#6335,0.55);
#6335 = AXIS2_PLACEMENT_3D('',#6336,#6337,#6338);
#6336 = CARTESIAN_POINT('',(41.021,16.129,0.E+000));
#6337 = DIRECTION('',(0.E+000,0.E+000,1.));
#6338 = DIRECTION('',(1.,0.E+000,-0.E+000));
#6339 = ORIENTED_EDGE('',*,*,#6323,.F.);
#6340 = ORIENTED_EDGE('',*,*,#6341,.F.);
#6341 = EDGE_CURVE('',#6324,#6324,#6342,.T.);
#6342 = CIRCLE('',#6343,0.55);
#6343 = AXIS2_PLACEMENT_3D('',#6344,#6345,#6346);
#6344 = CARTESIAN_POINT('',(41.021,16.129,-0.41148));
#6345 = DIRECTION('',(0.E+000,0.E+000,1.));
#6346 = DIRECTION('',(1.,0.E+000,-0.E+000));
#6347 = CYLINDRICAL_SURFACE('',#6348,0.55);
#6348 = AXIS2_PLACEMENT_3D('',#6349,#6350,#6351);
#6349 = CARTESIAN_POINT('',(41.021,16.129,-0.41148));
#6350 = DIRECTION('',(-0.E+000,-0.E+000,-1.));
#6351 = DIRECTION('',(1.,0.E+000,-0.E+000));
#6352 = ADVANCED_FACE('',(#6353),#6380,.F.);
#6353 = FACE_BOUND('',#6354,.T.);
#6354 = EDGE_LOOP('',(#6355,#6365,#6372,#6373));
#6355 = ORIENTED_EDGE('',*,*,#6356,.T.);
#6356 = EDGE_CURVE('',#6357,#6359,#6361,.T.);
#6357 = VERTEX_POINT('',#6358);
#6358 = CARTESIAN_POINT('',(39.031,16.129,-0.41148));
#6359 = VERTEX_POINT('',#6360);
#6360 = CARTESIAN_POINT('',(39.031,16.129,0.E+000));
#6361 = LINE('',#6362,#6363);
#6362 = CARTESIAN_POINT('',(39.031,16.129,-0.41148));
#6363 = VECTOR('',#6364,1.);
#6364 = DIRECTION('',(0.E+000,0.E+000,1.));
#6365 = ORIENTED_EDGE('',*,*,#6366,.T.);
#6366 = EDGE_CURVE('',#6359,#6359,#6367,.T.);
#6367 = CIRCLE('',#6368,0.55);
#6368 = AXIS2_PLACEMENT_3D('',#6369,#6370,#6371);
#6369 = CARTESIAN_POINT('',(38.481,16.129,0.E+000));
#6370 = DIRECTION('',(0.E+000,0.E+000,1.));
#6371 = DIRECTION('',(1.,0.E+000,-0.E+000));
#6372 = ORIENTED_EDGE('',*,*,#6356,.F.);
#6373 = ORIENTED_EDGE('',*,*,#6374,.F.);
#6374 = EDGE_CURVE('',#6357,#6357,#6375,.T.);
#6375 = CIRCLE('',#6376,0.55);
#6376 = AXIS2_PLACEMENT_3D('',#6377,#6378,#6379);
#6377 = CARTESIAN_POINT('',(38.481,16.129,-0.41148));
#6378 = DIRECTION('',(0.E+000,0.E+000,1.));
#6379 = DIRECTION('',(1.,0.E+000,-0.E+000));
#6380 = CYLINDRICAL_SURFACE('',#6381,0.55);
#6381 = AXIS2_PLACEMENT_3D('',#6382,#6383,#6384);
#6382 = CARTESIAN_POINT('',(38.481,16.129,-0.41148));
#6383 = DIRECTION('',(-0.E+000,-0.E+000,-1.));
#6384 = DIRECTION('',(1.,0.E+000,-0.E+000));
#6385 = ADVANCED_FACE('',(#6386),#6413,.F.);
#6386 = FACE_BOUND('',#6387,.T.);
#6387 = EDGE_LOOP('',(#6388,#6398,#6405,#6406));
#6388 = ORIENTED_EDGE('',*,*,#6389,.T.);
#6389 = EDGE_CURVE('',#6390,#6392,#6394,.T.);
#6390 = VERTEX_POINT('',#6391);
#6391 = CARTESIAN_POINT('',(48.599,-16.397,-0.41148));
#6392 = VERTEX_POINT('',#6393);
#6393 = CARTESIAN_POINT('',(48.599,-16.397,0.E+000));
#6394 = LINE('',#6395,#6396);
#6395 = CARTESIAN_POINT('',(48.599,-16.397,-0.41148));
#6396 = VECTOR('',#6397,1.);
#6397 = DIRECTION('',(0.E+000,0.E+000,1.));
#6398 = ORIENTED_EDGE('',*,*,#6399,.T.);
#6399 = EDGE_CURVE('',#6392,#6392,#6400,.T.);
#6400 = CIRCLE('',#6401,0.25);
#6401 = AXIS2_PLACEMENT_3D('',#6402,#6403,#6404);
#6402 = CARTESIAN_POINT('',(48.349,-16.397,0.E+000));
#6403 = DIRECTION('',(0.E+000,0.E+000,1.));
#6404 = DIRECTION('',(1.,0.E+000,-0.E+000));
#6405 = ORIENTED_EDGE('',*,*,#6389,.F.);
#6406 = ORIENTED_EDGE('',*,*,#6407,.F.);
#6407 = EDGE_CURVE('',#6390,#6390,#6408,.T.);
#6408 = CIRCLE('',#6409,0.25);
#6409 = AXIS2_PLACEMENT_3D('',#6410,#6411,#6412);
#6410 = CARTESIAN_POINT('',(48.349,-16.397,-0.41148));
#6411 = DIRECTION('',(0.E+000,0.E+000,1.));
#6412 = DIRECTION('',(1.,0.E+000,-0.E+000));
#6413 = CYLINDRICAL_SURFACE('',#6414,0.25);
#6414 = AXIS2_PLACEMENT_3D('',#6415,#6416,#6417);
#6415 = CARTESIAN_POINT('',(48.349,-16.397,-0.41148));
#6416 = DIRECTION('',(-0.E+000,-0.E+000,-1.));
#6417 = DIRECTION('',(1.,0.E+000,-0.E+000));
#6418 = ADVANCED_FACE('',(#6419),#6446,.F.);
#6419 = FACE_BOUND('',#6420,.T.);
#6420 = EDGE_LOOP('',(#6421,#6431,#6438,#6439));
#6421 = ORIENTED_EDGE('',*,*,#6422,.T.);
#6422 = EDGE_CURVE('',#6423,#6425,#6427,.T.);
#6423 = VERTEX_POINT('',#6424);
#6424 = CARTESIAN_POINT('',(51.647,-16.524,-0.41148));
#6425 = VERTEX_POINT('',#6426);
#6426 = CARTESIAN_POINT('',(51.647,-16.524,0.E+000));
#6427 = LINE('',#6428,#6429);
#6428 = CARTESIAN_POINT('',(51.647,-16.524,-0.41148));
#6429 = VECTOR('',#6430,1.);
#6430 = DIRECTION('',(0.E+000,0.E+000,1.));
#6431 = ORIENTED_EDGE('',*,*,#6432,.T.);
#6432 = EDGE_CURVE('',#6425,#6425,#6433,.T.);
#6433 = CIRCLE('',#6434,0.25);
#6434 = AXIS2_PLACEMENT_3D('',#6435,#6436,#6437);
#6435 = CARTESIAN_POINT('',(51.397,-16.524,0.E+000));
#6436 = DIRECTION('',(0.E+000,0.E+000,1.));
#6437 = DIRECTION('',(1.,0.E+000,-0.E+000));
#6438 = ORIENTED_EDGE('',*,*,#6422,.F.);
#6439 = ORIENTED_EDGE('',*,*,#6440,.F.);
#6440 = EDGE_CURVE('',#6423,#6423,#6441,.T.);
#6441 = CIRCLE('',#6442,0.25);
#6442 = AXIS2_PLACEMENT_3D('',#6443,#6444,#6445);
#6443 = CARTESIAN_POINT('',(51.397,-16.524,-0.41148));
#6444 = DIRECTION('',(0.E+000,0.E+000,1.));
#6445 = DIRECTION('',(1.,0.E+000,-0.E+000));
#6446 = CYLINDRICAL_SURFACE('',#6447,0.25);
#6447 = AXIS2_PLACEMENT_3D('',#6448,#6449,#6450);
#6448 = CARTESIAN_POINT('',(51.397,-16.524,-0.41148));
#6449 = DIRECTION('',(-0.E+000,-0.E+000,-1.));
#6450 = DIRECTION('',(1.,0.E+000,-0.E+000));
#6451 = ADVANCED_FACE('',(#6452),#6479,.F.);
#6452 = FACE_BOUND('',#6453,.T.);
#6453 = EDGE_LOOP('',(#6454,#6464,#6471,#6472));
#6454 = ORIENTED_EDGE('',*,*,#6455,.T.);
#6455 = EDGE_CURVE('',#6456,#6458,#6460,.T.);
#6456 = VERTEX_POINT('',#6457);
#6457 = CARTESIAN_POINT('',(51.75,-15.,-0.41148));
#6458 = VERTEX_POINT('',#6459);
#6459 = CARTESIAN_POINT('',(51.75,-15.,0.E+000));
#6460 = LINE('',#6461,#6462);
#6461 = CARTESIAN_POINT('',(51.75,-15.,-0.41148));
#6462 = VECTOR('',#6463,1.);
#6463 = DIRECTION('',(0.E+000,0.E+000,1.));
#6464 = ORIENTED_EDGE('',*,*,#6465,.T.);
#6465 = EDGE_CURVE('',#6458,#6458,#6466,.T.);
#6466 = CIRCLE('',#6467,1.75);
#6467 = AXIS2_PLACEMENT_3D('',#6468,#6469,#6470);
#6468 = CARTESIAN_POINT('',(50.,-15.,0.E+000));
#6469 = DIRECTION('',(0.E+000,0.E+000,1.));
#6470 = DIRECTION('',(1.,0.E+000,-0.E+000));
#6471 = ORIENTED_EDGE('',*,*,#6455,.F.);
#6472 = ORIENTED_EDGE('',*,*,#6473,.F.);
#6473 = EDGE_CURVE('',#6456,#6456,#6474,.T.);
#6474 = CIRCLE('',#6475,1.75);
#6475 = AXIS2_PLACEMENT_3D('',#6476,#6477,#6478);
#6476 = CARTESIAN_POINT('',(50.,-15.,-0.41148));
#6477 = DIRECTION('',(0.E+000,0.E+000,1.));
#6478 = DIRECTION('',(1.,0.E+000,-0.E+000));
#6479 = CYLINDRICAL_SURFACE('',#6480,1.75);
#6480 = AXIS2_PLACEMENT_3D('',#6481,#6482,#6483);
#6481 = CARTESIAN_POINT('',(50.,-15.,-0.41148));
#6482 = DIRECTION('',(-0.E+000,-0.E+000,-1.));
#6483 = DIRECTION('',(1.,0.E+000,-0.E+000));
#6484 = ADVANCED_FACE('',(#6485),#6512,.F.);
#6485 = FACE_BOUND('',#6486,.T.);
#6486 = EDGE_LOOP('',(#6487,#6497,#6504,#6505));
#6487 = ORIENTED_EDGE('',*,*,#6488,.T.);
#6488 = EDGE_CURVE('',#6489,#6491,#6493,.T.);
#6489 = VERTEX_POINT('',#6490);
#6490 = CARTESIAN_POINT('',(48.091,-15.,-0.41148));
#6491 = VERTEX_POINT('',#6492);
#6492 = CARTESIAN_POINT('',(48.091,-15.,0.E+000));
#6493 = LINE('',#6494,#6495);
#6494 = CARTESIAN_POINT('',(48.091,-15.,-0.41148));
#6495 = VECTOR('',#6496,1.);
#6496 = DIRECTION('',(0.E+000,0.E+000,1.));
#6497 = ORIENTED_EDGE('',*,*,#6498,.T.);
#6498 = EDGE_CURVE('',#6491,#6491,#6499,.T.);
#6499 = CIRCLE('',#6500,0.25);
#6500 = AXIS2_PLACEMENT_3D('',#6501,#6502,#6503);
#6501 = CARTESIAN_POINT('',(47.841,-15.,0.E+000));
#6502 = DIRECTION('',(0.E+000,0.E+000,1.));
#6503 = DIRECTION('',(1.,0.E+000,-0.E+000));
#6504 = ORIENTED_EDGE('',*,*,#6488,.F.);
#6505 = ORIENTED_EDGE('',*,*,#6506,.F.);
#6506 = EDGE_CURVE('',#6489,#6489,#6507,.T.);
#6507 = CIRCLE('',#6508,0.25);
#6508 = AXIS2_PLACEMENT_3D('',#6509,#6510,#6511);
#6509 = CARTESIAN_POINT('',(47.841,-15.,-0.41148));
#6510 = DIRECTION('',(0.E+000,0.E+000,1.));
#6511 = DIRECTION('',(1.,0.E+000,-0.E+000));
#6512 = CYLINDRICAL_SURFACE('',#6513,0.25);
#6513 = AXIS2_PLACEMENT_3D('',#6514,#6515,#6516);
#6514 = CARTESIAN_POINT('',(47.841,-15.,-0.41148));
#6515 = DIRECTION('',(-0.E+000,-0.E+000,-1.));
#6516 = DIRECTION('',(1.,0.E+000,-0.E+000));
#6517 = ADVANCED_FACE('',(#6518),#6545,.F.);
#6518 = FACE_BOUND('',#6519,.T.);
#6519 = EDGE_LOOP('',(#6520,#6530,#6537,#6538));
#6520 = ORIENTED_EDGE('',*,*,#6521,.T.);
#6521 = EDGE_CURVE('',#6522,#6524,#6526,.T.);
#6522 = VERTEX_POINT('',#6523);
#6523 = CARTESIAN_POINT('',(48.726,-13.603,-0.41148));
#6524 = VERTEX_POINT('',#6525);
#6525 = CARTESIAN_POINT('',(48.726,-13.603,0.E+000));
#6526 = LINE('',#6527,#6528);
#6527 = CARTESIAN_POINT('',(48.726,-13.603,-0.41148));
#6528 = VECTOR('',#6529,1.);
#6529 = DIRECTION('',(0.E+000,0.E+000,1.));
#6530 = ORIENTED_EDGE('',*,*,#6531,.T.);
#6531 = EDGE_CURVE('',#6524,#6524,#6532,.T.);
#6532 = CIRCLE('',#6533,0.25);
#6533 = AXIS2_PLACEMENT_3D('',#6534,#6535,#6536);
#6534 = CARTESIAN_POINT('',(48.476,-13.603,0.E+000));
#6535 = DIRECTION('',(0.E+000,0.E+000,1.));
#6536 = DIRECTION('',(1.,0.E+000,-0.E+000));
#6537 = ORIENTED_EDGE('',*,*,#6521,.F.);
#6538 = ORIENTED_EDGE('',*,*,#6539,.F.);
#6539 = EDGE_CURVE('',#6522,#6522,#6540,.T.);
#6540 = CIRCLE('',#6541,0.25);
#6541 = AXIS2_PLACEMENT_3D('',#6542,#6543,#6544);
#6542 = CARTESIAN_POINT('',(48.476,-13.603,-0.41148));
#6543 = DIRECTION('',(0.E+000,0.E+000,1.));
#6544 = DIRECTION('',(1.,0.E+000,-0.E+000));
#6545 = CYLINDRICAL_SURFACE('',#6546,0.25);
#6546 = AXIS2_PLACEMENT_3D('',#6547,#6548,#6549);
#6547 = CARTESIAN_POINT('',(48.476,-13.603,-0.41148));
#6548 = DIRECTION('',(-0.E+000,-0.E+000,-1.));
#6549 = DIRECTION('',(1.,0.E+000,-0.E+000));
#6550 = ADVANCED_FACE('',(#6551),#6578,.F.);
#6551 = FACE_BOUND('',#6552,.T.);
#6552 = EDGE_LOOP('',(#6553,#6563,#6570,#6571));
#6553 = ORIENTED_EDGE('',*,*,#6554,.T.);
#6554 = EDGE_CURVE('',#6555,#6557,#6559,.T.);
#6555 = VERTEX_POINT('',#6556);
#6556 = CARTESIAN_POINT('',(50.25,-12.841,-0.41148));
#6557 = VERTEX_POINT('',#6558);
#6558 = CARTESIAN_POINT('',(50.25,-12.841,0.E+000));
#6559 = LINE('',#6560,#6561);
#6560 = CARTESIAN_POINT('',(50.25,-12.841,-0.41148));
#6561 = VECTOR('',#6562,1.);
#6562 = DIRECTION('',(0.E+000,0.E+000,1.));
#6563 = ORIENTED_EDGE('',*,*,#6564,.T.);
#6564 = EDGE_CURVE('',#6557,#6557,#6565,.T.);
#6565 = CIRCLE('',#6566,0.25);
#6566 = AXIS2_PLACEMENT_3D('',#6567,#6568,#6569);
#6567 = CARTESIAN_POINT('',(50.,-12.841,0.E+000));
#6568 = DIRECTION('',(0.E+000,0.E+000,1.));
#6569 = DIRECTION('',(1.,0.E+000,-0.E+000));
#6570 = ORIENTED_EDGE('',*,*,#6554,.F.);
#6571 = ORIENTED_EDGE('',*,*,#6572,.F.);
#6572 = EDGE_CURVE('',#6555,#6555,#6573,.T.);
#6573 = CIRCLE('',#6574,0.25);
#6574 = AXIS2_PLACEMENT_3D('',#6575,#6576,#6577);
#6575 = CARTESIAN_POINT('',(50.,-12.841,-0.41148));
#6576 = DIRECTION('',(0.E+000,0.E+000,1.));
#6577 = DIRECTION('',(1.,0.E+000,-0.E+000));
#6578 = CYLINDRICAL_SURFACE('',#6579,0.25);
#6579 = AXIS2_PLACEMENT_3D('',#6580,#6581,#6582);
#6580 = CARTESIAN_POINT('',(50.,-12.841,-0.41148));
#6581 = DIRECTION('',(-0.E+000,-0.E+000,-1.));
#6582 = DIRECTION('',(1.,0.E+000,-0.E+000));
#6583 = ADVANCED_FACE('',(#6584),#6611,.F.);
#6584 = FACE_BOUND('',#6585,.T.);
#6585 = EDGE_LOOP('',(#6586,#6596,#6603,#6604));
#6586 = ORIENTED_EDGE('',*,*,#6587,.T.);
#6587 = EDGE_CURVE('',#6588,#6590,#6592,.T.);
#6588 = VERTEX_POINT('',#6589);
#6589 = CARTESIAN_POINT('',(51.647,-13.476,-0.41148));
#6590 = VERTEX_POINT('',#6591);
#6591 = CARTESIAN_POINT('',(51.647,-13.476,0.E+000));
#6592 = LINE('',#6593,#6594);
#6593 = CARTESIAN_POINT('',(51.647,-13.476,-0.41148));
#6594 = VECTOR('',#6595,1.);
#6595 = DIRECTION('',(0.E+000,0.E+000,1.));
#6596 = ORIENTED_EDGE('',*,*,#6597,.T.);
#6597 = EDGE_CURVE('',#6590,#6590,#6598,.T.);
#6598 = CIRCLE('',#6599,0.25);
#6599 = AXIS2_PLACEMENT_3D('',#6600,#6601,#6602);
#6600 = CARTESIAN_POINT('',(51.397,-13.476,0.E+000));
#6601 = DIRECTION('',(0.E+000,0.E+000,1.));
#6602 = DIRECTION('',(1.,0.E+000,-0.E+000));
#6603 = ORIENTED_EDGE('',*,*,#6587,.F.);
#6604 = ORIENTED_EDGE('',*,*,#6605,.F.);
#6605 = EDGE_CURVE('',#6588,#6588,#6606,.T.);
#6606 = CIRCLE('',#6607,0.25);
#6607 = AXIS2_PLACEMENT_3D('',#6608,#6609,#6610);
#6608 = CARTESIAN_POINT('',(51.397,-13.476,-0.41148));
#6609 = DIRECTION('',(0.E+000,0.E+000,1.));
#6610 = DIRECTION('',(1.,0.E+000,-0.E+000));
#6611 = CYLINDRICAL_SURFACE('',#6612,0.25);
#6612 = AXIS2_PLACEMENT_3D('',#6613,#6614,#6615);
#6613 = CARTESIAN_POINT('',(51.397,-13.476,-0.41148));
#6614 = DIRECTION('',(-0.E+000,-0.E+000,-1.));
#6615 = DIRECTION('',(1.,0.E+000,-0.E+000));
#6616 = ADVANCED_FACE('',(#6617),#6644,.F.);
#6617 = FACE_BOUND('',#6618,.T.);
#6618 = EDGE_LOOP('',(#6619,#6629,#6636,#6637));
#6619 = ORIENTED_EDGE('',*,*,#6620,.T.);
#6620 = EDGE_CURVE('',#6621,#6623,#6625,.T.);
#6621 = VERTEX_POINT('',#6622);
#6622 = CARTESIAN_POINT('',(52.378,-14.941,-0.41148));
#6623 = VERTEX_POINT('',#6624);
#6624 = CARTESIAN_POINT('',(52.378,-14.941,0.E+000));
#6625 = LINE('',#6626,#6627);
#6626 = CARTESIAN_POINT('',(52.378,-14.941,-0.41148));
#6627 = VECTOR('',#6628,1.);
#6628 = DIRECTION('',(0.E+000,0.E+000,1.));
#6629 = ORIENTED_EDGE('',*,*,#6630,.T.);
#6630 = EDGE_CURVE('',#6623,#6623,#6631,.T.);
#6631 = CIRCLE('',#6632,0.25);
#6632 = AXIS2_PLACEMENT_3D('',#6633,#6634,#6635);
#6633 = CARTESIAN_POINT('',(52.128,-14.941,0.E+000));
#6634 = DIRECTION('',(0.E+000,0.E+000,1.));
#6635 = DIRECTION('',(1.,0.E+000,-0.E+000));
#6636 = ORIENTED_EDGE('',*,*,#6620,.F.);
#6637 = ORIENTED_EDGE('',*,*,#6638,.F.);
#6638 = EDGE_CURVE('',#6621,#6621,#6639,.T.);
#6639 = CIRCLE('',#6640,0.25);
#6640 = AXIS2_PLACEMENT_3D('',#6641,#6642,#6643);
#6641 = CARTESIAN_POINT('',(52.128,-14.941,-0.41148));
#6642 = DIRECTION('',(0.E+000,0.E+000,1.));
#6643 = DIRECTION('',(1.,0.E+000,-0.E+000));
#6644 = CYLINDRICAL_SURFACE('',#6645,0.25);
#6645 = AXIS2_PLACEMENT_3D('',#6646,#6647,#6648);
#6646 = CARTESIAN_POINT('',(52.128,-14.941,-0.41148));
#6647 = DIRECTION('',(-0.E+000,-0.E+000,-1.));
#6648 = DIRECTION('',(1.,0.E+000,-0.E+000));
#6649 = ADVANCED_FACE('',(#6650),#6677,.F.);
#6650 = FACE_BOUND('',#6651,.T.);
#6651 = EDGE_LOOP('',(#6652,#6662,#6669,#6670));
#6652 = ORIENTED_EDGE('',*,*,#6653,.T.);
#6653 = EDGE_CURVE('',#6654,#6656,#6658,.T.);
#6654 = VERTEX_POINT('',#6655);
#6655 = CARTESIAN_POINT('',(62.857,-2.032,-0.41148));
#6656 = VERTEX_POINT('',#6657);
#6657 = CARTESIAN_POINT('',(62.857,-2.032,0.E+000));
#6658 = LINE('',#6659,#6660);
#6659 = CARTESIAN_POINT('',(62.857,-2.032,-0.41148));
#6660 = VECTOR('',#6661,1.);
#6661 = DIRECTION('',(0.E+000,0.E+000,1.));
#6662 = ORIENTED_EDGE('',*,*,#6663,.T.);
#6663 = EDGE_CURVE('',#6656,#6656,#6664,.T.);
#6664 = CIRCLE('',#6665,0.5);
#6665 = AXIS2_PLACEMENT_3D('',#6666,#6667,#6668);
#6666 = CARTESIAN_POINT('',(62.357,-2.032,0.E+000));
#6667 = DIRECTION('',(0.E+000,0.E+000,1.));
#6668 = DIRECTION('',(1.,0.E+000,-0.E+000));
#6669 = ORIENTED_EDGE('',*,*,#6653,.F.);
#6670 = ORIENTED_EDGE('',*,*,#6671,.F.);
#6671 = EDGE_CURVE('',#6654,#6654,#6672,.T.);
#6672 = CIRCLE('',#6673,0.5);
#6673 = AXIS2_PLACEMENT_3D('',#6674,#6675,#6676);
#6674 = CARTESIAN_POINT('',(62.357,-2.032,-0.41148));
#6675 = DIRECTION('',(0.E+000,0.E+000,1.));
#6676 = DIRECTION('',(1.,0.E+000,-0.E+000));
#6677 = CYLINDRICAL_SURFACE('',#6678,0.5);
#6678 = AXIS2_PLACEMENT_3D('',#6679,#6680,#6681);
#6679 = CARTESIAN_POINT('',(62.357,-2.032,-0.41148));
#6680 = DIRECTION('',(-0.E+000,-0.E+000,-1.));
#6681 = DIRECTION('',(1.,0.E+000,-0.E+000));
#6682 = ADVANCED_FACE('',(#6683),#6710,.F.);
#6683 = FACE_BOUND('',#6684,.T.);
#6684 = EDGE_LOOP('',(#6685,#6695,#6702,#6703));
#6685 = ORIENTED_EDGE('',*,*,#6686,.T.);
#6686 = EDGE_CURVE('',#6687,#6689,#6691,.T.);
#6687 = VERTEX_POINT('',#6688);
#6688 = CARTESIAN_POINT('',(62.095,8.382,-0.41148));
#6689 = VERTEX_POINT('',#6690);
#6690 = CARTESIAN_POINT('',(62.095,8.382,0.E+000));
#6691 = LINE('',#6692,#6693);
#6692 = CARTESIAN_POINT('',(62.095,8.382,-0.41148));
#6693 = VECTOR('',#6694,1.);
#6694 = DIRECTION('',(0.E+000,0.E+000,1.));
#6695 = ORIENTED_EDGE('',*,*,#6696,.T.);
#6696 = EDGE_CURVE('',#6689,#6689,#6697,.T.);
#6697 = CIRCLE('',#6698,0.5);
#6698 = AXIS2_PLACEMENT_3D('',#6699,#6700,#6701);
#6699 = CARTESIAN_POINT('',(61.595,8.382,0.E+000));
#6700 = DIRECTION('',(0.E+000,0.E+000,1.));
#6701 = DIRECTION('',(1.,0.E+000,-0.E+000));
#6702 = ORIENTED_EDGE('',*,*,#6686,.F.);
#6703 = ORIENTED_EDGE('',*,*,#6704,.F.);
#6704 = EDGE_CURVE('',#6687,#6687,#6705,.T.);
#6705 = CIRCLE('',#6706,0.5);
#6706 = AXIS2_PLACEMENT_3D('',#6707,#6708,#6709);
#6707 = CARTESIAN_POINT('',(61.595,8.382,-0.41148));
#6708 = DIRECTION('',(0.E+000,0.E+000,1.));
#6709 = DIRECTION('',(1.,0.E+000,-0.E+000));
#6710 = CYLINDRICAL_SURFACE('',#6711,0.5);
#6711 = AXIS2_PLACEMENT_3D('',#6712,#6713,#6714);
#6712 = CARTESIAN_POINT('',(61.595,8.382,-0.41148));
#6713 = DIRECTION('',(-0.E+000,-0.E+000,-1.));
#6714 = DIRECTION('',(1.,0.E+000,-0.E+000));
#6715 = ADVANCED_FACE('',(#6716),#6743,.F.);
#6716 = FACE_BOUND('',#6717,.T.);
#6717 = EDGE_LOOP('',(#6718,#6728,#6735,#6736));
#6718 = ORIENTED_EDGE('',*,*,#6719,.T.);
#6719 = EDGE_CURVE('',#6720,#6722,#6724,.T.);
#6720 = VERTEX_POINT('',#6721);
#6721 = CARTESIAN_POINT('',(67.937,-2.032,-0.41148));
#6722 = VERTEX_POINT('',#6723);
#6723 = CARTESIAN_POINT('',(67.937,-2.032,0.E+000));
#6724 = LINE('',#6725,#6726);
#6725 = CARTESIAN_POINT('',(67.937,-2.032,-0.41148));
#6726 = VECTOR('',#6727,1.);
#6727 = DIRECTION('',(0.E+000,0.E+000,1.));
#6728 = ORIENTED_EDGE('',*,*,#6729,.T.);
#6729 = EDGE_CURVE('',#6722,#6722,#6730,.T.);
#6730 = CIRCLE('',#6731,0.5);
#6731 = AXIS2_PLACEMENT_3D('',#6732,#6733,#6734);
#6732 = CARTESIAN_POINT('',(67.437,-2.032,0.E+000));
#6733 = DIRECTION('',(0.E+000,0.E+000,1.));
#6734 = DIRECTION('',(1.,0.E+000,-0.E+000));
#6735 = ORIENTED_EDGE('',*,*,#6719,.F.);
#6736 = ORIENTED_EDGE('',*,*,#6737,.F.);
#6737 = EDGE_CURVE('',#6720,#6720,#6738,.T.);
#6738 = CIRCLE('',#6739,0.5);
#6739 = AXIS2_PLACEMENT_3D('',#6740,#6741,#6742);
#6740 = CARTESIAN_POINT('',(67.437,-2.032,-0.41148));
#6741 = DIRECTION('',(0.E+000,0.E+000,1.));
#6742 = DIRECTION('',(1.,0.E+000,-0.E+000));
#6743 = CYLINDRICAL_SURFACE('',#6744,0.5);
#6744 = AXIS2_PLACEMENT_3D('',#6745,#6746,#6747);
#6745 = CARTESIAN_POINT('',(67.437,-2.032,-0.41148));
#6746 = DIRECTION('',(-0.E+000,-0.E+000,-1.));
#6747 = DIRECTION('',(1.,0.E+000,-0.E+000));
#6748 = ADVANCED_FACE('',(#6749),#6776,.F.);
#6749 = FACE_BOUND('',#6750,.T.);
#6750 = EDGE_LOOP('',(#6751,#6761,#6768,#6769));
#6751 = ORIENTED_EDGE('',*,*,#6752,.T.);
#6752 = EDGE_CURVE('',#6753,#6755,#6757,.T.);
#6753 = VERTEX_POINT('',#6754);
#6754 = CARTESIAN_POINT('',(67.175,8.382,-0.41148));
#6755 = VERTEX_POINT('',#6756);
#6756 = CARTESIAN_POINT('',(67.175,8.382,0.E+000));
#6757 = LINE('',#6758,#6759);
#6758 = CARTESIAN_POINT('',(67.175,8.382,-0.41148));
#6759 = VECTOR('',#6760,1.);
#6760 = DIRECTION('',(0.E+000,0.E+000,1.));
#6761 = ORIENTED_EDGE('',*,*,#6762,.T.);
#6762 = EDGE_CURVE('',#6755,#6755,#6763,.T.);
#6763 = CIRCLE('',#6764,0.5);
#6764 = AXIS2_PLACEMENT_3D('',#6765,#6766,#6767);
#6765 = CARTESIAN_POINT('',(66.675,8.382,0.E+000));
#6766 = DIRECTION('',(0.E+000,0.E+000,1.));
#6767 = DIRECTION('',(1.,0.E+000,-0.E+000));
#6768 = ORIENTED_EDGE('',*,*,#6752,.F.);
#6769 = ORIENTED_EDGE('',*,*,#6770,.F.);
#6770 = EDGE_CURVE('',#6753,#6753,#6771,.T.);
#6771 = CIRCLE('',#6772,0.5);
#6772 = AXIS2_PLACEMENT_3D('',#6773,#6774,#6775);
#6773 = CARTESIAN_POINT('',(66.675,8.382,-0.41148));
#6774 = DIRECTION('',(0.E+000,0.E+000,1.));
#6775 = DIRECTION('',(1.,0.E+000,-0.E+000));
#6776 = CYLINDRICAL_SURFACE('',#6777,0.5);
#6777 = AXIS2_PLACEMENT_3D('',#6778,#6779,#6780);
#6778 = CARTESIAN_POINT('',(66.675,8.382,-0.41148));
#6779 = DIRECTION('',(-0.E+000,-0.E+000,-1.));
#6780 = DIRECTION('',(1.,0.E+000,-0.E+000));
#6781 = ADVANCED_FACE('',(#6782),#6809,.F.);
#6782 = FACE_BOUND('',#6783,.T.);
#6783 = EDGE_LOOP('',(#6784,#6794,#6801,#6802));
#6784 = ORIENTED_EDGE('',*,*,#6785,.T.);
#6785 = EDGE_CURVE('',#6786,#6788,#6790,.T.);
#6786 = VERTEX_POINT('',#6787);
#6787 = CARTESIAN_POINT('',(50.219,12.89,-0.41148));
#6788 = VERTEX_POINT('',#6789);
#6789 = CARTESIAN_POINT('',(50.219,12.89,0.E+000));
#6790 = LINE('',#6791,#6792);
#6791 = CARTESIAN_POINT('',(50.219,12.89,-0.41148));
#6792 = VECTOR('',#6793,1.);
#6793 = DIRECTION('',(0.E+000,0.E+000,1.));
#6794 = ORIENTED_EDGE('',*,*,#6795,.T.);
#6795 = EDGE_CURVE('',#6788,#6788,#6796,.T.);
#6796 = CIRCLE('',#6797,0.25);
#6797 = AXIS2_PLACEMENT_3D('',#6798,#6799,#6800);
#6798 = CARTESIAN_POINT('',(49.969,12.89,0.E+000));
#6799 = DIRECTION('',(0.E+000,0.E+000,1.));
#6800 = DIRECTION('',(1.,0.E+000,-0.E+000));
#6801 = ORIENTED_EDGE('',*,*,#6785,.F.);
#6802 = ORIENTED_EDGE('',*,*,#6803,.F.);
#6803 = EDGE_CURVE('',#6786,#6786,#6804,.T.);
#6804 = CIRCLE('',#6805,0.25);
#6805 = AXIS2_PLACEMENT_3D('',#6806,#6807,#6808);
#6806 = CARTESIAN_POINT('',(49.969,12.89,-0.41148));
#6807 = DIRECTION('',(0.E+000,0.E+000,1.));
#6808 = DIRECTION('',(1.,0.E+000,-0.E+000));
#6809 = CYLINDRICAL_SURFACE('',#6810,0.25);
#6810 = AXIS2_PLACEMENT_3D('',#6811,#6812,#6813);
#6811 = CARTESIAN_POINT('',(49.969,12.89,-0.41148));
#6812 = DIRECTION('',(-0.E+000,-0.E+000,-1.));
#6813 = DIRECTION('',(1.,0.E+000,-0.E+000));
#6814 = ADVANCED_FACE('',(#6815),#6849,.T.);
#6815 = FACE_BOUND('',#6816,.T.);
#6816 = EDGE_LOOP('',(#6817,#6827,#6835,#6843));
#6817 = ORIENTED_EDGE('',*,*,#6818,.T.);
#6818 = EDGE_CURVE('',#6819,#6821,#6823,.T.);
#6819 = VERTEX_POINT('',#6820);
#6820 = CARTESIAN_POINT('',(49.148998260498,-9.906000137329,-0.41148));
#6821 = VERTEX_POINT('',#6822);
#6822 = CARTESIAN_POINT('',(49.148998260498,-9.906000137329,0.E+000));
#6823 = LINE('',#6824,#6825);
#6824 = CARTESIAN_POINT('',(49.148998260498,-9.906000137329,-0.41148));
#6825 = VECTOR('',#6826,1.);
#6826 = DIRECTION('',(0.E+000,0.E+000,1.));
#6827 = ORIENTED_EDGE('',*,*,#6828,.T.);
#6828 = EDGE_CURVE('',#6821,#6829,#6831,.T.);
#6829 = VERTEX_POINT('',#6830);
#6830 = CARTESIAN_POINT('',(58.986999511719,-9.906000137329,0.E+000));
#6831 = LINE('',#6832,#6833);
#6832 = CARTESIAN_POINT('',(49.148998260498,-9.906000137329,0.E+000));
#6833 = VECTOR('',#6834,1.);
#6834 = DIRECTION('',(1.,0.E+000,0.E+000));
#6835 = ORIENTED_EDGE('',*,*,#6836,.F.);
#6836 = EDGE_CURVE('',#6837,#6829,#6839,.T.);
#6837 = VERTEX_POINT('',#6838);
#6838 = CARTESIAN_POINT('',(58.986999511719,-9.906000137329,-0.41148));
#6839 = LINE('',#6840,#6841);
#6840 = CARTESIAN_POINT('',(58.986999511719,-9.906000137329,-0.41148));
#6841 = VECTOR('',#6842,1.);
#6842 = DIRECTION('',(0.E+000,0.E+000,1.));
#6843 = ORIENTED_EDGE('',*,*,#6844,.F.);
#6844 = EDGE_CURVE('',#6819,#6837,#6845,.T.);
#6845 = LINE('',#6846,#6847);
#6846 = CARTESIAN_POINT('',(49.148998260498,-9.906000137329,-0.41148));
#6847 = VECTOR('',#6848,1.);
#6848 = DIRECTION('',(1.,0.E+000,0.E+000));
#6849 = PLANE('',#6850);
#6850 = AXIS2_PLACEMENT_3D('',#6851,#6852,#6853);
#6851 = CARTESIAN_POINT('',(49.148998260498,-9.906000137329,-0.41148));
#6852 = DIRECTION('',(0.E+000,1.,0.E+000));
#6853 = DIRECTION('',(1.,0.E+000,0.E+000));
#6854 = ADVANCED_FACE('',(#6855),#6880,.T.);
#6855 = FACE_BOUND('',#6856,.T.);
#6856 = EDGE_LOOP('',(#6857,#6858,#6866,#6874));
#6857 = ORIENTED_EDGE('',*,*,#6836,.T.);
#6858 = ORIENTED_EDGE('',*,*,#6859,.T.);
#6859 = EDGE_CURVE('',#6829,#6860,#6862,.T.);
#6860 = VERTEX_POINT('',#6861);
#6861 = CARTESIAN_POINT('',(58.986999511719,10.032999992371,0.E+000));
#6862 = LINE('',#6863,#6864);
#6863 = CARTESIAN_POINT('',(58.986999511719,-9.906000137329,0.E+000));
#6864 = VECTOR('',#6865,1.);
#6865 = DIRECTION('',(0.E+000,1.,0.E+000));
#6866 = ORIENTED_EDGE('',*,*,#6867,.F.);
#6867 = EDGE_CURVE('',#6868,#6860,#6870,.T.);
#6868 = VERTEX_POINT('',#6869);
#6869 = CARTESIAN_POINT('',(58.986999511719,10.032999992371,-0.41148));
#6870 = LINE('',#6871,#6872);
#6871 = CARTESIAN_POINT('',(58.986999511719,10.032999992371,-0.41148));
#6872 = VECTOR('',#6873,1.);
#6873 = DIRECTION('',(0.E+000,0.E+000,1.));
#6874 = ORIENTED_EDGE('',*,*,#6875,.F.);
#6875 = EDGE_CURVE('',#6837,#6868,#6876,.T.);
#6876 = LINE('',#6877,#6878);
#6877 = CARTESIAN_POINT('',(58.986999511719,-9.906000137329,-0.41148));
#6878 = VECTOR('',#6879,1.);
#6879 = DIRECTION('',(0.E+000,1.,0.E+000));
#6880 = PLANE('',#6881);
#6881 = AXIS2_PLACEMENT_3D('',#6882,#6883,#6884);
#6882 = CARTESIAN_POINT('',(58.986999511719,-9.906000137329,-0.41148));
#6883 = DIRECTION('',(-1.,0.E+000,0.E+000));
#6884 = DIRECTION('',(0.E+000,1.,0.E+000));
#6885 = ADVANCED_FACE('',(#6886),#6911,.T.);
#6886 = FACE_BOUND('',#6887,.T.);
#6887 = EDGE_LOOP('',(#6888,#6889,#6897,#6905));
#6888 = ORIENTED_EDGE('',*,*,#6867,.T.);
#6889 = ORIENTED_EDGE('',*,*,#6890,.T.);
#6890 = EDGE_CURVE('',#6860,#6891,#6893,.T.);
#6891 = VERTEX_POINT('',#6892);
#6892 = CARTESIAN_POINT('',(49.148998260498,10.032999992371,0.E+000));
#6893 = LINE('',#6894,#6895);
#6894 = CARTESIAN_POINT('',(58.986999511719,10.032999992371,0.E+000));
#6895 = VECTOR('',#6896,1.);
#6896 = DIRECTION('',(-1.,0.E+000,0.E+000));
#6897 = ORIENTED_EDGE('',*,*,#6898,.F.);
#6898 = EDGE_CURVE('',#6899,#6891,#6901,.T.);
#6899 = VERTEX_POINT('',#6900);
#6900 = CARTESIAN_POINT('',(49.148998260498,10.032999992371,-0.41148));
#6901 = LINE('',#6902,#6903);
#6902 = CARTESIAN_POINT('',(49.148998260498,10.032999992371,-0.41148));
#6903 = VECTOR('',#6904,1.);
#6904 = DIRECTION('',(0.E+000,0.E+000,1.));
#6905 = ORIENTED_EDGE('',*,*,#6906,.F.);
#6906 = EDGE_CURVE('',#6868,#6899,#6907,.T.);
#6907 = LINE('',#6908,#6909);
#6908 = CARTESIAN_POINT('',(58.986999511719,10.032999992371,-0.41148));
#6909 = VECTOR('',#6910,1.);
#6910 = DIRECTION('',(-1.,0.E+000,0.E+000));
#6911 = PLANE('',#6912);
#6912 = AXIS2_PLACEMENT_3D('',#6913,#6914,#6915);
#6913 = CARTESIAN_POINT('',(58.986999511719,10.032999992371,-0.41148));
#6914 = DIRECTION('',(0.E+000,-1.,0.E+000));
#6915 = DIRECTION('',(-1.,0.E+000,0.E+000));
#6916 = ADVANCED_FACE('',(#6917),#6933,.T.);
#6917 = FACE_BOUND('',#6918,.T.);
#6918 = EDGE_LOOP('',(#6919,#6920,#6926,#6927));
#6919 = ORIENTED_EDGE('',*,*,#6898,.T.);
#6920 = ORIENTED_EDGE('',*,*,#6921,.T.);
#6921 = EDGE_CURVE('',#6891,#6821,#6922,.T.);
#6922 = LINE('',#6923,#6924);
#6923 = CARTESIAN_POINT('',(49.148998260498,10.032999992371,0.E+000));
#6924 = VECTOR('',#6925,1.);
#6925 = DIRECTION('',(0.E+000,-1.,0.E+000));
#6926 = ORIENTED_EDGE('',*,*,#6818,.F.);
#6927 = ORIENTED_EDGE('',*,*,#6928,.F.);
#6928 = EDGE_CURVE('',#6899,#6819,#6929,.T.);
#6929 = LINE('',#6930,#6931);
#6930 = CARTESIAN_POINT('',(49.148998260498,10.032999992371,-0.41148));
#6931 = VECTOR('',#6932,1.);
#6932 = DIRECTION('',(0.E+000,-1.,0.E+000));
#6933 = PLANE('',#6934);
#6934 = AXIS2_PLACEMENT_3D('',#6935,#6936,#6937);
#6935 = CARTESIAN_POINT('',(49.148998260498,10.032999992371,-0.41148));
#6936 = DIRECTION('',(1.,0.E+000,-0.E+000));
#6937 = DIRECTION('',(0.E+000,-1.,0.E+000));
#6938 = ADVANCED_FACE('',(#6939),#6966,.F.);
#6939 = FACE_BOUND('',#6940,.T.);
#6940 = EDGE_LOOP('',(#6941,#6951,#6958,#6959));
#6941 = ORIENTED_EDGE('',*,*,#6942,.T.);
#6942 = EDGE_CURVE('',#6943,#6945,#6947,.T.);
#6943 = VERTEX_POINT('',#6944);
#6944 = CARTESIAN_POINT('',(51.75,15.,-0.41148));
#6945 = VERTEX_POINT('',#6946);
#6946 = CARTESIAN_POINT('',(51.75,15.,0.E+000));
#6947 = LINE('',#6948,#6949);
#6948 = CARTESIAN_POINT('',(51.75,15.,-0.41148));
#6949 = VECTOR('',#6950,1.);
#6950 = DIRECTION('',(0.E+000,0.E+000,1.));
#6951 = ORIENTED_EDGE('',*,*,#6952,.T.);
#6952 = EDGE_CURVE('',#6945,#6945,#6953,.T.);
#6953 = CIRCLE('',#6954,1.75);
#6954 = AXIS2_PLACEMENT_3D('',#6955,#6956,#6957);
#6955 = CARTESIAN_POINT('',(50.,15.,0.E+000));
#6956 = DIRECTION('',(0.E+000,0.E+000,1.));
#6957 = DIRECTION('',(1.,0.E+000,-0.E+000));
#6958 = ORIENTED_EDGE('',*,*,#6942,.F.);
#6959 = ORIENTED_EDGE('',*,*,#6960,.F.);
#6960 = EDGE_CURVE('',#6943,#6943,#6961,.T.);
#6961 = CIRCLE('',#6962,1.75);
#6962 = AXIS2_PLACEMENT_3D('',#6963,#6964,#6965);
#6963 = CARTESIAN_POINT('',(50.,15.,-0.41148));
#6964 = DIRECTION('',(0.E+000,0.E+000,1.));
#6965 = DIRECTION('',(1.,0.E+000,-0.E+000));
#6966 = CYLINDRICAL_SURFACE('',#6967,1.75);
#6967 = AXIS2_PLACEMENT_3D('',#6968,#6969,#6970);
#6968 = CARTESIAN_POINT('',(50.,15.,-0.41148));
#6969 = DIRECTION('',(-0.E+000,-0.E+000,-1.));
#6970 = DIRECTION('',(1.,0.E+000,-0.E+000));
#6971 = ADVANCED_FACE('',(#6972),#6999,.F.);
#6972 = FACE_BOUND('',#6973,.T.);
#6973 = EDGE_LOOP('',(#6974,#6984,#6991,#6992));
#6974 = ORIENTED_EDGE('',*,*,#6975,.T.);
#6975 = EDGE_CURVE('',#6976,#6978,#6980,.T.);
#6976 = VERTEX_POINT('',#6977);
#6977 = CARTESIAN_POINT('',(48.091,15.,-0.41148));
#6978 = VERTEX_POINT('',#6979);
#6979 = CARTESIAN_POINT('',(48.091,15.,0.E+000));
#6980 = LINE('',#6981,#6982);
#6981 = CARTESIAN_POINT('',(48.091,15.,-0.41148));
#6982 = VECTOR('',#6983,1.);
#6983 = DIRECTION('',(0.E+000,0.E+000,1.));
#6984 = ORIENTED_EDGE('',*,*,#6985,.T.);
#6985 = EDGE_CURVE('',#6978,#6978,#6986,.T.);
#6986 = CIRCLE('',#6987,0.25);
#6987 = AXIS2_PLACEMENT_3D('',#6988,#6989,#6990);
#6988 = CARTESIAN_POINT('',(47.841,15.,0.E+000));
#6989 = DIRECTION('',(0.E+000,0.E+000,1.));
#6990 = DIRECTION('',(1.,0.E+000,-0.E+000));
#6991 = ORIENTED_EDGE('',*,*,#6975,.F.);
#6992 = ORIENTED_EDGE('',*,*,#6993,.F.);
#6993 = EDGE_CURVE('',#6976,#6976,#6994,.T.);
#6994 = CIRCLE('',#6995,0.25);
#6995 = AXIS2_PLACEMENT_3D('',#6996,#6997,#6998);
#6996 = CARTESIAN_POINT('',(47.841,15.,-0.41148));
#6997 = DIRECTION('',(0.E+000,0.E+000,1.));
#6998 = DIRECTION('',(1.,0.E+000,-0.E+000));
#6999 = CYLINDRICAL_SURFACE('',#7000,0.25);
#7000 = AXIS2_PLACEMENT_3D('',#7001,#7002,#7003);
#7001 = CARTESIAN_POINT('',(47.841,15.,-0.41148));
#7002 = DIRECTION('',(-0.E+000,-0.E+000,-1.));
#7003 = DIRECTION('',(1.,0.E+000,-0.E+000));
#7004 = ADVANCED_FACE('',(#7005),#7032,.F.);
#7005 = FACE_BOUND('',#7006,.T.);
#7006 = EDGE_LOOP('',(#7007,#7017,#7024,#7025));
#7007 = ORIENTED_EDGE('',*,*,#7008,.T.);
#7008 = EDGE_CURVE('',#7009,#7011,#7013,.T.);
#7009 = VERTEX_POINT('',#7010);
#7010 = CARTESIAN_POINT('',(48.599,13.603,-0.41148));
#7011 = VERTEX_POINT('',#7012);
#7012 = CARTESIAN_POINT('',(48.599,13.603,0.E+000));
#7013 = LINE('',#7014,#7015);
#7014 = CARTESIAN_POINT('',(48.599,13.603,-0.41148));
#7015 = VECTOR('',#7016,1.);
#7016 = DIRECTION('',(0.E+000,0.E+000,1.));
#7017 = ORIENTED_EDGE('',*,*,#7018,.T.);
#7018 = EDGE_CURVE('',#7011,#7011,#7019,.T.);
#7019 = CIRCLE('',#7020,0.25);
#7020 = AXIS2_PLACEMENT_3D('',#7021,#7022,#7023);
#7021 = CARTESIAN_POINT('',(48.349,13.603,0.E+000));
#7022 = DIRECTION('',(0.E+000,0.E+000,1.));
#7023 = DIRECTION('',(1.,0.E+000,-0.E+000));
#7024 = ORIENTED_EDGE('',*,*,#7008,.F.);
#7025 = ORIENTED_EDGE('',*,*,#7026,.F.);
#7026 = EDGE_CURVE('',#7009,#7009,#7027,.T.);
#7027 = CIRCLE('',#7028,0.25);
#7028 = AXIS2_PLACEMENT_3D('',#7029,#7030,#7031);
#7029 = CARTESIAN_POINT('',(48.349,13.603,-0.41148));
#7030 = DIRECTION('',(0.E+000,0.E+000,1.));
#7031 = DIRECTION('',(1.,0.E+000,-0.E+000));
#7032 = CYLINDRICAL_SURFACE('',#7033,0.25);
#7033 = AXIS2_PLACEMENT_3D('',#7034,#7035,#7036);
#7034 = CARTESIAN_POINT('',(48.349,13.603,-0.41148));
#7035 = DIRECTION('',(-0.E+000,-0.E+000,-1.));
#7036 = DIRECTION('',(1.,0.E+000,-0.E+000));
#7037 = ADVANCED_FACE('',(#7038),#7065,.F.);
#7038 = FACE_BOUND('',#7039,.T.);
#7039 = EDGE_LOOP('',(#7040,#7050,#7057,#7058));
#7040 = ORIENTED_EDGE('',*,*,#7041,.T.);
#7041 = EDGE_CURVE('',#7042,#7044,#7046,.T.);
#7042 = VERTEX_POINT('',#7043);
#7043 = CARTESIAN_POINT('',(48.726,16.397,-0.41148));
#7044 = VERTEX_POINT('',#7045);
#7045 = CARTESIAN_POINT('',(48.726,16.397,0.E+000));
#7046 = LINE('',#7047,#7048);
#7047 = CARTESIAN_POINT('',(48.726,16.397,-0.41148));
#7048 = VECTOR('',#7049,1.);
#7049 = DIRECTION('',(0.E+000,0.E+000,1.));
#7050 = ORIENTED_EDGE('',*,*,#7051,.T.);
#7051 = EDGE_CURVE('',#7044,#7044,#7052,.T.);
#7052 = CIRCLE('',#7053,0.25);
#7053 = AXIS2_PLACEMENT_3D('',#7054,#7055,#7056);
#7054 = CARTESIAN_POINT('',(48.476,16.397,0.E+000));
#7055 = DIRECTION('',(0.E+000,0.E+000,1.));
#7056 = DIRECTION('',(1.,0.E+000,-0.E+000));
#7057 = ORIENTED_EDGE('',*,*,#7041,.F.);
#7058 = ORIENTED_EDGE('',*,*,#7059,.F.);
#7059 = EDGE_CURVE('',#7042,#7042,#7060,.T.);
#7060 = CIRCLE('',#7061,0.25);
#7061 = AXIS2_PLACEMENT_3D('',#7062,#7063,#7064);
#7062 = CARTESIAN_POINT('',(48.476,16.397,-0.41148));
#7063 = DIRECTION('',(0.E+000,0.E+000,1.));
#7064 = DIRECTION('',(1.,0.E+000,-0.E+000));
#7065 = CYLINDRICAL_SURFACE('',#7066,0.25);
#7066 = AXIS2_PLACEMENT_3D('',#7067,#7068,#7069);
#7067 = CARTESIAN_POINT('',(48.476,16.397,-0.41148));
#7068 = DIRECTION('',(-0.E+000,-0.E+000,-1.));
#7069 = DIRECTION('',(1.,0.E+000,-0.E+000));
#7070 = ADVANCED_FACE('',(#7071),#7098,.F.);
#7071 = FACE_BOUND('',#7072,.T.);
#7072 = EDGE_LOOP('',(#7073,#7083,#7090,#7091));
#7073 = ORIENTED_EDGE('',*,*,#7074,.T.);
#7074 = EDGE_CURVE('',#7075,#7077,#7079,.T.);
#7075 = VERTEX_POINT('',#7076);
#7076 = CARTESIAN_POINT('',(51.647,13.476,-0.41148));
#7077 = VERTEX_POINT('',#7078);
#7078 = CARTESIAN_POINT('',(51.647,13.476,0.E+000));
#7079 = LINE('',#7080,#7081);
#7080 = CARTESIAN_POINT('',(51.647,13.476,-0.41148));
#7081 = VECTOR('',#7082,1.);
#7082 = DIRECTION('',(0.E+000,0.E+000,1.));
#7083 = ORIENTED_EDGE('',*,*,#7084,.T.);
#7084 = EDGE_CURVE('',#7077,#7077,#7085,.T.);
#7085 = CIRCLE('',#7086,0.25);
#7086 = AXIS2_PLACEMENT_3D('',#7087,#7088,#7089);
#7087 = CARTESIAN_POINT('',(51.397,13.476,0.E+000));
#7088 = DIRECTION('',(0.E+000,0.E+000,1.));
#7089 = DIRECTION('',(1.,0.E+000,-0.E+000));
#7090 = ORIENTED_EDGE('',*,*,#7074,.F.);
#7091 = ORIENTED_EDGE('',*,*,#7092,.F.);
#7092 = EDGE_CURVE('',#7075,#7075,#7093,.T.);
#7093 = CIRCLE('',#7094,0.25);
#7094 = AXIS2_PLACEMENT_3D('',#7095,#7096,#7097);
#7095 = CARTESIAN_POINT('',(51.397,13.476,-0.41148));
#7096 = DIRECTION('',(0.E+000,0.E+000,1.));
#7097 = DIRECTION('',(1.,0.E+000,-0.E+000));
#7098 = CYLINDRICAL_SURFACE('',#7099,0.25);
#7099 = AXIS2_PLACEMENT_3D('',#7100,#7101,#7102);
#7100 = CARTESIAN_POINT('',(51.397,13.476,-0.41148));
#7101 = DIRECTION('',(-0.E+000,-0.E+000,-1.));
#7102 = DIRECTION('',(1.,0.E+000,-0.E+000));
#7103 = ADVANCED_FACE('',(#7104),#7131,.F.);
#7104 = FACE_BOUND('',#7105,.T.);
#7105 = EDGE_LOOP('',(#7106,#7116,#7123,#7124));
#7106 = ORIENTED_EDGE('',*,*,#7107,.T.);
#7107 = EDGE_CURVE('',#7108,#7110,#7112,.T.);
#7108 = VERTEX_POINT('',#7109);
#7109 = CARTESIAN_POINT('',(52.378,15.059,-0.41148));
#7110 = VERTEX_POINT('',#7111);
#7111 = CARTESIAN_POINT('',(52.378,15.059,0.E+000));
#7112 = LINE('',#7113,#7114);
#7113 = CARTESIAN_POINT('',(52.378,15.059,-0.41148));
#7114 = VECTOR('',#7115,1.);
#7115 = DIRECTION('',(0.E+000,0.E+000,1.));
#7116 = ORIENTED_EDGE('',*,*,#7117,.T.);
#7117 = EDGE_CURVE('',#7110,#7110,#7118,.T.);
#7118 = CIRCLE('',#7119,0.25);
#7119 = AXIS2_PLACEMENT_3D('',#7120,#7121,#7122);
#7120 = CARTESIAN_POINT('',(52.128,15.059,0.E+000));
#7121 = DIRECTION('',(0.E+000,0.E+000,1.));
#7122 = DIRECTION('',(1.,0.E+000,-0.E+000));
#7123 = ORIENTED_EDGE('',*,*,#7107,.F.);
#7124 = ORIENTED_EDGE('',*,*,#7125,.F.);
#7125 = EDGE_CURVE('',#7108,#7108,#7126,.T.);
#7126 = CIRCLE('',#7127,0.25);
#7127 = AXIS2_PLACEMENT_3D('',#7128,#7129,#7130);
#7128 = CARTESIAN_POINT('',(52.128,15.059,-0.41148));
#7129 = DIRECTION('',(0.E+000,0.E+000,1.));
#7130 = DIRECTION('',(1.,0.E+000,-0.E+000));
#7131 = CYLINDRICAL_SURFACE('',#7132,0.25);
#7132 = AXIS2_PLACEMENT_3D('',#7133,#7134,#7135);
#7133 = CARTESIAN_POINT('',(52.128,15.059,-0.41148));
#7134 = DIRECTION('',(-0.E+000,-0.E+000,-1.));
#7135 = DIRECTION('',(1.,0.E+000,-0.E+000));
#7136 = ADVANCED_FACE('',(#7137),#7164,.F.);
#7137 = FACE_BOUND('',#7138,.T.);
#7138 = EDGE_LOOP('',(#7139,#7149,#7156,#7157));
#7139 = ORIENTED_EDGE('',*,*,#7140,.T.);
#7140 = EDGE_CURVE('',#7141,#7143,#7145,.T.);
#7141 = VERTEX_POINT('',#7142);
#7142 = CARTESIAN_POINT('',(51.647,16.524,-0.41148));
#7143 = VERTEX_POINT('',#7144);
#7144 = CARTESIAN_POINT('',(51.647,16.524,0.E+000));
#7145 = LINE('',#7146,#7147);
#7146 = CARTESIAN_POINT('',(51.647,16.524,-0.41148));
#7147 = VECTOR('',#7148,1.);
#7148 = DIRECTION('',(0.E+000,0.E+000,1.));
#7149 = ORIENTED_EDGE('',*,*,#7150,.T.);
#7150 = EDGE_CURVE('',#7143,#7143,#7151,.T.);
#7151 = CIRCLE('',#7152,0.25);
#7152 = AXIS2_PLACEMENT_3D('',#7153,#7154,#7155);
#7153 = CARTESIAN_POINT('',(51.397,16.524,0.E+000));
#7154 = DIRECTION('',(0.E+000,0.E+000,1.));
#7155 = DIRECTION('',(1.,0.E+000,-0.E+000));
#7156 = ORIENTED_EDGE('',*,*,#7140,.F.);
#7157 = ORIENTED_EDGE('',*,*,#7158,.F.);
#7158 = EDGE_CURVE('',#7141,#7141,#7159,.T.);
#7159 = CIRCLE('',#7160,0.25);
#7160 = AXIS2_PLACEMENT_3D('',#7161,#7162,#7163);
#7161 = CARTESIAN_POINT('',(51.397,16.524,-0.41148));
#7162 = DIRECTION('',(0.E+000,0.E+000,1.));
#7163 = DIRECTION('',(1.,0.E+000,-0.E+000));
#7164 = CYLINDRICAL_SURFACE('',#7165,0.25);
#7165 = AXIS2_PLACEMENT_3D('',#7166,#7167,#7168);
#7166 = CARTESIAN_POINT('',(51.397,16.524,-0.41148));
#7167 = DIRECTION('',(-0.E+000,-0.E+000,-1.));
#7168 = DIRECTION('',(1.,0.E+000,-0.E+000));
#7169 = ADVANCED_FACE('',(#7170),#7197,.F.);
#7170 = FACE_BOUND('',#7171,.T.);
#7171 = EDGE_LOOP('',(#7172,#7182,#7189,#7190));
#7172 = ORIENTED_EDGE('',*,*,#7173,.T.);
#7173 = EDGE_CURVE('',#7174,#7176,#7178,.T.);
#7174 = VERTEX_POINT('',#7175);
#7175 = CARTESIAN_POINT('',(50.25,17.159,-0.41148));
#7176 = VERTEX_POINT('',#7177);
#7177 = CARTESIAN_POINT('',(50.25,17.159,0.E+000));
#7178 = LINE('',#7179,#7180);
#7179 = CARTESIAN_POINT('',(50.25,17.159,-0.41148));
#7180 = VECTOR('',#7181,1.);
#7181 = DIRECTION('',(0.E+000,0.E+000,1.));
#7182 = ORIENTED_EDGE('',*,*,#7183,.T.);
#7183 = EDGE_CURVE('',#7176,#7176,#7184,.T.);
#7184 = CIRCLE('',#7185,0.25);
#7185 = AXIS2_PLACEMENT_3D('',#7186,#7187,#7188);
#7186 = CARTESIAN_POINT('',(50.,17.159,0.E+000));
#7187 = DIRECTION('',(0.E+000,0.E+000,1.));
#7188 = DIRECTION('',(1.,0.E+000,-0.E+000));
#7189 = ORIENTED_EDGE('',*,*,#7173,.F.);
#7190 = ORIENTED_EDGE('',*,*,#7191,.F.);
#7191 = EDGE_CURVE('',#7174,#7174,#7192,.T.);
#7192 = CIRCLE('',#7193,0.25);
#7193 = AXIS2_PLACEMENT_3D('',#7194,#7195,#7196);
#7194 = CARTESIAN_POINT('',(50.,17.159,-0.41148));
#7195 = DIRECTION('',(0.E+000,0.E+000,1.));
#7196 = DIRECTION('',(1.,0.E+000,-0.E+000));
#7197 = CYLINDRICAL_SURFACE('',#7198,0.25);
#7198 = AXIS2_PLACEMENT_3D('',#7199,#7200,#7201);
#7199 = CARTESIAN_POINT('',(50.,17.159,-0.41148));
#7200 = DIRECTION('',(-0.E+000,-0.E+000,-1.));
#7201 = DIRECTION('',(1.,0.E+000,-0.E+000));
#7202 = ADVANCED_FACE('',(#7203),#7230,.F.);
#7203 = FACE_BOUND('',#7204,.T.);
#7204 = EDGE_LOOP('',(#7205,#7215,#7222,#7223));
#7205 = ORIENTED_EDGE('',*,*,#7206,.T.);
#7206 = EDGE_CURVE('',#7207,#7209,#7211,.T.);
#7207 = VERTEX_POINT('',#7208);
#7208 = CARTESIAN_POINT('',(65.016,18.669,-0.41148));
#7209 = VERTEX_POINT('',#7210);
#7210 = CARTESIAN_POINT('',(65.016,18.669,0.E+000));
#7211 = LINE('',#7212,#7213);
#7212 = CARTESIAN_POINT('',(65.016,18.669,-0.41148));
#7213 = VECTOR('',#7214,1.);
#7214 = DIRECTION('',(0.E+000,0.E+000,1.));
#7215 = ORIENTED_EDGE('',*,*,#7216,.T.);
#7216 = EDGE_CURVE('',#7209,#7209,#7217,.T.);
#7217 = CIRCLE('',#7218,0.5);
#7218 = AXIS2_PLACEMENT_3D('',#7219,#7220,#7221);
#7219 = CARTESIAN_POINT('',(64.516,18.669,0.E+000));
#7220 = DIRECTION('',(0.E+000,0.E+000,1.));
#7221 = DIRECTION('',(1.,0.E+000,-0.E+000));
#7222 = ORIENTED_EDGE('',*,*,#7206,.F.);
#7223 = ORIENTED_EDGE('',*,*,#7224,.F.);
#7224 = EDGE_CURVE('',#7207,#7207,#7225,.T.);
#7225 = CIRCLE('',#7226,0.5);
#7226 = AXIS2_PLACEMENT_3D('',#7227,#7228,#7229);
#7227 = CARTESIAN_POINT('',(64.516,18.669,-0.41148));
#7228 = DIRECTION('',(0.E+000,0.E+000,1.));
#7229 = DIRECTION('',(1.,0.E+000,-0.E+000));
#7230 = CYLINDRICAL_SURFACE('',#7231,0.5);
#7231 = AXIS2_PLACEMENT_3D('',#7232,#7233,#7234);
#7232 = CARTESIAN_POINT('',(64.516,18.669,-0.41148));
#7233 = DIRECTION('',(-0.E+000,-0.E+000,-1.));
#7234 = DIRECTION('',(1.,0.E+000,-0.E+000));
#7235 = ADVANCED_FACE('',(#7236),#7263,.F.);
#7236 = FACE_BOUND('',#7237,.T.);
#7237 = EDGE_LOOP('',(#7238,#7248,#7255,#7256));
#7238 = ORIENTED_EDGE('',*,*,#7239,.T.);
#7239 = EDGE_CURVE('',#7240,#7242,#7244,.T.);
#7240 = VERTEX_POINT('',#7241);
#7241 = CARTESIAN_POINT('',(59.936,18.669,-0.41148));
#7242 = VERTEX_POINT('',#7243);
#7243 = CARTESIAN_POINT('',(59.936,18.669,0.E+000));
#7244 = LINE('',#7245,#7246);
#7245 = CARTESIAN_POINT('',(59.936,18.669,-0.41148));
#7246 = VECTOR('',#7247,1.);
#7247 = DIRECTION('',(0.E+000,0.E+000,1.));
#7248 = ORIENTED_EDGE('',*,*,#7249,.T.);
#7249 = EDGE_CURVE('',#7242,#7242,#7250,.T.);
#7250 = CIRCLE('',#7251,0.5);
#7251 = AXIS2_PLACEMENT_3D('',#7252,#7253,#7254);
#7252 = CARTESIAN_POINT('',(59.436,18.669,0.E+000));
#7253 = DIRECTION('',(0.E+000,0.E+000,1.));
#7254 = DIRECTION('',(1.,0.E+000,-0.E+000));
#7255 = ORIENTED_EDGE('',*,*,#7239,.F.);
#7256 = ORIENTED_EDGE('',*,*,#7257,.F.);
#7257 = EDGE_CURVE('',#7240,#7240,#7258,.T.);
#7258 = CIRCLE('',#7259,0.5);
#7259 = AXIS2_PLACEMENT_3D('',#7260,#7261,#7262);
#7260 = CARTESIAN_POINT('',(59.436,18.669,-0.41148));
#7261 = DIRECTION('',(0.E+000,0.E+000,1.));
#7262 = DIRECTION('',(1.,0.E+000,-0.E+000));
#7263 = CYLINDRICAL_SURFACE('',#7264,0.5);
#7264 = AXIS2_PLACEMENT_3D('',#7265,#7266,#7267);
#7265 = CARTESIAN_POINT('',(59.436,18.669,-0.41148));
#7266 = DIRECTION('',(-0.E+000,-0.E+000,-1.));
#7267 = DIRECTION('',(1.,0.E+000,-0.E+000));
#7268 = ADVANCED_FACE('',(#7269,#7275,#7279,#7283,#7286,#7289,#7292,
    #7295,#7298,#7301,#7304,#7307,#7310,#7313,#7316,#7319,#7322,#7325,
    #7328,#7331,#7334,#7337,#7340,#7343,#7346,#7352,#7358,#7364,#7367,
    #7373,#7376,#7382,#7385,#7388,#7394,#7397,#7400,#7403,#7406,#7409,
    #7412,#7415,#7418,#7421,#7424,#7427,#7430,#7433,#7436,#7439,#7442,
    #7445,#7448,#7451,#7454,#7457,#7460,#7463,#7466,#7469,#7472,#7475,
    #7481,#7484,#7487,#7490,#7493,#7496,#7499,#7502,#7505,#7508,#7511,
    #7514,#7517,#7520,#7523,#7526,#7529,#7532,#7535,#7538,#7541,#7544,
    #7547,#7550,#7553,#7556,#7559,#7562,#7565,#7568,#7571,#7574,#7577,
    #7580,#7583,#7586,#7589,#7592,#7595,#7598,#7601,#7604,#7607,#7610,
    #7613,#7616,#7619,#7622,#7625,#7628,#7631,#7634,#7637,#7640,#7643,
    #7646,#7649,#7652,#7655,#7658,#7661,#7664,#7667,#7670,#7673,#7676,
    #7679,#7682,#7685,#7688,#7691,#7694,#7697,#7700,#7703,#7706,#7709,
    #7712,#7715,#7718,#7721,#7724,#7727,#7730,#7733,#7736,#7739,#7742,
    #7745,#7748,#7751,#7754,#7757,#7760,#7763,#7766,#7769,#7772,#7775,
    #7778,#7781,#7784,#7787,#7790,#7793,#7796,#7799,#7802,#7805,#7808,
    #7811,#7814,#7817,#7820,#7823,#7826,#7829,#7832,#7835,#7838,#7844,
    #7847,#7850,#7853,#7856,#7859,#7862,#7865,#7868,#7871),#7874,.T.);
#7269 = FACE_BOUND('',#7270,.F.);
#7270 = EDGE_LOOP('',(#7271,#7272,#7273,#7274));
#7271 = ORIENTED_EDGE('',*,*,#48,.T.);
#7272 = ORIENTED_EDGE('',*,*,#81,.T.);
#7273 = ORIENTED_EDGE('',*,*,#113,.T.);
#7274 = ORIENTED_EDGE('',*,*,#136,.T.);
#7275 = FACE_BOUND('',#7276,.T.);
#7276 = EDGE_LOOP('',(#7277,#7278));
#7277 = ORIENTED_EDGE('',*,*,#178,.T.);
#7278 = ORIENTED_EDGE('',*,*,#202,.T.);
#7279 = FACE_BOUND('',#7280,.T.);
#7280 = EDGE_LOOP('',(#7281,#7282));
#7281 = ORIENTED_EDGE('',*,*,#244,.T.);
#7282 = ORIENTED_EDGE('',*,*,#268,.T.);
#7283 = FACE_BOUND('',#7284,.T.);
#7284 = EDGE_LOOP('',(#7285));
#7285 = ORIENTED_EDGE('',*,*,#301,.T.);
#7286 = FACE_BOUND('',#7287,.T.);
#7287 = EDGE_LOOP('',(#7288));
#7288 = ORIENTED_EDGE('',*,*,#334,.T.);
#7289 = FACE_BOUND('',#7290,.T.);
#7290 = EDGE_LOOP('',(#7291));
#7291 = ORIENTED_EDGE('',*,*,#367,.T.);
#7292 = FACE_BOUND('',#7293,.T.);
#7293 = EDGE_LOOP('',(#7294));
#7294 = ORIENTED_EDGE('',*,*,#400,.T.);
#7295 = FACE_BOUND('',#7296,.T.);
#7296 = EDGE_LOOP('',(#7297));
#7297 = ORIENTED_EDGE('',*,*,#433,.T.);
#7298 = FACE_BOUND('',#7299,.T.);
#7299 = EDGE_LOOP('',(#7300));
#7300 = ORIENTED_EDGE('',*,*,#466,.T.);
#7301 = FACE_BOUND('',#7302,.T.);
#7302 = EDGE_LOOP('',(#7303));
#7303 = ORIENTED_EDGE('',*,*,#499,.T.);
#7304 = FACE_BOUND('',#7305,.T.);
#7305 = EDGE_LOOP('',(#7306));
#7306 = ORIENTED_EDGE('',*,*,#532,.T.);
#7307 = FACE_BOUND('',#7308,.T.);
#7308 = EDGE_LOOP('',(#7309));
#7309 = ORIENTED_EDGE('',*,*,#565,.T.);
#7310 = FACE_BOUND('',#7311,.T.);
#7311 = EDGE_LOOP('',(#7312));
#7312 = ORIENTED_EDGE('',*,*,#598,.T.);
#7313 = FACE_BOUND('',#7314,.T.);
#7314 = EDGE_LOOP('',(#7315));
#7315 = ORIENTED_EDGE('',*,*,#631,.T.);
#7316 = FACE_BOUND('',#7317,.T.);
#7317 = EDGE_LOOP('',(#7318));
#7318 = ORIENTED_EDGE('',*,*,#664,.T.);
#7319 = FACE_BOUND('',#7320,.T.);
#7320 = EDGE_LOOP('',(#7321));
#7321 = ORIENTED_EDGE('',*,*,#697,.T.);
#7322 = FACE_BOUND('',#7323,.T.);
#7323 = EDGE_LOOP('',(#7324));
#7324 = ORIENTED_EDGE('',*,*,#730,.T.);
#7325 = FACE_BOUND('',#7326,.T.);
#7326 = EDGE_LOOP('',(#7327));
#7327 = ORIENTED_EDGE('',*,*,#763,.T.);
#7328 = FACE_BOUND('',#7329,.T.);
#7329 = EDGE_LOOP('',(#7330));
#7330 = ORIENTED_EDGE('',*,*,#796,.T.);
#7331 = FACE_BOUND('',#7332,.T.);
#7332 = EDGE_LOOP('',(#7333));
#7333 = ORIENTED_EDGE('',*,*,#829,.T.);
#7334 = FACE_BOUND('',#7335,.T.);
#7335 = EDGE_LOOP('',(#7336));
#7336 = ORIENTED_EDGE('',*,*,#862,.T.);
#7337 = FACE_BOUND('',#7338,.T.);
#7338 = EDGE_LOOP('',(#7339));
#7339 = ORIENTED_EDGE('',*,*,#895,.T.);
#7340 = FACE_BOUND('',#7341,.T.);
#7341 = EDGE_LOOP('',(#7342));
#7342 = ORIENTED_EDGE('',*,*,#928,.T.);
#7343 = FACE_BOUND('',#7344,.T.);
#7344 = EDGE_LOOP('',(#7345));
#7345 = ORIENTED_EDGE('',*,*,#961,.T.);
#7346 = FACE_BOUND('',#7347,.T.);
#7347 = EDGE_LOOP('',(#7348,#7349,#7350,#7351));
#7348 = ORIENTED_EDGE('',*,*,#1002,.T.);
#7349 = ORIENTED_EDGE('',*,*,#1034,.T.);
#7350 = ORIENTED_EDGE('',*,*,#1066,.T.);
#7351 = ORIENTED_EDGE('',*,*,#1089,.T.);
#7352 = FACE_BOUND('',#7353,.T.);
#7353 = EDGE_LOOP('',(#7354,#7355,#7356,#7357));
#7354 = ORIENTED_EDGE('',*,*,#1130,.T.);
#7355 = ORIENTED_EDGE('',*,*,#1162,.T.);
#7356 = ORIENTED_EDGE('',*,*,#1194,.T.);
#7357 = ORIENTED_EDGE('',*,*,#1217,.T.);
#7358 = FACE_BOUND('',#7359,.T.);
#7359 = EDGE_LOOP('',(#7360,#7361,#7362,#7363));
#7360 = ORIENTED_EDGE('',*,*,#1258,.T.);
#7361 = ORIENTED_EDGE('',*,*,#1290,.T.);
#7362 = ORIENTED_EDGE('',*,*,#1322,.T.);
#7363 = ORIENTED_EDGE('',*,*,#1345,.T.);
#7364 = FACE_BOUND('',#7365,.T.);
#7365 = EDGE_LOOP('',(#7366));
#7366 = ORIENTED_EDGE('',*,*,#1378,.T.);
#7367 = FACE_BOUND('',#7368,.T.);
#7368 = EDGE_LOOP('',(#7369,#7370,#7371,#7372));
#7369 = ORIENTED_EDGE('',*,*,#1419,.T.);
#7370 = ORIENTED_EDGE('',*,*,#1451,.T.);
#7371 = ORIENTED_EDGE('',*,*,#1483,.T.);
#7372 = ORIENTED_EDGE('',*,*,#1506,.T.);
#7373 = FACE_BOUND('',#7374,.T.);
#7374 = EDGE_LOOP('',(#7375));
#7375 = ORIENTED_EDGE('',*,*,#1539,.T.);
#7376 = FACE_BOUND('',#7377,.T.);
#7377 = EDGE_LOOP('',(#7378,#7379,#7380,#7381));
#7378 = ORIENTED_EDGE('',*,*,#1580,.T.);
#7379 = ORIENTED_EDGE('',*,*,#1612,.T.);
#7380 = ORIENTED_EDGE('',*,*,#1644,.T.);
#7381 = ORIENTED_EDGE('',*,*,#1667,.T.);
#7382 = FACE_BOUND('',#7383,.T.);
#7383 = EDGE_LOOP('',(#7384));
#7384 = ORIENTED_EDGE('',*,*,#1700,.T.);
#7385 = FACE_BOUND('',#7386,.T.);
#7386 = EDGE_LOOP('',(#7387));
#7387 = ORIENTED_EDGE('',*,*,#1733,.T.);
#7388 = FACE_BOUND('',#7389,.T.);
#7389 = EDGE_LOOP('',(#7390,#7391,#7392,#7393));
#7390 = ORIENTED_EDGE('',*,*,#1774,.T.);
#7391 = ORIENTED_EDGE('',*,*,#1806,.T.);
#7392 = ORIENTED_EDGE('',*,*,#1838,.T.);
#7393 = ORIENTED_EDGE('',*,*,#1861,.T.);
#7394 = FACE_BOUND('',#7395,.T.);
#7395 = EDGE_LOOP('',(#7396));
#7396 = ORIENTED_EDGE('',*,*,#1894,.T.);
#7397 = FACE_BOUND('',#7398,.T.);
#7398 = EDGE_LOOP('',(#7399));
#7399 = ORIENTED_EDGE('',*,*,#1927,.T.);
#7400 = FACE_BOUND('',#7401,.T.);
#7401 = EDGE_LOOP('',(#7402));
#7402 = ORIENTED_EDGE('',*,*,#1960,.T.);
#7403 = FACE_BOUND('',#7404,.T.);
#7404 = EDGE_LOOP('',(#7405));
#7405 = ORIENTED_EDGE('',*,*,#1993,.T.);
#7406 = FACE_BOUND('',#7407,.T.);
#7407 = EDGE_LOOP('',(#7408));
#7408 = ORIENTED_EDGE('',*,*,#2026,.T.);
#7409 = FACE_BOUND('',#7410,.T.);
#7410 = EDGE_LOOP('',(#7411));
#7411 = ORIENTED_EDGE('',*,*,#2059,.T.);
#7412 = FACE_BOUND('',#7413,.T.);
#7413 = EDGE_LOOP('',(#7414));
#7414 = ORIENTED_EDGE('',*,*,#2092,.T.);
#7415 = FACE_BOUND('',#7416,.T.);
#7416 = EDGE_LOOP('',(#7417));
#7417 = ORIENTED_EDGE('',*,*,#2125,.T.);
#7418 = FACE_BOUND('',#7419,.T.);
#7419 = EDGE_LOOP('',(#7420));
#7420 = ORIENTED_EDGE('',*,*,#2158,.T.);
#7421 = FACE_BOUND('',#7422,.T.);
#7422 = EDGE_LOOP('',(#7423));
#7423 = ORIENTED_EDGE('',*,*,#2191,.T.);
#7424 = FACE_BOUND('',#7425,.T.);
#7425 = EDGE_LOOP('',(#7426));
#7426 = ORIENTED_EDGE('',*,*,#2224,.T.);
#7427 = FACE_BOUND('',#7428,.T.);
#7428 = EDGE_LOOP('',(#7429));
#7429 = ORIENTED_EDGE('',*,*,#2257,.T.);
#7430 = FACE_BOUND('',#7431,.T.);
#7431 = EDGE_LOOP('',(#7432));
#7432 = ORIENTED_EDGE('',*,*,#2290,.T.);
#7433 = FACE_BOUND('',#7434,.T.);
#7434 = EDGE_LOOP('',(#7435));
#7435 = ORIENTED_EDGE('',*,*,#2323,.T.);
#7436 = FACE_BOUND('',#7437,.T.);
#7437 = EDGE_LOOP('',(#7438));
#7438 = ORIENTED_EDGE('',*,*,#2356,.T.);
#7439 = FACE_BOUND('',#7440,.T.);
#7440 = EDGE_LOOP('',(#7441));
#7441 = ORIENTED_EDGE('',*,*,#2389,.T.);
#7442 = FACE_BOUND('',#7443,.T.);
#7443 = EDGE_LOOP('',(#7444));
#7444 = ORIENTED_EDGE('',*,*,#2422,.T.);
#7445 = FACE_BOUND('',#7446,.T.);
#7446 = EDGE_LOOP('',(#7447));
#7447 = ORIENTED_EDGE('',*,*,#2455,.T.);
#7448 = FACE_BOUND('',#7449,.T.);
#7449 = EDGE_LOOP('',(#7450));
#7450 = ORIENTED_EDGE('',*,*,#2488,.T.);
#7451 = FACE_BOUND('',#7452,.T.);
#7452 = EDGE_LOOP('',(#7453));
#7453 = ORIENTED_EDGE('',*,*,#2521,.T.);
#7454 = FACE_BOUND('',#7455,.T.);
#7455 = EDGE_LOOP('',(#7456));
#7456 = ORIENTED_EDGE('',*,*,#2554,.T.);
#7457 = FACE_BOUND('',#7458,.T.);
#7458 = EDGE_LOOP('',(#7459));
#7459 = ORIENTED_EDGE('',*,*,#2587,.T.);
#7460 = FACE_BOUND('',#7461,.T.);
#7461 = EDGE_LOOP('',(#7462));
#7462 = ORIENTED_EDGE('',*,*,#2620,.T.);
#7463 = FACE_BOUND('',#7464,.T.);
#7464 = EDGE_LOOP('',(#7465));
#7465 = ORIENTED_EDGE('',*,*,#2653,.T.);
#7466 = FACE_BOUND('',#7467,.T.);
#7467 = EDGE_LOOP('',(#7468));
#7468 = ORIENTED_EDGE('',*,*,#2686,.T.);
#7469 = FACE_BOUND('',#7470,.T.);
#7470 = EDGE_LOOP('',(#7471));
#7471 = ORIENTED_EDGE('',*,*,#2719,.T.);
#7472 = FACE_BOUND('',#7473,.T.);
#7473 = EDGE_LOOP('',(#7474));
#7474 = ORIENTED_EDGE('',*,*,#2752,.T.);
#7475 = FACE_BOUND('',#7476,.T.);
#7476 = EDGE_LOOP('',(#7477,#7478,#7479,#7480));
#7477 = ORIENTED_EDGE('',*,*,#2793,.F.);
#7478 = ORIENTED_EDGE('',*,*,#2824,.F.);
#7479 = ORIENTED_EDGE('',*,*,#2855,.F.);
#7480 = ORIENTED_EDGE('',*,*,#2877,.F.);
#7481 = FACE_BOUND('',#7482,.T.);
#7482 = EDGE_LOOP('',(#7483));
#7483 = ORIENTED_EDGE('',*,*,#2909,.T.);
#7484 = FACE_BOUND('',#7485,.T.);
#7485 = EDGE_LOOP('',(#7486));
#7486 = ORIENTED_EDGE('',*,*,#2942,.T.);
#7487 = FACE_BOUND('',#7488,.T.);
#7488 = EDGE_LOOP('',(#7489));
#7489 = ORIENTED_EDGE('',*,*,#2975,.T.);
#7490 = FACE_BOUND('',#7491,.T.);
#7491 = EDGE_LOOP('',(#7492));
#7492 = ORIENTED_EDGE('',*,*,#3008,.T.);
#7493 = FACE_BOUND('',#7494,.T.);
#7494 = EDGE_LOOP('',(#7495));
#7495 = ORIENTED_EDGE('',*,*,#3041,.T.);
#7496 = FACE_BOUND('',#7497,.T.);
#7497 = EDGE_LOOP('',(#7498));
#7498 = ORIENTED_EDGE('',*,*,#3074,.T.);
#7499 = FACE_BOUND('',#7500,.T.);
#7500 = EDGE_LOOP('',(#7501));
#7501 = ORIENTED_EDGE('',*,*,#3107,.T.);
#7502 = FACE_BOUND('',#7503,.T.);
#7503 = EDGE_LOOP('',(#7504));
#7504 = ORIENTED_EDGE('',*,*,#3140,.T.);
#7505 = FACE_BOUND('',#7506,.T.);
#7506 = EDGE_LOOP('',(#7507));
#7507 = ORIENTED_EDGE('',*,*,#3173,.T.);
#7508 = FACE_BOUND('',#7509,.T.);
#7509 = EDGE_LOOP('',(#7510));
#7510 = ORIENTED_EDGE('',*,*,#3206,.T.);
#7511 = FACE_BOUND('',#7512,.T.);
#7512 = EDGE_LOOP('',(#7513));
#7513 = ORIENTED_EDGE('',*,*,#3239,.T.);
#7514 = FACE_BOUND('',#7515,.T.);
#7515 = EDGE_LOOP('',(#7516));
#7516 = ORIENTED_EDGE('',*,*,#3272,.T.);
#7517 = FACE_BOUND('',#7518,.T.);
#7518 = EDGE_LOOP('',(#7519));
#7519 = ORIENTED_EDGE('',*,*,#3305,.T.);
#7520 = FACE_BOUND('',#7521,.T.);
#7521 = EDGE_LOOP('',(#7522));
#7522 = ORIENTED_EDGE('',*,*,#3338,.T.);
#7523 = FACE_BOUND('',#7524,.T.);
#7524 = EDGE_LOOP('',(#7525));
#7525 = ORIENTED_EDGE('',*,*,#3371,.T.);
#7526 = FACE_BOUND('',#7527,.T.);
#7527 = EDGE_LOOP('',(#7528));
#7528 = ORIENTED_EDGE('',*,*,#3404,.T.);
#7529 = FACE_BOUND('',#7530,.T.);
#7530 = EDGE_LOOP('',(#7531));
#7531 = ORIENTED_EDGE('',*,*,#3437,.T.);
#7532 = FACE_BOUND('',#7533,.T.);
#7533 = EDGE_LOOP('',(#7534));
#7534 = ORIENTED_EDGE('',*,*,#3470,.T.);
#7535 = FACE_BOUND('',#7536,.T.);
#7536 = EDGE_LOOP('',(#7537));
#7537 = ORIENTED_EDGE('',*,*,#3503,.T.);
#7538 = FACE_BOUND('',#7539,.T.);
#7539 = EDGE_LOOP('',(#7540));
#7540 = ORIENTED_EDGE('',*,*,#3536,.T.);
#7541 = FACE_BOUND('',#7542,.T.);
#7542 = EDGE_LOOP('',(#7543));
#7543 = ORIENTED_EDGE('',*,*,#3569,.T.);
#7544 = FACE_BOUND('',#7545,.T.);
#7545 = EDGE_LOOP('',(#7546));
#7546 = ORIENTED_EDGE('',*,*,#3602,.T.);
#7547 = FACE_BOUND('',#7548,.T.);
#7548 = EDGE_LOOP('',(#7549));
#7549 = ORIENTED_EDGE('',*,*,#3635,.T.);
#7550 = FACE_BOUND('',#7551,.T.);
#7551 = EDGE_LOOP('',(#7552));
#7552 = ORIENTED_EDGE('',*,*,#3668,.T.);
#7553 = FACE_BOUND('',#7554,.T.);
#7554 = EDGE_LOOP('',(#7555));
#7555 = ORIENTED_EDGE('',*,*,#3701,.T.);
#7556 = FACE_BOUND('',#7557,.T.);
#7557 = EDGE_LOOP('',(#7558));
#7558 = ORIENTED_EDGE('',*,*,#3734,.T.);
#7559 = FACE_BOUND('',#7560,.T.);
#7560 = EDGE_LOOP('',(#7561));
#7561 = ORIENTED_EDGE('',*,*,#3767,.T.);
#7562 = FACE_BOUND('',#7563,.T.);
#7563 = EDGE_LOOP('',(#7564));
#7564 = ORIENTED_EDGE('',*,*,#3800,.T.);
#7565 = FACE_BOUND('',#7566,.T.);
#7566 = EDGE_LOOP('',(#7567));
#7567 = ORIENTED_EDGE('',*,*,#3833,.T.);
#7568 = FACE_BOUND('',#7569,.T.);
#7569 = EDGE_LOOP('',(#7570));
#7570 = ORIENTED_EDGE('',*,*,#3866,.T.);
#7571 = FACE_BOUND('',#7572,.T.);
#7572 = EDGE_LOOP('',(#7573));
#7573 = ORIENTED_EDGE('',*,*,#3899,.T.);
#7574 = FACE_BOUND('',#7575,.T.);
#7575 = EDGE_LOOP('',(#7576));
#7576 = ORIENTED_EDGE('',*,*,#3932,.T.);
#7577 = FACE_BOUND('',#7578,.T.);
#7578 = EDGE_LOOP('',(#7579));
#7579 = ORIENTED_EDGE('',*,*,#3965,.T.);
#7580 = FACE_BOUND('',#7581,.T.);
#7581 = EDGE_LOOP('',(#7582));
#7582 = ORIENTED_EDGE('',*,*,#3998,.T.);
#7583 = FACE_BOUND('',#7584,.T.);
#7584 = EDGE_LOOP('',(#7585));
#7585 = ORIENTED_EDGE('',*,*,#4031,.T.);
#7586 = FACE_BOUND('',#7587,.T.);
#7587 = EDGE_LOOP('',(#7588));
#7588 = ORIENTED_EDGE('',*,*,#4064,.T.);
#7589 = FACE_BOUND('',#7590,.T.);
#7590 = EDGE_LOOP('',(#7591));
#7591 = ORIENTED_EDGE('',*,*,#4097,.T.);
#7592 = FACE_BOUND('',#7593,.T.);
#7593 = EDGE_LOOP('',(#7594));
#7594 = ORIENTED_EDGE('',*,*,#4130,.T.);
#7595 = FACE_BOUND('',#7596,.T.);
#7596 = EDGE_LOOP('',(#7597));
#7597 = ORIENTED_EDGE('',*,*,#4163,.T.);
#7598 = FACE_BOUND('',#7599,.T.);
#7599 = EDGE_LOOP('',(#7600));
#7600 = ORIENTED_EDGE('',*,*,#4196,.T.);
#7601 = FACE_BOUND('',#7602,.T.);
#7602 = EDGE_LOOP('',(#7603));
#7603 = ORIENTED_EDGE('',*,*,#4229,.T.);
#7604 = FACE_BOUND('',#7605,.T.);
#7605 = EDGE_LOOP('',(#7606));
#7606 = ORIENTED_EDGE('',*,*,#4262,.T.);
#7607 = FACE_BOUND('',#7608,.T.);
#7608 = EDGE_LOOP('',(#7609));
#7609 = ORIENTED_EDGE('',*,*,#4295,.T.);
#7610 = FACE_BOUND('',#7611,.T.);
#7611 = EDGE_LOOP('',(#7612));
#7612 = ORIENTED_EDGE('',*,*,#4328,.T.);
#7613 = FACE_BOUND('',#7614,.T.);
#7614 = EDGE_LOOP('',(#7615));
#7615 = ORIENTED_EDGE('',*,*,#4361,.T.);
#7616 = FACE_BOUND('',#7617,.T.);
#7617 = EDGE_LOOP('',(#7618));
#7618 = ORIENTED_EDGE('',*,*,#4394,.T.);
#7619 = FACE_BOUND('',#7620,.T.);
#7620 = EDGE_LOOP('',(#7621));
#7621 = ORIENTED_EDGE('',*,*,#4427,.T.);
#7622 = FACE_BOUND('',#7623,.T.);
#7623 = EDGE_LOOP('',(#7624));
#7624 = ORIENTED_EDGE('',*,*,#4460,.T.);
#7625 = FACE_BOUND('',#7626,.T.);
#7626 = EDGE_LOOP('',(#7627));
#7627 = ORIENTED_EDGE('',*,*,#4493,.T.);
#7628 = FACE_BOUND('',#7629,.T.);
#7629 = EDGE_LOOP('',(#7630));
#7630 = ORIENTED_EDGE('',*,*,#4526,.T.);
#7631 = FACE_BOUND('',#7632,.T.);
#7632 = EDGE_LOOP('',(#7633));
#7633 = ORIENTED_EDGE('',*,*,#4559,.T.);
#7634 = FACE_BOUND('',#7635,.T.);
#7635 = EDGE_LOOP('',(#7636));
#7636 = ORIENTED_EDGE('',*,*,#4592,.T.);
#7637 = FACE_BOUND('',#7638,.T.);
#7638 = EDGE_LOOP('',(#7639));
#7639 = ORIENTED_EDGE('',*,*,#4625,.T.);
#7640 = FACE_BOUND('',#7641,.T.);
#7641 = EDGE_LOOP('',(#7642));
#7642 = ORIENTED_EDGE('',*,*,#4658,.T.);
#7643 = FACE_BOUND('',#7644,.T.);
#7644 = EDGE_LOOP('',(#7645));
#7645 = ORIENTED_EDGE('',*,*,#4691,.T.);
#7646 = FACE_BOUND('',#7647,.T.);
#7647 = EDGE_LOOP('',(#7648));
#7648 = ORIENTED_EDGE('',*,*,#4724,.T.);
#7649 = FACE_BOUND('',#7650,.T.);
#7650 = EDGE_LOOP('',(#7651));
#7651 = ORIENTED_EDGE('',*,*,#4757,.T.);
#7652 = FACE_BOUND('',#7653,.T.);
#7653 = EDGE_LOOP('',(#7654));
#7654 = ORIENTED_EDGE('',*,*,#4790,.T.);
#7655 = FACE_BOUND('',#7656,.T.);
#7656 = EDGE_LOOP('',(#7657));
#7657 = ORIENTED_EDGE('',*,*,#4823,.T.);
#7658 = FACE_BOUND('',#7659,.T.);
#7659 = EDGE_LOOP('',(#7660));
#7660 = ORIENTED_EDGE('',*,*,#4856,.T.);
#7661 = FACE_BOUND('',#7662,.T.);
#7662 = EDGE_LOOP('',(#7663));
#7663 = ORIENTED_EDGE('',*,*,#4889,.T.);
#7664 = FACE_BOUND('',#7665,.T.);
#7665 = EDGE_LOOP('',(#7666));
#7666 = ORIENTED_EDGE('',*,*,#4922,.T.);
#7667 = FACE_BOUND('',#7668,.T.);
#7668 = EDGE_LOOP('',(#7669));
#7669 = ORIENTED_EDGE('',*,*,#4955,.T.);
#7670 = FACE_BOUND('',#7671,.T.);
#7671 = EDGE_LOOP('',(#7672));
#7672 = ORIENTED_EDGE('',*,*,#4988,.T.);
#7673 = FACE_BOUND('',#7674,.T.);
#7674 = EDGE_LOOP('',(#7675));
#7675 = ORIENTED_EDGE('',*,*,#5021,.T.);
#7676 = FACE_BOUND('',#7677,.T.);
#7677 = EDGE_LOOP('',(#7678));
#7678 = ORIENTED_EDGE('',*,*,#5054,.T.);
#7679 = FACE_BOUND('',#7680,.T.);
#7680 = EDGE_LOOP('',(#7681));
#7681 = ORIENTED_EDGE('',*,*,#5087,.T.);
#7682 = FACE_BOUND('',#7683,.T.);
#7683 = EDGE_LOOP('',(#7684));
#7684 = ORIENTED_EDGE('',*,*,#5120,.T.);
#7685 = FACE_BOUND('',#7686,.T.);
#7686 = EDGE_LOOP('',(#7687));
#7687 = ORIENTED_EDGE('',*,*,#5153,.T.);
#7688 = FACE_BOUND('',#7689,.T.);
#7689 = EDGE_LOOP('',(#7690));
#7690 = ORIENTED_EDGE('',*,*,#5186,.T.);
#7691 = FACE_BOUND('',#7692,.T.);
#7692 = EDGE_LOOP('',(#7693));
#7693 = ORIENTED_EDGE('',*,*,#5219,.T.);
#7694 = FACE_BOUND('',#7695,.T.);
#7695 = EDGE_LOOP('',(#7696));
#7696 = ORIENTED_EDGE('',*,*,#5252,.T.);
#7697 = FACE_BOUND('',#7698,.T.);
#7698 = EDGE_LOOP('',(#7699));
#7699 = ORIENTED_EDGE('',*,*,#5285,.T.);
#7700 = FACE_BOUND('',#7701,.T.);
#7701 = EDGE_LOOP('',(#7702));
#7702 = ORIENTED_EDGE('',*,*,#5318,.T.);
#7703 = FACE_BOUND('',#7704,.T.);
#7704 = EDGE_LOOP('',(#7705));
#7705 = ORIENTED_EDGE('',*,*,#5351,.T.);
#7706 = FACE_BOUND('',#7707,.T.);
#7707 = EDGE_LOOP('',(#7708));
#7708 = ORIENTED_EDGE('',*,*,#5384,.T.);
#7709 = FACE_BOUND('',#7710,.T.);
#7710 = EDGE_LOOP('',(#7711));
#7711 = ORIENTED_EDGE('',*,*,#5417,.T.);
#7712 = FACE_BOUND('',#7713,.T.);
#7713 = EDGE_LOOP('',(#7714));
#7714 = ORIENTED_EDGE('',*,*,#5450,.T.);
#7715 = FACE_BOUND('',#7716,.T.);
#7716 = EDGE_LOOP('',(#7717));
#7717 = ORIENTED_EDGE('',*,*,#5483,.T.);
#7718 = FACE_BOUND('',#7719,.T.);
#7719 = EDGE_LOOP('',(#7720));
#7720 = ORIENTED_EDGE('',*,*,#5516,.T.);
#7721 = FACE_BOUND('',#7722,.T.);
#7722 = EDGE_LOOP('',(#7723));
#7723 = ORIENTED_EDGE('',*,*,#5549,.T.);
#7724 = FACE_BOUND('',#7725,.T.);
#7725 = EDGE_LOOP('',(#7726));
#7726 = ORIENTED_EDGE('',*,*,#5582,.T.);
#7727 = FACE_BOUND('',#7728,.T.);
#7728 = EDGE_LOOP('',(#7729));
#7729 = ORIENTED_EDGE('',*,*,#5615,.T.);
#7730 = FACE_BOUND('',#7731,.T.);
#7731 = EDGE_LOOP('',(#7732));
#7732 = ORIENTED_EDGE('',*,*,#5648,.T.);
#7733 = FACE_BOUND('',#7734,.T.);
#7734 = EDGE_LOOP('',(#7735));
#7735 = ORIENTED_EDGE('',*,*,#5681,.T.);
#7736 = FACE_BOUND('',#7737,.T.);
#7737 = EDGE_LOOP('',(#7738));
#7738 = ORIENTED_EDGE('',*,*,#5714,.T.);
#7739 = FACE_BOUND('',#7740,.T.);
#7740 = EDGE_LOOP('',(#7741));
#7741 = ORIENTED_EDGE('',*,*,#5747,.T.);
#7742 = FACE_BOUND('',#7743,.T.);
#7743 = EDGE_LOOP('',(#7744));
#7744 = ORIENTED_EDGE('',*,*,#5780,.T.);
#7745 = FACE_BOUND('',#7746,.T.);
#7746 = EDGE_LOOP('',(#7747));
#7747 = ORIENTED_EDGE('',*,*,#5813,.T.);
#7748 = FACE_BOUND('',#7749,.T.);
#7749 = EDGE_LOOP('',(#7750));
#7750 = ORIENTED_EDGE('',*,*,#5846,.T.);
#7751 = FACE_BOUND('',#7752,.T.);
#7752 = EDGE_LOOP('',(#7753));
#7753 = ORIENTED_EDGE('',*,*,#5879,.T.);
#7754 = FACE_BOUND('',#7755,.T.);
#7755 = EDGE_LOOP('',(#7756));
#7756 = ORIENTED_EDGE('',*,*,#5912,.T.);
#7757 = FACE_BOUND('',#7758,.T.);
#7758 = EDGE_LOOP('',(#7759));
#7759 = ORIENTED_EDGE('',*,*,#5945,.T.);
#7760 = FACE_BOUND('',#7761,.T.);
#7761 = EDGE_LOOP('',(#7762));
#7762 = ORIENTED_EDGE('',*,*,#5978,.T.);
#7763 = FACE_BOUND('',#7764,.T.);
#7764 = EDGE_LOOP('',(#7765));
#7765 = ORIENTED_EDGE('',*,*,#6011,.T.);
#7766 = FACE_BOUND('',#7767,.T.);
#7767 = EDGE_LOOP('',(#7768));
#7768 = ORIENTED_EDGE('',*,*,#6044,.T.);
#7769 = FACE_BOUND('',#7770,.T.);
#7770 = EDGE_LOOP('',(#7771));
#7771 = ORIENTED_EDGE('',*,*,#6077,.T.);
#7772 = FACE_BOUND('',#7773,.T.);
#7773 = EDGE_LOOP('',(#7774));
#7774 = ORIENTED_EDGE('',*,*,#6110,.T.);
#7775 = FACE_BOUND('',#7776,.T.);
#7776 = EDGE_LOOP('',(#7777));
#7777 = ORIENTED_EDGE('',*,*,#6143,.T.);
#7778 = FACE_BOUND('',#7779,.T.);
#7779 = EDGE_LOOP('',(#7780));
#7780 = ORIENTED_EDGE('',*,*,#6176,.T.);
#7781 = FACE_BOUND('',#7782,.T.);
#7782 = EDGE_LOOP('',(#7783));
#7783 = ORIENTED_EDGE('',*,*,#6209,.T.);
#7784 = FACE_BOUND('',#7785,.T.);
#7785 = EDGE_LOOP('',(#7786));
#7786 = ORIENTED_EDGE('',*,*,#6242,.T.);
#7787 = FACE_BOUND('',#7788,.T.);
#7788 = EDGE_LOOP('',(#7789));
#7789 = ORIENTED_EDGE('',*,*,#6275,.T.);
#7790 = FACE_BOUND('',#7791,.T.);
#7791 = EDGE_LOOP('',(#7792));
#7792 = ORIENTED_EDGE('',*,*,#6308,.T.);
#7793 = FACE_BOUND('',#7794,.T.);
#7794 = EDGE_LOOP('',(#7795));
#7795 = ORIENTED_EDGE('',*,*,#6341,.T.);
#7796 = FACE_BOUND('',#7797,.T.);
#7797 = EDGE_LOOP('',(#7798));
#7798 = ORIENTED_EDGE('',*,*,#6374,.T.);
#7799 = FACE_BOUND('',#7800,.T.);
#7800 = EDGE_LOOP('',(#7801));
#7801 = ORIENTED_EDGE('',*,*,#6407,.T.);
#7802 = FACE_BOUND('',#7803,.T.);
#7803 = EDGE_LOOP('',(#7804));
#7804 = ORIENTED_EDGE('',*,*,#6440,.T.);
#7805 = FACE_BOUND('',#7806,.T.);
#7806 = EDGE_LOOP('',(#7807));
#7807 = ORIENTED_EDGE('',*,*,#6473,.T.);
#7808 = FACE_BOUND('',#7809,.T.);
#7809 = EDGE_LOOP('',(#7810));
#7810 = ORIENTED_EDGE('',*,*,#6506,.T.);
#7811 = FACE_BOUND('',#7812,.T.);
#7812 = EDGE_LOOP('',(#7813));
#7813 = ORIENTED_EDGE('',*,*,#6539,.T.);
#7814 = FACE_BOUND('',#7815,.T.);
#7815 = EDGE_LOOP('',(#7816));
#7816 = ORIENTED_EDGE('',*,*,#6572,.T.);
#7817 = FACE_BOUND('',#7818,.T.);
#7818 = EDGE_LOOP('',(#7819));
#7819 = ORIENTED_EDGE('',*,*,#6605,.T.);
#7820 = FACE_BOUND('',#7821,.T.);
#7821 = EDGE_LOOP('',(#7822));
#7822 = ORIENTED_EDGE('',*,*,#6638,.T.);
#7823 = FACE_BOUND('',#7824,.T.);
#7824 = EDGE_LOOP('',(#7825));
#7825 = ORIENTED_EDGE('',*,*,#6671,.T.);
#7826 = FACE_BOUND('',#7827,.T.);
#7827 = EDGE_LOOP('',(#7828));
#7828 = ORIENTED_EDGE('',*,*,#6704,.T.);
#7829 = FACE_BOUND('',#7830,.T.);
#7830 = EDGE_LOOP('',(#7831));
#7831 = ORIENTED_EDGE('',*,*,#6737,.T.);
#7832 = FACE_BOUND('',#7833,.T.);
#7833 = EDGE_LOOP('',(#7834));
#7834 = ORIENTED_EDGE('',*,*,#6770,.T.);
#7835 = FACE_BOUND('',#7836,.T.);
#7836 = EDGE_LOOP('',(#7837));
#7837 = ORIENTED_EDGE('',*,*,#6803,.T.);
#7838 = FACE_BOUND('',#7839,.T.);
#7839 = EDGE_LOOP('',(#7840,#7841,#7842,#7843));
#7840 = ORIENTED_EDGE('',*,*,#6844,.T.);
#7841 = ORIENTED_EDGE('',*,*,#6875,.T.);
#7842 = ORIENTED_EDGE('',*,*,#6906,.T.);
#7843 = ORIENTED_EDGE('',*,*,#6928,.T.);
#7844 = FACE_BOUND('',#7845,.T.);
#7845 = EDGE_LOOP('',(#7846));
#7846 = ORIENTED_EDGE('',*,*,#6960,.T.);
#7847 = FACE_BOUND('',#7848,.T.);
#7848 = EDGE_LOOP('',(#7849));
#7849 = ORIENTED_EDGE('',*,*,#6993,.T.);
#7850 = FACE_BOUND('',#7851,.T.);
#7851 = EDGE_LOOP('',(#7852));
#7852 = ORIENTED_EDGE('',*,*,#7026,.T.);
#7853 = FACE_BOUND('',#7854,.T.);
#7854 = EDGE_LOOP('',(#7855));
#7855 = ORIENTED_EDGE('',*,*,#7059,.T.);
#7856 = FACE_BOUND('',#7857,.T.);
#7857 = EDGE_LOOP('',(#7858));
#7858 = ORIENTED_EDGE('',*,*,#7092,.T.);
#7859 = FACE_BOUND('',#7860,.T.);
#7860 = EDGE_LOOP('',(#7861));
#7861 = ORIENTED_EDGE('',*,*,#7125,.T.);
#7862 = FACE_BOUND('',#7863,.T.);
#7863 = EDGE_LOOP('',(#7864));
#7864 = ORIENTED_EDGE('',*,*,#7158,.T.);
#7865 = FACE_BOUND('',#7866,.T.);
#7866 = EDGE_LOOP('',(#7867));
#7867 = ORIENTED_EDGE('',*,*,#7191,.T.);
#7868 = FACE_BOUND('',#7869,.T.);
#7869 = EDGE_LOOP('',(#7870));
#7870 = ORIENTED_EDGE('',*,*,#7224,.T.);
#7871 = FACE_BOUND('',#7872,.T.);
#7872 = EDGE_LOOP('',(#7873));
#7873 = ORIENTED_EDGE('',*,*,#7257,.T.);
#7874 = PLANE('',#7875);
#7875 = AXIS2_PLACEMENT_3D('',#7876,#7877,#7878);
#7876 = CARTESIAN_POINT('',(-65.91999816894,23.993000030518,-0.41148));
#7877 = DIRECTION('',(0.E+000,0.E+000,-1.));
#7878 = DIRECTION('',(-1.,0.E+000,-0.E+000));
#7879 = ADVANCED_FACE('',(#7880,#7886,#7890,#7894,#7897,#7900,#7903,
    #7906,#7909,#7912,#7915,#7918,#7921,#7924,#7927,#7930,#7933,#7936,
    #7939,#7942,#7945,#7948,#7951,#7954,#7957,#7963,#7969,#7975,#7978,
    #7984,#7987,#7993,#7996,#7999,#8005,#8008,#8011,#8014,#8017,#8020,
    #8023,#8026,#8029,#8032,#8035,#8038,#8041,#8044,#8047,#8050,#8053,
    #8056,#8059,#8062,#8065,#8068,#8071,#8074,#8077,#8080,#8083,#8086,
    #8092,#8095,#8098,#8101,#8104,#8107,#8110,#8113,#8116,#8119,#8122,
    #8125,#8128,#8131,#8134,#8137,#8140,#8143,#8146,#8149,#8152,#8155,
    #8158,#8161,#8164,#8167,#8170,#8173,#8176,#8179,#8182,#8185,#8188,
    #8191,#8194,#8197,#8200,#8203,#8206,#8209,#8212,#8215,#8218,#8221,
    #8224,#8227,#8230,#8233,#8236,#8239,#8242,#8245,#8248,#8251,#8254,
    #8257,#8260,#8263,#8266,#8269,#8272,#8275,#8278,#8281,#8284,#8287,
    #8290,#8293,#8296,#8299,#8302,#8305,#8308,#8311,#8314,#8317,#8320,
    #8323,#8326,#8329,#8332,#8335,#8338,#8341,#8344,#8347,#8350,#8353,
    #8356,#8359,#8362,#8365,#8368,#8371,#8374,#8377,#8380,#8383,#8386,
    #8389,#8392,#8395,#8398,#8401,#8404,#8407,#8410,#8413,#8416,#8419,
    #8422,#8425,#8428,#8431,#8434,#8437,#8440,#8443,#8446,#8449,#8455,
    #8458,#8461,#8464,#8467,#8470,#8473,#8476,#8479,#8482),#8485,.F.);
#7880 = FACE_BOUND('',#7881,.T.);
#7881 = EDGE_LOOP('',(#7882,#7883,#7884,#7885));
#7882 = ORIENTED_EDGE('',*,*,#31,.T.);
#7883 = ORIENTED_EDGE('',*,*,#64,.T.);
#7884 = ORIENTED_EDGE('',*,*,#97,.T.);
#7885 = ORIENTED_EDGE('',*,*,#128,.T.);
#7886 = FACE_BOUND('',#7887,.F.);
#7887 = EDGE_LOOP('',(#7888,#7889));
#7888 = ORIENTED_EDGE('',*,*,#161,.T.);
#7889 = ORIENTED_EDGE('',*,*,#194,.T.);
#7890 = FACE_BOUND('',#7891,.F.);
#7891 = EDGE_LOOP('',(#7892,#7893));
#7892 = ORIENTED_EDGE('',*,*,#227,.T.);
#7893 = ORIENTED_EDGE('',*,*,#260,.T.);
#7894 = FACE_BOUND('',#7895,.F.);
#7895 = EDGE_LOOP('',(#7896));
#7896 = ORIENTED_EDGE('',*,*,#293,.T.);
#7897 = FACE_BOUND('',#7898,.F.);
#7898 = EDGE_LOOP('',(#7899));
#7899 = ORIENTED_EDGE('',*,*,#326,.T.);
#7900 = FACE_BOUND('',#7901,.F.);
#7901 = EDGE_LOOP('',(#7902));
#7902 = ORIENTED_EDGE('',*,*,#359,.T.);
#7903 = FACE_BOUND('',#7904,.F.);
#7904 = EDGE_LOOP('',(#7905));
#7905 = ORIENTED_EDGE('',*,*,#392,.T.);
#7906 = FACE_BOUND('',#7907,.F.);
#7907 = EDGE_LOOP('',(#7908));
#7908 = ORIENTED_EDGE('',*,*,#425,.T.);
#7909 = FACE_BOUND('',#7910,.F.);
#7910 = EDGE_LOOP('',(#7911));
#7911 = ORIENTED_EDGE('',*,*,#458,.T.);
#7912 = FACE_BOUND('',#7913,.F.);
#7913 = EDGE_LOOP('',(#7914));
#7914 = ORIENTED_EDGE('',*,*,#491,.T.);
#7915 = FACE_BOUND('',#7916,.F.);
#7916 = EDGE_LOOP('',(#7917));
#7917 = ORIENTED_EDGE('',*,*,#524,.T.);
#7918 = FACE_BOUND('',#7919,.F.);
#7919 = EDGE_LOOP('',(#7920));
#7920 = ORIENTED_EDGE('',*,*,#557,.T.);
#7921 = FACE_BOUND('',#7922,.F.);
#7922 = EDGE_LOOP('',(#7923));
#7923 = ORIENTED_EDGE('',*,*,#590,.T.);
#7924 = FACE_BOUND('',#7925,.F.);
#7925 = EDGE_LOOP('',(#7926));
#7926 = ORIENTED_EDGE('',*,*,#623,.T.);
#7927 = FACE_BOUND('',#7928,.F.);
#7928 = EDGE_LOOP('',(#7929));
#7929 = ORIENTED_EDGE('',*,*,#656,.T.);
#7930 = FACE_BOUND('',#7931,.F.);
#7931 = EDGE_LOOP('',(#7932));
#7932 = ORIENTED_EDGE('',*,*,#689,.T.);
#7933 = FACE_BOUND('',#7934,.F.);
#7934 = EDGE_LOOP('',(#7935));
#7935 = ORIENTED_EDGE('',*,*,#722,.T.);
#7936 = FACE_BOUND('',#7937,.F.);
#7937 = EDGE_LOOP('',(#7938));
#7938 = ORIENTED_EDGE('',*,*,#755,.T.);
#7939 = FACE_BOUND('',#7940,.F.);
#7940 = EDGE_LOOP('',(#7941));
#7941 = ORIENTED_EDGE('',*,*,#788,.T.);
#7942 = FACE_BOUND('',#7943,.F.);
#7943 = EDGE_LOOP('',(#7944));
#7944 = ORIENTED_EDGE('',*,*,#821,.T.);
#7945 = FACE_BOUND('',#7946,.F.);
#7946 = EDGE_LOOP('',(#7947));
#7947 = ORIENTED_EDGE('',*,*,#854,.T.);
#7948 = FACE_BOUND('',#7949,.F.);
#7949 = EDGE_LOOP('',(#7950));
#7950 = ORIENTED_EDGE('',*,*,#887,.T.);
#7951 = FACE_BOUND('',#7952,.F.);
#7952 = EDGE_LOOP('',(#7953));
#7953 = ORIENTED_EDGE('',*,*,#920,.T.);
#7954 = FACE_BOUND('',#7955,.F.);
#7955 = EDGE_LOOP('',(#7956));
#7956 = ORIENTED_EDGE('',*,*,#953,.T.);
#7957 = FACE_BOUND('',#7958,.F.);
#7958 = EDGE_LOOP('',(#7959,#7960,#7961,#7962));
#7959 = ORIENTED_EDGE('',*,*,#986,.T.);
#7960 = ORIENTED_EDGE('',*,*,#1017,.T.);
#7961 = ORIENTED_EDGE('',*,*,#1050,.T.);
#7962 = ORIENTED_EDGE('',*,*,#1081,.T.);
#7963 = FACE_BOUND('',#7964,.F.);
#7964 = EDGE_LOOP('',(#7965,#7966,#7967,#7968));
#7965 = ORIENTED_EDGE('',*,*,#1114,.T.);
#7966 = ORIENTED_EDGE('',*,*,#1145,.T.);
#7967 = ORIENTED_EDGE('',*,*,#1178,.T.);
#7968 = ORIENTED_EDGE('',*,*,#1209,.T.);
#7969 = FACE_BOUND('',#7970,.F.);
#7970 = EDGE_LOOP('',(#7971,#7972,#7973,#7974));
#7971 = ORIENTED_EDGE('',*,*,#1242,.T.);
#7972 = ORIENTED_EDGE('',*,*,#1273,.T.);
#7973 = ORIENTED_EDGE('',*,*,#1306,.T.);
#7974 = ORIENTED_EDGE('',*,*,#1337,.T.);
#7975 = FACE_BOUND('',#7976,.F.);
#7976 = EDGE_LOOP('',(#7977));
#7977 = ORIENTED_EDGE('',*,*,#1370,.T.);
#7978 = FACE_BOUND('',#7979,.F.);
#7979 = EDGE_LOOP('',(#7980,#7981,#7982,#7983));
#7980 = ORIENTED_EDGE('',*,*,#1403,.T.);
#7981 = ORIENTED_EDGE('',*,*,#1434,.T.);
#7982 = ORIENTED_EDGE('',*,*,#1467,.T.);
#7983 = ORIENTED_EDGE('',*,*,#1498,.T.);
#7984 = FACE_BOUND('',#7985,.F.);
#7985 = EDGE_LOOP('',(#7986));
#7986 = ORIENTED_EDGE('',*,*,#1531,.T.);
#7987 = FACE_BOUND('',#7988,.F.);
#7988 = EDGE_LOOP('',(#7989,#7990,#7991,#7992));
#7989 = ORIENTED_EDGE('',*,*,#1564,.T.);
#7990 = ORIENTED_EDGE('',*,*,#1595,.T.);
#7991 = ORIENTED_EDGE('',*,*,#1628,.T.);
#7992 = ORIENTED_EDGE('',*,*,#1659,.T.);
#7993 = FACE_BOUND('',#7994,.F.);
#7994 = EDGE_LOOP('',(#7995));
#7995 = ORIENTED_EDGE('',*,*,#1692,.T.);
#7996 = FACE_BOUND('',#7997,.F.);
#7997 = EDGE_LOOP('',(#7998));
#7998 = ORIENTED_EDGE('',*,*,#1725,.T.);
#7999 = FACE_BOUND('',#8000,.F.);
#8000 = EDGE_LOOP('',(#8001,#8002,#8003,#8004));
#8001 = ORIENTED_EDGE('',*,*,#1758,.T.);
#8002 = ORIENTED_EDGE('',*,*,#1789,.T.);
#8003 = ORIENTED_EDGE('',*,*,#1822,.T.);
#8004 = ORIENTED_EDGE('',*,*,#1853,.T.);
#8005 = FACE_BOUND('',#8006,.F.);
#8006 = EDGE_LOOP('',(#8007));
#8007 = ORIENTED_EDGE('',*,*,#1886,.T.);
#8008 = FACE_BOUND('',#8009,.F.);
#8009 = EDGE_LOOP('',(#8010));
#8010 = ORIENTED_EDGE('',*,*,#1919,.T.);
#8011 = FACE_BOUND('',#8012,.F.);
#8012 = EDGE_LOOP('',(#8013));
#8013 = ORIENTED_EDGE('',*,*,#1952,.T.);
#8014 = FACE_BOUND('',#8015,.F.);
#8015 = EDGE_LOOP('',(#8016));
#8016 = ORIENTED_EDGE('',*,*,#1985,.T.);
#8017 = FACE_BOUND('',#8018,.F.);
#8018 = EDGE_LOOP('',(#8019));
#8019 = ORIENTED_EDGE('',*,*,#2018,.T.);
#8020 = FACE_BOUND('',#8021,.F.);
#8021 = EDGE_LOOP('',(#8022));
#8022 = ORIENTED_EDGE('',*,*,#2051,.T.);
#8023 = FACE_BOUND('',#8024,.F.);
#8024 = EDGE_LOOP('',(#8025));
#8025 = ORIENTED_EDGE('',*,*,#2084,.T.);
#8026 = FACE_BOUND('',#8027,.F.);
#8027 = EDGE_LOOP('',(#8028));
#8028 = ORIENTED_EDGE('',*,*,#2117,.T.);
#8029 = FACE_BOUND('',#8030,.F.);
#8030 = EDGE_LOOP('',(#8031));
#8031 = ORIENTED_EDGE('',*,*,#2150,.T.);
#8032 = FACE_BOUND('',#8033,.F.);
#8033 = EDGE_LOOP('',(#8034));
#8034 = ORIENTED_EDGE('',*,*,#2183,.T.);
#8035 = FACE_BOUND('',#8036,.F.);
#8036 = EDGE_LOOP('',(#8037));
#8037 = ORIENTED_EDGE('',*,*,#2216,.T.);
#8038 = FACE_BOUND('',#8039,.F.);
#8039 = EDGE_LOOP('',(#8040));
#8040 = ORIENTED_EDGE('',*,*,#2249,.T.);
#8041 = FACE_BOUND('',#8042,.F.);
#8042 = EDGE_LOOP('',(#8043));
#8043 = ORIENTED_EDGE('',*,*,#2282,.T.);
#8044 = FACE_BOUND('',#8045,.F.);
#8045 = EDGE_LOOP('',(#8046));
#8046 = ORIENTED_EDGE('',*,*,#2315,.T.);
#8047 = FACE_BOUND('',#8048,.F.);
#8048 = EDGE_LOOP('',(#8049));
#8049 = ORIENTED_EDGE('',*,*,#2348,.T.);
#8050 = FACE_BOUND('',#8051,.F.);
#8051 = EDGE_LOOP('',(#8052));
#8052 = ORIENTED_EDGE('',*,*,#2381,.T.);
#8053 = FACE_BOUND('',#8054,.F.);
#8054 = EDGE_LOOP('',(#8055));
#8055 = ORIENTED_EDGE('',*,*,#2414,.T.);
#8056 = FACE_BOUND('',#8057,.F.);
#8057 = EDGE_LOOP('',(#8058));
#8058 = ORIENTED_EDGE('',*,*,#2447,.T.);
#8059 = FACE_BOUND('',#8060,.F.);
#8060 = EDGE_LOOP('',(#8061));
#8061 = ORIENTED_EDGE('',*,*,#2480,.T.);
#8062 = FACE_BOUND('',#8063,.F.);
#8063 = EDGE_LOOP('',(#8064));
#8064 = ORIENTED_EDGE('',*,*,#2513,.T.);
#8065 = FACE_BOUND('',#8066,.F.);
#8066 = EDGE_LOOP('',(#8067));
#8067 = ORIENTED_EDGE('',*,*,#2546,.T.);
#8068 = FACE_BOUND('',#8069,.F.);
#8069 = EDGE_LOOP('',(#8070));
#8070 = ORIENTED_EDGE('',*,*,#2579,.T.);
#8071 = FACE_BOUND('',#8072,.F.);
#8072 = EDGE_LOOP('',(#8073));
#8073 = ORIENTED_EDGE('',*,*,#2612,.T.);
#8074 = FACE_BOUND('',#8075,.F.);
#8075 = EDGE_LOOP('',(#8076));
#8076 = ORIENTED_EDGE('',*,*,#2645,.T.);
#8077 = FACE_BOUND('',#8078,.F.);
#8078 = EDGE_LOOP('',(#8079));
#8079 = ORIENTED_EDGE('',*,*,#2678,.T.);
#8080 = FACE_BOUND('',#8081,.F.);
#8081 = EDGE_LOOP('',(#8082));
#8082 = ORIENTED_EDGE('',*,*,#2711,.T.);
#8083 = FACE_BOUND('',#8084,.F.);
#8084 = EDGE_LOOP('',(#8085));
#8085 = ORIENTED_EDGE('',*,*,#2744,.T.);
#8086 = FACE_BOUND('',#8087,.F.);
#8087 = EDGE_LOOP('',(#8088,#8089,#8090,#8091));
#8088 = ORIENTED_EDGE('',*,*,#2777,.F.);
#8089 = ORIENTED_EDGE('',*,*,#2817,.F.);
#8090 = ORIENTED_EDGE('',*,*,#2848,.F.);
#8091 = ORIENTED_EDGE('',*,*,#2870,.F.);
#8092 = FACE_BOUND('',#8093,.F.);
#8093 = EDGE_LOOP('',(#8094));
#8094 = ORIENTED_EDGE('',*,*,#2901,.T.);
#8095 = FACE_BOUND('',#8096,.F.);
#8096 = EDGE_LOOP('',(#8097));
#8097 = ORIENTED_EDGE('',*,*,#2934,.T.);
#8098 = FACE_BOUND('',#8099,.F.);
#8099 = EDGE_LOOP('',(#8100));
#8100 = ORIENTED_EDGE('',*,*,#2967,.T.);
#8101 = FACE_BOUND('',#8102,.F.);
#8102 = EDGE_LOOP('',(#8103));
#8103 = ORIENTED_EDGE('',*,*,#3000,.T.);
#8104 = FACE_BOUND('',#8105,.F.);
#8105 = EDGE_LOOP('',(#8106));
#8106 = ORIENTED_EDGE('',*,*,#3033,.T.);
#8107 = FACE_BOUND('',#8108,.F.);
#8108 = EDGE_LOOP('',(#8109));
#8109 = ORIENTED_EDGE('',*,*,#3066,.T.);
#8110 = FACE_BOUND('',#8111,.F.);
#8111 = EDGE_LOOP('',(#8112));
#8112 = ORIENTED_EDGE('',*,*,#3099,.T.);
#8113 = FACE_BOUND('',#8114,.F.);
#8114 = EDGE_LOOP('',(#8115));
#8115 = ORIENTED_EDGE('',*,*,#3132,.T.);
#8116 = FACE_BOUND('',#8117,.F.);
#8117 = EDGE_LOOP('',(#8118));
#8118 = ORIENTED_EDGE('',*,*,#3165,.T.);
#8119 = FACE_BOUND('',#8120,.F.);
#8120 = EDGE_LOOP('',(#8121));
#8121 = ORIENTED_EDGE('',*,*,#3198,.T.);
#8122 = FACE_BOUND('',#8123,.F.);
#8123 = EDGE_LOOP('',(#8124));
#8124 = ORIENTED_EDGE('',*,*,#3231,.T.);
#8125 = FACE_BOUND('',#8126,.F.);
#8126 = EDGE_LOOP('',(#8127));
#8127 = ORIENTED_EDGE('',*,*,#3264,.T.);
#8128 = FACE_BOUND('',#8129,.F.);
#8129 = EDGE_LOOP('',(#8130));
#8130 = ORIENTED_EDGE('',*,*,#3297,.T.);
#8131 = FACE_BOUND('',#8132,.F.);
#8132 = EDGE_LOOP('',(#8133));
#8133 = ORIENTED_EDGE('',*,*,#3330,.T.);
#8134 = FACE_BOUND('',#8135,.F.);
#8135 = EDGE_LOOP('',(#8136));
#8136 = ORIENTED_EDGE('',*,*,#3363,.T.);
#8137 = FACE_BOUND('',#8138,.F.);
#8138 = EDGE_LOOP('',(#8139));
#8139 = ORIENTED_EDGE('',*,*,#3396,.T.);
#8140 = FACE_BOUND('',#8141,.F.);
#8141 = EDGE_LOOP('',(#8142));
#8142 = ORIENTED_EDGE('',*,*,#3429,.T.);
#8143 = FACE_BOUND('',#8144,.F.);
#8144 = EDGE_LOOP('',(#8145));
#8145 = ORIENTED_EDGE('',*,*,#3462,.T.);
#8146 = FACE_BOUND('',#8147,.F.);
#8147 = EDGE_LOOP('',(#8148));
#8148 = ORIENTED_EDGE('',*,*,#3495,.T.);
#8149 = FACE_BOUND('',#8150,.F.);
#8150 = EDGE_LOOP('',(#8151));
#8151 = ORIENTED_EDGE('',*,*,#3528,.T.);
#8152 = FACE_BOUND('',#8153,.F.);
#8153 = EDGE_LOOP('',(#8154));
#8154 = ORIENTED_EDGE('',*,*,#3561,.T.);
#8155 = FACE_BOUND('',#8156,.F.);
#8156 = EDGE_LOOP('',(#8157));
#8157 = ORIENTED_EDGE('',*,*,#3594,.T.);
#8158 = FACE_BOUND('',#8159,.F.);
#8159 = EDGE_LOOP('',(#8160));
#8160 = ORIENTED_EDGE('',*,*,#3627,.T.);
#8161 = FACE_BOUND('',#8162,.F.);
#8162 = EDGE_LOOP('',(#8163));
#8163 = ORIENTED_EDGE('',*,*,#3660,.T.);
#8164 = FACE_BOUND('',#8165,.F.);
#8165 = EDGE_LOOP('',(#8166));
#8166 = ORIENTED_EDGE('',*,*,#3693,.T.);
#8167 = FACE_BOUND('',#8168,.F.);
#8168 = EDGE_LOOP('',(#8169));
#8169 = ORIENTED_EDGE('',*,*,#3726,.T.);
#8170 = FACE_BOUND('',#8171,.F.);
#8171 = EDGE_LOOP('',(#8172));
#8172 = ORIENTED_EDGE('',*,*,#3759,.T.);
#8173 = FACE_BOUND('',#8174,.F.);
#8174 = EDGE_LOOP('',(#8175));
#8175 = ORIENTED_EDGE('',*,*,#3792,.T.);
#8176 = FACE_BOUND('',#8177,.F.);
#8177 = EDGE_LOOP('',(#8178));
#8178 = ORIENTED_EDGE('',*,*,#3825,.T.);
#8179 = FACE_BOUND('',#8180,.F.);
#8180 = EDGE_LOOP('',(#8181));
#8181 = ORIENTED_EDGE('',*,*,#3858,.T.);
#8182 = FACE_BOUND('',#8183,.F.);
#8183 = EDGE_LOOP('',(#8184));
#8184 = ORIENTED_EDGE('',*,*,#3891,.T.);
#8185 = FACE_BOUND('',#8186,.F.);
#8186 = EDGE_LOOP('',(#8187));
#8187 = ORIENTED_EDGE('',*,*,#3924,.T.);
#8188 = FACE_BOUND('',#8189,.F.);
#8189 = EDGE_LOOP('',(#8190));
#8190 = ORIENTED_EDGE('',*,*,#3957,.T.);
#8191 = FACE_BOUND('',#8192,.F.);
#8192 = EDGE_LOOP('',(#8193));
#8193 = ORIENTED_EDGE('',*,*,#3990,.T.);
#8194 = FACE_BOUND('',#8195,.F.);
#8195 = EDGE_LOOP('',(#8196));
#8196 = ORIENTED_EDGE('',*,*,#4023,.T.);
#8197 = FACE_BOUND('',#8198,.F.);
#8198 = EDGE_LOOP('',(#8199));
#8199 = ORIENTED_EDGE('',*,*,#4056,.T.);
#8200 = FACE_BOUND('',#8201,.F.);
#8201 = EDGE_LOOP('',(#8202));
#8202 = ORIENTED_EDGE('',*,*,#4089,.T.);
#8203 = FACE_BOUND('',#8204,.F.);
#8204 = EDGE_LOOP('',(#8205));
#8205 = ORIENTED_EDGE('',*,*,#4122,.T.);
#8206 = FACE_BOUND('',#8207,.F.);
#8207 = EDGE_LOOP('',(#8208));
#8208 = ORIENTED_EDGE('',*,*,#4155,.T.);
#8209 = FACE_BOUND('',#8210,.F.);
#8210 = EDGE_LOOP('',(#8211));
#8211 = ORIENTED_EDGE('',*,*,#4188,.T.);
#8212 = FACE_BOUND('',#8213,.F.);
#8213 = EDGE_LOOP('',(#8214));
#8214 = ORIENTED_EDGE('',*,*,#4221,.T.);
#8215 = FACE_BOUND('',#8216,.F.);
#8216 = EDGE_LOOP('',(#8217));
#8217 = ORIENTED_EDGE('',*,*,#4254,.T.);
#8218 = FACE_BOUND('',#8219,.F.);
#8219 = EDGE_LOOP('',(#8220));
#8220 = ORIENTED_EDGE('',*,*,#4287,.T.);
#8221 = FACE_BOUND('',#8222,.F.);
#8222 = EDGE_LOOP('',(#8223));
#8223 = ORIENTED_EDGE('',*,*,#4320,.T.);
#8224 = FACE_BOUND('',#8225,.F.);
#8225 = EDGE_LOOP('',(#8226));
#8226 = ORIENTED_EDGE('',*,*,#4353,.T.);
#8227 = FACE_BOUND('',#8228,.F.);
#8228 = EDGE_LOOP('',(#8229));
#8229 = ORIENTED_EDGE('',*,*,#4386,.T.);
#8230 = FACE_BOUND('',#8231,.F.);
#8231 = EDGE_LOOP('',(#8232));
#8232 = ORIENTED_EDGE('',*,*,#4419,.T.);
#8233 = FACE_BOUND('',#8234,.F.);
#8234 = EDGE_LOOP('',(#8235));
#8235 = ORIENTED_EDGE('',*,*,#4452,.T.);
#8236 = FACE_BOUND('',#8237,.F.);
#8237 = EDGE_LOOP('',(#8238));
#8238 = ORIENTED_EDGE('',*,*,#4485,.T.);
#8239 = FACE_BOUND('',#8240,.F.);
#8240 = EDGE_LOOP('',(#8241));
#8241 = ORIENTED_EDGE('',*,*,#4518,.T.);
#8242 = FACE_BOUND('',#8243,.F.);
#8243 = EDGE_LOOP('',(#8244));
#8244 = ORIENTED_EDGE('',*,*,#4551,.T.);
#8245 = FACE_BOUND('',#8246,.F.);
#8246 = EDGE_LOOP('',(#8247));
#8247 = ORIENTED_EDGE('',*,*,#4584,.T.);
#8248 = FACE_BOUND('',#8249,.F.);
#8249 = EDGE_LOOP('',(#8250));
#8250 = ORIENTED_EDGE('',*,*,#4617,.T.);
#8251 = FACE_BOUND('',#8252,.F.);
#8252 = EDGE_LOOP('',(#8253));
#8253 = ORIENTED_EDGE('',*,*,#4650,.T.);
#8254 = FACE_BOUND('',#8255,.F.);
#8255 = EDGE_LOOP('',(#8256));
#8256 = ORIENTED_EDGE('',*,*,#4683,.T.);
#8257 = FACE_BOUND('',#8258,.F.);
#8258 = EDGE_LOOP('',(#8259));
#8259 = ORIENTED_EDGE('',*,*,#4716,.T.);
#8260 = FACE_BOUND('',#8261,.F.);
#8261 = EDGE_LOOP('',(#8262));
#8262 = ORIENTED_EDGE('',*,*,#4749,.T.);
#8263 = FACE_BOUND('',#8264,.F.);
#8264 = EDGE_LOOP('',(#8265));
#8265 = ORIENTED_EDGE('',*,*,#4782,.T.);
#8266 = FACE_BOUND('',#8267,.F.);
#8267 = EDGE_LOOP('',(#8268));
#8268 = ORIENTED_EDGE('',*,*,#4815,.T.);
#8269 = FACE_BOUND('',#8270,.F.);
#8270 = EDGE_LOOP('',(#8271));
#8271 = ORIENTED_EDGE('',*,*,#4848,.T.);
#8272 = FACE_BOUND('',#8273,.F.);
#8273 = EDGE_LOOP('',(#8274));
#8274 = ORIENTED_EDGE('',*,*,#4881,.T.);
#8275 = FACE_BOUND('',#8276,.F.);
#8276 = EDGE_LOOP('',(#8277));
#8277 = ORIENTED_EDGE('',*,*,#4914,.T.);
#8278 = FACE_BOUND('',#8279,.F.);
#8279 = EDGE_LOOP('',(#8280));
#8280 = ORIENTED_EDGE('',*,*,#4947,.T.);
#8281 = FACE_BOUND('',#8282,.F.);
#8282 = EDGE_LOOP('',(#8283));
#8283 = ORIENTED_EDGE('',*,*,#4980,.T.);
#8284 = FACE_BOUND('',#8285,.F.);
#8285 = EDGE_LOOP('',(#8286));
#8286 = ORIENTED_EDGE('',*,*,#5013,.T.);
#8287 = FACE_BOUND('',#8288,.F.);
#8288 = EDGE_LOOP('',(#8289));
#8289 = ORIENTED_EDGE('',*,*,#5046,.T.);
#8290 = FACE_BOUND('',#8291,.F.);
#8291 = EDGE_LOOP('',(#8292));
#8292 = ORIENTED_EDGE('',*,*,#5079,.T.);
#8293 = FACE_BOUND('',#8294,.F.);
#8294 = EDGE_LOOP('',(#8295));
#8295 = ORIENTED_EDGE('',*,*,#5112,.T.);
#8296 = FACE_BOUND('',#8297,.F.);
#8297 = EDGE_LOOP('',(#8298));
#8298 = ORIENTED_EDGE('',*,*,#5145,.T.);
#8299 = FACE_BOUND('',#8300,.F.);
#8300 = EDGE_LOOP('',(#8301));
#8301 = ORIENTED_EDGE('',*,*,#5178,.T.);
#8302 = FACE_BOUND('',#8303,.F.);
#8303 = EDGE_LOOP('',(#8304));
#8304 = ORIENTED_EDGE('',*,*,#5211,.T.);
#8305 = FACE_BOUND('',#8306,.F.);
#8306 = EDGE_LOOP('',(#8307));
#8307 = ORIENTED_EDGE('',*,*,#5244,.T.);
#8308 = FACE_BOUND('',#8309,.F.);
#8309 = EDGE_LOOP('',(#8310));
#8310 = ORIENTED_EDGE('',*,*,#5277,.T.);
#8311 = FACE_BOUND('',#8312,.F.);
#8312 = EDGE_LOOP('',(#8313));
#8313 = ORIENTED_EDGE('',*,*,#5310,.T.);
#8314 = FACE_BOUND('',#8315,.F.);
#8315 = EDGE_LOOP('',(#8316));
#8316 = ORIENTED_EDGE('',*,*,#5343,.T.);
#8317 = FACE_BOUND('',#8318,.F.);
#8318 = EDGE_LOOP('',(#8319));
#8319 = ORIENTED_EDGE('',*,*,#5376,.T.);
#8320 = FACE_BOUND('',#8321,.F.);
#8321 = EDGE_LOOP('',(#8322));
#8322 = ORIENTED_EDGE('',*,*,#5409,.T.);
#8323 = FACE_BOUND('',#8324,.F.);
#8324 = EDGE_LOOP('',(#8325));
#8325 = ORIENTED_EDGE('',*,*,#5442,.T.);
#8326 = FACE_BOUND('',#8327,.F.);
#8327 = EDGE_LOOP('',(#8328));
#8328 = ORIENTED_EDGE('',*,*,#5475,.T.);
#8329 = FACE_BOUND('',#8330,.F.);
#8330 = EDGE_LOOP('',(#8331));
#8331 = ORIENTED_EDGE('',*,*,#5508,.T.);
#8332 = FACE_BOUND('',#8333,.F.);
#8333 = EDGE_LOOP('',(#8334));
#8334 = ORIENTED_EDGE('',*,*,#5541,.T.);
#8335 = FACE_BOUND('',#8336,.F.);
#8336 = EDGE_LOOP('',(#8337));
#8337 = ORIENTED_EDGE('',*,*,#5574,.T.);
#8338 = FACE_BOUND('',#8339,.F.);
#8339 = EDGE_LOOP('',(#8340));
#8340 = ORIENTED_EDGE('',*,*,#5607,.T.);
#8341 = FACE_BOUND('',#8342,.F.);
#8342 = EDGE_LOOP('',(#8343));
#8343 = ORIENTED_EDGE('',*,*,#5640,.T.);
#8344 = FACE_BOUND('',#8345,.F.);
#8345 = EDGE_LOOP('',(#8346));
#8346 = ORIENTED_EDGE('',*,*,#5673,.T.);
#8347 = FACE_BOUND('',#8348,.F.);
#8348 = EDGE_LOOP('',(#8349));
#8349 = ORIENTED_EDGE('',*,*,#5706,.T.);
#8350 = FACE_BOUND('',#8351,.F.);
#8351 = EDGE_LOOP('',(#8352));
#8352 = ORIENTED_EDGE('',*,*,#5739,.T.);
#8353 = FACE_BOUND('',#8354,.F.);
#8354 = EDGE_LOOP('',(#8355));
#8355 = ORIENTED_EDGE('',*,*,#5772,.T.);
#8356 = FACE_BOUND('',#8357,.F.);
#8357 = EDGE_LOOP('',(#8358));
#8358 = ORIENTED_EDGE('',*,*,#5805,.T.);
#8359 = FACE_BOUND('',#8360,.F.);
#8360 = EDGE_LOOP('',(#8361));
#8361 = ORIENTED_EDGE('',*,*,#5838,.T.);
#8362 = FACE_BOUND('',#8363,.F.);
#8363 = EDGE_LOOP('',(#8364));
#8364 = ORIENTED_EDGE('',*,*,#5871,.T.);
#8365 = FACE_BOUND('',#8366,.F.);
#8366 = EDGE_LOOP('',(#8367));
#8367 = ORIENTED_EDGE('',*,*,#5904,.T.);
#8368 = FACE_BOUND('',#8369,.F.);
#8369 = EDGE_LOOP('',(#8370));
#8370 = ORIENTED_EDGE('',*,*,#5937,.T.);
#8371 = FACE_BOUND('',#8372,.F.);
#8372 = EDGE_LOOP('',(#8373));
#8373 = ORIENTED_EDGE('',*,*,#5970,.T.);
#8374 = FACE_BOUND('',#8375,.F.);
#8375 = EDGE_LOOP('',(#8376));
#8376 = ORIENTED_EDGE('',*,*,#6003,.T.);
#8377 = FACE_BOUND('',#8378,.F.);
#8378 = EDGE_LOOP('',(#8379));
#8379 = ORIENTED_EDGE('',*,*,#6036,.T.);
#8380 = FACE_BOUND('',#8381,.F.);
#8381 = EDGE_LOOP('',(#8382));
#8382 = ORIENTED_EDGE('',*,*,#6069,.T.);
#8383 = FACE_BOUND('',#8384,.F.);
#8384 = EDGE_LOOP('',(#8385));
#8385 = ORIENTED_EDGE('',*,*,#6102,.T.);
#8386 = FACE_BOUND('',#8387,.F.);
#8387 = EDGE_LOOP('',(#8388));
#8388 = ORIENTED_EDGE('',*,*,#6135,.T.);
#8389 = FACE_BOUND('',#8390,.F.);
#8390 = EDGE_LOOP('',(#8391));
#8391 = ORIENTED_EDGE('',*,*,#6168,.T.);
#8392 = FACE_BOUND('',#8393,.F.);
#8393 = EDGE_LOOP('',(#8394));
#8394 = ORIENTED_EDGE('',*,*,#6201,.T.);
#8395 = FACE_BOUND('',#8396,.F.);
#8396 = EDGE_LOOP('',(#8397));
#8397 = ORIENTED_EDGE('',*,*,#6234,.T.);
#8398 = FACE_BOUND('',#8399,.F.);
#8399 = EDGE_LOOP('',(#8400));
#8400 = ORIENTED_EDGE('',*,*,#6267,.T.);
#8401 = FACE_BOUND('',#8402,.F.);
#8402 = EDGE_LOOP('',(#8403));
#8403 = ORIENTED_EDGE('',*,*,#6300,.T.);
#8404 = FACE_BOUND('',#8405,.F.);
#8405 = EDGE_LOOP('',(#8406));
#8406 = ORIENTED_EDGE('',*,*,#6333,.T.);
#8407 = FACE_BOUND('',#8408,.F.);
#8408 = EDGE_LOOP('',(#8409));
#8409 = ORIENTED_EDGE('',*,*,#6366,.T.);
#8410 = FACE_BOUND('',#8411,.F.);
#8411 = EDGE_LOOP('',(#8412));
#8412 = ORIENTED_EDGE('',*,*,#6399,.T.);
#8413 = FACE_BOUND('',#8414,.F.);
#8414 = EDGE_LOOP('',(#8415));
#8415 = ORIENTED_EDGE('',*,*,#6432,.T.);
#8416 = FACE_BOUND('',#8417,.F.);
#8417 = EDGE_LOOP('',(#8418));
#8418 = ORIENTED_EDGE('',*,*,#6465,.T.);
#8419 = FACE_BOUND('',#8420,.F.);
#8420 = EDGE_LOOP('',(#8421));
#8421 = ORIENTED_EDGE('',*,*,#6498,.T.);
#8422 = FACE_BOUND('',#8423,.F.);
#8423 = EDGE_LOOP('',(#8424));
#8424 = ORIENTED_EDGE('',*,*,#6531,.T.);
#8425 = FACE_BOUND('',#8426,.F.);
#8426 = EDGE_LOOP('',(#8427));
#8427 = ORIENTED_EDGE('',*,*,#6564,.T.);
#8428 = FACE_BOUND('',#8429,.F.);
#8429 = EDGE_LOOP('',(#8430));
#8430 = ORIENTED_EDGE('',*,*,#6597,.T.);
#8431 = FACE_BOUND('',#8432,.F.);
#8432 = EDGE_LOOP('',(#8433));
#8433 = ORIENTED_EDGE('',*,*,#6630,.T.);
#8434 = FACE_BOUND('',#8435,.F.);
#8435 = EDGE_LOOP('',(#8436));
#8436 = ORIENTED_EDGE('',*,*,#6663,.T.);
#8437 = FACE_BOUND('',#8438,.F.);
#8438 = EDGE_LOOP('',(#8439));
#8439 = ORIENTED_EDGE('',*,*,#6696,.T.);
#8440 = FACE_BOUND('',#8441,.F.);
#8441 = EDGE_LOOP('',(#8442));
#8442 = ORIENTED_EDGE('',*,*,#6729,.T.);
#8443 = FACE_BOUND('',#8444,.F.);
#8444 = EDGE_LOOP('',(#8445));
#8445 = ORIENTED_EDGE('',*,*,#6762,.T.);
#8446 = FACE_BOUND('',#8447,.F.);
#8447 = EDGE_LOOP('',(#8448));
#8448 = ORIENTED_EDGE('',*,*,#6795,.T.);
#8449 = FACE_BOUND('',#8450,.F.);
#8450 = EDGE_LOOP('',(#8451,#8452,#8453,#8454));
#8451 = ORIENTED_EDGE('',*,*,#6828,.T.);
#8452 = ORIENTED_EDGE('',*,*,#6859,.T.);
#8453 = ORIENTED_EDGE('',*,*,#6890,.T.);
#8454 = ORIENTED_EDGE('',*,*,#6921,.T.);
#8455 = FACE_BOUND('',#8456,.F.);
#8456 = EDGE_LOOP('',(#8457));
#8457 = ORIENTED_EDGE('',*,*,#6952,.T.);
#8458 = FACE_BOUND('',#8459,.F.);
#8459 = EDGE_LOOP('',(#8460));
#8460 = ORIENTED_EDGE('',*,*,#6985,.T.);
#8461 = FACE_BOUND('',#8462,.F.);
#8462 = EDGE_LOOP('',(#8463));
#8463 = ORIENTED_EDGE('',*,*,#7018,.T.);
#8464 = FACE_BOUND('',#8465,.F.);
#8465 = EDGE_LOOP('',(#8466));
#8466 = ORIENTED_EDGE('',*,*,#7051,.T.);
#8467 = FACE_BOUND('',#8468,.F.);
#8468 = EDGE_LOOP('',(#8469));
#8469 = ORIENTED_EDGE('',*,*,#7084,.T.);
#8470 = FACE_BOUND('',#8471,.F.);
#8471 = EDGE_LOOP('',(#8472));
#8472 = ORIENTED_EDGE('',*,*,#7117,.T.);
#8473 = FACE_BOUND('',#8474,.F.);
#8474 = EDGE_LOOP('',(#8475));
#8475 = ORIENTED_EDGE('',*,*,#7150,.T.);
#8476 = FACE_BOUND('',#8477,.F.);
#8477 = EDGE_LOOP('',(#8478));
#8478 = ORIENTED_EDGE('',*,*,#7183,.T.);
#8479 = FACE_BOUND('',#8480,.F.);
#8480 = EDGE_LOOP('',(#8481));
#8481 = ORIENTED_EDGE('',*,*,#7216,.T.);
#8482 = FACE_BOUND('',#8483,.F.);
#8483 = EDGE_LOOP('',(#8484));
#8484 = ORIENTED_EDGE('',*,*,#7249,.T.);
#8485 = PLANE('',#8486);
#8486 = AXIS2_PLACEMENT_3D('',#8487,#8488,#8489);
#8487 = CARTESIAN_POINT('',(-65.91999816894,23.993000030518,0.E+000));
#8488 = DIRECTION('',(0.E+000,0.E+000,-1.));
#8489 = DIRECTION('',(-1.,0.E+000,-0.E+000));
#8490 = ( GEOMETRIC_REPRESENTATION_CONTEXT(3) 
GLOBAL_UNCERTAINTY_ASSIGNED_CONTEXT((#8494)) 
GLOBAL_UNIT_ASSIGNED_CONTEXT((#8491,#8492,#8493)) REPRESENTATION_CONTEXT
('Context #1','3D Context with UNIT and UNCERTAINTY') );
#8491 = ( LENGTH_UNIT() NAMED_UNIT(*) SI_UNIT(.MILLI.,.METRE.) );
#8492 = ( NAMED_UNIT(*) PLANE_ANGLE_UNIT() SI_UNIT($,.RADIAN.) );
#8493 = ( NAMED_UNIT(*) SI_UNIT($,.STERADIAN.) SOLID_ANGLE_UNIT() );
#8494 = UNCERTAINTY_MEASURE_WITH_UNIT(LENGTH_MEASURE(1.E-007),#8491,
  'distance_accuracy_value','confusion accuracy');
#8495 = PRODUCT_RELATED_PRODUCT_CATEGORY('part',$,(#7));
#8496 = MECHANICAL_DESIGN_GEOMETRIC_PRESENTATION_REPRESENTATION('',(
    #8497),#8490);
#8497 = STYLED_ITEM('color',(#8498),#15);
#8498 = PRESENTATION_STYLE_ASSIGNMENT((#8499));
#8499 = SURFACE_STYLE_USAGE(.BOTH.,#8500);
#8500 = SURFACE_SIDE_STYLE('',(#8501));
#8501 = SURFACE_STYLE_FILL_AREA(#8502);
#8502 = FILL_AREA_STYLE('',(#8503));
#8503 = FILL_AREA_STYLE_COLOUR('',#8504);
#8504 = COLOUR_RGB('',0.E+000,0.501960813999,0.E+000);
ENDSEC;
END-ISO-10303-21;
