ISO-10303-21;
HEADER;
FILE_DESCRIPTION(('Open CASCADE Model'),'2;1');
FILE_NAME('Open CASCADE Shape Model','2025-10-26T11:19:52',('Author'),(
    'Open CASCADE'),'Open CASCADE STEP processor 6.8','Open CASCADE 6.8'
  ,'Unknown');
FILE_SCHEMA(('AUTOMOTIVE_DESIGN { 1 0 10303 214 1 1 1 1 }'));
ENDSEC;
DATA;
#1 = APPLICATION_PROTOCOL_DEFINITION('international standard',
  'automotive_design',2000,#2);
#2 = APPLICATION_CONTEXT(
  'core data for automotive mechanical design processes');
#3 = SHAPE_DEFINITION_REPRESENTATION(#4,#10);
#4 = PRODUCT_DEFINITION_SHAPE('','',#5);
#5 = PRODUCT_DEFINITION('design','',#6,#9);
#6 = PRODUCT_DEFINITION_FORMATION('','',#7);
#7 = PRODUCT('PCB','PCB','',(#8));
#8 = PRODUCT_CONTEXT('',#2,'mechanical');
#9 = PRODUCT_DEFINITION_CONTEXT('part definition',#2,'design');
#10 = ADVANCED_BREP_SHAPE_REPRESENTATION('',(#11,#15),#9036);
#11 = AXIS2_PLACEMENT_3D('',#12,#13,#14);
#12 = CARTESIAN_POINT('',(0.E+000,0.E+000,0.E+000));
#13 = DIRECTION('',(0.E+000,0.E+000,1.));
#14 = DIRECTION('',(1.,0.E+000,-0.E+000));
#15 = MANIFOLD_SOLID_BREP('',#16);
#16 = CLOSED_SHELL('',(#17,#59,#92,#123,#147,#189,#213,#255,#279,#312,
    #345,#378,#411,#444,#477,#510,#543,#576,#609,#642,#675,#708,#741,
    #774,#807,#840,#873,#906,#939,#972,#1005,#1038,#1078,#1111,#1142,
    #1166,#1206,#1239,#1270,#1294,#1334,#1367,#1398,#1422,#1455,#1488,
    #1521,#1561,#1594,#1625,#1649,#1682,#1722,#1755,#1786,#1810,#1843,
    #1883,#1916,#1947,#1971,#2004,#2037,#2070,#2103,#2136,#2169,#2202,
    #2235,#2268,#2301,#2334,#2367,#2400,#2433,#2466,#2499,#2532,#2565,
    #2598,#2631,#2664,#2697,#2730,#2763,#2796,#2829,#2862,#2895,#2928,
    #2961,#2994,#3027,#3060,#3093,#3126,#3159,#3192,#3225,#3258,#3291,
    #3324,#3357,#3390,#3423,#3456,#3489,#3522,#3555,#3588,#3621,#3654,
    #3687,#3720,#3760,#3791,#3822,#3844,#3877,#3910,#3943,#3976,#4009,
    #4042,#4075,#4108,#4141,#4174,#4207,#4240,#4273,#4306,#4339,#4372,
    #4405,#4438,#4471,#4504,#4537,#4570,#4603,#4636,#4669,#4702,#4735,
    #4768,#4801,#4834,#4867,#4900,#4933,#4966,#4999,#5032,#5065,#5098,
    #5131,#5164,#5197,#5230,#5263,#5296,#5329,#5362,#5395,#5428,#5461,
    #5494,#5527,#5560,#5593,#5626,#5659,#5692,#5725,#5758,#5791,#5824,
    #5857,#5890,#5923,#5956,#5989,#6022,#6055,#6088,#6121,#6154,#6187,
    #6220,#6253,#6286,#6319,#6352,#6385,#6418,#6451,#6484,#6517,#6550,
    #6583,#6616,#6649,#6682,#6715,#6748,#6781,#6814,#6847,#6880,#6913,
    #6946,#6979,#7012,#7045,#7078,#7111,#7144,#7177,#7210,#7243,#7283,
    #7314,#7345,#7367,#7400,#7433,#7466,#7499,#7532,#7565,#7598,#7631,
    #7664,#7697,#7730,#8383));
#17 = ADVANCED_FACE('',(#18),#54,.T.);
#18 = FACE_BOUND('',#19,.F.);
#19 = EDGE_LOOP('',(#20,#30,#39,#47));
#20 = ORIENTED_EDGE('',*,*,#21,.T.);
#21 = EDGE_CURVE('',#22,#24,#26,.T.);
#22 = VERTEX_POINT('',#23);
#23 = CARTESIAN_POINT('',(-65.91999816894,23.993000030518,-0.41148));
#24 = VERTEX_POINT('',#25);
#25 = CARTESIAN_POINT('',(-65.91999816894,23.993000030518,0.E+000));
#26 = LINE('',#27,#28);
#27 = CARTESIAN_POINT('',(-65.91999816894,23.993000030518,-0.41148));
#28 = VECTOR('',#29,1.);
#29 = DIRECTION('',(0.E+000,0.E+000,1.));
#30 = ORIENTED_EDGE('',*,*,#31,.T.);
#31 = EDGE_CURVE('',#24,#32,#34,.T.);
#32 = VERTEX_POINT('',#33);
#33 = CARTESIAN_POINT('',(65.919998168945,23.993000030518,0.E+000));
#34 = CIRCLE('',#35,70.150466217762);
#35 = AXIS2_PLACEMENT_3D('',#36,#37,#38);
#36 = CARTESIAN_POINT('',(0.E+000,4.64691883149E-004,0.E+000));
#37 = DIRECTION('',(0.E+000,0.E+000,1.));
#38 = DIRECTION('',(-0.93969437016,0.342015336921,-0.E+000));
#39 = ORIENTED_EDGE('',*,*,#40,.F.);
#40 = EDGE_CURVE('',#41,#32,#43,.T.);
#41 = VERTEX_POINT('',#42);
#42 = CARTESIAN_POINT('',(65.919998168945,23.993000030518,-0.41148));
#43 = LINE('',#44,#45);
#44 = CARTESIAN_POINT('',(65.919998168945,23.993000030518,-0.41148));
#45 = VECTOR('',#46,1.);
#46 = DIRECTION('',(0.E+000,0.E+000,1.));
#47 = ORIENTED_EDGE('',*,*,#48,.F.);
#48 = EDGE_CURVE('',#22,#41,#49,.T.);
#49 = CIRCLE('',#50,70.150466217762);
#50 = AXIS2_PLACEMENT_3D('',#51,#52,#53);
#51 = CARTESIAN_POINT('',(0.E+000,4.64691883149E-004,-0.41148));
#52 = DIRECTION('',(0.E+000,0.E+000,1.));
#53 = DIRECTION('',(-0.93969437016,0.342015336921,-0.E+000));
#54 = CYLINDRICAL_SURFACE('',#55,70.150466217762);
#55 = AXIS2_PLACEMENT_3D('',#56,#57,#58);
#56 = CARTESIAN_POINT('',(0.E+000,4.64691883149E-004,-0.41148));
#57 = DIRECTION('',(-0.E+000,-0.E+000,-1.));
#58 = DIRECTION('',(-0.93969437016,0.342015336921,-0.E+000));
#59 = ADVANCED_FACE('',(#60),#87,.T.);
#60 = FACE_BOUND('',#61,.F.);
#61 = EDGE_LOOP('',(#62,#63,#72,#80));
#62 = ORIENTED_EDGE('',*,*,#40,.T.);
#63 = ORIENTED_EDGE('',*,*,#64,.T.);
#64 = EDGE_CURVE('',#32,#65,#67,.T.);
#65 = VERTEX_POINT('',#66);
#66 = CARTESIAN_POINT('',(65.77799987793,24.091999053955,0.E+000));
#67 = CIRCLE('',#68,0.149472442534);
#68 = AXIS2_PLACEMENT_3D('',#69,#70,#71);
#69 = CARTESIAN_POINT('',(65.779303397227,23.942532295394,0.E+000));
#70 = DIRECTION('',(0.E+000,0.E+000,1.));
#71 = DIRECTION('',(0.941275658123,0.337639060869,-0.E+000));
#72 = ORIENTED_EDGE('',*,*,#73,.F.);
#73 = EDGE_CURVE('',#74,#65,#76,.T.);
#74 = VERTEX_POINT('',#75);
#75 = CARTESIAN_POINT('',(65.77799987793,24.091999053955,-0.41148));
#76 = LINE('',#77,#78);
#77 = CARTESIAN_POINT('',(65.77799987793,24.091999053955,-0.41148));
#78 = VECTOR('',#79,1.);
#79 = DIRECTION('',(0.E+000,0.E+000,1.));
#80 = ORIENTED_EDGE('',*,*,#81,.F.);
#81 = EDGE_CURVE('',#41,#74,#82,.T.);
#82 = CIRCLE('',#83,0.149472442534);
#83 = AXIS2_PLACEMENT_3D('',#84,#85,#86);
#84 = CARTESIAN_POINT('',(65.779303397227,23.942532295394,-0.41148));
#85 = DIRECTION('',(0.E+000,0.E+000,1.));
#86 = DIRECTION('',(0.941275658123,0.337639060869,-0.E+000));
#87 = CYLINDRICAL_SURFACE('',#88,0.149472442534);
#88 = AXIS2_PLACEMENT_3D('',#89,#90,#91);
#89 = CARTESIAN_POINT('',(65.779303397227,23.942532295394,-0.41148));
#90 = DIRECTION('',(-0.E+000,-0.E+000,-1.));
#91 = DIRECTION('',(0.941275658123,0.337639060869,-0.E+000));
#92 = ADVANCED_FACE('',(#93),#118,.F.);
#93 = FACE_BOUND('',#94,.F.);
#94 = EDGE_LOOP('',(#95,#96,#104,#112));
#95 = ORIENTED_EDGE('',*,*,#73,.T.);
#96 = ORIENTED_EDGE('',*,*,#97,.T.);
#97 = EDGE_CURVE('',#65,#98,#100,.T.);
#98 = VERTEX_POINT('',#99);
#99 = CARTESIAN_POINT('',(-65.77799987793,24.091999053955,0.E+000));
#100 = LINE('',#101,#102);
#101 = CARTESIAN_POINT('',(65.77799987793,24.091999053955,0.E+000));
#102 = VECTOR('',#103,1.);
#103 = DIRECTION('',(-1.,0.E+000,0.E+000));
#104 = ORIENTED_EDGE('',*,*,#105,.F.);
#105 = EDGE_CURVE('',#106,#98,#108,.T.);
#106 = VERTEX_POINT('',#107);
#107 = CARTESIAN_POINT('',(-65.77799987793,24.091999053955,-0.41148));
#108 = LINE('',#109,#110);
#109 = CARTESIAN_POINT('',(-65.77799987793,24.091999053955,-0.41148));
#110 = VECTOR('',#111,1.);
#111 = DIRECTION('',(0.E+000,0.E+000,1.));
#112 = ORIENTED_EDGE('',*,*,#113,.F.);
#113 = EDGE_CURVE('',#74,#106,#114,.T.);
#114 = LINE('',#115,#116);
#115 = CARTESIAN_POINT('',(65.77799987793,24.091999053955,-0.41148));
#116 = VECTOR('',#117,1.);
#117 = DIRECTION('',(-1.,0.E+000,0.E+000));
#118 = PLANE('',#119);
#119 = AXIS2_PLACEMENT_3D('',#120,#121,#122);
#120 = CARTESIAN_POINT('',(65.77799987793,24.091999053955,-0.41148));
#121 = DIRECTION('',(0.E+000,-1.,0.E+000));
#122 = DIRECTION('',(-1.,0.E+000,0.E+000));
#123 = ADVANCED_FACE('',(#124),#142,.T.);
#124 = FACE_BOUND('',#125,.F.);
#125 = EDGE_LOOP('',(#126,#127,#134,#135));
#126 = ORIENTED_EDGE('',*,*,#105,.T.);
#127 = ORIENTED_EDGE('',*,*,#128,.T.);
#128 = EDGE_CURVE('',#98,#24,#129,.T.);
#129 = CIRCLE('',#130,0.149472442534);
#130 = AXIS2_PLACEMENT_3D('',#131,#132,#133);
#131 = CARTESIAN_POINT('',(-65.77930339722,23.942532295394,0.E+000));
#132 = DIRECTION('',(0.E+000,0.E+000,1.));
#133 = DIRECTION('',(8.720800140179E-003,0.999961973099,-0.E+000));
#134 = ORIENTED_EDGE('',*,*,#21,.F.);
#135 = ORIENTED_EDGE('',*,*,#136,.F.);
#136 = EDGE_CURVE('',#106,#22,#137,.T.);
#137 = CIRCLE('',#138,0.149472442534);
#138 = AXIS2_PLACEMENT_3D('',#139,#140,#141);
#139 = CARTESIAN_POINT('',(-65.77930339722,23.942532295394,-0.41148));
#140 = DIRECTION('',(0.E+000,0.E+000,1.));
#141 = DIRECTION('',(8.720800140179E-003,0.999961973099,-0.E+000));
#142 = CYLINDRICAL_SURFACE('',#143,0.149472442534);
#143 = AXIS2_PLACEMENT_3D('',#144,#145,#146);
#144 = CARTESIAN_POINT('',(-65.77930339722,23.942532295394,-0.41148));
#145 = DIRECTION('',(-0.E+000,-0.E+000,-1.));
#146 = DIRECTION('',(8.720800140179E-003,0.999961973099,-0.E+000));
#147 = ADVANCED_FACE('',(#148),#184,.F.);
#148 = FACE_BOUND('',#149,.T.);
#149 = EDGE_LOOP('',(#150,#160,#169,#177));
#150 = ORIENTED_EDGE('',*,*,#151,.T.);
#151 = EDGE_CURVE('',#152,#154,#156,.T.);
#152 = VERTEX_POINT('',#153);
#153 = CARTESIAN_POINT('',(-37.80600008,-53.086,-0.41148));
#154 = VERTEX_POINT('',#155);
#155 = CARTESIAN_POINT('',(-37.80600008,-53.086,0.E+000));
#156 = LINE('',#157,#158);
#157 = CARTESIAN_POINT('',(-37.80600008,-53.086,-0.41148));
#158 = VECTOR('',#159,1.);
#159 = DIRECTION('',(0.E+000,0.E+000,1.));
#160 = ORIENTED_EDGE('',*,*,#161,.T.);
#161 = EDGE_CURVE('',#154,#162,#164,.T.);
#162 = VERTEX_POINT('',#163);
#163 = CARTESIAN_POINT('',(-32.80599992,-53.086,0.E+000));
#164 = CIRCLE('',#165,2.50000008);
#165 = AXIS2_PLACEMENT_3D('',#166,#167,#168);
#166 = CARTESIAN_POINT('',(-35.306,-53.086,0.E+000));
#167 = DIRECTION('',(0.E+000,0.E+000,1.));
#168 = DIRECTION('',(-1.,0.E+000,-0.E+000));
#169 = ORIENTED_EDGE('',*,*,#170,.F.);
#170 = EDGE_CURVE('',#171,#162,#173,.T.);
#171 = VERTEX_POINT('',#172);
#172 = CARTESIAN_POINT('',(-32.80599992,-53.086,-0.41148));
#173 = LINE('',#174,#175);
#174 = CARTESIAN_POINT('',(-32.80599992,-53.086,-0.41148));
#175 = VECTOR('',#176,1.);
#176 = DIRECTION('',(0.E+000,0.E+000,1.));
#177 = ORIENTED_EDGE('',*,*,#178,.F.);
#178 = EDGE_CURVE('',#152,#171,#179,.T.);
#179 = CIRCLE('',#180,2.50000008);
#180 = AXIS2_PLACEMENT_3D('',#181,#182,#183);
#181 = CARTESIAN_POINT('',(-35.306,-53.086,-0.41148));
#182 = DIRECTION('',(0.E+000,0.E+000,1.));
#183 = DIRECTION('',(-1.,0.E+000,-0.E+000));
#184 = CYLINDRICAL_SURFACE('',#185,2.50000008);
#185 = AXIS2_PLACEMENT_3D('',#186,#187,#188);
#186 = CARTESIAN_POINT('',(-35.306,-53.086,-0.41148));
#187 = DIRECTION('',(-0.E+000,-0.E+000,-1.));
#188 = DIRECTION('',(-1.,0.E+000,-0.E+000));
#189 = ADVANCED_FACE('',(#190),#208,.F.);
#190 = FACE_BOUND('',#191,.T.);
#191 = EDGE_LOOP('',(#192,#193,#200,#201));
#192 = ORIENTED_EDGE('',*,*,#170,.T.);
#193 = ORIENTED_EDGE('',*,*,#194,.T.);
#194 = EDGE_CURVE('',#162,#154,#195,.T.);
#195 = CIRCLE('',#196,2.50000008);
#196 = AXIS2_PLACEMENT_3D('',#197,#198,#199);
#197 = CARTESIAN_POINT('',(-35.306,-53.086,0.E+000));
#198 = DIRECTION('',(0.E+000,0.E+000,1.));
#199 = DIRECTION('',(1.,0.E+000,-0.E+000));
#200 = ORIENTED_EDGE('',*,*,#151,.F.);
#201 = ORIENTED_EDGE('',*,*,#202,.F.);
#202 = EDGE_CURVE('',#171,#152,#203,.T.);
#203 = CIRCLE('',#204,2.50000008);
#204 = AXIS2_PLACEMENT_3D('',#205,#206,#207);
#205 = CARTESIAN_POINT('',(-35.306,-53.086,-0.41148));
#206 = DIRECTION('',(0.E+000,0.E+000,1.));
#207 = DIRECTION('',(1.,0.E+000,-0.E+000));
#208 = CYLINDRICAL_SURFACE('',#209,2.50000008);
#209 = AXIS2_PLACEMENT_3D('',#210,#211,#212);
#210 = CARTESIAN_POINT('',(-35.306,-53.086,-0.41148));
#211 = DIRECTION('',(-0.E+000,-0.E+000,-1.));
#212 = DIRECTION('',(1.,0.E+000,-0.E+000));
#213 = ADVANCED_FACE('',(#214),#250,.F.);
#214 = FACE_BOUND('',#215,.T.);
#215 = EDGE_LOOP('',(#216,#226,#235,#243));
#216 = ORIENTED_EDGE('',*,*,#217,.T.);
#217 = EDGE_CURVE('',#218,#220,#222,.T.);
#218 = VERTEX_POINT('',#219);
#219 = CARTESIAN_POINT('',(-30.44000008,-53.086,-0.41148));
#220 = VERTEX_POINT('',#221);
#221 = CARTESIAN_POINT('',(-30.44000008,-53.086,0.E+000));
#222 = LINE('',#223,#224);
#223 = CARTESIAN_POINT('',(-30.44000008,-53.086,-0.41148));
#224 = VECTOR('',#225,1.);
#225 = DIRECTION('',(0.E+000,0.E+000,1.));
#226 = ORIENTED_EDGE('',*,*,#227,.T.);
#227 = EDGE_CURVE('',#220,#228,#230,.T.);
#228 = VERTEX_POINT('',#229);
#229 = CARTESIAN_POINT('',(-25.43999992,-53.086,0.E+000));
#230 = CIRCLE('',#231,2.50000008);
#231 = AXIS2_PLACEMENT_3D('',#232,#233,#234);
#232 = CARTESIAN_POINT('',(-27.94,-53.086,0.E+000));
#233 = DIRECTION('',(0.E+000,0.E+000,1.));
#234 = DIRECTION('',(-1.,0.E+000,-0.E+000));
#235 = ORIENTED_EDGE('',*,*,#236,.F.);
#236 = EDGE_CURVE('',#237,#228,#239,.T.);
#237 = VERTEX_POINT('',#238);
#238 = CARTESIAN_POINT('',(-25.43999992,-53.086,-0.41148));
#239 = LINE('',#240,#241);
#240 = CARTESIAN_POINT('',(-25.43999992,-53.086,-0.41148));
#241 = VECTOR('',#242,1.);
#242 = DIRECTION('',(0.E+000,0.E+000,1.));
#243 = ORIENTED_EDGE('',*,*,#244,.F.);
#244 = EDGE_CURVE('',#218,#237,#245,.T.);
#245 = CIRCLE('',#246,2.50000008);
#246 = AXIS2_PLACEMENT_3D('',#247,#248,#249);
#247 = CARTESIAN_POINT('',(-27.94,-53.086,-0.41148));
#248 = DIRECTION('',(0.E+000,0.E+000,1.));
#249 = DIRECTION('',(-1.,0.E+000,-0.E+000));
#250 = CYLINDRICAL_SURFACE('',#251,2.50000008);
#251 = AXIS2_PLACEMENT_3D('',#252,#253,#254);
#252 = CARTESIAN_POINT('',(-27.94,-53.086,-0.41148));
#253 = DIRECTION('',(-0.E+000,-0.E+000,-1.));
#254 = DIRECTION('',(-1.,0.E+000,-0.E+000));
#255 = ADVANCED_FACE('',(#256),#274,.F.);
#256 = FACE_BOUND('',#257,.T.);
#257 = EDGE_LOOP('',(#258,#259,#266,#267));
#258 = ORIENTED_EDGE('',*,*,#236,.T.);
#259 = ORIENTED_EDGE('',*,*,#260,.T.);
#260 = EDGE_CURVE('',#228,#220,#261,.T.);
#261 = CIRCLE('',#262,2.50000008);
#262 = AXIS2_PLACEMENT_3D('',#263,#264,#265);
#263 = CARTESIAN_POINT('',(-27.94,-53.086,0.E+000));
#264 = DIRECTION('',(0.E+000,0.E+000,1.));
#265 = DIRECTION('',(1.,0.E+000,-0.E+000));
#266 = ORIENTED_EDGE('',*,*,#217,.F.);
#267 = ORIENTED_EDGE('',*,*,#268,.F.);
#268 = EDGE_CURVE('',#237,#218,#269,.T.);
#269 = CIRCLE('',#270,2.50000008);
#270 = AXIS2_PLACEMENT_3D('',#271,#272,#273);
#271 = CARTESIAN_POINT('',(-27.94,-53.086,-0.41148));
#272 = DIRECTION('',(0.E+000,0.E+000,1.));
#273 = DIRECTION('',(1.,0.E+000,-0.E+000));
#274 = CYLINDRICAL_SURFACE('',#275,2.50000008);
#275 = AXIS2_PLACEMENT_3D('',#276,#277,#278);
#276 = CARTESIAN_POINT('',(-27.94,-53.086,-0.41148));
#277 = DIRECTION('',(-0.E+000,-0.E+000,-1.));
#278 = DIRECTION('',(1.,0.E+000,-0.E+000));
#279 = ADVANCED_FACE('',(#280),#307,.F.);
#280 = FACE_BOUND('',#281,.T.);
#281 = EDGE_LOOP('',(#282,#292,#299,#300));
#282 = ORIENTED_EDGE('',*,*,#283,.T.);
#283 = EDGE_CURVE('',#284,#286,#288,.T.);
#284 = VERTEX_POINT('',#285);
#285 = CARTESIAN_POINT('',(-29.041,-39.37,-0.41148));
#286 = VERTEX_POINT('',#287);
#287 = CARTESIAN_POINT('',(-29.041,-39.37,0.E+000));
#288 = LINE('',#289,#290);
#289 = CARTESIAN_POINT('',(-29.041,-39.37,-0.41148));
#290 = VECTOR('',#291,1.);
#291 = DIRECTION('',(0.E+000,0.E+000,1.));
#292 = ORIENTED_EDGE('',*,*,#293,.T.);
#293 = EDGE_CURVE('',#286,#286,#294,.T.);
#294 = CIRCLE('',#295,0.55);
#295 = AXIS2_PLACEMENT_3D('',#296,#297,#298);
#296 = CARTESIAN_POINT('',(-29.591,-39.37,0.E+000));
#297 = DIRECTION('',(0.E+000,0.E+000,1.));
#298 = DIRECTION('',(1.,0.E+000,-0.E+000));
#299 = ORIENTED_EDGE('',*,*,#283,.F.);
#300 = ORIENTED_EDGE('',*,*,#301,.F.);
#301 = EDGE_CURVE('',#284,#284,#302,.T.);
#302 = CIRCLE('',#303,0.55);
#303 = AXIS2_PLACEMENT_3D('',#304,#305,#306);
#304 = CARTESIAN_POINT('',(-29.591,-39.37,-0.41148));
#305 = DIRECTION('',(0.E+000,0.E+000,1.));
#306 = DIRECTION('',(1.,0.E+000,-0.E+000));
#307 = CYLINDRICAL_SURFACE('',#308,0.55);
#308 = AXIS2_PLACEMENT_3D('',#309,#310,#311);
#309 = CARTESIAN_POINT('',(-29.591,-39.37,-0.41148));
#310 = DIRECTION('',(-0.E+000,-0.E+000,-1.));
#311 = DIRECTION('',(1.,0.E+000,-0.E+000));
#312 = ADVANCED_FACE('',(#313),#340,.F.);
#313 = FACE_BOUND('',#314,.T.);
#314 = EDGE_LOOP('',(#315,#325,#332,#333));
#315 = ORIENTED_EDGE('',*,*,#316,.T.);
#316 = EDGE_CURVE('',#317,#319,#321,.T.);
#317 = VERTEX_POINT('',#318);
#318 = CARTESIAN_POINT('',(-49.234,-37.592,-0.41148));
#319 = VERTEX_POINT('',#320);
#320 = CARTESIAN_POINT('',(-49.234,-37.592,0.E+000));
#321 = LINE('',#322,#323);
#322 = CARTESIAN_POINT('',(-49.234,-37.592,-0.41148));
#323 = VECTOR('',#324,1.);
#324 = DIRECTION('',(0.E+000,0.E+000,1.));
#325 = ORIENTED_EDGE('',*,*,#326,.T.);
#326 = EDGE_CURVE('',#319,#319,#327,.T.);
#327 = CIRCLE('',#328,0.55);
#328 = AXIS2_PLACEMENT_3D('',#329,#330,#331);
#329 = CARTESIAN_POINT('',(-49.784,-37.592,0.E+000));
#330 = DIRECTION('',(0.E+000,0.E+000,1.));
#331 = DIRECTION('',(1.,0.E+000,-0.E+000));
#332 = ORIENTED_EDGE('',*,*,#316,.F.);
#333 = ORIENTED_EDGE('',*,*,#334,.F.);
#334 = EDGE_CURVE('',#317,#317,#335,.T.);
#335 = CIRCLE('',#336,0.55);
#336 = AXIS2_PLACEMENT_3D('',#337,#338,#339);
#337 = CARTESIAN_POINT('',(-49.784,-37.592,-0.41148));
#338 = DIRECTION('',(0.E+000,0.E+000,1.));
#339 = DIRECTION('',(1.,0.E+000,-0.E+000));
#340 = CYLINDRICAL_SURFACE('',#341,0.55);
#341 = AXIS2_PLACEMENT_3D('',#342,#343,#344);
#342 = CARTESIAN_POINT('',(-49.784,-37.592,-0.41148));
#343 = DIRECTION('',(-0.E+000,-0.E+000,-1.));
#344 = DIRECTION('',(1.,0.E+000,-0.E+000));
#345 = ADVANCED_FACE('',(#346),#373,.F.);
#346 = FACE_BOUND('',#347,.T.);
#347 = EDGE_LOOP('',(#348,#358,#365,#366));
#348 = ORIENTED_EDGE('',*,*,#349,.T.);
#349 = EDGE_CURVE('',#350,#352,#354,.T.);
#350 = VERTEX_POINT('',#351);
#351 = CARTESIAN_POINT('',(-38.389,-35.814,-0.41148));
#352 = VERTEX_POINT('',#353);
#353 = CARTESIAN_POINT('',(-38.389,-35.814,0.E+000));
#354 = LINE('',#355,#356);
#355 = CARTESIAN_POINT('',(-38.389,-35.814,-0.41148));
#356 = VECTOR('',#357,1.);
#357 = DIRECTION('',(0.E+000,0.E+000,1.));
#358 = ORIENTED_EDGE('',*,*,#359,.T.);
#359 = EDGE_CURVE('',#352,#352,#360,.T.);
#360 = CIRCLE('',#361,0.6);
#361 = AXIS2_PLACEMENT_3D('',#362,#363,#364);
#362 = CARTESIAN_POINT('',(-38.989,-35.814,0.E+000));
#363 = DIRECTION('',(0.E+000,0.E+000,1.));
#364 = DIRECTION('',(1.,0.E+000,-0.E+000));
#365 = ORIENTED_EDGE('',*,*,#349,.F.);
#366 = ORIENTED_EDGE('',*,*,#367,.F.);
#367 = EDGE_CURVE('',#350,#350,#368,.T.);
#368 = CIRCLE('',#369,0.6);
#369 = AXIS2_PLACEMENT_3D('',#370,#371,#372);
#370 = CARTESIAN_POINT('',(-38.989,-35.814,-0.41148));
#371 = DIRECTION('',(0.E+000,0.E+000,1.));
#372 = DIRECTION('',(1.,0.E+000,-0.E+000));
#373 = CYLINDRICAL_SURFACE('',#374,0.6);
#374 = AXIS2_PLACEMENT_3D('',#375,#376,#377);
#375 = CARTESIAN_POINT('',(-38.989,-35.814,-0.41148));
#376 = DIRECTION('',(-0.E+000,-0.E+000,-1.));
#377 = DIRECTION('',(1.,0.E+000,-0.E+000));
#378 = ADVANCED_FACE('',(#379),#406,.F.);
#379 = FACE_BOUND('',#380,.T.);
#380 = EDGE_LOOP('',(#381,#391,#398,#399));
#381 = ORIENTED_EDGE('',*,*,#382,.T.);
#382 = EDGE_CURVE('',#383,#385,#387,.T.);
#383 = VERTEX_POINT('',#384);
#384 = CARTESIAN_POINT('',(-49.234,-35.052,-0.41148));
#385 = VERTEX_POINT('',#386);
#386 = CARTESIAN_POINT('',(-49.234,-35.052,0.E+000));
#387 = LINE('',#388,#389);
#388 = CARTESIAN_POINT('',(-49.234,-35.052,-0.41148));
#389 = VECTOR('',#390,1.);
#390 = DIRECTION('',(0.E+000,0.E+000,1.));
#391 = ORIENTED_EDGE('',*,*,#392,.T.);
#392 = EDGE_CURVE('',#385,#385,#393,.T.);
#393 = CIRCLE('',#394,0.55);
#394 = AXIS2_PLACEMENT_3D('',#395,#396,#397);
#395 = CARTESIAN_POINT('',(-49.784,-35.052,0.E+000));
#396 = DIRECTION('',(0.E+000,0.E+000,1.));
#397 = DIRECTION('',(1.,0.E+000,-0.E+000));
#398 = ORIENTED_EDGE('',*,*,#382,.F.);
#399 = ORIENTED_EDGE('',*,*,#400,.F.);
#400 = EDGE_CURVE('',#383,#383,#401,.T.);
#401 = CIRCLE('',#402,0.55);
#402 = AXIS2_PLACEMENT_3D('',#403,#404,#405);
#403 = CARTESIAN_POINT('',(-49.784,-35.052,-0.41148));
#404 = DIRECTION('',(0.E+000,0.E+000,1.));
#405 = DIRECTION('',(1.,0.E+000,-0.E+000));
#406 = CYLINDRICAL_SURFACE('',#407,0.55);
#407 = AXIS2_PLACEMENT_3D('',#408,#409,#410);
#408 = CARTESIAN_POINT('',(-49.784,-35.052,-0.41148));
#409 = DIRECTION('',(-0.E+000,-0.E+000,-1.));
#410 = DIRECTION('',(1.,0.E+000,-0.E+000));
#411 = ADVANCED_FACE('',(#412),#439,.F.);
#412 = FACE_BOUND('',#413,.T.);
#413 = EDGE_LOOP('',(#414,#424,#431,#432));
#414 = ORIENTED_EDGE('',*,*,#415,.T.);
#415 = EDGE_CURVE('',#416,#418,#420,.T.);
#416 = VERTEX_POINT('',#417);
#417 = CARTESIAN_POINT('',(-27.009,-60.325,-0.41148));
#418 = VERTEX_POINT('',#419);
#419 = CARTESIAN_POINT('',(-27.009,-60.325,0.E+000));
#420 = LINE('',#421,#422);
#421 = CARTESIAN_POINT('',(-27.009,-60.325,-0.41148));
#422 = VECTOR('',#423,1.);
#423 = DIRECTION('',(0.E+000,0.E+000,1.));
#424 = ORIENTED_EDGE('',*,*,#425,.T.);
#425 = EDGE_CURVE('',#418,#418,#426,.T.);
#426 = CIRCLE('',#427,0.55);
#427 = AXIS2_PLACEMENT_3D('',#428,#429,#430);
#428 = CARTESIAN_POINT('',(-27.559,-60.325,0.E+000));
#429 = DIRECTION('',(0.E+000,0.E+000,1.));
#430 = DIRECTION('',(1.,0.E+000,-0.E+000));
#431 = ORIENTED_EDGE('',*,*,#415,.F.);
#432 = ORIENTED_EDGE('',*,*,#433,.F.);
#433 = EDGE_CURVE('',#416,#416,#434,.T.);
#434 = CIRCLE('',#435,0.55);
#435 = AXIS2_PLACEMENT_3D('',#436,#437,#438);
#436 = CARTESIAN_POINT('',(-27.559,-60.325,-0.41148));
#437 = DIRECTION('',(0.E+000,0.E+000,1.));
#438 = DIRECTION('',(1.,0.E+000,-0.E+000));
#439 = CYLINDRICAL_SURFACE('',#440,0.55);
#440 = AXIS2_PLACEMENT_3D('',#441,#442,#443);
#441 = CARTESIAN_POINT('',(-27.559,-60.325,-0.41148));
#442 = DIRECTION('',(-0.E+000,-0.E+000,-1.));
#443 = DIRECTION('',(1.,0.E+000,-0.E+000));
#444 = ADVANCED_FACE('',(#445),#472,.F.);
#445 = FACE_BOUND('',#446,.T.);
#446 = EDGE_LOOP('',(#447,#457,#464,#465));
#447 = ORIENTED_EDGE('',*,*,#448,.T.);
#448 = EDGE_CURVE('',#449,#451,#453,.T.);
#449 = VERTEX_POINT('',#450);
#450 = CARTESIAN_POINT('',(-24.469,-60.325,-0.41148));
#451 = VERTEX_POINT('',#452);
#452 = CARTESIAN_POINT('',(-24.469,-60.325,0.E+000));
#453 = LINE('',#454,#455);
#454 = CARTESIAN_POINT('',(-24.469,-60.325,-0.41148));
#455 = VECTOR('',#456,1.);
#456 = DIRECTION('',(0.E+000,0.E+000,1.));
#457 = ORIENTED_EDGE('',*,*,#458,.T.);
#458 = EDGE_CURVE('',#451,#451,#459,.T.);
#459 = CIRCLE('',#460,0.55);
#460 = AXIS2_PLACEMENT_3D('',#461,#462,#463);
#461 = CARTESIAN_POINT('',(-25.019,-60.325,0.E+000));
#462 = DIRECTION('',(0.E+000,0.E+000,1.));
#463 = DIRECTION('',(1.,0.E+000,-0.E+000));
#464 = ORIENTED_EDGE('',*,*,#448,.F.);
#465 = ORIENTED_EDGE('',*,*,#466,.F.);
#466 = EDGE_CURVE('',#449,#449,#467,.T.);
#467 = CIRCLE('',#468,0.55);
#468 = AXIS2_PLACEMENT_3D('',#469,#470,#471);
#469 = CARTESIAN_POINT('',(-25.019,-60.325,-0.41148));
#470 = DIRECTION('',(0.E+000,0.E+000,1.));
#471 = DIRECTION('',(1.,0.E+000,-0.E+000));
#472 = CYLINDRICAL_SURFACE('',#473,0.55);
#473 = AXIS2_PLACEMENT_3D('',#474,#475,#476);
#474 = CARTESIAN_POINT('',(-25.019,-60.325,-0.41148));
#475 = DIRECTION('',(-0.E+000,-0.E+000,-1.));
#476 = DIRECTION('',(1.,0.E+000,-0.E+000));
#477 = ADVANCED_FACE('',(#478),#505,.F.);
#478 = FACE_BOUND('',#479,.T.);
#479 = EDGE_LOOP('',(#480,#490,#497,#498));
#480 = ORIENTED_EDGE('',*,*,#481,.T.);
#481 = EDGE_CURVE('',#482,#484,#486,.T.);
#482 = VERTEX_POINT('',#483);
#483 = CARTESIAN_POINT('',(-16.401,-51.397,-0.41148));
#484 = VERTEX_POINT('',#485);
#485 = CARTESIAN_POINT('',(-16.401,-51.397,0.E+000));
#486 = LINE('',#487,#488);
#487 = CARTESIAN_POINT('',(-16.401,-51.397,-0.41148));
#488 = VECTOR('',#489,1.);
#489 = DIRECTION('',(0.E+000,0.E+000,1.));
#490 = ORIENTED_EDGE('',*,*,#491,.T.);
#491 = EDGE_CURVE('',#484,#484,#492,.T.);
#492 = CIRCLE('',#493,0.25);
#493 = AXIS2_PLACEMENT_3D('',#494,#495,#496);
#494 = CARTESIAN_POINT('',(-16.651,-51.397,0.E+000));
#495 = DIRECTION('',(0.E+000,0.E+000,1.));
#496 = DIRECTION('',(1.,0.E+000,-0.E+000));
#497 = ORIENTED_EDGE('',*,*,#481,.F.);
#498 = ORIENTED_EDGE('',*,*,#499,.F.);
#499 = EDGE_CURVE('',#482,#482,#500,.T.);
#500 = CIRCLE('',#501,0.25);
#501 = AXIS2_PLACEMENT_3D('',#502,#503,#504);
#502 = CARTESIAN_POINT('',(-16.651,-51.397,-0.41148));
#503 = DIRECTION('',(0.E+000,0.E+000,1.));
#504 = DIRECTION('',(1.,0.E+000,-0.E+000));
#505 = CYLINDRICAL_SURFACE('',#506,0.25);
#506 = AXIS2_PLACEMENT_3D('',#507,#508,#509);
#507 = CARTESIAN_POINT('',(-16.651,-51.397,-0.41148));
#508 = DIRECTION('',(-0.E+000,-0.E+000,-1.));
#509 = DIRECTION('',(1.,0.E+000,-0.E+000));
#510 = ADVANCED_FACE('',(#511),#538,.F.);
#511 = FACE_BOUND('',#512,.T.);
#512 = EDGE_LOOP('',(#513,#523,#530,#531));
#513 = ORIENTED_EDGE('',*,*,#514,.T.);
#514 = EDGE_CURVE('',#515,#517,#519,.T.);
#515 = VERTEX_POINT('',#516);
#516 = CARTESIAN_POINT('',(-29.041,-46.482,-0.41148));
#517 = VERTEX_POINT('',#518);
#518 = CARTESIAN_POINT('',(-29.041,-46.482,0.E+000));
#519 = LINE('',#520,#521);
#520 = CARTESIAN_POINT('',(-29.041,-46.482,-0.41148));
#521 = VECTOR('',#522,1.);
#522 = DIRECTION('',(0.E+000,0.E+000,1.));
#523 = ORIENTED_EDGE('',*,*,#524,.T.);
#524 = EDGE_CURVE('',#517,#517,#525,.T.);
#525 = CIRCLE('',#526,0.55);
#526 = AXIS2_PLACEMENT_3D('',#527,#528,#529);
#527 = CARTESIAN_POINT('',(-29.591,-46.482,0.E+000));
#528 = DIRECTION('',(0.E+000,0.E+000,1.));
#529 = DIRECTION('',(1.,0.E+000,-0.E+000));
#530 = ORIENTED_EDGE('',*,*,#514,.F.);
#531 = ORIENTED_EDGE('',*,*,#532,.F.);
#532 = EDGE_CURVE('',#515,#515,#533,.T.);
#533 = CIRCLE('',#534,0.55);
#534 = AXIS2_PLACEMENT_3D('',#535,#536,#537);
#535 = CARTESIAN_POINT('',(-29.591,-46.482,-0.41148));
#536 = DIRECTION('',(0.E+000,0.E+000,1.));
#537 = DIRECTION('',(1.,0.E+000,-0.E+000));
#538 = CYLINDRICAL_SURFACE('',#539,0.55);
#539 = AXIS2_PLACEMENT_3D('',#540,#541,#542);
#540 = CARTESIAN_POINT('',(-29.591,-46.482,-0.41148));
#541 = DIRECTION('',(-0.E+000,-0.E+000,-1.));
#542 = DIRECTION('',(1.,0.E+000,-0.E+000));
#543 = ADVANCED_FACE('',(#544),#571,.F.);
#544 = FACE_BOUND('',#545,.T.);
#545 = EDGE_LOOP('',(#546,#556,#563,#564));
#546 = ORIENTED_EDGE('',*,*,#547,.T.);
#547 = EDGE_CURVE('',#548,#550,#552,.T.);
#548 = VERTEX_POINT('',#549);
#549 = CARTESIAN_POINT('',(-16.909,-50.,-0.41148));
#550 = VERTEX_POINT('',#551);
#551 = CARTESIAN_POINT('',(-16.909,-50.,0.E+000));
#552 = LINE('',#553,#554);
#553 = CARTESIAN_POINT('',(-16.909,-50.,-0.41148));
#554 = VECTOR('',#555,1.);
#555 = DIRECTION('',(0.E+000,0.E+000,1.));
#556 = ORIENTED_EDGE('',*,*,#557,.T.);
#557 = EDGE_CURVE('',#550,#550,#558,.T.);
#558 = CIRCLE('',#559,0.25);
#559 = AXIS2_PLACEMENT_3D('',#560,#561,#562);
#560 = CARTESIAN_POINT('',(-17.159,-50.,0.E+000));
#561 = DIRECTION('',(0.E+000,0.E+000,1.));
#562 = DIRECTION('',(1.,0.E+000,-0.E+000));
#563 = ORIENTED_EDGE('',*,*,#547,.F.);
#564 = ORIENTED_EDGE('',*,*,#565,.F.);
#565 = EDGE_CURVE('',#548,#548,#566,.T.);
#566 = CIRCLE('',#567,0.25);
#567 = AXIS2_PLACEMENT_3D('',#568,#569,#570);
#568 = CARTESIAN_POINT('',(-17.159,-50.,-0.41148));
#569 = DIRECTION('',(0.E+000,0.E+000,1.));
#570 = DIRECTION('',(1.,0.E+000,-0.E+000));
#571 = CYLINDRICAL_SURFACE('',#572,0.25);
#572 = AXIS2_PLACEMENT_3D('',#573,#574,#575);
#573 = CARTESIAN_POINT('',(-17.159,-50.,-0.41148));
#574 = DIRECTION('',(-0.E+000,-0.E+000,-1.));
#575 = DIRECTION('',(1.,0.E+000,-0.E+000));
#576 = ADVANCED_FACE('',(#577),#604,.F.);
#577 = FACE_BOUND('',#578,.T.);
#578 = EDGE_LOOP('',(#579,#589,#596,#597));
#579 = ORIENTED_EDGE('',*,*,#580,.T.);
#580 = EDGE_CURVE('',#581,#583,#585,.T.);
#581 = VERTEX_POINT('',#582);
#582 = CARTESIAN_POINT('',(-16.274,-48.603,-0.41148));
#583 = VERTEX_POINT('',#584);
#584 = CARTESIAN_POINT('',(-16.274,-48.603,0.E+000));
#585 = LINE('',#586,#587);
#586 = CARTESIAN_POINT('',(-16.274,-48.603,-0.41148));
#587 = VECTOR('',#588,1.);
#588 = DIRECTION('',(0.E+000,0.E+000,1.));
#589 = ORIENTED_EDGE('',*,*,#590,.T.);
#590 = EDGE_CURVE('',#583,#583,#591,.T.);
#591 = CIRCLE('',#592,0.25);
#592 = AXIS2_PLACEMENT_3D('',#593,#594,#595);
#593 = CARTESIAN_POINT('',(-16.524,-48.603,0.E+000));
#594 = DIRECTION('',(0.E+000,0.E+000,1.));
#595 = DIRECTION('',(1.,0.E+000,-0.E+000));
#596 = ORIENTED_EDGE('',*,*,#580,.F.);
#597 = ORIENTED_EDGE('',*,*,#598,.F.);
#598 = EDGE_CURVE('',#581,#581,#599,.T.);
#599 = CIRCLE('',#600,0.25);
#600 = AXIS2_PLACEMENT_3D('',#601,#602,#603);
#601 = CARTESIAN_POINT('',(-16.524,-48.603,-0.41148));
#602 = DIRECTION('',(0.E+000,0.E+000,1.));
#603 = DIRECTION('',(1.,0.E+000,-0.E+000));
#604 = CYLINDRICAL_SURFACE('',#605,0.25);
#605 = AXIS2_PLACEMENT_3D('',#606,#607,#608);
#606 = CARTESIAN_POINT('',(-16.524,-48.603,-0.41148));
#607 = DIRECTION('',(-0.E+000,-0.E+000,-1.));
#608 = DIRECTION('',(1.,0.E+000,-0.E+000));
#609 = ADVANCED_FACE('',(#610),#637,.F.);
#610 = FACE_BOUND('',#611,.T.);
#611 = EDGE_LOOP('',(#612,#622,#629,#630));
#612 = ORIENTED_EDGE('',*,*,#613,.T.);
#613 = EDGE_CURVE('',#614,#616,#618,.T.);
#614 = VERTEX_POINT('',#615);
#615 = CARTESIAN_POINT('',(-51.814,-21.844,-0.41148));
#616 = VERTEX_POINT('',#617);
#617 = CARTESIAN_POINT('',(-51.814,-21.844,0.E+000));
#618 = LINE('',#619,#620);
#619 = CARTESIAN_POINT('',(-51.814,-21.844,-0.41148));
#620 = VECTOR('',#621,1.);
#621 = DIRECTION('',(0.E+000,0.E+000,1.));
#622 = ORIENTED_EDGE('',*,*,#623,.T.);
#623 = EDGE_CURVE('',#616,#616,#624,.T.);
#624 = CIRCLE('',#625,0.55);
#625 = AXIS2_PLACEMENT_3D('',#626,#627,#628);
#626 = CARTESIAN_POINT('',(-52.364,-21.844,0.E+000));
#627 = DIRECTION('',(0.E+000,0.E+000,1.));
#628 = DIRECTION('',(1.,0.E+000,-0.E+000));
#629 = ORIENTED_EDGE('',*,*,#613,.F.);
#630 = ORIENTED_EDGE('',*,*,#631,.F.);
#631 = EDGE_CURVE('',#614,#614,#632,.T.);
#632 = CIRCLE('',#633,0.55);
#633 = AXIS2_PLACEMENT_3D('',#634,#635,#636);
#634 = CARTESIAN_POINT('',(-52.364,-21.844,-0.41148));
#635 = DIRECTION('',(0.E+000,0.E+000,1.));
#636 = DIRECTION('',(1.,0.E+000,-0.E+000));
#637 = CYLINDRICAL_SURFACE('',#638,0.55);
#638 = AXIS2_PLACEMENT_3D('',#639,#640,#641);
#639 = CARTESIAN_POINT('',(-52.364,-21.844,-0.41148));
#640 = DIRECTION('',(-0.E+000,-0.E+000,-1.));
#641 = DIRECTION('',(1.,0.E+000,-0.E+000));
#642 = ADVANCED_FACE('',(#643),#670,.F.);
#643 = FACE_BOUND('',#644,.T.);
#644 = EDGE_LOOP('',(#645,#655,#662,#663));
#645 = ORIENTED_EDGE('',*,*,#646,.T.);
#646 = EDGE_CURVE('',#647,#649,#651,.T.);
#647 = VERTEX_POINT('',#648);
#648 = CARTESIAN_POINT('',(-49.234,-29.337,-0.41148));
#649 = VERTEX_POINT('',#650);
#650 = CARTESIAN_POINT('',(-49.234,-29.337,0.E+000));
#651 = LINE('',#652,#653);
#652 = CARTESIAN_POINT('',(-49.234,-29.337,-0.41148));
#653 = VECTOR('',#654,1.);
#654 = DIRECTION('',(0.E+000,0.E+000,1.));
#655 = ORIENTED_EDGE('',*,*,#656,.T.);
#656 = EDGE_CURVE('',#649,#649,#657,.T.);
#657 = CIRCLE('',#658,0.55);
#658 = AXIS2_PLACEMENT_3D('',#659,#660,#661);
#659 = CARTESIAN_POINT('',(-49.784,-29.337,0.E+000));
#660 = DIRECTION('',(0.E+000,0.E+000,1.));
#661 = DIRECTION('',(1.,0.E+000,-0.E+000));
#662 = ORIENTED_EDGE('',*,*,#646,.F.);
#663 = ORIENTED_EDGE('',*,*,#664,.F.);
#664 = EDGE_CURVE('',#647,#647,#665,.T.);
#665 = CIRCLE('',#666,0.55);
#666 = AXIS2_PLACEMENT_3D('',#667,#668,#669);
#667 = CARTESIAN_POINT('',(-49.784,-29.337,-0.41148));
#668 = DIRECTION('',(0.E+000,0.E+000,1.));
#669 = DIRECTION('',(1.,0.E+000,-0.E+000));
#670 = CYLINDRICAL_SURFACE('',#671,0.55);
#671 = AXIS2_PLACEMENT_3D('',#672,#673,#674);
#672 = CARTESIAN_POINT('',(-49.784,-29.337,-0.41148));
#673 = DIRECTION('',(-0.E+000,-0.E+000,-1.));
#674 = DIRECTION('',(1.,0.E+000,-0.E+000));
#675 = ADVANCED_FACE('',(#676),#703,.F.);
#676 = FACE_BOUND('',#677,.T.);
#677 = EDGE_LOOP('',(#678,#688,#695,#696));
#678 = ORIENTED_EDGE('',*,*,#679,.T.);
#679 = EDGE_CURVE('',#680,#682,#684,.T.);
#680 = VERTEX_POINT('',#681);
#681 = CARTESIAN_POINT('',(-49.234,-26.797,-0.41148));
#682 = VERTEX_POINT('',#683);
#683 = CARTESIAN_POINT('',(-49.234,-26.797,0.E+000));
#684 = LINE('',#685,#686);
#685 = CARTESIAN_POINT('',(-49.234,-26.797,-0.41148));
#686 = VECTOR('',#687,1.);
#687 = DIRECTION('',(0.E+000,0.E+000,1.));
#688 = ORIENTED_EDGE('',*,*,#689,.T.);
#689 = EDGE_CURVE('',#682,#682,#690,.T.);
#690 = CIRCLE('',#691,0.55);
#691 = AXIS2_PLACEMENT_3D('',#692,#693,#694);
#692 = CARTESIAN_POINT('',(-49.784,-26.797,0.E+000));
#693 = DIRECTION('',(0.E+000,0.E+000,1.));
#694 = DIRECTION('',(1.,0.E+000,-0.E+000));
#695 = ORIENTED_EDGE('',*,*,#679,.F.);
#696 = ORIENTED_EDGE('',*,*,#697,.F.);
#697 = EDGE_CURVE('',#680,#680,#698,.T.);
#698 = CIRCLE('',#699,0.55);
#699 = AXIS2_PLACEMENT_3D('',#700,#701,#702);
#700 = CARTESIAN_POINT('',(-49.784,-26.797,-0.41148));
#701 = DIRECTION('',(0.E+000,0.E+000,1.));
#702 = DIRECTION('',(1.,0.E+000,-0.E+000));
#703 = CYLINDRICAL_SURFACE('',#704,0.55);
#704 = AXIS2_PLACEMENT_3D('',#705,#706,#707);
#705 = CARTESIAN_POINT('',(-49.784,-26.797,-0.41148));
#706 = DIRECTION('',(-0.E+000,-0.E+000,-1.));
#707 = DIRECTION('',(1.,0.E+000,-0.E+000));
#708 = ADVANCED_FACE('',(#709),#736,.F.);
#709 = FACE_BOUND('',#710,.T.);
#710 = EDGE_LOOP('',(#711,#721,#728,#729));
#711 = ORIENTED_EDGE('',*,*,#712,.T.);
#712 = EDGE_CURVE('',#713,#715,#717,.T.);
#713 = VERTEX_POINT('',#714);
#714 = CARTESIAN_POINT('',(-59.314,-21.844,-0.41148));
#715 = VERTEX_POINT('',#716);
#716 = CARTESIAN_POINT('',(-59.314,-21.844,0.E+000));
#717 = LINE('',#718,#719);
#718 = CARTESIAN_POINT('',(-59.314,-21.844,-0.41148));
#719 = VECTOR('',#720,1.);
#720 = DIRECTION('',(0.E+000,0.E+000,1.));
#721 = ORIENTED_EDGE('',*,*,#722,.T.);
#722 = EDGE_CURVE('',#715,#715,#723,.T.);
#723 = CIRCLE('',#724,0.55);
#724 = AXIS2_PLACEMENT_3D('',#725,#726,#727);
#725 = CARTESIAN_POINT('',(-59.864,-21.844,0.E+000));
#726 = DIRECTION('',(0.E+000,0.E+000,1.));
#727 = DIRECTION('',(1.,0.E+000,-0.E+000));
#728 = ORIENTED_EDGE('',*,*,#712,.F.);
#729 = ORIENTED_EDGE('',*,*,#730,.F.);
#730 = EDGE_CURVE('',#713,#713,#731,.T.);
#731 = CIRCLE('',#732,0.55);
#732 = AXIS2_PLACEMENT_3D('',#733,#734,#735);
#733 = CARTESIAN_POINT('',(-59.864,-21.844,-0.41148));
#734 = DIRECTION('',(0.E+000,0.E+000,1.));
#735 = DIRECTION('',(1.,0.E+000,-0.E+000));
#736 = CYLINDRICAL_SURFACE('',#737,0.55);
#737 = AXIS2_PLACEMENT_3D('',#738,#739,#740);
#738 = CARTESIAN_POINT('',(-59.864,-21.844,-0.41148));
#739 = DIRECTION('',(-0.E+000,-0.E+000,-1.));
#740 = DIRECTION('',(1.,0.E+000,-0.E+000));
#741 = ADVANCED_FACE('',(#742),#769,.F.);
#742 = FACE_BOUND('',#743,.T.);
#743 = EDGE_LOOP('',(#744,#754,#761,#762));
#744 = ORIENTED_EDGE('',*,*,#745,.T.);
#745 = EDGE_CURVE('',#746,#748,#750,.T.);
#746 = VERTEX_POINT('',#747);
#747 = CARTESIAN_POINT('',(-54.314,-21.844,-0.41148));
#748 = VERTEX_POINT('',#749);
#749 = CARTESIAN_POINT('',(-54.314,-21.844,0.E+000));
#750 = LINE('',#751,#752);
#751 = CARTESIAN_POINT('',(-54.314,-21.844,-0.41148));
#752 = VECTOR('',#753,1.);
#753 = DIRECTION('',(0.E+000,0.E+000,1.));
#754 = ORIENTED_EDGE('',*,*,#755,.T.);
#755 = EDGE_CURVE('',#748,#748,#756,.T.);
#756 = CIRCLE('',#757,0.55);
#757 = AXIS2_PLACEMENT_3D('',#758,#759,#760);
#758 = CARTESIAN_POINT('',(-54.864,-21.844,0.E+000));
#759 = DIRECTION('',(0.E+000,0.E+000,1.));
#760 = DIRECTION('',(1.,0.E+000,-0.E+000));
#761 = ORIENTED_EDGE('',*,*,#745,.F.);
#762 = ORIENTED_EDGE('',*,*,#763,.F.);
#763 = EDGE_CURVE('',#746,#746,#764,.T.);
#764 = CIRCLE('',#765,0.55);
#765 = AXIS2_PLACEMENT_3D('',#766,#767,#768);
#766 = CARTESIAN_POINT('',(-54.864,-21.844,-0.41148));
#767 = DIRECTION('',(0.E+000,0.E+000,1.));
#768 = DIRECTION('',(1.,0.E+000,-0.E+000));
#769 = CYLINDRICAL_SURFACE('',#770,0.55);
#770 = AXIS2_PLACEMENT_3D('',#771,#772,#773);
#771 = CARTESIAN_POINT('',(-54.864,-21.844,-0.41148));
#772 = DIRECTION('',(-0.E+000,-0.E+000,-1.));
#773 = DIRECTION('',(1.,0.E+000,-0.E+000));
#774 = ADVANCED_FACE('',(#775),#802,.F.);
#775 = FACE_BOUND('',#776,.T.);
#776 = EDGE_LOOP('',(#777,#787,#794,#795));
#777 = ORIENTED_EDGE('',*,*,#778,.T.);
#778 = EDGE_CURVE('',#779,#781,#783,.T.);
#779 = VERTEX_POINT('',#780);
#780 = CARTESIAN_POINT('',(-56.814,-21.844,-0.41148));
#781 = VERTEX_POINT('',#782);
#782 = CARTESIAN_POINT('',(-56.814,-21.844,0.E+000));
#783 = LINE('',#784,#785);
#784 = CARTESIAN_POINT('',(-56.814,-21.844,-0.41148));
#785 = VECTOR('',#786,1.);
#786 = DIRECTION('',(0.E+000,0.E+000,1.));
#787 = ORIENTED_EDGE('',*,*,#788,.T.);
#788 = EDGE_CURVE('',#781,#781,#789,.T.);
#789 = CIRCLE('',#790,0.55);
#790 = AXIS2_PLACEMENT_3D('',#791,#792,#793);
#791 = CARTESIAN_POINT('',(-57.364,-21.844,0.E+000));
#792 = DIRECTION('',(0.E+000,0.E+000,1.));
#793 = DIRECTION('',(1.,0.E+000,-0.E+000));
#794 = ORIENTED_EDGE('',*,*,#778,.F.);
#795 = ORIENTED_EDGE('',*,*,#796,.F.);
#796 = EDGE_CURVE('',#779,#779,#797,.T.);
#797 = CIRCLE('',#798,0.55);
#798 = AXIS2_PLACEMENT_3D('',#799,#800,#801);
#799 = CARTESIAN_POINT('',(-57.364,-21.844,-0.41148));
#800 = DIRECTION('',(0.E+000,0.E+000,1.));
#801 = DIRECTION('',(1.,0.E+000,-0.E+000));
#802 = CYLINDRICAL_SURFACE('',#803,0.55);
#803 = AXIS2_PLACEMENT_3D('',#804,#805,#806);
#804 = CARTESIAN_POINT('',(-57.364,-21.844,-0.41148));
#805 = DIRECTION('',(-0.E+000,-0.E+000,-1.));
#806 = DIRECTION('',(1.,0.E+000,-0.E+000));
#807 = ADVANCED_FACE('',(#808),#835,.F.);
#808 = FACE_BOUND('',#809,.T.);
#809 = EDGE_LOOP('',(#810,#820,#827,#828));
#810 = ORIENTED_EDGE('',*,*,#811,.T.);
#811 = EDGE_CURVE('',#812,#814,#816,.T.);
#812 = VERTEX_POINT('',#813);
#813 = CARTESIAN_POINT('',(-44.358,-33.782,-0.41148));
#814 = VERTEX_POINT('',#815);
#815 = CARTESIAN_POINT('',(-44.358,-33.782,0.E+000));
#816 = LINE('',#817,#818);
#817 = CARTESIAN_POINT('',(-44.358,-33.782,-0.41148));
#818 = VECTOR('',#819,1.);
#819 = DIRECTION('',(0.E+000,0.E+000,1.));
#820 = ORIENTED_EDGE('',*,*,#821,.T.);
#821 = EDGE_CURVE('',#814,#814,#822,.T.);
#822 = CIRCLE('',#823,0.6);
#823 = AXIS2_PLACEMENT_3D('',#824,#825,#826);
#824 = CARTESIAN_POINT('',(-44.958,-33.782,0.E+000));
#825 = DIRECTION('',(0.E+000,0.E+000,1.));
#826 = DIRECTION('',(1.,0.E+000,-0.E+000));
#827 = ORIENTED_EDGE('',*,*,#811,.F.);
#828 = ORIENTED_EDGE('',*,*,#829,.F.);
#829 = EDGE_CURVE('',#812,#812,#830,.T.);
#830 = CIRCLE('',#831,0.6);
#831 = AXIS2_PLACEMENT_3D('',#832,#833,#834);
#832 = CARTESIAN_POINT('',(-44.958,-33.782,-0.41148));
#833 = DIRECTION('',(0.E+000,0.E+000,1.));
#834 = DIRECTION('',(1.,0.E+000,-0.E+000));
#835 = CYLINDRICAL_SURFACE('',#836,0.6);
#836 = AXIS2_PLACEMENT_3D('',#837,#838,#839);
#837 = CARTESIAN_POINT('',(-44.958,-33.782,-0.41148));
#838 = DIRECTION('',(-0.E+000,-0.E+000,-1.));
#839 = DIRECTION('',(1.,0.E+000,-0.E+000));
#840 = ADVANCED_FACE('',(#841),#868,.F.);
#841 = FACE_BOUND('',#842,.T.);
#842 = EDGE_LOOP('',(#843,#853,#860,#861));
#843 = ORIENTED_EDGE('',*,*,#844,.T.);
#844 = EDGE_CURVE('',#845,#847,#849,.T.);
#845 = VERTEX_POINT('',#846);
#846 = CARTESIAN_POINT('',(-32.42,-33.782,-0.41148));
#847 = VERTEX_POINT('',#848);
#848 = CARTESIAN_POINT('',(-32.42,-33.782,0.E+000));
#849 = LINE('',#850,#851);
#850 = CARTESIAN_POINT('',(-32.42,-33.782,-0.41148));
#851 = VECTOR('',#852,1.);
#852 = DIRECTION('',(0.E+000,0.E+000,1.));
#853 = ORIENTED_EDGE('',*,*,#854,.T.);
#854 = EDGE_CURVE('',#847,#847,#855,.T.);
#855 = CIRCLE('',#856,0.6);
#856 = AXIS2_PLACEMENT_3D('',#857,#858,#859);
#857 = CARTESIAN_POINT('',(-33.02,-33.782,0.E+000));
#858 = DIRECTION('',(0.E+000,0.E+000,1.));
#859 = DIRECTION('',(1.,0.E+000,-0.E+000));
#860 = ORIENTED_EDGE('',*,*,#844,.F.);
#861 = ORIENTED_EDGE('',*,*,#862,.F.);
#862 = EDGE_CURVE('',#845,#845,#863,.T.);
#863 = CIRCLE('',#864,0.6);
#864 = AXIS2_PLACEMENT_3D('',#865,#866,#867);
#865 = CARTESIAN_POINT('',(-33.02,-33.782,-0.41148));
#866 = DIRECTION('',(0.E+000,0.E+000,1.));
#867 = DIRECTION('',(1.,0.E+000,-0.E+000));
#868 = CYLINDRICAL_SURFACE('',#869,0.6);
#869 = AXIS2_PLACEMENT_3D('',#870,#871,#872);
#870 = CARTESIAN_POINT('',(-33.02,-33.782,-0.41148));
#871 = DIRECTION('',(-0.E+000,-0.E+000,-1.));
#872 = DIRECTION('',(1.,0.E+000,-0.E+000));
#873 = ADVANCED_FACE('',(#874),#901,.F.);
#874 = FACE_BOUND('',#875,.T.);
#875 = EDGE_LOOP('',(#876,#886,#893,#894));
#876 = ORIENTED_EDGE('',*,*,#877,.T.);
#877 = EDGE_CURVE('',#878,#880,#882,.T.);
#878 = VERTEX_POINT('',#879);
#879 = CARTESIAN_POINT('',(-15.756,-29.351,-0.41148));
#880 = VERTEX_POINT('',#881);
#881 = CARTESIAN_POINT('',(-15.756,-29.351,0.E+000));
#882 = LINE('',#883,#884);
#883 = CARTESIAN_POINT('',(-15.756,-29.351,-0.41148));
#884 = VECTOR('',#885,1.);
#885 = DIRECTION('',(0.E+000,0.E+000,1.));
#886 = ORIENTED_EDGE('',*,*,#887,.T.);
#887 = EDGE_CURVE('',#880,#880,#888,.T.);
#888 = CIRCLE('',#889,0.5);
#889 = AXIS2_PLACEMENT_3D('',#890,#891,#892);
#890 = CARTESIAN_POINT('',(-16.256,-29.351,0.E+000));
#891 = DIRECTION('',(0.E+000,0.E+000,1.));
#892 = DIRECTION('',(1.,0.E+000,-0.E+000));
#893 = ORIENTED_EDGE('',*,*,#877,.F.);
#894 = ORIENTED_EDGE('',*,*,#895,.F.);
#895 = EDGE_CURVE('',#878,#878,#896,.T.);
#896 = CIRCLE('',#897,0.5);
#897 = AXIS2_PLACEMENT_3D('',#898,#899,#900);
#898 = CARTESIAN_POINT('',(-16.256,-29.351,-0.41148));
#899 = DIRECTION('',(0.E+000,0.E+000,1.));
#900 = DIRECTION('',(1.,0.E+000,-0.E+000));
#901 = CYLINDRICAL_SURFACE('',#902,0.5);
#902 = AXIS2_PLACEMENT_3D('',#903,#904,#905);
#903 = CARTESIAN_POINT('',(-16.256,-29.351,-0.41148));
#904 = DIRECTION('',(-0.E+000,-0.E+000,-1.));
#905 = DIRECTION('',(1.,0.E+000,-0.E+000));
#906 = ADVANCED_FACE('',(#907),#934,.F.);
#907 = FACE_BOUND('',#908,.T.);
#908 = EDGE_LOOP('',(#909,#919,#926,#927));
#909 = ORIENTED_EDGE('',*,*,#910,.T.);
#910 = EDGE_CURVE('',#911,#913,#915,.T.);
#911 = VERTEX_POINT('',#912);
#912 = CARTESIAN_POINT('',(-44.358,-21.59,-0.41148));
#913 = VERTEX_POINT('',#914);
#914 = CARTESIAN_POINT('',(-44.358,-21.59,0.E+000));
#915 = LINE('',#916,#917);
#916 = CARTESIAN_POINT('',(-44.358,-21.59,-0.41148));
#917 = VECTOR('',#918,1.);
#918 = DIRECTION('',(0.E+000,0.E+000,1.));
#919 = ORIENTED_EDGE('',*,*,#920,.T.);
#920 = EDGE_CURVE('',#913,#913,#921,.T.);
#921 = CIRCLE('',#922,0.6);
#922 = AXIS2_PLACEMENT_3D('',#923,#924,#925);
#923 = CARTESIAN_POINT('',(-44.958,-21.59,0.E+000));
#924 = DIRECTION('',(0.E+000,0.E+000,1.));
#925 = DIRECTION('',(1.,0.E+000,-0.E+000));
#926 = ORIENTED_EDGE('',*,*,#910,.F.);
#927 = ORIENTED_EDGE('',*,*,#928,.F.);
#928 = EDGE_CURVE('',#911,#911,#929,.T.);
#929 = CIRCLE('',#930,0.6);
#930 = AXIS2_PLACEMENT_3D('',#931,#932,#933);
#931 = CARTESIAN_POINT('',(-44.958,-21.59,-0.41148));
#932 = DIRECTION('',(0.E+000,0.E+000,1.));
#933 = DIRECTION('',(1.,0.E+000,-0.E+000));
#934 = CYLINDRICAL_SURFACE('',#935,0.6);
#935 = AXIS2_PLACEMENT_3D('',#936,#937,#938);
#936 = CARTESIAN_POINT('',(-44.958,-21.59,-0.41148));
#937 = DIRECTION('',(-0.E+000,-0.E+000,-1.));
#938 = DIRECTION('',(1.,0.E+000,-0.E+000));
#939 = ADVANCED_FACE('',(#940),#967,.F.);
#940 = FACE_BOUND('',#941,.T.);
#941 = EDGE_LOOP('',(#942,#952,#959,#960));
#942 = ORIENTED_EDGE('',*,*,#943,.T.);
#943 = EDGE_CURVE('',#944,#946,#948,.T.);
#944 = VERTEX_POINT('',#945);
#945 = CARTESIAN_POINT('',(-49.781,-17.11,-0.41148));
#946 = VERTEX_POINT('',#947);
#947 = CARTESIAN_POINT('',(-49.781,-17.11,0.E+000));
#948 = LINE('',#949,#950);
#949 = CARTESIAN_POINT('',(-49.781,-17.11,-0.41148));
#950 = VECTOR('',#951,1.);
#951 = DIRECTION('',(0.E+000,0.E+000,1.));
#952 = ORIENTED_EDGE('',*,*,#953,.T.);
#953 = EDGE_CURVE('',#946,#946,#954,.T.);
#954 = CIRCLE('',#955,0.25);
#955 = AXIS2_PLACEMENT_3D('',#956,#957,#958);
#956 = CARTESIAN_POINT('',(-50.031,-17.11,0.E+000));
#957 = DIRECTION('',(0.E+000,0.E+000,1.));
#958 = DIRECTION('',(1.,0.E+000,-0.E+000));
#959 = ORIENTED_EDGE('',*,*,#943,.F.);
#960 = ORIENTED_EDGE('',*,*,#961,.F.);
#961 = EDGE_CURVE('',#944,#944,#962,.T.);
#962 = CIRCLE('',#963,0.25);
#963 = AXIS2_PLACEMENT_3D('',#964,#965,#966);
#964 = CARTESIAN_POINT('',(-50.031,-17.11,-0.41148));
#965 = DIRECTION('',(0.E+000,0.E+000,1.));
#966 = DIRECTION('',(1.,0.E+000,-0.E+000));
#967 = CYLINDRICAL_SURFACE('',#968,0.25);
#968 = AXIS2_PLACEMENT_3D('',#969,#970,#971);
#969 = CARTESIAN_POINT('',(-50.031,-17.11,-0.41148));
#970 = DIRECTION('',(-0.E+000,-0.E+000,-1.));
#971 = DIRECTION('',(1.,0.E+000,-0.E+000));
#972 = ADVANCED_FACE('',(#973),#1000,.F.);
#973 = FACE_BOUND('',#974,.T.);
#974 = EDGE_LOOP('',(#975,#985,#992,#993));
#975 = ORIENTED_EDGE('',*,*,#976,.T.);
#976 = EDGE_CURVE('',#977,#979,#981,.T.);
#977 = VERTEX_POINT('',#978);
#978 = CARTESIAN_POINT('',(-15.756,-24.271,-0.41148));
#979 = VERTEX_POINT('',#980);
#980 = CARTESIAN_POINT('',(-15.756,-24.271,0.E+000));
#981 = LINE('',#982,#983);
#982 = CARTESIAN_POINT('',(-15.756,-24.271,-0.41148));
#983 = VECTOR('',#984,1.);
#984 = DIRECTION('',(0.E+000,0.E+000,1.));
#985 = ORIENTED_EDGE('',*,*,#986,.T.);
#986 = EDGE_CURVE('',#979,#979,#987,.T.);
#987 = CIRCLE('',#988,0.5);
#988 = AXIS2_PLACEMENT_3D('',#989,#990,#991);
#989 = CARTESIAN_POINT('',(-16.256,-24.271,0.E+000));
#990 = DIRECTION('',(0.E+000,0.E+000,1.));
#991 = DIRECTION('',(1.,0.E+000,-0.E+000));
#992 = ORIENTED_EDGE('',*,*,#976,.F.);
#993 = ORIENTED_EDGE('',*,*,#994,.F.);
#994 = EDGE_CURVE('',#977,#977,#995,.T.);
#995 = CIRCLE('',#996,0.5);
#996 = AXIS2_PLACEMENT_3D('',#997,#998,#999);
#997 = CARTESIAN_POINT('',(-16.256,-24.271,-0.41148));
#998 = DIRECTION('',(0.E+000,0.E+000,1.));
#999 = DIRECTION('',(1.,0.E+000,-0.E+000));
#1000 = CYLINDRICAL_SURFACE('',#1001,0.5);
#1001 = AXIS2_PLACEMENT_3D('',#1002,#1003,#1004);
#1002 = CARTESIAN_POINT('',(-16.256,-24.271,-0.41148));
#1003 = DIRECTION('',(-0.E+000,-0.E+000,-1.));
#1004 = DIRECTION('',(1.,0.E+000,-0.E+000));
#1005 = ADVANCED_FACE('',(#1006),#1033,.F.);
#1006 = FACE_BOUND('',#1007,.T.);
#1007 = EDGE_LOOP('',(#1008,#1018,#1025,#1026));
#1008 = ORIENTED_EDGE('',*,*,#1009,.T.);
#1009 = EDGE_CURVE('',#1010,#1012,#1014,.T.);
#1010 = VERTEX_POINT('',#1011);
#1011 = CARTESIAN_POINT('',(-32.42,-21.59,-0.41148));
#1012 = VERTEX_POINT('',#1013);
#1013 = CARTESIAN_POINT('',(-32.42,-21.59,0.E+000));
#1014 = LINE('',#1015,#1016);
#1015 = CARTESIAN_POINT('',(-32.42,-21.59,-0.41148));
#1016 = VECTOR('',#1017,1.);
#1017 = DIRECTION('',(0.E+000,0.E+000,1.));
#1018 = ORIENTED_EDGE('',*,*,#1019,.T.);
#1019 = EDGE_CURVE('',#1012,#1012,#1020,.T.);
#1020 = CIRCLE('',#1021,0.6);
#1021 = AXIS2_PLACEMENT_3D('',#1022,#1023,#1024);
#1022 = CARTESIAN_POINT('',(-33.02,-21.59,0.E+000));
#1023 = DIRECTION('',(0.E+000,0.E+000,1.));
#1024 = DIRECTION('',(1.,0.E+000,-0.E+000));
#1025 = ORIENTED_EDGE('',*,*,#1009,.F.);
#1026 = ORIENTED_EDGE('',*,*,#1027,.F.);
#1027 = EDGE_CURVE('',#1010,#1010,#1028,.T.);
#1028 = CIRCLE('',#1029,0.6);
#1029 = AXIS2_PLACEMENT_3D('',#1030,#1031,#1032);
#1030 = CARTESIAN_POINT('',(-33.02,-21.59,-0.41148));
#1031 = DIRECTION('',(0.E+000,0.E+000,1.));
#1032 = DIRECTION('',(1.,0.E+000,-0.E+000));
#1033 = CYLINDRICAL_SURFACE('',#1034,0.6);
#1034 = AXIS2_PLACEMENT_3D('',#1035,#1036,#1037);
#1035 = CARTESIAN_POINT('',(-33.02,-21.59,-0.41148));
#1036 = DIRECTION('',(-0.E+000,-0.E+000,-1.));
#1037 = DIRECTION('',(1.,0.E+000,-0.E+000));
#1038 = ADVANCED_FACE('',(#1039),#1073,.T.);
#1039 = FACE_BOUND('',#1040,.T.);
#1040 = EDGE_LOOP('',(#1041,#1051,#1059,#1067));
#1041 = ORIENTED_EDGE('',*,*,#1042,.T.);
#1042 = EDGE_CURVE('',#1043,#1045,#1047,.T.);
#1043 = VERTEX_POINT('',#1044);
#1044 = CARTESIAN_POINT('',(-15.70500034,-57.4189987,-0.41148));
#1045 = VERTEX_POINT('',#1046);
#1046 = CARTESIAN_POINT('',(-15.70500034,-57.4189987,0.E+000));
#1047 = LINE('',#1048,#1049);
#1048 = CARTESIAN_POINT('',(-15.70500034,-57.4189987,-0.41148));
#1049 = VECTOR('',#1050,1.);
#1050 = DIRECTION('',(0.E+000,0.E+000,1.));
#1051 = ORIENTED_EDGE('',*,*,#1052,.T.);
#1052 = EDGE_CURVE('',#1045,#1053,#1055,.T.);
#1053 = VERTEX_POINT('',#1054);
#1054 = CARTESIAN_POINT('',(-13.50499966,-57.4189987,0.E+000));
#1055 = LINE('',#1056,#1057);
#1056 = CARTESIAN_POINT('',(-15.70500034,-57.4189987,0.E+000));
#1057 = VECTOR('',#1058,1.);
#1058 = DIRECTION('',(1.,0.E+000,0.E+000));
#1059 = ORIENTED_EDGE('',*,*,#1060,.F.);
#1060 = EDGE_CURVE('',#1061,#1053,#1063,.T.);
#1061 = VERTEX_POINT('',#1062);
#1062 = CARTESIAN_POINT('',(-13.50499966,-57.4189987,-0.41148));
#1063 = LINE('',#1064,#1065);
#1064 = CARTESIAN_POINT('',(-13.50499966,-57.4189987,-0.41148));
#1065 = VECTOR('',#1066,1.);
#1066 = DIRECTION('',(0.E+000,0.E+000,1.));
#1067 = ORIENTED_EDGE('',*,*,#1068,.F.);
#1068 = EDGE_CURVE('',#1043,#1061,#1069,.T.);
#1069 = LINE('',#1070,#1071);
#1070 = CARTESIAN_POINT('',(-15.70500034,-57.4189987,-0.41148));
#1071 = VECTOR('',#1072,1.);
#1072 = DIRECTION('',(1.,0.E+000,0.E+000));
#1073 = PLANE('',#1074);
#1074 = AXIS2_PLACEMENT_3D('',#1075,#1076,#1077);
#1075 = CARTESIAN_POINT('',(-15.70500034,-57.4189987,-0.41148));
#1076 = DIRECTION('',(0.E+000,1.,0.E+000));
#1077 = DIRECTION('',(1.,0.E+000,0.E+000));
#1078 = ADVANCED_FACE('',(#1079),#1106,.F.);
#1079 = FACE_BOUND('',#1080,.T.);
#1080 = EDGE_LOOP('',(#1081,#1082,#1091,#1099));
#1081 = ORIENTED_EDGE('',*,*,#1060,.T.);
#1082 = ORIENTED_EDGE('',*,*,#1083,.T.);
#1083 = EDGE_CURVE('',#1053,#1084,#1086,.T.);
#1084 = VERTEX_POINT('',#1085);
#1085 = CARTESIAN_POINT('',(-13.50499966,-56.1190013,0.E+000));
#1086 = CIRCLE('',#1087,0.6499987);
#1087 = AXIS2_PLACEMENT_3D('',#1088,#1089,#1090);
#1088 = CARTESIAN_POINT('',(-13.50499966,-56.769,0.E+000));
#1089 = DIRECTION('',(0.E+000,0.E+000,1.));
#1090 = DIRECTION('',(-0.E+000,-1.,0.E+000));
#1091 = ORIENTED_EDGE('',*,*,#1092,.F.);
#1092 = EDGE_CURVE('',#1093,#1084,#1095,.T.);
#1093 = VERTEX_POINT('',#1094);
#1094 = CARTESIAN_POINT('',(-13.50499966,-56.1190013,-0.41148));
#1095 = LINE('',#1096,#1097);
#1096 = CARTESIAN_POINT('',(-13.50499966,-56.1190013,-0.41148));
#1097 = VECTOR('',#1098,1.);
#1098 = DIRECTION('',(0.E+000,0.E+000,1.));
#1099 = ORIENTED_EDGE('',*,*,#1100,.F.);
#1100 = EDGE_CURVE('',#1061,#1093,#1101,.T.);
#1101 = CIRCLE('',#1102,0.6499987);
#1102 = AXIS2_PLACEMENT_3D('',#1103,#1104,#1105);
#1103 = CARTESIAN_POINT('',(-13.50499966,-56.769,-0.41148));
#1104 = DIRECTION('',(0.E+000,0.E+000,1.));
#1105 = DIRECTION('',(-0.E+000,-1.,0.E+000));
#1106 = CYLINDRICAL_SURFACE('',#1107,0.6499987);
#1107 = AXIS2_PLACEMENT_3D('',#1108,#1109,#1110);
#1108 = CARTESIAN_POINT('',(-13.50499966,-56.769,-0.41148));
#1109 = DIRECTION('',(-0.E+000,-0.E+000,-1.));
#1110 = DIRECTION('',(-0.E+000,-1.,0.E+000));
#1111 = ADVANCED_FACE('',(#1112),#1137,.T.);
#1112 = FACE_BOUND('',#1113,.T.);
#1113 = EDGE_LOOP('',(#1114,#1115,#1123,#1131));
#1114 = ORIENTED_EDGE('',*,*,#1092,.T.);
#1115 = ORIENTED_EDGE('',*,*,#1116,.T.);
#1116 = EDGE_CURVE('',#1084,#1117,#1119,.T.);
#1117 = VERTEX_POINT('',#1118);
#1118 = CARTESIAN_POINT('',(-15.70500034,-56.1190013,0.E+000));
#1119 = LINE('',#1120,#1121);
#1120 = CARTESIAN_POINT('',(-13.50499966,-56.1190013,0.E+000));
#1121 = VECTOR('',#1122,1.);
#1122 = DIRECTION('',(-1.,0.E+000,0.E+000));
#1123 = ORIENTED_EDGE('',*,*,#1124,.F.);
#1124 = EDGE_CURVE('',#1125,#1117,#1127,.T.);
#1125 = VERTEX_POINT('',#1126);
#1126 = CARTESIAN_POINT('',(-15.70500034,-56.1190013,-0.41148));
#1127 = LINE('',#1128,#1129);
#1128 = CARTESIAN_POINT('',(-15.70500034,-56.1190013,-0.41148));
#1129 = VECTOR('',#1130,1.);
#1130 = DIRECTION('',(0.E+000,0.E+000,1.));
#1131 = ORIENTED_EDGE('',*,*,#1132,.F.);
#1132 = EDGE_CURVE('',#1093,#1125,#1133,.T.);
#1133 = LINE('',#1134,#1135);
#1134 = CARTESIAN_POINT('',(-13.50499966,-56.1190013,-0.41148));
#1135 = VECTOR('',#1136,1.);
#1136 = DIRECTION('',(-1.,0.E+000,0.E+000));
#1137 = PLANE('',#1138);
#1138 = AXIS2_PLACEMENT_3D('',#1139,#1140,#1141);
#1139 = CARTESIAN_POINT('',(-13.50499966,-56.1190013,-0.41148));
#1140 = DIRECTION('',(0.E+000,-1.,0.E+000));
#1141 = DIRECTION('',(-1.,0.E+000,0.E+000));
#1142 = ADVANCED_FACE('',(#1143),#1161,.F.);
#1143 = FACE_BOUND('',#1144,.T.);
#1144 = EDGE_LOOP('',(#1145,#1146,#1153,#1154));
#1145 = ORIENTED_EDGE('',*,*,#1124,.T.);
#1146 = ORIENTED_EDGE('',*,*,#1147,.T.);
#1147 = EDGE_CURVE('',#1117,#1045,#1148,.T.);
#1148 = CIRCLE('',#1149,0.6499987);
#1149 = AXIS2_PLACEMENT_3D('',#1150,#1151,#1152);
#1150 = CARTESIAN_POINT('',(-15.70500034,-56.769,0.E+000));
#1151 = DIRECTION('',(0.E+000,-0.E+000,1.));
#1152 = DIRECTION('',(0.E+000,1.,0.E+000));
#1153 = ORIENTED_EDGE('',*,*,#1042,.F.);
#1154 = ORIENTED_EDGE('',*,*,#1155,.F.);
#1155 = EDGE_CURVE('',#1125,#1043,#1156,.T.);
#1156 = CIRCLE('',#1157,0.6499987);
#1157 = AXIS2_PLACEMENT_3D('',#1158,#1159,#1160);
#1158 = CARTESIAN_POINT('',(-15.70500034,-56.769,-0.41148));
#1159 = DIRECTION('',(0.E+000,-0.E+000,1.));
#1160 = DIRECTION('',(0.E+000,1.,0.E+000));
#1161 = CYLINDRICAL_SURFACE('',#1162,0.6499987);
#1162 = AXIS2_PLACEMENT_3D('',#1163,#1164,#1165);
#1163 = CARTESIAN_POINT('',(-15.70500034,-56.769,-0.41148));
#1164 = DIRECTION('',(-0.E+000,0.E+000,-1.));
#1165 = DIRECTION('',(0.E+000,1.,0.E+000));
#1166 = ADVANCED_FACE('',(#1167),#1201,.T.);
#1167 = FACE_BOUND('',#1168,.T.);
#1168 = EDGE_LOOP('',(#1169,#1179,#1187,#1195));
#1169 = ORIENTED_EDGE('',*,*,#1170,.T.);
#1170 = EDGE_CURVE('',#1171,#1173,#1175,.T.);
#1171 = VERTEX_POINT('',#1172);
#1172 = CARTESIAN_POINT('',(-15.70500034,-66.8169987,-0.41148));
#1173 = VERTEX_POINT('',#1174);
#1174 = CARTESIAN_POINT('',(-15.70500034,-66.8169987,0.E+000));
#1175 = LINE('',#1176,#1177);
#1176 = CARTESIAN_POINT('',(-15.70500034,-66.8169987,-0.41148));
#1177 = VECTOR('',#1178,1.);
#1178 = DIRECTION('',(0.E+000,0.E+000,1.));
#1179 = ORIENTED_EDGE('',*,*,#1180,.T.);
#1180 = EDGE_CURVE('',#1173,#1181,#1183,.T.);
#1181 = VERTEX_POINT('',#1182);
#1182 = CARTESIAN_POINT('',(-13.50499966,-66.8169987,0.E+000));
#1183 = LINE('',#1184,#1185);
#1184 = CARTESIAN_POINT('',(-15.70500034,-66.8169987,0.E+000));
#1185 = VECTOR('',#1186,1.);
#1186 = DIRECTION('',(1.,0.E+000,0.E+000));
#1187 = ORIENTED_EDGE('',*,*,#1188,.F.);
#1188 = EDGE_CURVE('',#1189,#1181,#1191,.T.);
#1189 = VERTEX_POINT('',#1190);
#1190 = CARTESIAN_POINT('',(-13.50499966,-66.8169987,-0.41148));
#1191 = LINE('',#1192,#1193);
#1192 = CARTESIAN_POINT('',(-13.50499966,-66.8169987,-0.41148));
#1193 = VECTOR('',#1194,1.);
#1194 = DIRECTION('',(0.E+000,0.E+000,1.));
#1195 = ORIENTED_EDGE('',*,*,#1196,.F.);
#1196 = EDGE_CURVE('',#1171,#1189,#1197,.T.);
#1197 = LINE('',#1198,#1199);
#1198 = CARTESIAN_POINT('',(-15.70500034,-66.8169987,-0.41148));
#1199 = VECTOR('',#1200,1.);
#1200 = DIRECTION('',(1.,0.E+000,0.E+000));
#1201 = PLANE('',#1202);
#1202 = AXIS2_PLACEMENT_3D('',#1203,#1204,#1205);
#1203 = CARTESIAN_POINT('',(-15.70500034,-66.8169987,-0.41148));
#1204 = DIRECTION('',(0.E+000,1.,0.E+000));
#1205 = DIRECTION('',(1.,0.E+000,0.E+000));
#1206 = ADVANCED_FACE('',(#1207),#1234,.F.);
#1207 = FACE_BOUND('',#1208,.T.);
#1208 = EDGE_LOOP('',(#1209,#1210,#1219,#1227));
#1209 = ORIENTED_EDGE('',*,*,#1188,.T.);
#1210 = ORIENTED_EDGE('',*,*,#1211,.T.);
#1211 = EDGE_CURVE('',#1181,#1212,#1214,.T.);
#1212 = VERTEX_POINT('',#1213);
#1213 = CARTESIAN_POINT('',(-13.50499966,-65.5170013,0.E+000));
#1214 = CIRCLE('',#1215,0.6499987);
#1215 = AXIS2_PLACEMENT_3D('',#1216,#1217,#1218);
#1216 = CARTESIAN_POINT('',(-13.50499966,-66.167,0.E+000));
#1217 = DIRECTION('',(0.E+000,0.E+000,1.));
#1218 = DIRECTION('',(-0.E+000,-1.,0.E+000));
#1219 = ORIENTED_EDGE('',*,*,#1220,.F.);
#1220 = EDGE_CURVE('',#1221,#1212,#1223,.T.);
#1221 = VERTEX_POINT('',#1222);
#1222 = CARTESIAN_POINT('',(-13.50499966,-65.5170013,-0.41148));
#1223 = LINE('',#1224,#1225);
#1224 = CARTESIAN_POINT('',(-13.50499966,-65.5170013,-0.41148));
#1225 = VECTOR('',#1226,1.);
#1226 = DIRECTION('',(0.E+000,0.E+000,1.));
#1227 = ORIENTED_EDGE('',*,*,#1228,.F.);
#1228 = EDGE_CURVE('',#1189,#1221,#1229,.T.);
#1229 = CIRCLE('',#1230,0.6499987);
#1230 = AXIS2_PLACEMENT_3D('',#1231,#1232,#1233);
#1231 = CARTESIAN_POINT('',(-13.50499966,-66.167,-0.41148));
#1232 = DIRECTION('',(0.E+000,0.E+000,1.));
#1233 = DIRECTION('',(-0.E+000,-1.,0.E+000));
#1234 = CYLINDRICAL_SURFACE('',#1235,0.6499987);
#1235 = AXIS2_PLACEMENT_3D('',#1236,#1237,#1238);
#1236 = CARTESIAN_POINT('',(-13.50499966,-66.167,-0.41148));
#1237 = DIRECTION('',(-0.E+000,-0.E+000,-1.));
#1238 = DIRECTION('',(-0.E+000,-1.,0.E+000));
#1239 = ADVANCED_FACE('',(#1240),#1265,.T.);
#1240 = FACE_BOUND('',#1241,.T.);
#1241 = EDGE_LOOP('',(#1242,#1243,#1251,#1259));
#1242 = ORIENTED_EDGE('',*,*,#1220,.T.);
#1243 = ORIENTED_EDGE('',*,*,#1244,.T.);
#1244 = EDGE_CURVE('',#1212,#1245,#1247,.T.);
#1245 = VERTEX_POINT('',#1246);
#1246 = CARTESIAN_POINT('',(-15.70500034,-65.5170013,0.E+000));
#1247 = LINE('',#1248,#1249);
#1248 = CARTESIAN_POINT('',(-13.50499966,-65.5170013,0.E+000));
#1249 = VECTOR('',#1250,1.);
#1250 = DIRECTION('',(-1.,0.E+000,0.E+000));
#1251 = ORIENTED_EDGE('',*,*,#1252,.F.);
#1252 = EDGE_CURVE('',#1253,#1245,#1255,.T.);
#1253 = VERTEX_POINT('',#1254);
#1254 = CARTESIAN_POINT('',(-15.70500034,-65.5170013,-0.41148));
#1255 = LINE('',#1256,#1257);
#1256 = CARTESIAN_POINT('',(-15.70500034,-65.5170013,-0.41148));
#1257 = VECTOR('',#1258,1.);
#1258 = DIRECTION('',(0.E+000,0.E+000,1.));
#1259 = ORIENTED_EDGE('',*,*,#1260,.F.);
#1260 = EDGE_CURVE('',#1221,#1253,#1261,.T.);
#1261 = LINE('',#1262,#1263);
#1262 = CARTESIAN_POINT('',(-13.50499966,-65.5170013,-0.41148));
#1263 = VECTOR('',#1264,1.);
#1264 = DIRECTION('',(-1.,0.E+000,0.E+000));
#1265 = PLANE('',#1266);
#1266 = AXIS2_PLACEMENT_3D('',#1267,#1268,#1269);
#1267 = CARTESIAN_POINT('',(-13.50499966,-65.5170013,-0.41148));
#1268 = DIRECTION('',(0.E+000,-1.,0.E+000));
#1269 = DIRECTION('',(-1.,0.E+000,0.E+000));
#1270 = ADVANCED_FACE('',(#1271),#1289,.F.);
#1271 = FACE_BOUND('',#1272,.T.);
#1272 = EDGE_LOOP('',(#1273,#1274,#1281,#1282));
#1273 = ORIENTED_EDGE('',*,*,#1252,.T.);
#1274 = ORIENTED_EDGE('',*,*,#1275,.T.);
#1275 = EDGE_CURVE('',#1245,#1173,#1276,.T.);
#1276 = CIRCLE('',#1277,0.6499987);
#1277 = AXIS2_PLACEMENT_3D('',#1278,#1279,#1280);
#1278 = CARTESIAN_POINT('',(-15.70500034,-66.167,0.E+000));
#1279 = DIRECTION('',(0.E+000,-0.E+000,1.));
#1280 = DIRECTION('',(0.E+000,1.,0.E+000));
#1281 = ORIENTED_EDGE('',*,*,#1170,.F.);
#1282 = ORIENTED_EDGE('',*,*,#1283,.F.);
#1283 = EDGE_CURVE('',#1253,#1171,#1284,.T.);
#1284 = CIRCLE('',#1285,0.6499987);
#1285 = AXIS2_PLACEMENT_3D('',#1286,#1287,#1288);
#1286 = CARTESIAN_POINT('',(-15.70500034,-66.167,-0.41148));
#1287 = DIRECTION('',(0.E+000,-0.E+000,1.));
#1288 = DIRECTION('',(0.E+000,1.,0.E+000));
#1289 = CYLINDRICAL_SURFACE('',#1290,0.6499987);
#1290 = AXIS2_PLACEMENT_3D('',#1291,#1292,#1293);
#1291 = CARTESIAN_POINT('',(-15.70500034,-66.167,-0.41148));
#1292 = DIRECTION('',(-0.E+000,0.E+000,-1.));
#1293 = DIRECTION('',(0.E+000,1.,0.E+000));
#1294 = ADVANCED_FACE('',(#1295),#1329,.T.);
#1295 = FACE_BOUND('',#1296,.T.);
#1296 = EDGE_LOOP('',(#1297,#1307,#1315,#1323));
#1297 = ORIENTED_EDGE('',*,*,#1298,.T.);
#1298 = EDGE_CURVE('',#1299,#1301,#1303,.T.);
#1299 = VERTEX_POINT('',#1300);
#1300 = CARTESIAN_POINT('',(-15.70500034,-62.1179987,-0.41148));
#1301 = VERTEX_POINT('',#1302);
#1302 = CARTESIAN_POINT('',(-15.70500034,-62.1179987,0.E+000));
#1303 = LINE('',#1304,#1305);
#1304 = CARTESIAN_POINT('',(-15.70500034,-62.1179987,-0.41148));
#1305 = VECTOR('',#1306,1.);
#1306 = DIRECTION('',(0.E+000,0.E+000,1.));
#1307 = ORIENTED_EDGE('',*,*,#1308,.T.);
#1308 = EDGE_CURVE('',#1301,#1309,#1311,.T.);
#1309 = VERTEX_POINT('',#1310);
#1310 = CARTESIAN_POINT('',(-13.50499966,-62.1179987,0.E+000));
#1311 = LINE('',#1312,#1313);
#1312 = CARTESIAN_POINT('',(-15.70500034,-62.1179987,0.E+000));
#1313 = VECTOR('',#1314,1.);
#1314 = DIRECTION('',(1.,0.E+000,0.E+000));
#1315 = ORIENTED_EDGE('',*,*,#1316,.F.);
#1316 = EDGE_CURVE('',#1317,#1309,#1319,.T.);
#1317 = VERTEX_POINT('',#1318);
#1318 = CARTESIAN_POINT('',(-13.50499966,-62.1179987,-0.41148));
#1319 = LINE('',#1320,#1321);
#1320 = CARTESIAN_POINT('',(-13.50499966,-62.1179987,-0.41148));
#1321 = VECTOR('',#1322,1.);
#1322 = DIRECTION('',(0.E+000,0.E+000,1.));
#1323 = ORIENTED_EDGE('',*,*,#1324,.F.);
#1324 = EDGE_CURVE('',#1299,#1317,#1325,.T.);
#1325 = LINE('',#1326,#1327);
#1326 = CARTESIAN_POINT('',(-15.70500034,-62.1179987,-0.41148));
#1327 = VECTOR('',#1328,1.);
#1328 = DIRECTION('',(1.,0.E+000,0.E+000));
#1329 = PLANE('',#1330);
#1330 = AXIS2_PLACEMENT_3D('',#1331,#1332,#1333);
#1331 = CARTESIAN_POINT('',(-15.70500034,-62.1179987,-0.41148));
#1332 = DIRECTION('',(0.E+000,1.,0.E+000));
#1333 = DIRECTION('',(1.,0.E+000,0.E+000));
#1334 = ADVANCED_FACE('',(#1335),#1362,.F.);
#1335 = FACE_BOUND('',#1336,.T.);
#1336 = EDGE_LOOP('',(#1337,#1338,#1347,#1355));
#1337 = ORIENTED_EDGE('',*,*,#1316,.T.);
#1338 = ORIENTED_EDGE('',*,*,#1339,.T.);
#1339 = EDGE_CURVE('',#1309,#1340,#1342,.T.);
#1340 = VERTEX_POINT('',#1341);
#1341 = CARTESIAN_POINT('',(-13.50499966,-60.8180013,0.E+000));
#1342 = CIRCLE('',#1343,0.6499987);
#1343 = AXIS2_PLACEMENT_3D('',#1344,#1345,#1346);
#1344 = CARTESIAN_POINT('',(-13.50499966,-61.468,0.E+000));
#1345 = DIRECTION('',(0.E+000,0.E+000,1.));
#1346 = DIRECTION('',(-0.E+000,-1.,0.E+000));
#1347 = ORIENTED_EDGE('',*,*,#1348,.F.);
#1348 = EDGE_CURVE('',#1349,#1340,#1351,.T.);
#1349 = VERTEX_POINT('',#1350);
#1350 = CARTESIAN_POINT('',(-13.50499966,-60.8180013,-0.41148));
#1351 = LINE('',#1352,#1353);
#1352 = CARTESIAN_POINT('',(-13.50499966,-60.8180013,-0.41148));
#1353 = VECTOR('',#1354,1.);
#1354 = DIRECTION('',(0.E+000,0.E+000,1.));
#1355 = ORIENTED_EDGE('',*,*,#1356,.F.);
#1356 = EDGE_CURVE('',#1317,#1349,#1357,.T.);
#1357 = CIRCLE('',#1358,0.6499987);
#1358 = AXIS2_PLACEMENT_3D('',#1359,#1360,#1361);
#1359 = CARTESIAN_POINT('',(-13.50499966,-61.468,-0.41148));
#1360 = DIRECTION('',(0.E+000,0.E+000,1.));
#1361 = DIRECTION('',(-0.E+000,-1.,0.E+000));
#1362 = CYLINDRICAL_SURFACE('',#1363,0.6499987);
#1363 = AXIS2_PLACEMENT_3D('',#1364,#1365,#1366);
#1364 = CARTESIAN_POINT('',(-13.50499966,-61.468,-0.41148));
#1365 = DIRECTION('',(-0.E+000,-0.E+000,-1.));
#1366 = DIRECTION('',(-0.E+000,-1.,0.E+000));
#1367 = ADVANCED_FACE('',(#1368),#1393,.T.);
#1368 = FACE_BOUND('',#1369,.T.);
#1369 = EDGE_LOOP('',(#1370,#1371,#1379,#1387));
#1370 = ORIENTED_EDGE('',*,*,#1348,.T.);
#1371 = ORIENTED_EDGE('',*,*,#1372,.T.);
#1372 = EDGE_CURVE('',#1340,#1373,#1375,.T.);
#1373 = VERTEX_POINT('',#1374);
#1374 = CARTESIAN_POINT('',(-15.70500034,-60.8180013,0.E+000));
#1375 = LINE('',#1376,#1377);
#1376 = CARTESIAN_POINT('',(-13.50499966,-60.8180013,0.E+000));
#1377 = VECTOR('',#1378,1.);
#1378 = DIRECTION('',(-1.,0.E+000,0.E+000));
#1379 = ORIENTED_EDGE('',*,*,#1380,.F.);
#1380 = EDGE_CURVE('',#1381,#1373,#1383,.T.);
#1381 = VERTEX_POINT('',#1382);
#1382 = CARTESIAN_POINT('',(-15.70500034,-60.8180013,-0.41148));
#1383 = LINE('',#1384,#1385);
#1384 = CARTESIAN_POINT('',(-15.70500034,-60.8180013,-0.41148));
#1385 = VECTOR('',#1386,1.);
#1386 = DIRECTION('',(0.E+000,0.E+000,1.));
#1387 = ORIENTED_EDGE('',*,*,#1388,.F.);
#1388 = EDGE_CURVE('',#1349,#1381,#1389,.T.);
#1389 = LINE('',#1390,#1391);
#1390 = CARTESIAN_POINT('',(-13.50499966,-60.8180013,-0.41148));
#1391 = VECTOR('',#1392,1.);
#1392 = DIRECTION('',(-1.,0.E+000,0.E+000));
#1393 = PLANE('',#1394);
#1394 = AXIS2_PLACEMENT_3D('',#1395,#1396,#1397);
#1395 = CARTESIAN_POINT('',(-13.50499966,-60.8180013,-0.41148));
#1396 = DIRECTION('',(0.E+000,-1.,0.E+000));
#1397 = DIRECTION('',(-1.,0.E+000,0.E+000));
#1398 = ADVANCED_FACE('',(#1399),#1417,.F.);
#1399 = FACE_BOUND('',#1400,.T.);
#1400 = EDGE_LOOP('',(#1401,#1402,#1409,#1410));
#1401 = ORIENTED_EDGE('',*,*,#1380,.T.);
#1402 = ORIENTED_EDGE('',*,*,#1403,.T.);
#1403 = EDGE_CURVE('',#1373,#1301,#1404,.T.);
#1404 = CIRCLE('',#1405,0.6499987);
#1405 = AXIS2_PLACEMENT_3D('',#1406,#1407,#1408);
#1406 = CARTESIAN_POINT('',(-15.70500034,-61.468,0.E+000));
#1407 = DIRECTION('',(0.E+000,-0.E+000,1.));
#1408 = DIRECTION('',(0.E+000,1.,0.E+000));
#1409 = ORIENTED_EDGE('',*,*,#1298,.F.);
#1410 = ORIENTED_EDGE('',*,*,#1411,.F.);
#1411 = EDGE_CURVE('',#1381,#1299,#1412,.T.);
#1412 = CIRCLE('',#1413,0.6499987);
#1413 = AXIS2_PLACEMENT_3D('',#1414,#1415,#1416);
#1414 = CARTESIAN_POINT('',(-15.70500034,-61.468,-0.41148));
#1415 = DIRECTION('',(0.E+000,-0.E+000,1.));
#1416 = DIRECTION('',(0.E+000,1.,0.E+000));
#1417 = CYLINDRICAL_SURFACE('',#1418,0.6499987);
#1418 = AXIS2_PLACEMENT_3D('',#1419,#1420,#1421);
#1419 = CARTESIAN_POINT('',(-15.70500034,-61.468,-0.41148));
#1420 = DIRECTION('',(-0.E+000,0.E+000,-1.));
#1421 = DIRECTION('',(0.E+000,1.,0.E+000));
#1422 = ADVANCED_FACE('',(#1423),#1450,.F.);
#1423 = FACE_BOUND('',#1424,.T.);
#1424 = EDGE_LOOP('',(#1425,#1435,#1442,#1443));
#1425 = ORIENTED_EDGE('',*,*,#1426,.T.);
#1426 = EDGE_CURVE('',#1427,#1429,#1431,.T.);
#1427 = VERTEX_POINT('',#1428);
#1428 = CARTESIAN_POINT('',(-14.781,-52.11,-0.41148));
#1429 = VERTEX_POINT('',#1430);
#1430 = CARTESIAN_POINT('',(-14.781,-52.11,0.E+000));
#1431 = LINE('',#1432,#1433);
#1432 = CARTESIAN_POINT('',(-14.781,-52.11,-0.41148));
#1433 = VECTOR('',#1434,1.);
#1434 = DIRECTION('',(0.E+000,0.E+000,1.));
#1435 = ORIENTED_EDGE('',*,*,#1436,.T.);
#1436 = EDGE_CURVE('',#1429,#1429,#1437,.T.);
#1437 = CIRCLE('',#1438,0.25);
#1438 = AXIS2_PLACEMENT_3D('',#1439,#1440,#1441);
#1439 = CARTESIAN_POINT('',(-15.031,-52.11,0.E+000));
#1440 = DIRECTION('',(0.E+000,0.E+000,1.));
#1441 = DIRECTION('',(1.,0.E+000,-0.E+000));
#1442 = ORIENTED_EDGE('',*,*,#1426,.F.);
#1443 = ORIENTED_EDGE('',*,*,#1444,.F.);
#1444 = EDGE_CURVE('',#1427,#1427,#1445,.T.);
#1445 = CIRCLE('',#1446,0.25);
#1446 = AXIS2_PLACEMENT_3D('',#1447,#1448,#1449);
#1447 = CARTESIAN_POINT('',(-15.031,-52.11,-0.41148));
#1448 = DIRECTION('',(0.E+000,0.E+000,1.));
#1449 = DIRECTION('',(1.,0.E+000,-0.E+000));
#1450 = CYLINDRICAL_SURFACE('',#1451,0.25);
#1451 = AXIS2_PLACEMENT_3D('',#1452,#1453,#1454);
#1452 = CARTESIAN_POINT('',(-15.031,-52.11,-0.41148));
#1453 = DIRECTION('',(-0.E+000,-0.E+000,-1.));
#1454 = DIRECTION('',(1.,0.E+000,-0.E+000));
#1455 = ADVANCED_FACE('',(#1456),#1483,.F.);
#1456 = FACE_BOUND('',#1457,.T.);
#1457 = EDGE_LOOP('',(#1458,#1468,#1475,#1476));
#1458 = ORIENTED_EDGE('',*,*,#1459,.T.);
#1459 = EDGE_CURVE('',#1460,#1462,#1464,.T.);
#1460 = VERTEX_POINT('',#1461);
#1461 = CARTESIAN_POINT('',(-13.353,-51.524,-0.41148));
#1462 = VERTEX_POINT('',#1463);
#1463 = CARTESIAN_POINT('',(-13.353,-51.524,0.E+000));
#1464 = LINE('',#1465,#1466);
#1465 = CARTESIAN_POINT('',(-13.353,-51.524,-0.41148));
#1466 = VECTOR('',#1467,1.);
#1467 = DIRECTION('',(0.E+000,0.E+000,1.));
#1468 = ORIENTED_EDGE('',*,*,#1469,.T.);
#1469 = EDGE_CURVE('',#1462,#1462,#1470,.T.);
#1470 = CIRCLE('',#1471,0.25);
#1471 = AXIS2_PLACEMENT_3D('',#1472,#1473,#1474);
#1472 = CARTESIAN_POINT('',(-13.603,-51.524,0.E+000));
#1473 = DIRECTION('',(0.E+000,0.E+000,1.));
#1474 = DIRECTION('',(1.,0.E+000,-0.E+000));
#1475 = ORIENTED_EDGE('',*,*,#1459,.F.);
#1476 = ORIENTED_EDGE('',*,*,#1477,.F.);
#1477 = EDGE_CURVE('',#1460,#1460,#1478,.T.);
#1478 = CIRCLE('',#1479,0.25);
#1479 = AXIS2_PLACEMENT_3D('',#1480,#1481,#1482);
#1480 = CARTESIAN_POINT('',(-13.603,-51.524,-0.41148));
#1481 = DIRECTION('',(0.E+000,0.E+000,1.));
#1482 = DIRECTION('',(1.,0.E+000,-0.E+000));
#1483 = CYLINDRICAL_SURFACE('',#1484,0.25);
#1484 = AXIS2_PLACEMENT_3D('',#1485,#1486,#1487);
#1485 = CARTESIAN_POINT('',(-13.603,-51.524,-0.41148));
#1486 = DIRECTION('',(-0.E+000,-0.E+000,-1.));
#1487 = DIRECTION('',(1.,0.E+000,-0.E+000));
#1488 = ADVANCED_FACE('',(#1489),#1516,.F.);
#1489 = FACE_BOUND('',#1490,.T.);
#1490 = EDGE_LOOP('',(#1491,#1501,#1508,#1509));
#1491 = ORIENTED_EDGE('',*,*,#1492,.T.);
#1492 = EDGE_CURVE('',#1493,#1495,#1497,.T.);
#1493 = VERTEX_POINT('',#1494);
#1494 = CARTESIAN_POINT('',(-12.622,-49.941,-0.41148));
#1495 = VERTEX_POINT('',#1496);
#1496 = CARTESIAN_POINT('',(-12.622,-49.941,0.E+000));
#1497 = LINE('',#1498,#1499);
#1498 = CARTESIAN_POINT('',(-12.622,-49.941,-0.41148));
#1499 = VECTOR('',#1500,1.);
#1500 = DIRECTION('',(0.E+000,0.E+000,1.));
#1501 = ORIENTED_EDGE('',*,*,#1502,.T.);
#1502 = EDGE_CURVE('',#1495,#1495,#1503,.T.);
#1503 = CIRCLE('',#1504,0.25);
#1504 = AXIS2_PLACEMENT_3D('',#1505,#1506,#1507);
#1505 = CARTESIAN_POINT('',(-12.872,-49.941,0.E+000));
#1506 = DIRECTION('',(0.E+000,0.E+000,1.));
#1507 = DIRECTION('',(1.,0.E+000,-0.E+000));
#1508 = ORIENTED_EDGE('',*,*,#1492,.F.);
#1509 = ORIENTED_EDGE('',*,*,#1510,.F.);
#1510 = EDGE_CURVE('',#1493,#1493,#1511,.T.);
#1511 = CIRCLE('',#1512,0.25);
#1512 = AXIS2_PLACEMENT_3D('',#1513,#1514,#1515);
#1513 = CARTESIAN_POINT('',(-12.872,-49.941,-0.41148));
#1514 = DIRECTION('',(0.E+000,0.E+000,1.));
#1515 = DIRECTION('',(1.,0.E+000,-0.E+000));
#1516 = CYLINDRICAL_SURFACE('',#1517,0.25);
#1517 = AXIS2_PLACEMENT_3D('',#1518,#1519,#1520);
#1518 = CARTESIAN_POINT('',(-12.872,-49.941,-0.41148));
#1519 = DIRECTION('',(-0.E+000,-0.E+000,-1.));
#1520 = DIRECTION('',(1.,0.E+000,-0.E+000));
#1521 = ADVANCED_FACE('',(#1522),#1556,.T.);
#1522 = FACE_BOUND('',#1523,.T.);
#1523 = EDGE_LOOP('',(#1524,#1534,#1542,#1550));
#1524 = ORIENTED_EDGE('',*,*,#1525,.T.);
#1525 = EDGE_CURVE('',#1526,#1528,#1530,.T.);
#1526 = VERTEX_POINT('',#1527);
#1527 = CARTESIAN_POINT('',(-8.21200034,-66.8169987,-0.41148));
#1528 = VERTEX_POINT('',#1529);
#1529 = CARTESIAN_POINT('',(-8.21200034,-66.8169987,0.E+000));
#1530 = LINE('',#1531,#1532);
#1531 = CARTESIAN_POINT('',(-8.21200034,-66.8169987,-0.41148));
#1532 = VECTOR('',#1533,1.);
#1533 = DIRECTION('',(0.E+000,0.E+000,1.));
#1534 = ORIENTED_EDGE('',*,*,#1535,.T.);
#1535 = EDGE_CURVE('',#1528,#1536,#1538,.T.);
#1536 = VERTEX_POINT('',#1537);
#1537 = CARTESIAN_POINT('',(-6.01199966,-66.8169987,0.E+000));
#1538 = LINE('',#1539,#1540);
#1539 = CARTESIAN_POINT('',(-8.21200034,-66.8169987,0.E+000));
#1540 = VECTOR('',#1541,1.);
#1541 = DIRECTION('',(1.,0.E+000,0.E+000));
#1542 = ORIENTED_EDGE('',*,*,#1543,.F.);
#1543 = EDGE_CURVE('',#1544,#1536,#1546,.T.);
#1544 = VERTEX_POINT('',#1545);
#1545 = CARTESIAN_POINT('',(-6.01199966,-66.8169987,-0.41148));
#1546 = LINE('',#1547,#1548);
#1547 = CARTESIAN_POINT('',(-6.01199966,-66.8169987,-0.41148));
#1548 = VECTOR('',#1549,1.);
#1549 = DIRECTION('',(0.E+000,0.E+000,1.));
#1550 = ORIENTED_EDGE('',*,*,#1551,.F.);
#1551 = EDGE_CURVE('',#1526,#1544,#1552,.T.);
#1552 = LINE('',#1553,#1554);
#1553 = CARTESIAN_POINT('',(-8.21200034,-66.8169987,-0.41148));
#1554 = VECTOR('',#1555,1.);
#1555 = DIRECTION('',(1.,0.E+000,0.E+000));
#1556 = PLANE('',#1557);
#1557 = AXIS2_PLACEMENT_3D('',#1558,#1559,#1560);
#1558 = CARTESIAN_POINT('',(-8.21200034,-66.8169987,-0.41148));
#1559 = DIRECTION('',(0.E+000,1.,0.E+000));
#1560 = DIRECTION('',(1.,0.E+000,0.E+000));
#1561 = ADVANCED_FACE('',(#1562),#1589,.F.);
#1562 = FACE_BOUND('',#1563,.T.);
#1563 = EDGE_LOOP('',(#1564,#1565,#1574,#1582));
#1564 = ORIENTED_EDGE('',*,*,#1543,.T.);
#1565 = ORIENTED_EDGE('',*,*,#1566,.T.);
#1566 = EDGE_CURVE('',#1536,#1567,#1569,.T.);
#1567 = VERTEX_POINT('',#1568);
#1568 = CARTESIAN_POINT('',(-6.01199966,-65.5170013,0.E+000));
#1569 = CIRCLE('',#1570,0.6499987);
#1570 = AXIS2_PLACEMENT_3D('',#1571,#1572,#1573);
#1571 = CARTESIAN_POINT('',(-6.01199966,-66.167,0.E+000));
#1572 = DIRECTION('',(0.E+000,0.E+000,1.));
#1573 = DIRECTION('',(-0.E+000,-1.,0.E+000));
#1574 = ORIENTED_EDGE('',*,*,#1575,.F.);
#1575 = EDGE_CURVE('',#1576,#1567,#1578,.T.);
#1576 = VERTEX_POINT('',#1577);
#1577 = CARTESIAN_POINT('',(-6.01199966,-65.5170013,-0.41148));
#1578 = LINE('',#1579,#1580);
#1579 = CARTESIAN_POINT('',(-6.01199966,-65.5170013,-0.41148));
#1580 = VECTOR('',#1581,1.);
#1581 = DIRECTION('',(0.E+000,0.E+000,1.));
#1582 = ORIENTED_EDGE('',*,*,#1583,.F.);
#1583 = EDGE_CURVE('',#1544,#1576,#1584,.T.);
#1584 = CIRCLE('',#1585,0.6499987);
#1585 = AXIS2_PLACEMENT_3D('',#1586,#1587,#1588);
#1586 = CARTESIAN_POINT('',(-6.01199966,-66.167,-0.41148));
#1587 = DIRECTION('',(0.E+000,0.E+000,1.));
#1588 = DIRECTION('',(-0.E+000,-1.,0.E+000));
#1589 = CYLINDRICAL_SURFACE('',#1590,0.6499987);
#1590 = AXIS2_PLACEMENT_3D('',#1591,#1592,#1593);
#1591 = CARTESIAN_POINT('',(-6.01199966,-66.167,-0.41148));
#1592 = DIRECTION('',(-0.E+000,-0.E+000,-1.));
#1593 = DIRECTION('',(-0.E+000,-1.,0.E+000));
#1594 = ADVANCED_FACE('',(#1595),#1620,.T.);
#1595 = FACE_BOUND('',#1596,.T.);
#1596 = EDGE_LOOP('',(#1597,#1598,#1606,#1614));
#1597 = ORIENTED_EDGE('',*,*,#1575,.T.);
#1598 = ORIENTED_EDGE('',*,*,#1599,.T.);
#1599 = EDGE_CURVE('',#1567,#1600,#1602,.T.);
#1600 = VERTEX_POINT('',#1601);
#1601 = CARTESIAN_POINT('',(-8.21200034,-65.5170013,0.E+000));
#1602 = LINE('',#1603,#1604);
#1603 = CARTESIAN_POINT('',(-6.01199966,-65.5170013,0.E+000));
#1604 = VECTOR('',#1605,1.);
#1605 = DIRECTION('',(-1.,0.E+000,0.E+000));
#1606 = ORIENTED_EDGE('',*,*,#1607,.F.);
#1607 = EDGE_CURVE('',#1608,#1600,#1610,.T.);
#1608 = VERTEX_POINT('',#1609);
#1609 = CARTESIAN_POINT('',(-8.21200034,-65.5170013,-0.41148));
#1610 = LINE('',#1611,#1612);
#1611 = CARTESIAN_POINT('',(-8.21200034,-65.5170013,-0.41148));
#1612 = VECTOR('',#1613,1.);
#1613 = DIRECTION('',(0.E+000,0.E+000,1.));
#1614 = ORIENTED_EDGE('',*,*,#1615,.F.);
#1615 = EDGE_CURVE('',#1576,#1608,#1616,.T.);
#1616 = LINE('',#1617,#1618);
#1617 = CARTESIAN_POINT('',(-6.01199966,-65.5170013,-0.41148));
#1618 = VECTOR('',#1619,1.);
#1619 = DIRECTION('',(-1.,0.E+000,0.E+000));
#1620 = PLANE('',#1621);
#1621 = AXIS2_PLACEMENT_3D('',#1622,#1623,#1624);
#1622 = CARTESIAN_POINT('',(-6.01199966,-65.5170013,-0.41148));
#1623 = DIRECTION('',(0.E+000,-1.,0.E+000));
#1624 = DIRECTION('',(-1.,0.E+000,0.E+000));
#1625 = ADVANCED_FACE('',(#1626),#1644,.F.);
#1626 = FACE_BOUND('',#1627,.T.);
#1627 = EDGE_LOOP('',(#1628,#1629,#1636,#1637));
#1628 = ORIENTED_EDGE('',*,*,#1607,.T.);
#1629 = ORIENTED_EDGE('',*,*,#1630,.T.);
#1630 = EDGE_CURVE('',#1600,#1528,#1631,.T.);
#1631 = CIRCLE('',#1632,0.6499987);
#1632 = AXIS2_PLACEMENT_3D('',#1633,#1634,#1635);
#1633 = CARTESIAN_POINT('',(-8.21200034,-66.167,0.E+000));
#1634 = DIRECTION('',(0.E+000,-0.E+000,1.));
#1635 = DIRECTION('',(0.E+000,1.,0.E+000));
#1636 = ORIENTED_EDGE('',*,*,#1525,.F.);
#1637 = ORIENTED_EDGE('',*,*,#1638,.F.);
#1638 = EDGE_CURVE('',#1608,#1526,#1639,.T.);
#1639 = CIRCLE('',#1640,0.6499987);
#1640 = AXIS2_PLACEMENT_3D('',#1641,#1642,#1643);
#1641 = CARTESIAN_POINT('',(-8.21200034,-66.167,-0.41148));
#1642 = DIRECTION('',(0.E+000,-0.E+000,1.));
#1643 = DIRECTION('',(0.E+000,1.,0.E+000));
#1644 = CYLINDRICAL_SURFACE('',#1645,0.6499987);
#1645 = AXIS2_PLACEMENT_3D('',#1646,#1647,#1648);
#1646 = CARTESIAN_POINT('',(-8.21200034,-66.167,-0.41148));
#1647 = DIRECTION('',(-0.E+000,0.E+000,-1.));
#1648 = DIRECTION('',(0.E+000,1.,0.E+000));
#1649 = ADVANCED_FACE('',(#1650),#1677,.F.);
#1650 = FACE_BOUND('',#1651,.T.);
#1651 = EDGE_LOOP('',(#1652,#1662,#1669,#1670));
#1652 = ORIENTED_EDGE('',*,*,#1653,.T.);
#1653 = EDGE_CURVE('',#1654,#1656,#1658,.T.);
#1654 = VERTEX_POINT('',#1655);
#1655 = CARTESIAN_POINT('',(-0.285,-64.008,-0.41148));
#1656 = VERTEX_POINT('',#1657);
#1657 = CARTESIAN_POINT('',(-0.285,-64.008,0.E+000));
#1658 = LINE('',#1659,#1660);
#1659 = CARTESIAN_POINT('',(-0.285,-64.008,-0.41148));
#1660 = VECTOR('',#1661,1.);
#1661 = DIRECTION('',(0.E+000,0.E+000,1.));
#1662 = ORIENTED_EDGE('',*,*,#1663,.T.);
#1663 = EDGE_CURVE('',#1656,#1656,#1664,.T.);
#1664 = CIRCLE('',#1665,0.35);
#1665 = AXIS2_PLACEMENT_3D('',#1666,#1667,#1668);
#1666 = CARTESIAN_POINT('',(-0.635,-64.008,0.E+000));
#1667 = DIRECTION('',(0.E+000,0.E+000,1.));
#1668 = DIRECTION('',(1.,0.E+000,-0.E+000));
#1669 = ORIENTED_EDGE('',*,*,#1653,.F.);
#1670 = ORIENTED_EDGE('',*,*,#1671,.F.);
#1671 = EDGE_CURVE('',#1654,#1654,#1672,.T.);
#1672 = CIRCLE('',#1673,0.35);
#1673 = AXIS2_PLACEMENT_3D('',#1674,#1675,#1676);
#1674 = CARTESIAN_POINT('',(-0.635,-64.008,-0.41148));
#1675 = DIRECTION('',(0.E+000,0.E+000,1.));
#1676 = DIRECTION('',(1.,0.E+000,-0.E+000));
#1677 = CYLINDRICAL_SURFACE('',#1678,0.35);
#1678 = AXIS2_PLACEMENT_3D('',#1679,#1680,#1681);
#1679 = CARTESIAN_POINT('',(-0.635,-64.008,-0.41148));
#1680 = DIRECTION('',(-0.E+000,-0.E+000,-1.));
#1681 = DIRECTION('',(1.,0.E+000,-0.E+000));
#1682 = ADVANCED_FACE('',(#1683),#1717,.T.);
#1683 = FACE_BOUND('',#1684,.T.);
#1684 = EDGE_LOOP('',(#1685,#1695,#1703,#1711));
#1685 = ORIENTED_EDGE('',*,*,#1686,.T.);
#1686 = EDGE_CURVE('',#1687,#1689,#1691,.T.);
#1687 = VERTEX_POINT('',#1688);
#1688 = CARTESIAN_POINT('',(-8.21200034,-62.1179987,-0.41148));
#1689 = VERTEX_POINT('',#1690);
#1690 = CARTESIAN_POINT('',(-8.21200034,-62.1179987,0.E+000));
#1691 = LINE('',#1692,#1693);
#1692 = CARTESIAN_POINT('',(-8.21200034,-62.1179987,-0.41148));
#1693 = VECTOR('',#1694,1.);
#1694 = DIRECTION('',(0.E+000,0.E+000,1.));
#1695 = ORIENTED_EDGE('',*,*,#1696,.T.);
#1696 = EDGE_CURVE('',#1689,#1697,#1699,.T.);
#1697 = VERTEX_POINT('',#1698);
#1698 = CARTESIAN_POINT('',(-6.01199966,-62.1179987,0.E+000));
#1699 = LINE('',#1700,#1701);
#1700 = CARTESIAN_POINT('',(-8.21200034,-62.1179987,0.E+000));
#1701 = VECTOR('',#1702,1.);
#1702 = DIRECTION('',(1.,0.E+000,0.E+000));
#1703 = ORIENTED_EDGE('',*,*,#1704,.F.);
#1704 = EDGE_CURVE('',#1705,#1697,#1707,.T.);
#1705 = VERTEX_POINT('',#1706);
#1706 = CARTESIAN_POINT('',(-6.01199966,-62.1179987,-0.41148));
#1707 = LINE('',#1708,#1709);
#1708 = CARTESIAN_POINT('',(-6.01199966,-62.1179987,-0.41148));
#1709 = VECTOR('',#1710,1.);
#1710 = DIRECTION('',(0.E+000,0.E+000,1.));
#1711 = ORIENTED_EDGE('',*,*,#1712,.F.);
#1712 = EDGE_CURVE('',#1687,#1705,#1713,.T.);
#1713 = LINE('',#1714,#1715);
#1714 = CARTESIAN_POINT('',(-8.21200034,-62.1179987,-0.41148));
#1715 = VECTOR('',#1716,1.);
#1716 = DIRECTION('',(1.,0.E+000,0.E+000));
#1717 = PLANE('',#1718);
#1718 = AXIS2_PLACEMENT_3D('',#1719,#1720,#1721);
#1719 = CARTESIAN_POINT('',(-8.21200034,-62.1179987,-0.41148));
#1720 = DIRECTION('',(0.E+000,1.,0.E+000));
#1721 = DIRECTION('',(1.,0.E+000,0.E+000));
#1722 = ADVANCED_FACE('',(#1723),#1750,.F.);
#1723 = FACE_BOUND('',#1724,.T.);
#1724 = EDGE_LOOP('',(#1725,#1726,#1735,#1743));
#1725 = ORIENTED_EDGE('',*,*,#1704,.T.);
#1726 = ORIENTED_EDGE('',*,*,#1727,.T.);
#1727 = EDGE_CURVE('',#1697,#1728,#1730,.T.);
#1728 = VERTEX_POINT('',#1729);
#1729 = CARTESIAN_POINT('',(-6.01199966,-60.8180013,0.E+000));
#1730 = CIRCLE('',#1731,0.6499987);
#1731 = AXIS2_PLACEMENT_3D('',#1732,#1733,#1734);
#1732 = CARTESIAN_POINT('',(-6.01199966,-61.468,0.E+000));
#1733 = DIRECTION('',(0.E+000,0.E+000,1.));
#1734 = DIRECTION('',(-0.E+000,-1.,0.E+000));
#1735 = ORIENTED_EDGE('',*,*,#1736,.F.);
#1736 = EDGE_CURVE('',#1737,#1728,#1739,.T.);
#1737 = VERTEX_POINT('',#1738);
#1738 = CARTESIAN_POINT('',(-6.01199966,-60.8180013,-0.41148));
#1739 = LINE('',#1740,#1741);
#1740 = CARTESIAN_POINT('',(-6.01199966,-60.8180013,-0.41148));
#1741 = VECTOR('',#1742,1.);
#1742 = DIRECTION('',(0.E+000,0.E+000,1.));
#1743 = ORIENTED_EDGE('',*,*,#1744,.F.);
#1744 = EDGE_CURVE('',#1705,#1737,#1745,.T.);
#1745 = CIRCLE('',#1746,0.6499987);
#1746 = AXIS2_PLACEMENT_3D('',#1747,#1748,#1749);
#1747 = CARTESIAN_POINT('',(-6.01199966,-61.468,-0.41148));
#1748 = DIRECTION('',(0.E+000,0.E+000,1.));
#1749 = DIRECTION('',(-0.E+000,-1.,0.E+000));
#1750 = CYLINDRICAL_SURFACE('',#1751,0.6499987);
#1751 = AXIS2_PLACEMENT_3D('',#1752,#1753,#1754);
#1752 = CARTESIAN_POINT('',(-6.01199966,-61.468,-0.41148));
#1753 = DIRECTION('',(-0.E+000,-0.E+000,-1.));
#1754 = DIRECTION('',(-0.E+000,-1.,0.E+000));
#1755 = ADVANCED_FACE('',(#1756),#1781,.T.);
#1756 = FACE_BOUND('',#1757,.T.);
#1757 = EDGE_LOOP('',(#1758,#1759,#1767,#1775));
#1758 = ORIENTED_EDGE('',*,*,#1736,.T.);
#1759 = ORIENTED_EDGE('',*,*,#1760,.T.);
#1760 = EDGE_CURVE('',#1728,#1761,#1763,.T.);
#1761 = VERTEX_POINT('',#1762);
#1762 = CARTESIAN_POINT('',(-8.21200034,-60.8180013,0.E+000));
#1763 = LINE('',#1764,#1765);
#1764 = CARTESIAN_POINT('',(-6.01199966,-60.8180013,0.E+000));
#1765 = VECTOR('',#1766,1.);
#1766 = DIRECTION('',(-1.,0.E+000,0.E+000));
#1767 = ORIENTED_EDGE('',*,*,#1768,.F.);
#1768 = EDGE_CURVE('',#1769,#1761,#1771,.T.);
#1769 = VERTEX_POINT('',#1770);
#1770 = CARTESIAN_POINT('',(-8.21200034,-60.8180013,-0.41148));
#1771 = LINE('',#1772,#1773);
#1772 = CARTESIAN_POINT('',(-8.21200034,-60.8180013,-0.41148));
#1773 = VECTOR('',#1774,1.);
#1774 = DIRECTION('',(0.E+000,0.E+000,1.));
#1775 = ORIENTED_EDGE('',*,*,#1776,.F.);
#1776 = EDGE_CURVE('',#1737,#1769,#1777,.T.);
#1777 = LINE('',#1778,#1779);
#1778 = CARTESIAN_POINT('',(-6.01199966,-60.8180013,-0.41148));
#1779 = VECTOR('',#1780,1.);
#1780 = DIRECTION('',(-1.,0.E+000,0.E+000));
#1781 = PLANE('',#1782);
#1782 = AXIS2_PLACEMENT_3D('',#1783,#1784,#1785);
#1783 = CARTESIAN_POINT('',(-6.01199966,-60.8180013,-0.41148));
#1784 = DIRECTION('',(0.E+000,-1.,0.E+000));
#1785 = DIRECTION('',(-1.,0.E+000,0.E+000));
#1786 = ADVANCED_FACE('',(#1787),#1805,.F.);
#1787 = FACE_BOUND('',#1788,.T.);
#1788 = EDGE_LOOP('',(#1789,#1790,#1797,#1798));
#1789 = ORIENTED_EDGE('',*,*,#1768,.T.);
#1790 = ORIENTED_EDGE('',*,*,#1791,.T.);
#1791 = EDGE_CURVE('',#1761,#1689,#1792,.T.);
#1792 = CIRCLE('',#1793,0.6499987);
#1793 = AXIS2_PLACEMENT_3D('',#1794,#1795,#1796);
#1794 = CARTESIAN_POINT('',(-8.21200034,-61.468,0.E+000));
#1795 = DIRECTION('',(0.E+000,-0.E+000,1.));
#1796 = DIRECTION('',(0.E+000,1.,0.E+000));
#1797 = ORIENTED_EDGE('',*,*,#1686,.F.);
#1798 = ORIENTED_EDGE('',*,*,#1799,.F.);
#1799 = EDGE_CURVE('',#1769,#1687,#1800,.T.);
#1800 = CIRCLE('',#1801,0.6499987);
#1801 = AXIS2_PLACEMENT_3D('',#1802,#1803,#1804);
#1802 = CARTESIAN_POINT('',(-8.21200034,-61.468,-0.41148));
#1803 = DIRECTION('',(0.E+000,-0.E+000,1.));
#1804 = DIRECTION('',(0.E+000,1.,0.E+000));
#1805 = CYLINDRICAL_SURFACE('',#1806,0.6499987);
#1806 = AXIS2_PLACEMENT_3D('',#1807,#1808,#1809);
#1807 = CARTESIAN_POINT('',(-8.21200034,-61.468,-0.41148));
#1808 = DIRECTION('',(-0.E+000,0.E+000,-1.));
#1809 = DIRECTION('',(0.E+000,1.,0.E+000));
#1810 = ADVANCED_FACE('',(#1811),#1838,.F.);
#1811 = FACE_BOUND('',#1812,.T.);
#1812 = EDGE_LOOP('',(#1813,#1823,#1830,#1831));
#1813 = ORIENTED_EDGE('',*,*,#1814,.T.);
#1814 = EDGE_CURVE('',#1815,#1817,#1819,.T.);
#1815 = VERTEX_POINT('',#1816);
#1816 = CARTESIAN_POINT('',(-0.285,-56.508,-0.41148));
#1817 = VERTEX_POINT('',#1818);
#1818 = CARTESIAN_POINT('',(-0.285,-56.508,0.E+000));
#1819 = LINE('',#1820,#1821);
#1820 = CARTESIAN_POINT('',(-0.285,-56.508,-0.41148));
#1821 = VECTOR('',#1822,1.);
#1822 = DIRECTION('',(0.E+000,0.E+000,1.));
#1823 = ORIENTED_EDGE('',*,*,#1824,.T.);
#1824 = EDGE_CURVE('',#1817,#1817,#1825,.T.);
#1825 = CIRCLE('',#1826,0.35);
#1826 = AXIS2_PLACEMENT_3D('',#1827,#1828,#1829);
#1827 = CARTESIAN_POINT('',(-0.635,-56.508,0.E+000));
#1828 = DIRECTION('',(0.E+000,0.E+000,1.));
#1829 = DIRECTION('',(1.,0.E+000,-0.E+000));
#1830 = ORIENTED_EDGE('',*,*,#1814,.F.);
#1831 = ORIENTED_EDGE('',*,*,#1832,.F.);
#1832 = EDGE_CURVE('',#1815,#1815,#1833,.T.);
#1833 = CIRCLE('',#1834,0.35);
#1834 = AXIS2_PLACEMENT_3D('',#1835,#1836,#1837);
#1835 = CARTESIAN_POINT('',(-0.635,-56.508,-0.41148));
#1836 = DIRECTION('',(0.E+000,0.E+000,1.));
#1837 = DIRECTION('',(1.,0.E+000,-0.E+000));
#1838 = CYLINDRICAL_SURFACE('',#1839,0.35);
#1839 = AXIS2_PLACEMENT_3D('',#1840,#1841,#1842);
#1840 = CARTESIAN_POINT('',(-0.635,-56.508,-0.41148));
#1841 = DIRECTION('',(-0.E+000,-0.E+000,-1.));
#1842 = DIRECTION('',(1.,0.E+000,-0.E+000));
#1843 = ADVANCED_FACE('',(#1844),#1878,.T.);
#1844 = FACE_BOUND('',#1845,.T.);
#1845 = EDGE_LOOP('',(#1846,#1856,#1864,#1872));
#1846 = ORIENTED_EDGE('',*,*,#1847,.T.);
#1847 = EDGE_CURVE('',#1848,#1850,#1852,.T.);
#1848 = VERTEX_POINT('',#1849);
#1849 = CARTESIAN_POINT('',(-8.21200034,-57.4189987,-0.41148));
#1850 = VERTEX_POINT('',#1851);
#1851 = CARTESIAN_POINT('',(-8.21200034,-57.4189987,0.E+000));
#1852 = LINE('',#1853,#1854);
#1853 = CARTESIAN_POINT('',(-8.21200034,-57.4189987,-0.41148));
#1854 = VECTOR('',#1855,1.);
#1855 = DIRECTION('',(0.E+000,0.E+000,1.));
#1856 = ORIENTED_EDGE('',*,*,#1857,.T.);
#1857 = EDGE_CURVE('',#1850,#1858,#1860,.T.);
#1858 = VERTEX_POINT('',#1859);
#1859 = CARTESIAN_POINT('',(-6.01199966,-57.4189987,0.E+000));
#1860 = LINE('',#1861,#1862);
#1861 = CARTESIAN_POINT('',(-8.21200034,-57.4189987,0.E+000));
#1862 = VECTOR('',#1863,1.);
#1863 = DIRECTION('',(1.,0.E+000,0.E+000));
#1864 = ORIENTED_EDGE('',*,*,#1865,.F.);
#1865 = EDGE_CURVE('',#1866,#1858,#1868,.T.);
#1866 = VERTEX_POINT('',#1867);
#1867 = CARTESIAN_POINT('',(-6.01199966,-57.4189987,-0.41148));
#1868 = LINE('',#1869,#1870);
#1869 = CARTESIAN_POINT('',(-6.01199966,-57.4189987,-0.41148));
#1870 = VECTOR('',#1871,1.);
#1871 = DIRECTION('',(0.E+000,0.E+000,1.));
#1872 = ORIENTED_EDGE('',*,*,#1873,.F.);
#1873 = EDGE_CURVE('',#1848,#1866,#1874,.T.);
#1874 = LINE('',#1875,#1876);
#1875 = CARTESIAN_POINT('',(-8.21200034,-57.4189987,-0.41148));
#1876 = VECTOR('',#1877,1.);
#1877 = DIRECTION('',(1.,0.E+000,0.E+000));
#1878 = PLANE('',#1879);
#1879 = AXIS2_PLACEMENT_3D('',#1880,#1881,#1882);
#1880 = CARTESIAN_POINT('',(-8.21200034,-57.4189987,-0.41148));
#1881 = DIRECTION('',(0.E+000,1.,0.E+000));
#1882 = DIRECTION('',(1.,0.E+000,0.E+000));
#1883 = ADVANCED_FACE('',(#1884),#1911,.F.);
#1884 = FACE_BOUND('',#1885,.T.);
#1885 = EDGE_LOOP('',(#1886,#1887,#1896,#1904));
#1886 = ORIENTED_EDGE('',*,*,#1865,.T.);
#1887 = ORIENTED_EDGE('',*,*,#1888,.T.);
#1888 = EDGE_CURVE('',#1858,#1889,#1891,.T.);
#1889 = VERTEX_POINT('',#1890);
#1890 = CARTESIAN_POINT('',(-6.01199966,-56.1190013,0.E+000));
#1891 = CIRCLE('',#1892,0.6499987);
#1892 = AXIS2_PLACEMENT_3D('',#1893,#1894,#1895);
#1893 = CARTESIAN_POINT('',(-6.01199966,-56.769,0.E+000));
#1894 = DIRECTION('',(0.E+000,0.E+000,1.));
#1895 = DIRECTION('',(-0.E+000,-1.,0.E+000));
#1896 = ORIENTED_EDGE('',*,*,#1897,.F.);
#1897 = EDGE_CURVE('',#1898,#1889,#1900,.T.);
#1898 = VERTEX_POINT('',#1899);
#1899 = CARTESIAN_POINT('',(-6.01199966,-56.1190013,-0.41148));
#1900 = LINE('',#1901,#1902);
#1901 = CARTESIAN_POINT('',(-6.01199966,-56.1190013,-0.41148));
#1902 = VECTOR('',#1903,1.);
#1903 = DIRECTION('',(0.E+000,0.E+000,1.));
#1904 = ORIENTED_EDGE('',*,*,#1905,.F.);
#1905 = EDGE_CURVE('',#1866,#1898,#1906,.T.);
#1906 = CIRCLE('',#1907,0.6499987);
#1907 = AXIS2_PLACEMENT_3D('',#1908,#1909,#1910);
#1908 = CARTESIAN_POINT('',(-6.01199966,-56.769,-0.41148));
#1909 = DIRECTION('',(0.E+000,0.E+000,1.));
#1910 = DIRECTION('',(-0.E+000,-1.,0.E+000));
#1911 = CYLINDRICAL_SURFACE('',#1912,0.6499987);
#1912 = AXIS2_PLACEMENT_3D('',#1913,#1914,#1915);
#1913 = CARTESIAN_POINT('',(-6.01199966,-56.769,-0.41148));
#1914 = DIRECTION('',(-0.E+000,-0.E+000,-1.));
#1915 = DIRECTION('',(-0.E+000,-1.,0.E+000));
#1916 = ADVANCED_FACE('',(#1917),#1942,.T.);
#1917 = FACE_BOUND('',#1918,.T.);
#1918 = EDGE_LOOP('',(#1919,#1920,#1928,#1936));
#1919 = ORIENTED_EDGE('',*,*,#1897,.T.);
#1920 = ORIENTED_EDGE('',*,*,#1921,.T.);
#1921 = EDGE_CURVE('',#1889,#1922,#1924,.T.);
#1922 = VERTEX_POINT('',#1923);
#1923 = CARTESIAN_POINT('',(-8.21200034,-56.1190013,0.E+000));
#1924 = LINE('',#1925,#1926);
#1925 = CARTESIAN_POINT('',(-6.01199966,-56.1190013,0.E+000));
#1926 = VECTOR('',#1927,1.);
#1927 = DIRECTION('',(-1.,0.E+000,0.E+000));
#1928 = ORIENTED_EDGE('',*,*,#1929,.F.);
#1929 = EDGE_CURVE('',#1930,#1922,#1932,.T.);
#1930 = VERTEX_POINT('',#1931);
#1931 = CARTESIAN_POINT('',(-8.21200034,-56.1190013,-0.41148));
#1932 = LINE('',#1933,#1934);
#1933 = CARTESIAN_POINT('',(-8.21200034,-56.1190013,-0.41148));
#1934 = VECTOR('',#1935,1.);
#1935 = DIRECTION('',(0.E+000,0.E+000,1.));
#1936 = ORIENTED_EDGE('',*,*,#1937,.F.);
#1937 = EDGE_CURVE('',#1898,#1930,#1938,.T.);
#1938 = LINE('',#1939,#1940);
#1939 = CARTESIAN_POINT('',(-6.01199966,-56.1190013,-0.41148));
#1940 = VECTOR('',#1941,1.);
#1941 = DIRECTION('',(-1.,0.E+000,0.E+000));
#1942 = PLANE('',#1943);
#1943 = AXIS2_PLACEMENT_3D('',#1944,#1945,#1946);
#1944 = CARTESIAN_POINT('',(-6.01199966,-56.1190013,-0.41148));
#1945 = DIRECTION('',(0.E+000,-1.,0.E+000));
#1946 = DIRECTION('',(-1.,0.E+000,0.E+000));
#1947 = ADVANCED_FACE('',(#1948),#1966,.F.);
#1948 = FACE_BOUND('',#1949,.T.);
#1949 = EDGE_LOOP('',(#1950,#1951,#1958,#1959));
#1950 = ORIENTED_EDGE('',*,*,#1929,.T.);
#1951 = ORIENTED_EDGE('',*,*,#1952,.T.);
#1952 = EDGE_CURVE('',#1922,#1850,#1953,.T.);
#1953 = CIRCLE('',#1954,0.6499987);
#1954 = AXIS2_PLACEMENT_3D('',#1955,#1956,#1957);
#1955 = CARTESIAN_POINT('',(-8.21200034,-56.769,0.E+000));
#1956 = DIRECTION('',(0.E+000,-0.E+000,1.));
#1957 = DIRECTION('',(0.E+000,1.,0.E+000));
#1958 = ORIENTED_EDGE('',*,*,#1847,.F.);
#1959 = ORIENTED_EDGE('',*,*,#1960,.F.);
#1960 = EDGE_CURVE('',#1930,#1848,#1961,.T.);
#1961 = CIRCLE('',#1962,0.6499987);
#1962 = AXIS2_PLACEMENT_3D('',#1963,#1964,#1965);
#1963 = CARTESIAN_POINT('',(-8.21200034,-56.769,-0.41148));
#1964 = DIRECTION('',(0.E+000,-0.E+000,1.));
#1965 = DIRECTION('',(0.E+000,1.,0.E+000));
#1966 = CYLINDRICAL_SURFACE('',#1967,0.6499987);
#1967 = AXIS2_PLACEMENT_3D('',#1968,#1969,#1970);
#1968 = CARTESIAN_POINT('',(-8.21200034,-56.769,-0.41148));
#1969 = DIRECTION('',(-0.E+000,0.E+000,-1.));
#1970 = DIRECTION('',(0.E+000,1.,0.E+000));
#1971 = ADVANCED_FACE('',(#1972),#1999,.F.);
#1972 = FACE_BOUND('',#1973,.T.);
#1973 = EDGE_LOOP('',(#1974,#1984,#1991,#1992));
#1974 = ORIENTED_EDGE('',*,*,#1975,.T.);
#1975 = EDGE_CURVE('',#1976,#1978,#1980,.T.);
#1976 = VERTEX_POINT('',#1977);
#1977 = CARTESIAN_POINT('',(8.128,-58.42,-0.41148));
#1978 = VERTEX_POINT('',#1979);
#1979 = CARTESIAN_POINT('',(8.128,-58.42,0.E+000));
#1980 = LINE('',#1981,#1982);
#1981 = CARTESIAN_POINT('',(8.128,-58.42,-0.41148));
#1982 = VECTOR('',#1983,1.);
#1983 = DIRECTION('',(0.E+000,0.E+000,1.));
#1984 = ORIENTED_EDGE('',*,*,#1985,.T.);
#1985 = EDGE_CURVE('',#1978,#1978,#1986,.T.);
#1986 = CIRCLE('',#1987,0.508);
#1987 = AXIS2_PLACEMENT_3D('',#1988,#1989,#1990);
#1988 = CARTESIAN_POINT('',(7.62,-58.42,0.E+000));
#1989 = DIRECTION('',(0.E+000,0.E+000,1.));
#1990 = DIRECTION('',(1.,0.E+000,-0.E+000));
#1991 = ORIENTED_EDGE('',*,*,#1975,.F.);
#1992 = ORIENTED_EDGE('',*,*,#1993,.F.);
#1993 = EDGE_CURVE('',#1976,#1976,#1994,.T.);
#1994 = CIRCLE('',#1995,0.508);
#1995 = AXIS2_PLACEMENT_3D('',#1996,#1997,#1998);
#1996 = CARTESIAN_POINT('',(7.62,-58.42,-0.41148));
#1997 = DIRECTION('',(0.E+000,0.E+000,1.));
#1998 = DIRECTION('',(1.,0.E+000,-0.E+000));
#1999 = CYLINDRICAL_SURFACE('',#2000,0.508);
#2000 = AXIS2_PLACEMENT_3D('',#2001,#2002,#2003);
#2001 = CARTESIAN_POINT('',(7.62,-58.42,-0.41148));
#2002 = DIRECTION('',(-0.E+000,-0.E+000,-1.));
#2003 = DIRECTION('',(1.,0.E+000,-0.E+000));
#2004 = ADVANCED_FACE('',(#2005),#2032,.F.);
#2005 = FACE_BOUND('',#2006,.T.);
#2006 = EDGE_LOOP('',(#2007,#2017,#2024,#2025));
#2007 = ORIENTED_EDGE('',*,*,#2008,.T.);
#2008 = EDGE_CURVE('',#2009,#2011,#2013,.T.);
#2009 = VERTEX_POINT('',#2010);
#2010 = CARTESIAN_POINT('',(8.128,-55.499,-0.41148));
#2011 = VERTEX_POINT('',#2012);
#2012 = CARTESIAN_POINT('',(8.128,-55.499,0.E+000));
#2013 = LINE('',#2014,#2015);
#2014 = CARTESIAN_POINT('',(8.128,-55.499,-0.41148));
#2015 = VECTOR('',#2016,1.);
#2016 = DIRECTION('',(0.E+000,0.E+000,1.));
#2017 = ORIENTED_EDGE('',*,*,#2018,.T.);
#2018 = EDGE_CURVE('',#2011,#2011,#2019,.T.);
#2019 = CIRCLE('',#2020,0.508);
#2020 = AXIS2_PLACEMENT_3D('',#2021,#2022,#2023);
#2021 = CARTESIAN_POINT('',(7.62,-55.499,0.E+000));
#2022 = DIRECTION('',(0.E+000,0.E+000,1.));
#2023 = DIRECTION('',(1.,0.E+000,-0.E+000));
#2024 = ORIENTED_EDGE('',*,*,#2008,.F.);
#2025 = ORIENTED_EDGE('',*,*,#2026,.F.);
#2026 = EDGE_CURVE('',#2009,#2009,#2027,.T.);
#2027 = CIRCLE('',#2028,0.508);
#2028 = AXIS2_PLACEMENT_3D('',#2029,#2030,#2031);
#2029 = CARTESIAN_POINT('',(7.62,-55.499,-0.41148));
#2030 = DIRECTION('',(0.E+000,0.E+000,1.));
#2031 = DIRECTION('',(1.,0.E+000,-0.E+000));
#2032 = CYLINDRICAL_SURFACE('',#2033,0.508);
#2033 = AXIS2_PLACEMENT_3D('',#2034,#2035,#2036);
#2034 = CARTESIAN_POINT('',(7.62,-55.499,-0.41148));
#2035 = DIRECTION('',(-0.E+000,-0.E+000,-1.));
#2036 = DIRECTION('',(1.,0.E+000,-0.E+000));
#2037 = ADVANCED_FACE('',(#2038),#2065,.F.);
#2038 = FACE_BOUND('',#2039,.T.);
#2039 = EDGE_LOOP('',(#2040,#2050,#2057,#2058));
#2040 = ORIENTED_EDGE('',*,*,#2041,.T.);
#2041 = EDGE_CURVE('',#2042,#2044,#2046,.T.);
#2042 = VERTEX_POINT('',#2043);
#2043 = CARTESIAN_POINT('',(-15.756,-26.811,-0.41148));
#2044 = VERTEX_POINT('',#2045);
#2045 = CARTESIAN_POINT('',(-15.756,-26.811,0.E+000));
#2046 = LINE('',#2047,#2048);
#2047 = CARTESIAN_POINT('',(-15.756,-26.811,-0.41148));
#2048 = VECTOR('',#2049,1.);
#2049 = DIRECTION('',(0.E+000,0.E+000,1.));
#2050 = ORIENTED_EDGE('',*,*,#2051,.T.);
#2051 = EDGE_CURVE('',#2044,#2044,#2052,.T.);
#2052 = CIRCLE('',#2053,0.5);
#2053 = AXIS2_PLACEMENT_3D('',#2054,#2055,#2056);
#2054 = CARTESIAN_POINT('',(-16.256,-26.811,0.E+000));
#2055 = DIRECTION('',(0.E+000,0.E+000,1.));
#2056 = DIRECTION('',(1.,0.E+000,-0.E+000));
#2057 = ORIENTED_EDGE('',*,*,#2041,.F.);
#2058 = ORIENTED_EDGE('',*,*,#2059,.F.);
#2059 = EDGE_CURVE('',#2042,#2042,#2060,.T.);
#2060 = CIRCLE('',#2061,0.5);
#2061 = AXIS2_PLACEMENT_3D('',#2062,#2063,#2064);
#2062 = CARTESIAN_POINT('',(-16.256,-26.811,-0.41148));
#2063 = DIRECTION('',(0.E+000,0.E+000,1.));
#2064 = DIRECTION('',(1.,0.E+000,-0.E+000));
#2065 = CYLINDRICAL_SURFACE('',#2066,0.5);
#2066 = AXIS2_PLACEMENT_3D('',#2067,#2068,#2069);
#2067 = CARTESIAN_POINT('',(-16.256,-26.811,-0.41148));
#2068 = DIRECTION('',(-0.E+000,-0.E+000,-1.));
#2069 = DIRECTION('',(1.,0.E+000,-0.E+000));
#2070 = ADVANCED_FACE('',(#2071),#2098,.F.);
#2071 = FACE_BOUND('',#2072,.T.);
#2072 = EDGE_LOOP('',(#2073,#2083,#2090,#2091));
#2073 = ORIENTED_EDGE('',*,*,#2074,.T.);
#2074 = EDGE_CURVE('',#2075,#2077,#2079,.T.);
#2075 = VERTEX_POINT('',#2076);
#2076 = CARTESIAN_POINT('',(-15.756,-34.431,-0.41148));
#2077 = VERTEX_POINT('',#2078);
#2078 = CARTESIAN_POINT('',(-15.756,-34.431,0.E+000));
#2079 = LINE('',#2080,#2081);
#2080 = CARTESIAN_POINT('',(-15.756,-34.431,-0.41148));
#2081 = VECTOR('',#2082,1.);
#2082 = DIRECTION('',(0.E+000,0.E+000,1.));
#2083 = ORIENTED_EDGE('',*,*,#2084,.T.);
#2084 = EDGE_CURVE('',#2077,#2077,#2085,.T.);
#2085 = CIRCLE('',#2086,0.5);
#2086 = AXIS2_PLACEMENT_3D('',#2087,#2088,#2089);
#2087 = CARTESIAN_POINT('',(-16.256,-34.431,0.E+000));
#2088 = DIRECTION('',(0.E+000,0.E+000,1.));
#2089 = DIRECTION('',(1.,0.E+000,-0.E+000));
#2090 = ORIENTED_EDGE('',*,*,#2074,.F.);
#2091 = ORIENTED_EDGE('',*,*,#2092,.F.);
#2092 = EDGE_CURVE('',#2075,#2075,#2093,.T.);
#2093 = CIRCLE('',#2094,0.5);
#2094 = AXIS2_PLACEMENT_3D('',#2095,#2096,#2097);
#2095 = CARTESIAN_POINT('',(-16.256,-34.431,-0.41148));
#2096 = DIRECTION('',(0.E+000,0.E+000,1.));
#2097 = DIRECTION('',(1.,0.E+000,-0.E+000));
#2098 = CYLINDRICAL_SURFACE('',#2099,0.5);
#2099 = AXIS2_PLACEMENT_3D('',#2100,#2101,#2102);
#2100 = CARTESIAN_POINT('',(-16.256,-34.431,-0.41148));
#2101 = DIRECTION('',(-0.E+000,-0.E+000,-1.));
#2102 = DIRECTION('',(1.,0.E+000,-0.E+000));
#2103 = ADVANCED_FACE('',(#2104),#2131,.F.);
#2104 = FACE_BOUND('',#2105,.T.);
#2105 = EDGE_LOOP('',(#2106,#2116,#2123,#2124));
#2106 = ORIENTED_EDGE('',*,*,#2107,.T.);
#2107 = EDGE_CURVE('',#2108,#2110,#2112,.T.);
#2108 = VERTEX_POINT('',#2109);
#2109 = CARTESIAN_POINT('',(-15.756,-31.891,-0.41148));
#2110 = VERTEX_POINT('',#2111);
#2111 = CARTESIAN_POINT('',(-15.756,-31.891,0.E+000));
#2112 = LINE('',#2113,#2114);
#2113 = CARTESIAN_POINT('',(-15.756,-31.891,-0.41148));
#2114 = VECTOR('',#2115,1.);
#2115 = DIRECTION('',(0.E+000,0.E+000,1.));
#2116 = ORIENTED_EDGE('',*,*,#2117,.T.);
#2117 = EDGE_CURVE('',#2110,#2110,#2118,.T.);
#2118 = CIRCLE('',#2119,0.5);
#2119 = AXIS2_PLACEMENT_3D('',#2120,#2121,#2122);
#2120 = CARTESIAN_POINT('',(-16.256,-31.891,0.E+000));
#2121 = DIRECTION('',(0.E+000,0.E+000,1.));
#2122 = DIRECTION('',(1.,0.E+000,-0.E+000));
#2123 = ORIENTED_EDGE('',*,*,#2107,.F.);
#2124 = ORIENTED_EDGE('',*,*,#2125,.F.);
#2125 = EDGE_CURVE('',#2108,#2108,#2126,.T.);
#2126 = CIRCLE('',#2127,0.5);
#2127 = AXIS2_PLACEMENT_3D('',#2128,#2129,#2130);
#2128 = CARTESIAN_POINT('',(-16.256,-31.891,-0.41148));
#2129 = DIRECTION('',(0.E+000,0.E+000,1.));
#2130 = DIRECTION('',(1.,0.E+000,-0.E+000));
#2131 = CYLINDRICAL_SURFACE('',#2132,0.5);
#2132 = AXIS2_PLACEMENT_3D('',#2133,#2134,#2135);
#2133 = CARTESIAN_POINT('',(-16.256,-31.891,-0.41148));
#2134 = DIRECTION('',(-0.E+000,-0.E+000,-1.));
#2135 = DIRECTION('',(1.,0.E+000,-0.E+000));
#2136 = ADVANCED_FACE('',(#2137),#2164,.F.);
#2137 = FACE_BOUND('',#2138,.T.);
#2138 = EDGE_LOOP('',(#2139,#2149,#2156,#2157));
#2139 = ORIENTED_EDGE('',*,*,#2140,.T.);
#2140 = EDGE_CURVE('',#2141,#2143,#2145,.T.);
#2141 = VERTEX_POINT('',#2142);
#2142 = CARTESIAN_POINT('',(-15.756,-16.651,-0.41148));
#2143 = VERTEX_POINT('',#2144);
#2144 = CARTESIAN_POINT('',(-15.756,-16.651,0.E+000));
#2145 = LINE('',#2146,#2147);
#2146 = CARTESIAN_POINT('',(-15.756,-16.651,-0.41148));
#2147 = VECTOR('',#2148,1.);
#2148 = DIRECTION('',(0.E+000,0.E+000,1.));
#2149 = ORIENTED_EDGE('',*,*,#2150,.T.);
#2150 = EDGE_CURVE('',#2143,#2143,#2151,.T.);
#2151 = CIRCLE('',#2152,0.5);
#2152 = AXIS2_PLACEMENT_3D('',#2153,#2154,#2155);
#2153 = CARTESIAN_POINT('',(-16.256,-16.651,0.E+000));
#2154 = DIRECTION('',(0.E+000,0.E+000,1.));
#2155 = DIRECTION('',(1.,0.E+000,-0.E+000));
#2156 = ORIENTED_EDGE('',*,*,#2140,.F.);
#2157 = ORIENTED_EDGE('',*,*,#2158,.F.);
#2158 = EDGE_CURVE('',#2141,#2141,#2159,.T.);
#2159 = CIRCLE('',#2160,0.5);
#2160 = AXIS2_PLACEMENT_3D('',#2161,#2162,#2163);
#2161 = CARTESIAN_POINT('',(-16.256,-16.651,-0.41148));
#2162 = DIRECTION('',(0.E+000,0.E+000,1.));
#2163 = DIRECTION('',(1.,0.E+000,-0.E+000));
#2164 = CYLINDRICAL_SURFACE('',#2165,0.5);
#2165 = AXIS2_PLACEMENT_3D('',#2166,#2167,#2168);
#2166 = CARTESIAN_POINT('',(-16.256,-16.651,-0.41148));
#2167 = DIRECTION('',(-0.E+000,-0.E+000,-1.));
#2168 = DIRECTION('',(1.,0.E+000,-0.E+000));
#2169 = ADVANCED_FACE('',(#2170),#2197,.F.);
#2170 = FACE_BOUND('',#2171,.T.);
#2171 = EDGE_LOOP('',(#2172,#2182,#2189,#2190));
#2172 = ORIENTED_EDGE('',*,*,#2173,.T.);
#2173 = EDGE_CURVE('',#2174,#2176,#2178,.T.);
#2174 = VERTEX_POINT('',#2175);
#2175 = CARTESIAN_POINT('',(-15.756,-21.731,-0.41148));
#2176 = VERTEX_POINT('',#2177);
#2177 = CARTESIAN_POINT('',(-15.756,-21.731,0.E+000));
#2178 = LINE('',#2179,#2180);
#2179 = CARTESIAN_POINT('',(-15.756,-21.731,-0.41148));
#2180 = VECTOR('',#2181,1.);
#2181 = DIRECTION('',(0.E+000,0.E+000,1.));
#2182 = ORIENTED_EDGE('',*,*,#2183,.T.);
#2183 = EDGE_CURVE('',#2176,#2176,#2184,.T.);
#2184 = CIRCLE('',#2185,0.5);
#2185 = AXIS2_PLACEMENT_3D('',#2186,#2187,#2188);
#2186 = CARTESIAN_POINT('',(-16.256,-21.731,0.E+000));
#2187 = DIRECTION('',(0.E+000,0.E+000,1.));
#2188 = DIRECTION('',(1.,0.E+000,-0.E+000));
#2189 = ORIENTED_EDGE('',*,*,#2173,.F.);
#2190 = ORIENTED_EDGE('',*,*,#2191,.F.);
#2191 = EDGE_CURVE('',#2174,#2174,#2192,.T.);
#2192 = CIRCLE('',#2193,0.5);
#2193 = AXIS2_PLACEMENT_3D('',#2194,#2195,#2196);
#2194 = CARTESIAN_POINT('',(-16.256,-21.731,-0.41148));
#2195 = DIRECTION('',(0.E+000,0.E+000,1.));
#2196 = DIRECTION('',(1.,0.E+000,-0.E+000));
#2197 = CYLINDRICAL_SURFACE('',#2198,0.5);
#2198 = AXIS2_PLACEMENT_3D('',#2199,#2200,#2201);
#2199 = CARTESIAN_POINT('',(-16.256,-21.731,-0.41148));
#2200 = DIRECTION('',(-0.E+000,-0.E+000,-1.));
#2201 = DIRECTION('',(1.,0.E+000,-0.E+000));
#2202 = ADVANCED_FACE('',(#2203),#2230,.F.);
#2203 = FACE_BOUND('',#2204,.T.);
#2204 = EDGE_LOOP('',(#2205,#2215,#2222,#2223));
#2205 = ORIENTED_EDGE('',*,*,#2206,.T.);
#2206 = EDGE_CURVE('',#2207,#2209,#2211,.T.);
#2207 = VERTEX_POINT('',#2208);
#2208 = CARTESIAN_POINT('',(-15.756,-19.191,-0.41148));
#2209 = VERTEX_POINT('',#2210);
#2210 = CARTESIAN_POINT('',(-15.756,-19.191,0.E+000));
#2211 = LINE('',#2212,#2213);
#2212 = CARTESIAN_POINT('',(-15.756,-19.191,-0.41148));
#2213 = VECTOR('',#2214,1.);
#2214 = DIRECTION('',(0.E+000,0.E+000,1.));
#2215 = ORIENTED_EDGE('',*,*,#2216,.T.);
#2216 = EDGE_CURVE('',#2209,#2209,#2217,.T.);
#2217 = CIRCLE('',#2218,0.5);
#2218 = AXIS2_PLACEMENT_3D('',#2219,#2220,#2221);
#2219 = CARTESIAN_POINT('',(-16.256,-19.191,0.E+000));
#2220 = DIRECTION('',(0.E+000,0.E+000,1.));
#2221 = DIRECTION('',(1.,0.E+000,-0.E+000));
#2222 = ORIENTED_EDGE('',*,*,#2206,.F.);
#2223 = ORIENTED_EDGE('',*,*,#2224,.F.);
#2224 = EDGE_CURVE('',#2207,#2207,#2225,.T.);
#2225 = CIRCLE('',#2226,0.5);
#2226 = AXIS2_PLACEMENT_3D('',#2227,#2228,#2229);
#2227 = CARTESIAN_POINT('',(-16.256,-19.191,-0.41148));
#2228 = DIRECTION('',(0.E+000,0.E+000,1.));
#2229 = DIRECTION('',(1.,0.E+000,-0.E+000));
#2230 = CYLINDRICAL_SURFACE('',#2231,0.5);
#2231 = AXIS2_PLACEMENT_3D('',#2232,#2233,#2234);
#2232 = CARTESIAN_POINT('',(-16.256,-19.191,-0.41148));
#2233 = DIRECTION('',(-0.E+000,-0.E+000,-1.));
#2234 = DIRECTION('',(1.,0.E+000,-0.E+000));
#2235 = ADVANCED_FACE('',(#2236),#2263,.F.);
#2236 = FACE_BOUND('',#2237,.T.);
#2237 = EDGE_LOOP('',(#2238,#2248,#2255,#2256));
#2238 = ORIENTED_EDGE('',*,*,#2239,.T.);
#2239 = EDGE_CURVE('',#2240,#2242,#2244,.T.);
#2240 = VERTEX_POINT('',#2241);
#2241 = CARTESIAN_POINT('',(-13.353,-48.476,-0.41148));
#2242 = VERTEX_POINT('',#2243);
#2243 = CARTESIAN_POINT('',(-13.353,-48.476,0.E+000));
#2244 = LINE('',#2245,#2246);
#2245 = CARTESIAN_POINT('',(-13.353,-48.476,-0.41148));
#2246 = VECTOR('',#2247,1.);
#2247 = DIRECTION('',(0.E+000,0.E+000,1.));
#2248 = ORIENTED_EDGE('',*,*,#2249,.T.);
#2249 = EDGE_CURVE('',#2242,#2242,#2250,.T.);
#2250 = CIRCLE('',#2251,0.25);
#2251 = AXIS2_PLACEMENT_3D('',#2252,#2253,#2254);
#2252 = CARTESIAN_POINT('',(-13.603,-48.476,0.E+000));
#2253 = DIRECTION('',(0.E+000,0.E+000,1.));
#2254 = DIRECTION('',(1.,0.E+000,-0.E+000));
#2255 = ORIENTED_EDGE('',*,*,#2239,.F.);
#2256 = ORIENTED_EDGE('',*,*,#2257,.F.);
#2257 = EDGE_CURVE('',#2240,#2240,#2258,.T.);
#2258 = CIRCLE('',#2259,0.25);
#2259 = AXIS2_PLACEMENT_3D('',#2260,#2261,#2262);
#2260 = CARTESIAN_POINT('',(-13.603,-48.476,-0.41148));
#2261 = DIRECTION('',(0.E+000,0.E+000,1.));
#2262 = DIRECTION('',(1.,0.E+000,-0.E+000));
#2263 = CYLINDRICAL_SURFACE('',#2264,0.25);
#2264 = AXIS2_PLACEMENT_3D('',#2265,#2266,#2267);
#2265 = CARTESIAN_POINT('',(-13.603,-48.476,-0.41148));
#2266 = DIRECTION('',(-0.E+000,-0.E+000,-1.));
#2267 = DIRECTION('',(1.,0.E+000,-0.E+000));
#2268 = ADVANCED_FACE('',(#2269),#2296,.F.);
#2269 = FACE_BOUND('',#2270,.T.);
#2270 = EDGE_LOOP('',(#2271,#2281,#2288,#2289));
#2271 = ORIENTED_EDGE('',*,*,#2272,.T.);
#2272 = EDGE_CURVE('',#2273,#2275,#2277,.T.);
#2273 = VERTEX_POINT('',#2274);
#2274 = CARTESIAN_POINT('',(1.566,-49.213,-0.41148));
#2275 = VERTEX_POINT('',#2276);
#2276 = CARTESIAN_POINT('',(1.566,-49.213,0.E+000));
#2277 = LINE('',#2278,#2279);
#2278 = CARTESIAN_POINT('',(1.566,-49.213,-0.41148));
#2279 = VECTOR('',#2280,1.);
#2280 = DIRECTION('',(0.E+000,0.E+000,1.));
#2281 = ORIENTED_EDGE('',*,*,#2282,.T.);
#2282 = EDGE_CURVE('',#2275,#2275,#2283,.T.);
#2283 = CIRCLE('',#2284,0.55);
#2284 = AXIS2_PLACEMENT_3D('',#2285,#2286,#2287);
#2285 = CARTESIAN_POINT('',(1.016,-49.213,0.E+000));
#2286 = DIRECTION('',(0.E+000,0.E+000,1.));
#2287 = DIRECTION('',(1.,0.E+000,-0.E+000));
#2288 = ORIENTED_EDGE('',*,*,#2272,.F.);
#2289 = ORIENTED_EDGE('',*,*,#2290,.F.);
#2290 = EDGE_CURVE('',#2273,#2273,#2291,.T.);
#2291 = CIRCLE('',#2292,0.55);
#2292 = AXIS2_PLACEMENT_3D('',#2293,#2294,#2295);
#2293 = CARTESIAN_POINT('',(1.016,-49.213,-0.41148));
#2294 = DIRECTION('',(0.E+000,0.E+000,1.));
#2295 = DIRECTION('',(1.,0.E+000,-0.E+000));
#2296 = CYLINDRICAL_SURFACE('',#2297,0.55);
#2297 = AXIS2_PLACEMENT_3D('',#2298,#2299,#2300);
#2298 = CARTESIAN_POINT('',(1.016,-49.213,-0.41148));
#2299 = DIRECTION('',(-0.E+000,-0.E+000,-1.));
#2300 = DIRECTION('',(1.,0.E+000,-0.E+000));
#2301 = ADVANCED_FACE('',(#2302),#2329,.F.);
#2302 = FACE_BOUND('',#2303,.T.);
#2303 = EDGE_LOOP('',(#2304,#2314,#2321,#2322));
#2304 = ORIENTED_EDGE('',*,*,#2305,.T.);
#2305 = EDGE_CURVE('',#2306,#2308,#2310,.T.);
#2306 = VERTEX_POINT('',#2307);
#2307 = CARTESIAN_POINT('',(-13.25,-50.,-0.41148));
#2308 = VERTEX_POINT('',#2309);
#2309 = CARTESIAN_POINT('',(-13.25,-50.,0.E+000));
#2310 = LINE('',#2311,#2312);
#2311 = CARTESIAN_POINT('',(-13.25,-50.,-0.41148));
#2312 = VECTOR('',#2313,1.);
#2313 = DIRECTION('',(0.E+000,0.E+000,1.));
#2314 = ORIENTED_EDGE('',*,*,#2315,.T.);
#2315 = EDGE_CURVE('',#2308,#2308,#2316,.T.);
#2316 = CIRCLE('',#2317,1.75);
#2317 = AXIS2_PLACEMENT_3D('',#2318,#2319,#2320);
#2318 = CARTESIAN_POINT('',(-15.,-50.,0.E+000));
#2319 = DIRECTION('',(0.E+000,0.E+000,1.));
#2320 = DIRECTION('',(1.,0.E+000,-0.E+000));
#2321 = ORIENTED_EDGE('',*,*,#2305,.F.);
#2322 = ORIENTED_EDGE('',*,*,#2323,.F.);
#2323 = EDGE_CURVE('',#2306,#2306,#2324,.T.);
#2324 = CIRCLE('',#2325,1.75);
#2325 = AXIS2_PLACEMENT_3D('',#2326,#2327,#2328);
#2326 = CARTESIAN_POINT('',(-15.,-50.,-0.41148));
#2327 = DIRECTION('',(0.E+000,0.E+000,1.));
#2328 = DIRECTION('',(1.,0.E+000,-0.E+000));
#2329 = CYLINDRICAL_SURFACE('',#2330,1.75);
#2330 = AXIS2_PLACEMENT_3D('',#2331,#2332,#2333);
#2331 = CARTESIAN_POINT('',(-15.,-50.,-0.41148));
#2332 = DIRECTION('',(-0.E+000,-0.E+000,-1.));
#2333 = DIRECTION('',(1.,0.E+000,-0.E+000));
#2334 = ADVANCED_FACE('',(#2335),#2362,.F.);
#2335 = FACE_BOUND('',#2336,.T.);
#2336 = EDGE_LOOP('',(#2337,#2347,#2354,#2355));
#2337 = ORIENTED_EDGE('',*,*,#2338,.T.);
#2338 = EDGE_CURVE('',#2339,#2341,#2343,.T.);
#2339 = VERTEX_POINT('',#2340);
#2340 = CARTESIAN_POINT('',(-14.75,-47.841,-0.41148));
#2341 = VERTEX_POINT('',#2342);
#2342 = CARTESIAN_POINT('',(-14.75,-47.841,0.E+000));
#2343 = LINE('',#2344,#2345);
#2344 = CARTESIAN_POINT('',(-14.75,-47.841,-0.41148));
#2345 = VECTOR('',#2346,1.);
#2346 = DIRECTION('',(0.E+000,0.E+000,1.));
#2347 = ORIENTED_EDGE('',*,*,#2348,.T.);
#2348 = EDGE_CURVE('',#2341,#2341,#2349,.T.);
#2349 = CIRCLE('',#2350,0.25);
#2350 = AXIS2_PLACEMENT_3D('',#2351,#2352,#2353);
#2351 = CARTESIAN_POINT('',(-15.,-47.841,0.E+000));
#2352 = DIRECTION('',(0.E+000,0.E+000,1.));
#2353 = DIRECTION('',(1.,0.E+000,-0.E+000));
#2354 = ORIENTED_EDGE('',*,*,#2338,.F.);
#2355 = ORIENTED_EDGE('',*,*,#2356,.F.);
#2356 = EDGE_CURVE('',#2339,#2339,#2357,.T.);
#2357 = CIRCLE('',#2358,0.25);
#2358 = AXIS2_PLACEMENT_3D('',#2359,#2360,#2361);
#2359 = CARTESIAN_POINT('',(-15.,-47.841,-0.41148));
#2360 = DIRECTION('',(0.E+000,0.E+000,1.));
#2361 = DIRECTION('',(1.,0.E+000,-0.E+000));
#2362 = CYLINDRICAL_SURFACE('',#2363,0.25);
#2363 = AXIS2_PLACEMENT_3D('',#2364,#2365,#2366);
#2364 = CARTESIAN_POINT('',(-15.,-47.841,-0.41148));
#2365 = DIRECTION('',(-0.E+000,-0.E+000,-1.));
#2366 = DIRECTION('',(1.,0.E+000,-0.E+000));
#2367 = ADVANCED_FACE('',(#2368),#2395,.F.);
#2368 = FACE_BOUND('',#2369,.T.);
#2369 = EDGE_LOOP('',(#2370,#2380,#2387,#2388));
#2370 = ORIENTED_EDGE('',*,*,#2371,.T.);
#2371 = EDGE_CURVE('',#2372,#2374,#2376,.T.);
#2372 = VERTEX_POINT('',#2373);
#2373 = CARTESIAN_POINT('',(1.566,-46.713,-0.41148));
#2374 = VERTEX_POINT('',#2375);
#2375 = CARTESIAN_POINT('',(1.566,-46.713,0.E+000));
#2376 = LINE('',#2377,#2378);
#2377 = CARTESIAN_POINT('',(1.566,-46.713,-0.41148));
#2378 = VECTOR('',#2379,1.);
#2379 = DIRECTION('',(0.E+000,0.E+000,1.));
#2380 = ORIENTED_EDGE('',*,*,#2381,.T.);
#2381 = EDGE_CURVE('',#2374,#2374,#2382,.T.);
#2382 = CIRCLE('',#2383,0.55);
#2383 = AXIS2_PLACEMENT_3D('',#2384,#2385,#2386);
#2384 = CARTESIAN_POINT('',(1.016,-46.713,0.E+000));
#2385 = DIRECTION('',(0.E+000,0.E+000,1.));
#2386 = DIRECTION('',(1.,0.E+000,-0.E+000));
#2387 = ORIENTED_EDGE('',*,*,#2371,.F.);
#2388 = ORIENTED_EDGE('',*,*,#2389,.F.);
#2389 = EDGE_CURVE('',#2372,#2372,#2390,.T.);
#2390 = CIRCLE('',#2391,0.55);
#2391 = AXIS2_PLACEMENT_3D('',#2392,#2393,#2394);
#2392 = CARTESIAN_POINT('',(1.016,-46.713,-0.41148));
#2393 = DIRECTION('',(0.E+000,0.E+000,1.));
#2394 = DIRECTION('',(1.,0.E+000,-0.E+000));
#2395 = CYLINDRICAL_SURFACE('',#2396,0.55);
#2396 = AXIS2_PLACEMENT_3D('',#2397,#2398,#2399);
#2397 = CARTESIAN_POINT('',(1.016,-46.713,-0.41148));
#2398 = DIRECTION('',(-0.E+000,-0.E+000,-1.));
#2399 = DIRECTION('',(1.,0.E+000,-0.E+000));
#2400 = ADVANCED_FACE('',(#2401),#2428,.F.);
#2401 = FACE_BOUND('',#2402,.T.);
#2402 = EDGE_LOOP('',(#2403,#2413,#2420,#2421));
#2403 = ORIENTED_EDGE('',*,*,#2404,.T.);
#2404 = EDGE_CURVE('',#2405,#2407,#2409,.T.);
#2405 = VERTEX_POINT('',#2406);
#2406 = CARTESIAN_POINT('',(1.566,-44.213,-0.41148));
#2407 = VERTEX_POINT('',#2408);
#2408 = CARTESIAN_POINT('',(1.566,-44.213,0.E+000));
#2409 = LINE('',#2410,#2411);
#2410 = CARTESIAN_POINT('',(1.566,-44.213,-0.41148));
#2411 = VECTOR('',#2412,1.);
#2412 = DIRECTION('',(0.E+000,0.E+000,1.));
#2413 = ORIENTED_EDGE('',*,*,#2414,.T.);
#2414 = EDGE_CURVE('',#2407,#2407,#2415,.T.);
#2415 = CIRCLE('',#2416,0.55);
#2416 = AXIS2_PLACEMENT_3D('',#2417,#2418,#2419);
#2417 = CARTESIAN_POINT('',(1.016,-44.213,0.E+000));
#2418 = DIRECTION('',(0.E+000,0.E+000,1.));
#2419 = DIRECTION('',(1.,0.E+000,-0.E+000));
#2420 = ORIENTED_EDGE('',*,*,#2404,.F.);
#2421 = ORIENTED_EDGE('',*,*,#2422,.F.);
#2422 = EDGE_CURVE('',#2405,#2405,#2423,.T.);
#2423 = CIRCLE('',#2424,0.55);
#2424 = AXIS2_PLACEMENT_3D('',#2425,#2426,#2427);
#2425 = CARTESIAN_POINT('',(1.016,-44.213,-0.41148));
#2426 = DIRECTION('',(0.E+000,0.E+000,1.));
#2427 = DIRECTION('',(1.,0.E+000,-0.E+000));
#2428 = CYLINDRICAL_SURFACE('',#2429,0.55);
#2429 = AXIS2_PLACEMENT_3D('',#2430,#2431,#2432);
#2430 = CARTESIAN_POINT('',(1.016,-44.213,-0.41148));
#2431 = DIRECTION('',(-0.E+000,-0.E+000,-1.));
#2432 = DIRECTION('',(1.,0.E+000,-0.E+000));
#2433 = ADVANCED_FACE('',(#2434),#2461,.F.);
#2434 = FACE_BOUND('',#2435,.T.);
#2435 = EDGE_LOOP('',(#2436,#2446,#2453,#2454));
#2436 = ORIENTED_EDGE('',*,*,#2437,.T.);
#2437 = EDGE_CURVE('',#2438,#2440,#2442,.T.);
#2438 = VERTEX_POINT('',#2439);
#2439 = CARTESIAN_POINT('',(1.566,-41.713,-0.41148));
#2440 = VERTEX_POINT('',#2441);
#2441 = CARTESIAN_POINT('',(1.566,-41.713,0.E+000));
#2442 = LINE('',#2443,#2444);
#2443 = CARTESIAN_POINT('',(1.566,-41.713,-0.41148));
#2444 = VECTOR('',#2445,1.);
#2445 = DIRECTION('',(0.E+000,0.E+000,1.));
#2446 = ORIENTED_EDGE('',*,*,#2447,.T.);
#2447 = EDGE_CURVE('',#2440,#2440,#2448,.T.);
#2448 = CIRCLE('',#2449,0.55);
#2449 = AXIS2_PLACEMENT_3D('',#2450,#2451,#2452);
#2450 = CARTESIAN_POINT('',(1.016,-41.713,0.E+000));
#2451 = DIRECTION('',(0.E+000,0.E+000,1.));
#2452 = DIRECTION('',(1.,0.E+000,-0.E+000));
#2453 = ORIENTED_EDGE('',*,*,#2437,.F.);
#2454 = ORIENTED_EDGE('',*,*,#2455,.F.);
#2455 = EDGE_CURVE('',#2438,#2438,#2456,.T.);
#2456 = CIRCLE('',#2457,0.55);
#2457 = AXIS2_PLACEMENT_3D('',#2458,#2459,#2460);
#2458 = CARTESIAN_POINT('',(1.016,-41.713,-0.41148));
#2459 = DIRECTION('',(0.E+000,0.E+000,1.));
#2460 = DIRECTION('',(1.,0.E+000,-0.E+000));
#2461 = CYLINDRICAL_SURFACE('',#2462,0.55);
#2462 = AXIS2_PLACEMENT_3D('',#2463,#2464,#2465);
#2463 = CARTESIAN_POINT('',(1.016,-41.713,-0.41148));
#2464 = DIRECTION('',(-0.E+000,-0.E+000,-1.));
#2465 = DIRECTION('',(1.,0.E+000,-0.E+000));
#2466 = ADVANCED_FACE('',(#2467),#2494,.F.);
#2467 = FACE_BOUND('',#2468,.T.);
#2468 = EDGE_LOOP('',(#2469,#2479,#2486,#2487));
#2469 = ORIENTED_EDGE('',*,*,#2470,.T.);
#2470 = EDGE_CURVE('',#2471,#2473,#2475,.T.);
#2471 = VERTEX_POINT('',#2472);
#2472 = CARTESIAN_POINT('',(-61.894,-14.986,-0.41148));
#2473 = VERTEX_POINT('',#2474);
#2474 = CARTESIAN_POINT('',(-61.894,-14.986,0.E+000));
#2475 = LINE('',#2476,#2477);
#2476 = CARTESIAN_POINT('',(-61.894,-14.986,-0.41148));
#2477 = VECTOR('',#2478,1.);
#2478 = DIRECTION('',(0.E+000,0.E+000,1.));
#2479 = ORIENTED_EDGE('',*,*,#2480,.T.);
#2480 = EDGE_CURVE('',#2473,#2473,#2481,.T.);
#2481 = CIRCLE('',#2482,0.55);
#2482 = AXIS2_PLACEMENT_3D('',#2483,#2484,#2485);
#2483 = CARTESIAN_POINT('',(-62.444,-14.986,0.E+000));
#2484 = DIRECTION('',(0.E+000,0.E+000,1.));
#2485 = DIRECTION('',(1.,0.E+000,-0.E+000));
#2486 = ORIENTED_EDGE('',*,*,#2470,.F.);
#2487 = ORIENTED_EDGE('',*,*,#2488,.F.);
#2488 = EDGE_CURVE('',#2471,#2471,#2489,.T.);
#2489 = CIRCLE('',#2490,0.55);
#2490 = AXIS2_PLACEMENT_3D('',#2491,#2492,#2493);
#2491 = CARTESIAN_POINT('',(-62.444,-14.986,-0.41148));
#2492 = DIRECTION('',(0.E+000,0.E+000,1.));
#2493 = DIRECTION('',(1.,0.E+000,-0.E+000));
#2494 = CYLINDRICAL_SURFACE('',#2495,0.55);
#2495 = AXIS2_PLACEMENT_3D('',#2496,#2497,#2498);
#2496 = CARTESIAN_POINT('',(-62.444,-14.986,-0.41148));
#2497 = DIRECTION('',(-0.E+000,-0.E+000,-1.));
#2498 = DIRECTION('',(1.,0.E+000,-0.E+000));
#2499 = ADVANCED_FACE('',(#2500),#2527,.F.);
#2500 = FACE_BOUND('',#2501,.T.);
#2501 = EDGE_LOOP('',(#2502,#2512,#2519,#2520));
#2502 = ORIENTED_EDGE('',*,*,#2503,.T.);
#2503 = EDGE_CURVE('',#2504,#2506,#2508,.T.);
#2504 = VERTEX_POINT('',#2505);
#2505 = CARTESIAN_POINT('',(-56.894,-14.986,-0.41148));
#2506 = VERTEX_POINT('',#2507);
#2507 = CARTESIAN_POINT('',(-56.894,-14.986,0.E+000));
#2508 = LINE('',#2509,#2510);
#2509 = CARTESIAN_POINT('',(-56.894,-14.986,-0.41148));
#2510 = VECTOR('',#2511,1.);
#2511 = DIRECTION('',(0.E+000,0.E+000,1.));
#2512 = ORIENTED_EDGE('',*,*,#2513,.T.);
#2513 = EDGE_CURVE('',#2506,#2506,#2514,.T.);
#2514 = CIRCLE('',#2515,0.55);
#2515 = AXIS2_PLACEMENT_3D('',#2516,#2517,#2518);
#2516 = CARTESIAN_POINT('',(-57.444,-14.986,0.E+000));
#2517 = DIRECTION('',(0.E+000,0.E+000,1.));
#2518 = DIRECTION('',(1.,0.E+000,-0.E+000));
#2519 = ORIENTED_EDGE('',*,*,#2503,.F.);
#2520 = ORIENTED_EDGE('',*,*,#2521,.F.);
#2521 = EDGE_CURVE('',#2504,#2504,#2522,.T.);
#2522 = CIRCLE('',#2523,0.55);
#2523 = AXIS2_PLACEMENT_3D('',#2524,#2525,#2526);
#2524 = CARTESIAN_POINT('',(-57.444,-14.986,-0.41148));
#2525 = DIRECTION('',(0.E+000,0.E+000,1.));
#2526 = DIRECTION('',(1.,0.E+000,-0.E+000));
#2527 = CYLINDRICAL_SURFACE('',#2528,0.55);
#2528 = AXIS2_PLACEMENT_3D('',#2529,#2530,#2531);
#2529 = CARTESIAN_POINT('',(-57.444,-14.986,-0.41148));
#2530 = DIRECTION('',(-0.E+000,-0.E+000,-1.));
#2531 = DIRECTION('',(1.,0.E+000,-0.E+000));
#2532 = ADVANCED_FACE('',(#2533),#2560,.F.);
#2533 = FACE_BOUND('',#2534,.T.);
#2534 = EDGE_LOOP('',(#2535,#2545,#2552,#2553));
#2535 = ORIENTED_EDGE('',*,*,#2536,.T.);
#2536 = EDGE_CURVE('',#2537,#2539,#2541,.T.);
#2537 = VERTEX_POINT('',#2538);
#2538 = CARTESIAN_POINT('',(-59.394,-14.986,-0.41148));
#2539 = VERTEX_POINT('',#2540);
#2540 = CARTESIAN_POINT('',(-59.394,-14.986,0.E+000));
#2541 = LINE('',#2542,#2543);
#2542 = CARTESIAN_POINT('',(-59.394,-14.986,-0.41148));
#2543 = VECTOR('',#2544,1.);
#2544 = DIRECTION('',(0.E+000,0.E+000,1.));
#2545 = ORIENTED_EDGE('',*,*,#2546,.T.);
#2546 = EDGE_CURVE('',#2539,#2539,#2547,.T.);
#2547 = CIRCLE('',#2548,0.55);
#2548 = AXIS2_PLACEMENT_3D('',#2549,#2550,#2551);
#2549 = CARTESIAN_POINT('',(-59.944,-14.986,0.E+000));
#2550 = DIRECTION('',(0.E+000,0.E+000,1.));
#2551 = DIRECTION('',(1.,0.E+000,-0.E+000));
#2552 = ORIENTED_EDGE('',*,*,#2536,.F.);
#2553 = ORIENTED_EDGE('',*,*,#2554,.F.);
#2554 = EDGE_CURVE('',#2537,#2537,#2555,.T.);
#2555 = CIRCLE('',#2556,0.55);
#2556 = AXIS2_PLACEMENT_3D('',#2557,#2558,#2559);
#2557 = CARTESIAN_POINT('',(-59.944,-14.986,-0.41148));
#2558 = DIRECTION('',(0.E+000,0.E+000,1.));
#2559 = DIRECTION('',(1.,0.E+000,-0.E+000));
#2560 = CYLINDRICAL_SURFACE('',#2561,0.55);
#2561 = AXIS2_PLACEMENT_3D('',#2562,#2563,#2564);
#2562 = CARTESIAN_POINT('',(-59.944,-14.986,-0.41148));
#2563 = DIRECTION('',(-0.E+000,-0.E+000,-1.));
#2564 = DIRECTION('',(1.,0.E+000,-0.E+000));
#2565 = ADVANCED_FACE('',(#2566),#2593,.F.);
#2566 = FACE_BOUND('',#2567,.T.);
#2567 = EDGE_LOOP('',(#2568,#2578,#2585,#2586));
#2568 = ORIENTED_EDGE('',*,*,#2569,.T.);
#2569 = EDGE_CURVE('',#2570,#2572,#2574,.T.);
#2570 = VERTEX_POINT('',#2571);
#2571 = CARTESIAN_POINT('',(-61.73,-1.778,-0.41148));
#2572 = VERTEX_POINT('',#2573);
#2573 = CARTESIAN_POINT('',(-61.73,-1.778,0.E+000));
#2574 = LINE('',#2575,#2576);
#2575 = CARTESIAN_POINT('',(-61.73,-1.778,-0.41148));
#2576 = VECTOR('',#2577,1.);
#2577 = DIRECTION('',(0.E+000,0.E+000,1.));
#2578 = ORIENTED_EDGE('',*,*,#2579,.T.);
#2579 = EDGE_CURVE('',#2572,#2572,#2580,.T.);
#2580 = CIRCLE('',#2581,0.5);
#2581 = AXIS2_PLACEMENT_3D('',#2582,#2583,#2584);
#2582 = CARTESIAN_POINT('',(-62.23,-1.778,0.E+000));
#2583 = DIRECTION('',(0.E+000,0.E+000,1.));
#2584 = DIRECTION('',(1.,0.E+000,-0.E+000));
#2585 = ORIENTED_EDGE('',*,*,#2569,.F.);
#2586 = ORIENTED_EDGE('',*,*,#2587,.F.);
#2587 = EDGE_CURVE('',#2570,#2570,#2588,.T.);
#2588 = CIRCLE('',#2589,0.5);
#2589 = AXIS2_PLACEMENT_3D('',#2590,#2591,#2592);
#2590 = CARTESIAN_POINT('',(-62.23,-1.778,-0.41148));
#2591 = DIRECTION('',(0.E+000,0.E+000,1.));
#2592 = DIRECTION('',(1.,0.E+000,-0.E+000));
#2593 = CYLINDRICAL_SURFACE('',#2594,0.5);
#2594 = AXIS2_PLACEMENT_3D('',#2595,#2596,#2597);
#2595 = CARTESIAN_POINT('',(-62.23,-1.778,-0.41148));
#2596 = DIRECTION('',(-0.E+000,-0.E+000,-1.));
#2597 = DIRECTION('',(1.,0.E+000,-0.E+000));
#2598 = ADVANCED_FACE('',(#2599),#2626,.F.);
#2599 = FACE_BOUND('',#2600,.T.);
#2600 = EDGE_LOOP('',(#2601,#2611,#2618,#2619));
#2601 = ORIENTED_EDGE('',*,*,#2602,.T.);
#2602 = EDGE_CURVE('',#2603,#2605,#2607,.T.);
#2603 = VERTEX_POINT('',#2604);
#2604 = CARTESIAN_POINT('',(-51.909,-15.,-0.41148));
#2605 = VERTEX_POINT('',#2606);
#2606 = CARTESIAN_POINT('',(-51.909,-15.,0.E+000));
#2607 = LINE('',#2608,#2609);
#2608 = CARTESIAN_POINT('',(-51.909,-15.,-0.41148));
#2609 = VECTOR('',#2610,1.);
#2610 = DIRECTION('',(0.E+000,0.E+000,1.));
#2611 = ORIENTED_EDGE('',*,*,#2612,.T.);
#2612 = EDGE_CURVE('',#2605,#2605,#2613,.T.);
#2613 = CIRCLE('',#2614,0.25);
#2614 = AXIS2_PLACEMENT_3D('',#2615,#2616,#2617);
#2615 = CARTESIAN_POINT('',(-52.159,-15.,0.E+000));
#2616 = DIRECTION('',(0.E+000,0.E+000,1.));
#2617 = DIRECTION('',(1.,0.E+000,-0.E+000));
#2618 = ORIENTED_EDGE('',*,*,#2602,.F.);
#2619 = ORIENTED_EDGE('',*,*,#2620,.F.);
#2620 = EDGE_CURVE('',#2603,#2603,#2621,.T.);
#2621 = CIRCLE('',#2622,0.25);
#2622 = AXIS2_PLACEMENT_3D('',#2623,#2624,#2625);
#2623 = CARTESIAN_POINT('',(-52.159,-15.,-0.41148));
#2624 = DIRECTION('',(0.E+000,0.E+000,1.));
#2625 = DIRECTION('',(1.,0.E+000,-0.E+000));
#2626 = CYLINDRICAL_SURFACE('',#2627,0.25);
#2627 = AXIS2_PLACEMENT_3D('',#2628,#2629,#2630);
#2628 = CARTESIAN_POINT('',(-52.159,-15.,-0.41148));
#2629 = DIRECTION('',(-0.E+000,-0.E+000,-1.));
#2630 = DIRECTION('',(1.,0.E+000,-0.E+000));
#2631 = ADVANCED_FACE('',(#2632),#2659,.F.);
#2632 = FACE_BOUND('',#2633,.T.);
#2633 = EDGE_LOOP('',(#2634,#2644,#2651,#2652));
#2634 = ORIENTED_EDGE('',*,*,#2635,.T.);
#2635 = EDGE_CURVE('',#2636,#2638,#2640,.T.);
#2636 = VERTEX_POINT('',#2637);
#2637 = CARTESIAN_POINT('',(-54.394,-14.986,-0.41148));
#2638 = VERTEX_POINT('',#2639);
#2639 = CARTESIAN_POINT('',(-54.394,-14.986,0.E+000));
#2640 = LINE('',#2641,#2642);
#2641 = CARTESIAN_POINT('',(-54.394,-14.986,-0.41148));
#2642 = VECTOR('',#2643,1.);
#2643 = DIRECTION('',(0.E+000,0.E+000,1.));
#2644 = ORIENTED_EDGE('',*,*,#2645,.T.);
#2645 = EDGE_CURVE('',#2638,#2638,#2646,.T.);
#2646 = CIRCLE('',#2647,0.55);
#2647 = AXIS2_PLACEMENT_3D('',#2648,#2649,#2650);
#2648 = CARTESIAN_POINT('',(-54.944,-14.986,0.E+000));
#2649 = DIRECTION('',(0.E+000,0.E+000,1.));
#2650 = DIRECTION('',(1.,0.E+000,-0.E+000));
#2651 = ORIENTED_EDGE('',*,*,#2635,.F.);
#2652 = ORIENTED_EDGE('',*,*,#2653,.F.);
#2653 = EDGE_CURVE('',#2636,#2636,#2654,.T.);
#2654 = CIRCLE('',#2655,0.55);
#2655 = AXIS2_PLACEMENT_3D('',#2656,#2657,#2658);
#2656 = CARTESIAN_POINT('',(-54.944,-14.986,-0.41148));
#2657 = DIRECTION('',(0.E+000,0.E+000,1.));
#2658 = DIRECTION('',(1.,0.E+000,-0.E+000));
#2659 = CYLINDRICAL_SURFACE('',#2660,0.55);
#2660 = AXIS2_PLACEMENT_3D('',#2661,#2662,#2663);
#2661 = CARTESIAN_POINT('',(-54.944,-14.986,-0.41148));
#2662 = DIRECTION('',(-0.E+000,-0.E+000,-1.));
#2663 = DIRECTION('',(1.,0.E+000,-0.E+000));
#2664 = ADVANCED_FACE('',(#2665),#2692,.F.);
#2665 = FACE_BOUND('',#2666,.T.);
#2666 = EDGE_LOOP('',(#2667,#2677,#2684,#2685));
#2667 = ORIENTED_EDGE('',*,*,#2668,.T.);
#2668 = EDGE_CURVE('',#2669,#2671,#2673,.T.);
#2669 = VERTEX_POINT('',#2670);
#2670 = CARTESIAN_POINT('',(-51.401,-16.397,-0.41148));
#2671 = VERTEX_POINT('',#2672);
#2672 = CARTESIAN_POINT('',(-51.401,-16.397,0.E+000));
#2673 = LINE('',#2674,#2675);
#2674 = CARTESIAN_POINT('',(-51.401,-16.397,-0.41148));
#2675 = VECTOR('',#2676,1.);
#2676 = DIRECTION('',(0.E+000,0.E+000,1.));
#2677 = ORIENTED_EDGE('',*,*,#2678,.T.);
#2678 = EDGE_CURVE('',#2671,#2671,#2679,.T.);
#2679 = CIRCLE('',#2680,0.25);
#2680 = AXIS2_PLACEMENT_3D('',#2681,#2682,#2683);
#2681 = CARTESIAN_POINT('',(-51.651,-16.397,0.E+000));
#2682 = DIRECTION('',(0.E+000,0.E+000,1.));
#2683 = DIRECTION('',(1.,0.E+000,-0.E+000));
#2684 = ORIENTED_EDGE('',*,*,#2668,.F.);
#2685 = ORIENTED_EDGE('',*,*,#2686,.F.);
#2686 = EDGE_CURVE('',#2669,#2669,#2687,.T.);
#2687 = CIRCLE('',#2688,0.25);
#2688 = AXIS2_PLACEMENT_3D('',#2689,#2690,#2691);
#2689 = CARTESIAN_POINT('',(-51.651,-16.397,-0.41148));
#2690 = DIRECTION('',(0.E+000,0.E+000,1.));
#2691 = DIRECTION('',(1.,0.E+000,-0.E+000));
#2692 = CYLINDRICAL_SURFACE('',#2693,0.25);
#2693 = AXIS2_PLACEMENT_3D('',#2694,#2695,#2696);
#2694 = CARTESIAN_POINT('',(-51.651,-16.397,-0.41148));
#2695 = DIRECTION('',(-0.E+000,-0.E+000,-1.));
#2696 = DIRECTION('',(1.,0.E+000,-0.E+000));
#2697 = ADVANCED_FACE('',(#2698),#2725,.F.);
#2698 = FACE_BOUND('',#2699,.T.);
#2699 = EDGE_LOOP('',(#2700,#2710,#2717,#2718));
#2700 = ORIENTED_EDGE('',*,*,#2701,.T.);
#2701 = EDGE_CURVE('',#2702,#2704,#2706,.T.);
#2702 = VERTEX_POINT('',#2703);
#2703 = CARTESIAN_POINT('',(-48.353,-16.524,-0.41148));
#2704 = VERTEX_POINT('',#2705);
#2705 = CARTESIAN_POINT('',(-48.353,-16.524,0.E+000));
#2706 = LINE('',#2707,#2708);
#2707 = CARTESIAN_POINT('',(-48.353,-16.524,-0.41148));
#2708 = VECTOR('',#2709,1.);
#2709 = DIRECTION('',(0.E+000,0.E+000,1.));
#2710 = ORIENTED_EDGE('',*,*,#2711,.T.);
#2711 = EDGE_CURVE('',#2704,#2704,#2712,.T.);
#2712 = CIRCLE('',#2713,0.25);
#2713 = AXIS2_PLACEMENT_3D('',#2714,#2715,#2716);
#2714 = CARTESIAN_POINT('',(-48.603,-16.524,0.E+000));
#2715 = DIRECTION('',(0.E+000,0.E+000,1.));
#2716 = DIRECTION('',(1.,0.E+000,-0.E+000));
#2717 = ORIENTED_EDGE('',*,*,#2701,.F.);
#2718 = ORIENTED_EDGE('',*,*,#2719,.F.);
#2719 = EDGE_CURVE('',#2702,#2702,#2720,.T.);
#2720 = CIRCLE('',#2721,0.25);
#2721 = AXIS2_PLACEMENT_3D('',#2722,#2723,#2724);
#2722 = CARTESIAN_POINT('',(-48.603,-16.524,-0.41148));
#2723 = DIRECTION('',(0.E+000,0.E+000,1.));
#2724 = DIRECTION('',(1.,0.E+000,-0.E+000));
#2725 = CYLINDRICAL_SURFACE('',#2726,0.25);
#2726 = AXIS2_PLACEMENT_3D('',#2727,#2728,#2729);
#2727 = CARTESIAN_POINT('',(-48.603,-16.524,-0.41148));
#2728 = DIRECTION('',(-0.E+000,-0.E+000,-1.));
#2729 = DIRECTION('',(1.,0.E+000,-0.E+000));
#2730 = ADVANCED_FACE('',(#2731),#2758,.F.);
#2731 = FACE_BOUND('',#2732,.T.);
#2732 = EDGE_LOOP('',(#2733,#2743,#2750,#2751));
#2733 = ORIENTED_EDGE('',*,*,#2734,.T.);
#2734 = EDGE_CURVE('',#2735,#2737,#2739,.T.);
#2735 = VERTEX_POINT('',#2736);
#2736 = CARTESIAN_POINT('',(-48.25,-15.,-0.41148));
#2737 = VERTEX_POINT('',#2738);
#2738 = CARTESIAN_POINT('',(-48.25,-15.,0.E+000));
#2739 = LINE('',#2740,#2741);
#2740 = CARTESIAN_POINT('',(-48.25,-15.,-0.41148));
#2741 = VECTOR('',#2742,1.);
#2742 = DIRECTION('',(0.E+000,0.E+000,1.));
#2743 = ORIENTED_EDGE('',*,*,#2744,.T.);
#2744 = EDGE_CURVE('',#2737,#2737,#2745,.T.);
#2745 = CIRCLE('',#2746,1.75);
#2746 = AXIS2_PLACEMENT_3D('',#2747,#2748,#2749);
#2747 = CARTESIAN_POINT('',(-50.,-15.,0.E+000));
#2748 = DIRECTION('',(0.E+000,0.E+000,1.));
#2749 = DIRECTION('',(1.,0.E+000,-0.E+000));
#2750 = ORIENTED_EDGE('',*,*,#2734,.F.);
#2751 = ORIENTED_EDGE('',*,*,#2752,.F.);
#2752 = EDGE_CURVE('',#2735,#2735,#2753,.T.);
#2753 = CIRCLE('',#2754,1.75);
#2754 = AXIS2_PLACEMENT_3D('',#2755,#2756,#2757);
#2755 = CARTESIAN_POINT('',(-50.,-15.,-0.41148));
#2756 = DIRECTION('',(0.E+000,0.E+000,1.));
#2757 = DIRECTION('',(1.,0.E+000,-0.E+000));
#2758 = CYLINDRICAL_SURFACE('',#2759,1.75);
#2759 = AXIS2_PLACEMENT_3D('',#2760,#2761,#2762);
#2760 = CARTESIAN_POINT('',(-50.,-15.,-0.41148));
#2761 = DIRECTION('',(-0.E+000,-0.E+000,-1.));
#2762 = DIRECTION('',(1.,0.E+000,-0.E+000));
#2763 = ADVANCED_FACE('',(#2764),#2791,.F.);
#2764 = FACE_BOUND('',#2765,.T.);
#2765 = EDGE_LOOP('',(#2766,#2776,#2783,#2784));
#2766 = ORIENTED_EDGE('',*,*,#2767,.T.);
#2767 = EDGE_CURVE('',#2768,#2770,#2772,.T.);
#2768 = VERTEX_POINT('',#2769);
#2769 = CARTESIAN_POINT('',(-51.274,-13.603,-0.41148));
#2770 = VERTEX_POINT('',#2771);
#2771 = CARTESIAN_POINT('',(-51.274,-13.603,0.E+000));
#2772 = LINE('',#2773,#2774);
#2773 = CARTESIAN_POINT('',(-51.274,-13.603,-0.41148));
#2774 = VECTOR('',#2775,1.);
#2775 = DIRECTION('',(0.E+000,0.E+000,1.));
#2776 = ORIENTED_EDGE('',*,*,#2777,.T.);
#2777 = EDGE_CURVE('',#2770,#2770,#2778,.T.);
#2778 = CIRCLE('',#2779,0.25);
#2779 = AXIS2_PLACEMENT_3D('',#2780,#2781,#2782);
#2780 = CARTESIAN_POINT('',(-51.524,-13.603,0.E+000));
#2781 = DIRECTION('',(0.E+000,0.E+000,1.));
#2782 = DIRECTION('',(1.,0.E+000,-0.E+000));
#2783 = ORIENTED_EDGE('',*,*,#2767,.F.);
#2784 = ORIENTED_EDGE('',*,*,#2785,.F.);
#2785 = EDGE_CURVE('',#2768,#2768,#2786,.T.);
#2786 = CIRCLE('',#2787,0.25);
#2787 = AXIS2_PLACEMENT_3D('',#2788,#2789,#2790);
#2788 = CARTESIAN_POINT('',(-51.524,-13.603,-0.41148));
#2789 = DIRECTION('',(0.E+000,0.E+000,1.));
#2790 = DIRECTION('',(1.,0.E+000,-0.E+000));
#2791 = CYLINDRICAL_SURFACE('',#2792,0.25);
#2792 = AXIS2_PLACEMENT_3D('',#2793,#2794,#2795);
#2793 = CARTESIAN_POINT('',(-51.524,-13.603,-0.41148));
#2794 = DIRECTION('',(-0.E+000,-0.E+000,-1.));
#2795 = DIRECTION('',(1.,0.E+000,-0.E+000));
#2796 = ADVANCED_FACE('',(#2797),#2824,.F.);
#2797 = FACE_BOUND('',#2798,.T.);
#2798 = EDGE_LOOP('',(#2799,#2809,#2816,#2817));
#2799 = ORIENTED_EDGE('',*,*,#2800,.T.);
#2800 = EDGE_CURVE('',#2801,#2803,#2805,.T.);
#2801 = VERTEX_POINT('',#2802);
#2802 = CARTESIAN_POINT('',(-48.353,-13.476,-0.41148));
#2803 = VERTEX_POINT('',#2804);
#2804 = CARTESIAN_POINT('',(-48.353,-13.476,0.E+000));
#2805 = LINE('',#2806,#2807);
#2806 = CARTESIAN_POINT('',(-48.353,-13.476,-0.41148));
#2807 = VECTOR('',#2808,1.);
#2808 = DIRECTION('',(0.E+000,0.E+000,1.));
#2809 = ORIENTED_EDGE('',*,*,#2810,.T.);
#2810 = EDGE_CURVE('',#2803,#2803,#2811,.T.);
#2811 = CIRCLE('',#2812,0.25);
#2812 = AXIS2_PLACEMENT_3D('',#2813,#2814,#2815);
#2813 = CARTESIAN_POINT('',(-48.603,-13.476,0.E+000));
#2814 = DIRECTION('',(0.E+000,0.E+000,1.));
#2815 = DIRECTION('',(1.,0.E+000,-0.E+000));
#2816 = ORIENTED_EDGE('',*,*,#2800,.F.);
#2817 = ORIENTED_EDGE('',*,*,#2818,.F.);
#2818 = EDGE_CURVE('',#2801,#2801,#2819,.T.);
#2819 = CIRCLE('',#2820,0.25);
#2820 = AXIS2_PLACEMENT_3D('',#2821,#2822,#2823);
#2821 = CARTESIAN_POINT('',(-48.603,-13.476,-0.41148));
#2822 = DIRECTION('',(0.E+000,0.E+000,1.));
#2823 = DIRECTION('',(1.,0.E+000,-0.E+000));
#2824 = CYLINDRICAL_SURFACE('',#2825,0.25);
#2825 = AXIS2_PLACEMENT_3D('',#2826,#2827,#2828);
#2826 = CARTESIAN_POINT('',(-48.603,-13.476,-0.41148));
#2827 = DIRECTION('',(-0.E+000,-0.E+000,-1.));
#2828 = DIRECTION('',(1.,0.E+000,-0.E+000));
#2829 = ADVANCED_FACE('',(#2830),#2857,.F.);
#2830 = FACE_BOUND('',#2831,.T.);
#2831 = EDGE_LOOP('',(#2832,#2842,#2849,#2850));
#2832 = ORIENTED_EDGE('',*,*,#2833,.T.);
#2833 = EDGE_CURVE('',#2834,#2836,#2838,.T.);
#2834 = VERTEX_POINT('',#2835);
#2835 = CARTESIAN_POINT('',(-49.75,-12.841,-0.41148));
#2836 = VERTEX_POINT('',#2837);
#2837 = CARTESIAN_POINT('',(-49.75,-12.841,0.E+000));
#2838 = LINE('',#2839,#2840);
#2839 = CARTESIAN_POINT('',(-49.75,-12.841,-0.41148));
#2840 = VECTOR('',#2841,1.);
#2841 = DIRECTION('',(0.E+000,0.E+000,1.));
#2842 = ORIENTED_EDGE('',*,*,#2843,.T.);
#2843 = EDGE_CURVE('',#2836,#2836,#2844,.T.);
#2844 = CIRCLE('',#2845,0.25);
#2845 = AXIS2_PLACEMENT_3D('',#2846,#2847,#2848);
#2846 = CARTESIAN_POINT('',(-50.,-12.841,0.E+000));
#2847 = DIRECTION('',(0.E+000,0.E+000,1.));
#2848 = DIRECTION('',(1.,0.E+000,-0.E+000));
#2849 = ORIENTED_EDGE('',*,*,#2833,.F.);
#2850 = ORIENTED_EDGE('',*,*,#2851,.F.);
#2851 = EDGE_CURVE('',#2834,#2834,#2852,.T.);
#2852 = CIRCLE('',#2853,0.25);
#2853 = AXIS2_PLACEMENT_3D('',#2854,#2855,#2856);
#2854 = CARTESIAN_POINT('',(-50.,-12.841,-0.41148));
#2855 = DIRECTION('',(0.E+000,0.E+000,1.));
#2856 = DIRECTION('',(1.,0.E+000,-0.E+000));
#2857 = CYLINDRICAL_SURFACE('',#2858,0.25);
#2858 = AXIS2_PLACEMENT_3D('',#2859,#2860,#2861);
#2859 = CARTESIAN_POINT('',(-50.,-12.841,-0.41148));
#2860 = DIRECTION('',(-0.E+000,-0.E+000,-1.));
#2861 = DIRECTION('',(1.,0.E+000,-0.E+000));
#2862 = ADVANCED_FACE('',(#2863),#2890,.F.);
#2863 = FACE_BOUND('',#2864,.T.);
#2864 = EDGE_LOOP('',(#2865,#2875,#2882,#2883));
#2865 = ORIENTED_EDGE('',*,*,#2866,.T.);
#2866 = EDGE_CURVE('',#2867,#2869,#2871,.T.);
#2867 = VERTEX_POINT('',#2868);
#2868 = CARTESIAN_POINT('',(-66.81,-1.778,-0.41148));
#2869 = VERTEX_POINT('',#2870);
#2870 = CARTESIAN_POINT('',(-66.81,-1.778,0.E+000));
#2871 = LINE('',#2872,#2873);
#2872 = CARTESIAN_POINT('',(-66.81,-1.778,-0.41148));
#2873 = VECTOR('',#2874,1.);
#2874 = DIRECTION('',(0.E+000,0.E+000,1.));
#2875 = ORIENTED_EDGE('',*,*,#2876,.T.);
#2876 = EDGE_CURVE('',#2869,#2869,#2877,.T.);
#2877 = CIRCLE('',#2878,0.5);
#2878 = AXIS2_PLACEMENT_3D('',#2879,#2880,#2881);
#2879 = CARTESIAN_POINT('',(-67.31,-1.778,0.E+000));
#2880 = DIRECTION('',(0.E+000,0.E+000,1.));
#2881 = DIRECTION('',(1.,0.E+000,-0.E+000));
#2882 = ORIENTED_EDGE('',*,*,#2866,.F.);
#2883 = ORIENTED_EDGE('',*,*,#2884,.F.);
#2884 = EDGE_CURVE('',#2867,#2867,#2885,.T.);
#2885 = CIRCLE('',#2886,0.5);
#2886 = AXIS2_PLACEMENT_3D('',#2887,#2888,#2889);
#2887 = CARTESIAN_POINT('',(-67.31,-1.778,-0.41148));
#2888 = DIRECTION('',(0.E+000,0.E+000,1.));
#2889 = DIRECTION('',(1.,0.E+000,-0.E+000));
#2890 = CYLINDRICAL_SURFACE('',#2891,0.5);
#2891 = AXIS2_PLACEMENT_3D('',#2892,#2893,#2894);
#2892 = CARTESIAN_POINT('',(-67.31,-1.778,-0.41148));
#2893 = DIRECTION('',(-0.E+000,-0.E+000,-1.));
#2894 = DIRECTION('',(1.,0.E+000,-0.E+000));
#2895 = ADVANCED_FACE('',(#2896),#2923,.F.);
#2896 = FACE_BOUND('',#2897,.T.);
#2897 = EDGE_LOOP('',(#2898,#2908,#2915,#2916));
#2898 = ORIENTED_EDGE('',*,*,#2899,.T.);
#2899 = EDGE_CURVE('',#2900,#2902,#2904,.T.);
#2900 = VERTEX_POINT('',#2901);
#2901 = CARTESIAN_POINT('',(-61.095,8.509,-0.41148));
#2902 = VERTEX_POINT('',#2903);
#2903 = CARTESIAN_POINT('',(-61.095,8.509,0.E+000));
#2904 = LINE('',#2905,#2906);
#2905 = CARTESIAN_POINT('',(-61.095,8.509,-0.41148));
#2906 = VECTOR('',#2907,1.);
#2907 = DIRECTION('',(0.E+000,0.E+000,1.));
#2908 = ORIENTED_EDGE('',*,*,#2909,.T.);
#2909 = EDGE_CURVE('',#2902,#2902,#2910,.T.);
#2910 = CIRCLE('',#2911,0.5);
#2911 = AXIS2_PLACEMENT_3D('',#2912,#2913,#2914);
#2912 = CARTESIAN_POINT('',(-61.595,8.509,0.E+000));
#2913 = DIRECTION('',(0.E+000,0.E+000,1.));
#2914 = DIRECTION('',(1.,0.E+000,-0.E+000));
#2915 = ORIENTED_EDGE('',*,*,#2899,.F.);
#2916 = ORIENTED_EDGE('',*,*,#2917,.F.);
#2917 = EDGE_CURVE('',#2900,#2900,#2918,.T.);
#2918 = CIRCLE('',#2919,0.5);
#2919 = AXIS2_PLACEMENT_3D('',#2920,#2921,#2922);
#2920 = CARTESIAN_POINT('',(-61.595,8.509,-0.41148));
#2921 = DIRECTION('',(0.E+000,0.E+000,1.));
#2922 = DIRECTION('',(1.,0.E+000,-0.E+000));
#2923 = CYLINDRICAL_SURFACE('',#2924,0.5);
#2924 = AXIS2_PLACEMENT_3D('',#2925,#2926,#2927);
#2925 = CARTESIAN_POINT('',(-61.595,8.509,-0.41148));
#2926 = DIRECTION('',(-0.E+000,-0.E+000,-1.));
#2927 = DIRECTION('',(1.,0.E+000,-0.E+000));
#2928 = ADVANCED_FACE('',(#2929),#2956,.F.);
#2929 = FACE_BOUND('',#2930,.T.);
#2930 = EDGE_LOOP('',(#2931,#2941,#2948,#2949));
#2931 = ORIENTED_EDGE('',*,*,#2932,.T.);
#2932 = EDGE_CURVE('',#2933,#2935,#2937,.T.);
#2933 = VERTEX_POINT('',#2934);
#2934 = CARTESIAN_POINT('',(-66.175,8.509,-0.41148));
#2935 = VERTEX_POINT('',#2936);
#2936 = CARTESIAN_POINT('',(-66.175,8.509,0.E+000));
#2937 = LINE('',#2938,#2939);
#2938 = CARTESIAN_POINT('',(-66.175,8.509,-0.41148));
#2939 = VECTOR('',#2940,1.);
#2940 = DIRECTION('',(0.E+000,0.E+000,1.));
#2941 = ORIENTED_EDGE('',*,*,#2942,.T.);
#2942 = EDGE_CURVE('',#2935,#2935,#2943,.T.);
#2943 = CIRCLE('',#2944,0.5);
#2944 = AXIS2_PLACEMENT_3D('',#2945,#2946,#2947);
#2945 = CARTESIAN_POINT('',(-66.675,8.509,0.E+000));
#2946 = DIRECTION('',(0.E+000,0.E+000,1.));
#2947 = DIRECTION('',(1.,0.E+000,-0.E+000));
#2948 = ORIENTED_EDGE('',*,*,#2932,.F.);
#2949 = ORIENTED_EDGE('',*,*,#2950,.F.);
#2950 = EDGE_CURVE('',#2933,#2933,#2951,.T.);
#2951 = CIRCLE('',#2952,0.5);
#2952 = AXIS2_PLACEMENT_3D('',#2953,#2954,#2955);
#2953 = CARTESIAN_POINT('',(-66.675,8.509,-0.41148));
#2954 = DIRECTION('',(0.E+000,0.E+000,1.));
#2955 = DIRECTION('',(1.,0.E+000,-0.E+000));
#2956 = CYLINDRICAL_SURFACE('',#2957,0.5);
#2957 = AXIS2_PLACEMENT_3D('',#2958,#2959,#2960);
#2958 = CARTESIAN_POINT('',(-66.675,8.509,-0.41148));
#2959 = DIRECTION('',(-0.E+000,-0.E+000,-1.));
#2960 = DIRECTION('',(1.,0.E+000,-0.E+000));
#2961 = ADVANCED_FACE('',(#2962),#2989,.F.);
#2962 = FACE_BOUND('',#2963,.T.);
#2963 = EDGE_LOOP('',(#2964,#2974,#2981,#2982));
#2964 = ORIENTED_EDGE('',*,*,#2965,.T.);
#2965 = EDGE_CURVE('',#2966,#2968,#2970,.T.);
#2966 = VERTEX_POINT('',#2967);
#2967 = CARTESIAN_POINT('',(-64.016,18.669,-0.41148));
#2968 = VERTEX_POINT('',#2969);
#2969 = CARTESIAN_POINT('',(-64.016,18.669,0.E+000));
#2970 = LINE('',#2971,#2972);
#2971 = CARTESIAN_POINT('',(-64.016,18.669,-0.41148));
#2972 = VECTOR('',#2973,1.);
#2973 = DIRECTION('',(0.E+000,0.E+000,1.));
#2974 = ORIENTED_EDGE('',*,*,#2975,.T.);
#2975 = EDGE_CURVE('',#2968,#2968,#2976,.T.);
#2976 = CIRCLE('',#2977,0.5);
#2977 = AXIS2_PLACEMENT_3D('',#2978,#2979,#2980);
#2978 = CARTESIAN_POINT('',(-64.516,18.669,0.E+000));
#2979 = DIRECTION('',(0.E+000,0.E+000,1.));
#2980 = DIRECTION('',(1.,0.E+000,-0.E+000));
#2981 = ORIENTED_EDGE('',*,*,#2965,.F.);
#2982 = ORIENTED_EDGE('',*,*,#2983,.F.);
#2983 = EDGE_CURVE('',#2966,#2966,#2984,.T.);
#2984 = CIRCLE('',#2985,0.5);
#2985 = AXIS2_PLACEMENT_3D('',#2986,#2987,#2988);
#2986 = CARTESIAN_POINT('',(-64.516,18.669,-0.41148));
#2987 = DIRECTION('',(0.E+000,0.E+000,1.));
#2988 = DIRECTION('',(1.,0.E+000,-0.E+000));
#2989 = CYLINDRICAL_SURFACE('',#2990,0.5);
#2990 = AXIS2_PLACEMENT_3D('',#2991,#2992,#2993);
#2991 = CARTESIAN_POINT('',(-64.516,18.669,-0.41148));
#2992 = DIRECTION('',(-0.E+000,-0.E+000,-1.));
#2993 = DIRECTION('',(1.,0.E+000,-0.E+000));
#2994 = ADVANCED_FACE('',(#2995),#3022,.F.);
#2995 = FACE_BOUND('',#2996,.T.);
#2996 = EDGE_LOOP('',(#2997,#3007,#3014,#3015));
#2997 = ORIENTED_EDGE('',*,*,#2998,.T.);
#2998 = EDGE_CURVE('',#2999,#3001,#3003,.T.);
#2999 = VERTEX_POINT('',#3000);
#3000 = CARTESIAN_POINT('',(-51.909,15.,-0.41148));
#3001 = VERTEX_POINT('',#3002);
#3002 = CARTESIAN_POINT('',(-51.909,15.,0.E+000));
#3003 = LINE('',#3004,#3005);
#3004 = CARTESIAN_POINT('',(-51.909,15.,-0.41148));
#3005 = VECTOR('',#3006,1.);
#3006 = DIRECTION('',(0.E+000,0.E+000,1.));
#3007 = ORIENTED_EDGE('',*,*,#3008,.T.);
#3008 = EDGE_CURVE('',#3001,#3001,#3009,.T.);
#3009 = CIRCLE('',#3010,0.25);
#3010 = AXIS2_PLACEMENT_3D('',#3011,#3012,#3013);
#3011 = CARTESIAN_POINT('',(-52.159,15.,0.E+000));
#3012 = DIRECTION('',(0.E+000,0.E+000,1.));
#3013 = DIRECTION('',(1.,0.E+000,-0.E+000));
#3014 = ORIENTED_EDGE('',*,*,#2998,.F.);
#3015 = ORIENTED_EDGE('',*,*,#3016,.F.);
#3016 = EDGE_CURVE('',#2999,#2999,#3017,.T.);
#3017 = CIRCLE('',#3018,0.25);
#3018 = AXIS2_PLACEMENT_3D('',#3019,#3020,#3021);
#3019 = CARTESIAN_POINT('',(-52.159,15.,-0.41148));
#3020 = DIRECTION('',(0.E+000,0.E+000,1.));
#3021 = DIRECTION('',(1.,0.E+000,-0.E+000));
#3022 = CYLINDRICAL_SURFACE('',#3023,0.25);
#3023 = AXIS2_PLACEMENT_3D('',#3024,#3025,#3026);
#3024 = CARTESIAN_POINT('',(-52.159,15.,-0.41148));
#3025 = DIRECTION('',(-0.E+000,-0.E+000,-1.));
#3026 = DIRECTION('',(1.,0.E+000,-0.E+000));
#3027 = ADVANCED_FACE('',(#3028),#3055,.F.);
#3028 = FACE_BOUND('',#3029,.T.);
#3029 = EDGE_LOOP('',(#3030,#3040,#3047,#3048));
#3030 = ORIENTED_EDGE('',*,*,#3031,.T.);
#3031 = EDGE_CURVE('',#3032,#3034,#3036,.T.);
#3032 = VERTEX_POINT('',#3033);
#3033 = CARTESIAN_POINT('',(-58.936,18.669,-0.41148));
#3034 = VERTEX_POINT('',#3035);
#3035 = CARTESIAN_POINT('',(-58.936,18.669,0.E+000));
#3036 = LINE('',#3037,#3038);
#3037 = CARTESIAN_POINT('',(-58.936,18.669,-0.41148));
#3038 = VECTOR('',#3039,1.);
#3039 = DIRECTION('',(0.E+000,0.E+000,1.));
#3040 = ORIENTED_EDGE('',*,*,#3041,.T.);
#3041 = EDGE_CURVE('',#3034,#3034,#3042,.T.);
#3042 = CIRCLE('',#3043,0.5);
#3043 = AXIS2_PLACEMENT_3D('',#3044,#3045,#3046);
#3044 = CARTESIAN_POINT('',(-59.436,18.669,0.E+000));
#3045 = DIRECTION('',(0.E+000,0.E+000,1.));
#3046 = DIRECTION('',(1.,0.E+000,-0.E+000));
#3047 = ORIENTED_EDGE('',*,*,#3031,.F.);
#3048 = ORIENTED_EDGE('',*,*,#3049,.F.);
#3049 = EDGE_CURVE('',#3032,#3032,#3050,.T.);
#3050 = CIRCLE('',#3051,0.5);
#3051 = AXIS2_PLACEMENT_3D('',#3052,#3053,#3054);
#3052 = CARTESIAN_POINT('',(-59.436,18.669,-0.41148));
#3053 = DIRECTION('',(0.E+000,0.E+000,1.));
#3054 = DIRECTION('',(1.,0.E+000,-0.E+000));
#3055 = CYLINDRICAL_SURFACE('',#3056,0.5);
#3056 = AXIS2_PLACEMENT_3D('',#3057,#3058,#3059);
#3057 = CARTESIAN_POINT('',(-59.436,18.669,-0.41148));
#3058 = DIRECTION('',(-0.E+000,-0.E+000,-1.));
#3059 = DIRECTION('',(1.,0.E+000,-0.E+000));
#3060 = ADVANCED_FACE('',(#3061),#3088,.F.);
#3061 = FACE_BOUND('',#3062,.T.);
#3062 = EDGE_LOOP('',(#3063,#3073,#3080,#3081));
#3063 = ORIENTED_EDGE('',*,*,#3064,.T.);
#3064 = EDGE_CURVE('',#3065,#3067,#3069,.T.);
#3065 = VERTEX_POINT('',#3066);
#3066 = CARTESIAN_POINT('',(-49.781,12.89,-0.41148));
#3067 = VERTEX_POINT('',#3068);
#3068 = CARTESIAN_POINT('',(-49.781,12.89,0.E+000));
#3069 = LINE('',#3070,#3071);
#3070 = CARTESIAN_POINT('',(-49.781,12.89,-0.41148));
#3071 = VECTOR('',#3072,1.);
#3072 = DIRECTION('',(0.E+000,0.E+000,1.));
#3073 = ORIENTED_EDGE('',*,*,#3074,.T.);
#3074 = EDGE_CURVE('',#3067,#3067,#3075,.T.);
#3075 = CIRCLE('',#3076,0.25);
#3076 = AXIS2_PLACEMENT_3D('',#3077,#3078,#3079);
#3077 = CARTESIAN_POINT('',(-50.031,12.89,0.E+000));
#3078 = DIRECTION('',(0.E+000,0.E+000,1.));
#3079 = DIRECTION('',(1.,0.E+000,-0.E+000));
#3080 = ORIENTED_EDGE('',*,*,#3064,.F.);
#3081 = ORIENTED_EDGE('',*,*,#3082,.F.);
#3082 = EDGE_CURVE('',#3065,#3065,#3083,.T.);
#3083 = CIRCLE('',#3084,0.25);
#3084 = AXIS2_PLACEMENT_3D('',#3085,#3086,#3087);
#3085 = CARTESIAN_POINT('',(-50.031,12.89,-0.41148));
#3086 = DIRECTION('',(0.E+000,0.E+000,1.));
#3087 = DIRECTION('',(1.,0.E+000,-0.E+000));
#3088 = CYLINDRICAL_SURFACE('',#3089,0.25);
#3089 = AXIS2_PLACEMENT_3D('',#3090,#3091,#3092);
#3090 = CARTESIAN_POINT('',(-50.031,12.89,-0.41148));
#3091 = DIRECTION('',(-0.E+000,-0.E+000,-1.));
#3092 = DIRECTION('',(1.,0.E+000,-0.E+000));
#3093 = ADVANCED_FACE('',(#3094),#3121,.F.);
#3094 = FACE_BOUND('',#3095,.T.);
#3095 = EDGE_LOOP('',(#3096,#3106,#3113,#3114));
#3096 = ORIENTED_EDGE('',*,*,#3097,.T.);
#3097 = EDGE_CURVE('',#3098,#3100,#3102,.T.);
#3098 = VERTEX_POINT('',#3099);
#3099 = CARTESIAN_POINT('',(-48.353,13.476,-0.41148));
#3100 = VERTEX_POINT('',#3101);
#3101 = CARTESIAN_POINT('',(-48.353,13.476,0.E+000));
#3102 = LINE('',#3103,#3104);
#3103 = CARTESIAN_POINT('',(-48.353,13.476,-0.41148));
#3104 = VECTOR('',#3105,1.);
#3105 = DIRECTION('',(0.E+000,0.E+000,1.));
#3106 = ORIENTED_EDGE('',*,*,#3107,.T.);
#3107 = EDGE_CURVE('',#3100,#3100,#3108,.T.);
#3108 = CIRCLE('',#3109,0.25);
#3109 = AXIS2_PLACEMENT_3D('',#3110,#3111,#3112);
#3110 = CARTESIAN_POINT('',(-48.603,13.476,0.E+000));
#3111 = DIRECTION('',(0.E+000,0.E+000,1.));
#3112 = DIRECTION('',(1.,0.E+000,-0.E+000));
#3113 = ORIENTED_EDGE('',*,*,#3097,.F.);
#3114 = ORIENTED_EDGE('',*,*,#3115,.F.);
#3115 = EDGE_CURVE('',#3098,#3098,#3116,.T.);
#3116 = CIRCLE('',#3117,0.25);
#3117 = AXIS2_PLACEMENT_3D('',#3118,#3119,#3120);
#3118 = CARTESIAN_POINT('',(-48.603,13.476,-0.41148));
#3119 = DIRECTION('',(0.E+000,0.E+000,1.));
#3120 = DIRECTION('',(1.,0.E+000,-0.E+000));
#3121 = CYLINDRICAL_SURFACE('',#3122,0.25);
#3122 = AXIS2_PLACEMENT_3D('',#3123,#3124,#3125);
#3123 = CARTESIAN_POINT('',(-48.603,13.476,-0.41148));
#3124 = DIRECTION('',(-0.E+000,-0.E+000,-1.));
#3125 = DIRECTION('',(1.,0.E+000,-0.E+000));
#3126 = ADVANCED_FACE('',(#3127),#3154,.F.);
#3127 = FACE_BOUND('',#3128,.T.);
#3128 = EDGE_LOOP('',(#3129,#3139,#3146,#3147));
#3129 = ORIENTED_EDGE('',*,*,#3130,.T.);
#3130 = EDGE_CURVE('',#3131,#3133,#3135,.T.);
#3131 = VERTEX_POINT('',#3132);
#3132 = CARTESIAN_POINT('',(-48.25,15.,-0.41148));
#3133 = VERTEX_POINT('',#3134);
#3134 = CARTESIAN_POINT('',(-48.25,15.,0.E+000));
#3135 = LINE('',#3136,#3137);
#3136 = CARTESIAN_POINT('',(-48.25,15.,-0.41148));
#3137 = VECTOR('',#3138,1.);
#3138 = DIRECTION('',(0.E+000,0.E+000,1.));
#3139 = ORIENTED_EDGE('',*,*,#3140,.T.);
#3140 = EDGE_CURVE('',#3133,#3133,#3141,.T.);
#3141 = CIRCLE('',#3142,1.75);
#3142 = AXIS2_PLACEMENT_3D('',#3143,#3144,#3145);
#3143 = CARTESIAN_POINT('',(-50.,15.,0.E+000));
#3144 = DIRECTION('',(0.E+000,0.E+000,1.));
#3145 = DIRECTION('',(1.,0.E+000,-0.E+000));
#3146 = ORIENTED_EDGE('',*,*,#3130,.F.);
#3147 = ORIENTED_EDGE('',*,*,#3148,.F.);
#3148 = EDGE_CURVE('',#3131,#3131,#3149,.T.);
#3149 = CIRCLE('',#3150,1.75);
#3150 = AXIS2_PLACEMENT_3D('',#3151,#3152,#3153);
#3151 = CARTESIAN_POINT('',(-50.,15.,-0.41148));
#3152 = DIRECTION('',(0.E+000,0.E+000,1.));
#3153 = DIRECTION('',(1.,0.E+000,-0.E+000));
#3154 = CYLINDRICAL_SURFACE('',#3155,1.75);
#3155 = AXIS2_PLACEMENT_3D('',#3156,#3157,#3158);
#3156 = CARTESIAN_POINT('',(-50.,15.,-0.41148));
#3157 = DIRECTION('',(-0.E+000,-0.E+000,-1.));
#3158 = DIRECTION('',(1.,0.E+000,-0.E+000));
#3159 = ADVANCED_FACE('',(#3160),#3187,.F.);
#3160 = FACE_BOUND('',#3161,.T.);
#3161 = EDGE_LOOP('',(#3162,#3172,#3179,#3180));
#3162 = ORIENTED_EDGE('',*,*,#3163,.T.);
#3163 = EDGE_CURVE('',#3164,#3166,#3168,.T.);
#3164 = VERTEX_POINT('',#3165);
#3165 = CARTESIAN_POINT('',(-51.401,13.603,-0.41148));
#3166 = VERTEX_POINT('',#3167);
#3167 = CARTESIAN_POINT('',(-51.401,13.603,0.E+000));
#3168 = LINE('',#3169,#3170);
#3169 = CARTESIAN_POINT('',(-51.401,13.603,-0.41148));
#3170 = VECTOR('',#3171,1.);
#3171 = DIRECTION('',(0.E+000,0.E+000,1.));
#3172 = ORIENTED_EDGE('',*,*,#3173,.T.);
#3173 = EDGE_CURVE('',#3166,#3166,#3174,.T.);
#3174 = CIRCLE('',#3175,0.25);
#3175 = AXIS2_PLACEMENT_3D('',#3176,#3177,#3178);
#3176 = CARTESIAN_POINT('',(-51.651,13.603,0.E+000));
#3177 = DIRECTION('',(0.E+000,0.E+000,1.));
#3178 = DIRECTION('',(1.,0.E+000,-0.E+000));
#3179 = ORIENTED_EDGE('',*,*,#3163,.F.);
#3180 = ORIENTED_EDGE('',*,*,#3181,.F.);
#3181 = EDGE_CURVE('',#3164,#3164,#3182,.T.);
#3182 = CIRCLE('',#3183,0.25);
#3183 = AXIS2_PLACEMENT_3D('',#3184,#3185,#3186);
#3184 = CARTESIAN_POINT('',(-51.651,13.603,-0.41148));
#3185 = DIRECTION('',(0.E+000,0.E+000,1.));
#3186 = DIRECTION('',(1.,0.E+000,-0.E+000));
#3187 = CYLINDRICAL_SURFACE('',#3188,0.25);
#3188 = AXIS2_PLACEMENT_3D('',#3189,#3190,#3191);
#3189 = CARTESIAN_POINT('',(-51.651,13.603,-0.41148));
#3190 = DIRECTION('',(-0.E+000,-0.E+000,-1.));
#3191 = DIRECTION('',(1.,0.E+000,-0.E+000));
#3192 = ADVANCED_FACE('',(#3193),#3220,.F.);
#3193 = FACE_BOUND('',#3194,.T.);
#3194 = EDGE_LOOP('',(#3195,#3205,#3212,#3213));
#3195 = ORIENTED_EDGE('',*,*,#3196,.T.);
#3196 = EDGE_CURVE('',#3197,#3199,#3201,.T.);
#3197 = VERTEX_POINT('',#3198);
#3198 = CARTESIAN_POINT('',(-51.274,16.397,-0.41148));
#3199 = VERTEX_POINT('',#3200);
#3200 = CARTESIAN_POINT('',(-51.274,16.397,0.E+000));
#3201 = LINE('',#3202,#3203);
#3202 = CARTESIAN_POINT('',(-51.274,16.397,-0.41148));
#3203 = VECTOR('',#3204,1.);
#3204 = DIRECTION('',(0.E+000,0.E+000,1.));
#3205 = ORIENTED_EDGE('',*,*,#3206,.T.);
#3206 = EDGE_CURVE('',#3199,#3199,#3207,.T.);
#3207 = CIRCLE('',#3208,0.25);
#3208 = AXIS2_PLACEMENT_3D('',#3209,#3210,#3211);
#3209 = CARTESIAN_POINT('',(-51.524,16.397,0.E+000));
#3210 = DIRECTION('',(0.E+000,0.E+000,1.));
#3211 = DIRECTION('',(1.,0.E+000,-0.E+000));
#3212 = ORIENTED_EDGE('',*,*,#3196,.F.);
#3213 = ORIENTED_EDGE('',*,*,#3214,.F.);
#3214 = EDGE_CURVE('',#3197,#3197,#3215,.T.);
#3215 = CIRCLE('',#3216,0.25);
#3216 = AXIS2_PLACEMENT_3D('',#3217,#3218,#3219);
#3217 = CARTESIAN_POINT('',(-51.524,16.397,-0.41148));
#3218 = DIRECTION('',(0.E+000,0.E+000,1.));
#3219 = DIRECTION('',(1.,0.E+000,-0.E+000));
#3220 = CYLINDRICAL_SURFACE('',#3221,0.25);
#3221 = AXIS2_PLACEMENT_3D('',#3222,#3223,#3224);
#3222 = CARTESIAN_POINT('',(-51.524,16.397,-0.41148));
#3223 = DIRECTION('',(-0.E+000,-0.E+000,-1.));
#3224 = DIRECTION('',(1.,0.E+000,-0.E+000));
#3225 = ADVANCED_FACE('',(#3226),#3253,.F.);
#3226 = FACE_BOUND('',#3227,.T.);
#3227 = EDGE_LOOP('',(#3228,#3238,#3245,#3246));
#3228 = ORIENTED_EDGE('',*,*,#3229,.T.);
#3229 = EDGE_CURVE('',#3230,#3232,#3234,.T.);
#3230 = VERTEX_POINT('',#3231);
#3231 = CARTESIAN_POINT('',(-48.353,16.524,-0.41148));
#3232 = VERTEX_POINT('',#3233);
#3233 = CARTESIAN_POINT('',(-48.353,16.524,0.E+000));
#3234 = LINE('',#3235,#3236);
#3235 = CARTESIAN_POINT('',(-48.353,16.524,-0.41148));
#3236 = VECTOR('',#3237,1.);
#3237 = DIRECTION('',(0.E+000,0.E+000,1.));
#3238 = ORIENTED_EDGE('',*,*,#3239,.T.);
#3239 = EDGE_CURVE('',#3232,#3232,#3240,.T.);
#3240 = CIRCLE('',#3241,0.25);
#3241 = AXIS2_PLACEMENT_3D('',#3242,#3243,#3244);
#3242 = CARTESIAN_POINT('',(-48.603,16.524,0.E+000));
#3243 = DIRECTION('',(0.E+000,0.E+000,1.));
#3244 = DIRECTION('',(1.,0.E+000,-0.E+000));
#3245 = ORIENTED_EDGE('',*,*,#3229,.F.);
#3246 = ORIENTED_EDGE('',*,*,#3247,.F.);
#3247 = EDGE_CURVE('',#3230,#3230,#3248,.T.);
#3248 = CIRCLE('',#3249,0.25);
#3249 = AXIS2_PLACEMENT_3D('',#3250,#3251,#3252);
#3250 = CARTESIAN_POINT('',(-48.603,16.524,-0.41148));
#3251 = DIRECTION('',(0.E+000,0.E+000,1.));
#3252 = DIRECTION('',(1.,0.E+000,-0.E+000));
#3253 = CYLINDRICAL_SURFACE('',#3254,0.25);
#3254 = AXIS2_PLACEMENT_3D('',#3255,#3256,#3257);
#3255 = CARTESIAN_POINT('',(-48.603,16.524,-0.41148));
#3256 = DIRECTION('',(-0.E+000,-0.E+000,-1.));
#3257 = DIRECTION('',(1.,0.E+000,-0.E+000));
#3258 = ADVANCED_FACE('',(#3259),#3286,.F.);
#3259 = FACE_BOUND('',#3260,.T.);
#3260 = EDGE_LOOP('',(#3261,#3271,#3278,#3279));
#3261 = ORIENTED_EDGE('',*,*,#3262,.T.);
#3262 = EDGE_CURVE('',#3263,#3265,#3267,.T.);
#3263 = VERTEX_POINT('',#3264);
#3264 = CARTESIAN_POINT('',(-49.75,17.159,-0.41148));
#3265 = VERTEX_POINT('',#3266);
#3266 = CARTESIAN_POINT('',(-49.75,17.159,0.E+000));
#3267 = LINE('',#3268,#3269);
#3268 = CARTESIAN_POINT('',(-49.75,17.159,-0.41148));
#3269 = VECTOR('',#3270,1.);
#3270 = DIRECTION('',(0.E+000,0.E+000,1.));
#3271 = ORIENTED_EDGE('',*,*,#3272,.T.);
#3272 = EDGE_CURVE('',#3265,#3265,#3273,.T.);
#3273 = CIRCLE('',#3274,0.25);
#3274 = AXIS2_PLACEMENT_3D('',#3275,#3276,#3277);
#3275 = CARTESIAN_POINT('',(-50.,17.159,0.E+000));
#3276 = DIRECTION('',(0.E+000,0.E+000,1.));
#3277 = DIRECTION('',(1.,0.E+000,-0.E+000));
#3278 = ORIENTED_EDGE('',*,*,#3262,.F.);
#3279 = ORIENTED_EDGE('',*,*,#3280,.F.);
#3280 = EDGE_CURVE('',#3263,#3263,#3281,.T.);
#3281 = CIRCLE('',#3282,0.25);
#3282 = AXIS2_PLACEMENT_3D('',#3283,#3284,#3285);
#3283 = CARTESIAN_POINT('',(-50.,17.159,-0.41148));
#3284 = DIRECTION('',(0.E+000,0.E+000,1.));
#3285 = DIRECTION('',(1.,0.E+000,-0.E+000));
#3286 = CYLINDRICAL_SURFACE('',#3287,0.25);
#3287 = AXIS2_PLACEMENT_3D('',#3288,#3289,#3290);
#3288 = CARTESIAN_POINT('',(-50.,17.159,-0.41148));
#3289 = DIRECTION('',(-0.E+000,-0.E+000,-1.));
#3290 = DIRECTION('',(1.,0.E+000,-0.E+000));
#3291 = ADVANCED_FACE('',(#3292),#3319,.F.);
#3292 = FACE_BOUND('',#3293,.T.);
#3293 = EDGE_LOOP('',(#3294,#3304,#3311,#3312));
#3294 = ORIENTED_EDGE('',*,*,#3295,.T.);
#3295 = EDGE_CURVE('',#3296,#3298,#3300,.T.);
#3296 = VERTEX_POINT('',#3297);
#3297 = CARTESIAN_POINT('',(-47.622,-14.941,-0.41148));
#3298 = VERTEX_POINT('',#3299);
#3299 = CARTESIAN_POINT('',(-47.622,-14.941,0.E+000));
#3300 = LINE('',#3301,#3302);
#3301 = CARTESIAN_POINT('',(-47.622,-14.941,-0.41148));
#3302 = VECTOR('',#3303,1.);
#3303 = DIRECTION('',(0.E+000,0.E+000,1.));
#3304 = ORIENTED_EDGE('',*,*,#3305,.T.);
#3305 = EDGE_CURVE('',#3298,#3298,#3306,.T.);
#3306 = CIRCLE('',#3307,0.25);
#3307 = AXIS2_PLACEMENT_3D('',#3308,#3309,#3310);
#3308 = CARTESIAN_POINT('',(-47.872,-14.941,0.E+000));
#3309 = DIRECTION('',(0.E+000,0.E+000,1.));
#3310 = DIRECTION('',(1.,0.E+000,-0.E+000));
#3311 = ORIENTED_EDGE('',*,*,#3295,.F.);
#3312 = ORIENTED_EDGE('',*,*,#3313,.F.);
#3313 = EDGE_CURVE('',#3296,#3296,#3314,.T.);
#3314 = CIRCLE('',#3315,0.25);
#3315 = AXIS2_PLACEMENT_3D('',#3316,#3317,#3318);
#3316 = CARTESIAN_POINT('',(-47.872,-14.941,-0.41148));
#3317 = DIRECTION('',(0.E+000,0.E+000,1.));
#3318 = DIRECTION('',(1.,0.E+000,-0.E+000));
#3319 = CYLINDRICAL_SURFACE('',#3320,0.25);
#3320 = AXIS2_PLACEMENT_3D('',#3321,#3322,#3323);
#3321 = CARTESIAN_POINT('',(-47.872,-14.941,-0.41148));
#3322 = DIRECTION('',(-0.E+000,-0.E+000,-1.));
#3323 = DIRECTION('',(1.,0.E+000,-0.E+000));
#3324 = ADVANCED_FACE('',(#3325),#3352,.F.);
#3325 = FACE_BOUND('',#3326,.T.);
#3326 = EDGE_LOOP('',(#3327,#3337,#3344,#3345));
#3327 = ORIENTED_EDGE('',*,*,#3328,.T.);
#3328 = EDGE_CURVE('',#3329,#3331,#3333,.T.);
#3329 = VERTEX_POINT('',#3330);
#3330 = CARTESIAN_POINT('',(-39.525,-14.605,-0.41148));
#3331 = VERTEX_POINT('',#3332);
#3332 = CARTESIAN_POINT('',(-39.525,-14.605,0.E+000));
#3333 = LINE('',#3334,#3335);
#3334 = CARTESIAN_POINT('',(-39.525,-14.605,-0.41148));
#3335 = VECTOR('',#3336,1.);
#3336 = DIRECTION('',(0.E+000,0.E+000,1.));
#3337 = ORIENTED_EDGE('',*,*,#3338,.T.);
#3338 = EDGE_CURVE('',#3331,#3331,#3339,.T.);
#3339 = CIRCLE('',#3340,0.55);
#3340 = AXIS2_PLACEMENT_3D('',#3341,#3342,#3343);
#3341 = CARTESIAN_POINT('',(-40.075,-14.605,0.E+000));
#3342 = DIRECTION('',(0.E+000,0.E+000,1.));
#3343 = DIRECTION('',(1.,0.E+000,-0.E+000));
#3344 = ORIENTED_EDGE('',*,*,#3328,.F.);
#3345 = ORIENTED_EDGE('',*,*,#3346,.F.);
#3346 = EDGE_CURVE('',#3329,#3329,#3347,.T.);
#3347 = CIRCLE('',#3348,0.55);
#3348 = AXIS2_PLACEMENT_3D('',#3349,#3350,#3351);
#3349 = CARTESIAN_POINT('',(-40.075,-14.605,-0.41148));
#3350 = DIRECTION('',(0.E+000,0.E+000,1.));
#3351 = DIRECTION('',(1.,0.E+000,-0.E+000));
#3352 = CYLINDRICAL_SURFACE('',#3353,0.55);
#3353 = AXIS2_PLACEMENT_3D('',#3354,#3355,#3356);
#3354 = CARTESIAN_POINT('',(-40.075,-14.605,-0.41148));
#3355 = DIRECTION('',(-0.E+000,-0.E+000,-1.));
#3356 = DIRECTION('',(1.,0.E+000,-0.E+000));
#3357 = ADVANCED_FACE('',(#3358),#3385,.F.);
#3358 = FACE_BOUND('',#3359,.T.);
#3359 = EDGE_LOOP('',(#3360,#3370,#3377,#3378));
#3360 = ORIENTED_EDGE('',*,*,#3361,.T.);
#3361 = EDGE_CURVE('',#3362,#3364,#3366,.T.);
#3362 = VERTEX_POINT('',#3363);
#3363 = CARTESIAN_POINT('',(-42.025,-14.605,-0.41148));
#3364 = VERTEX_POINT('',#3365);
#3365 = CARTESIAN_POINT('',(-42.025,-14.605,0.E+000));
#3366 = LINE('',#3367,#3368);
#3367 = CARTESIAN_POINT('',(-42.025,-14.605,-0.41148));
#3368 = VECTOR('',#3369,1.);
#3369 = DIRECTION('',(0.E+000,0.E+000,1.));
#3370 = ORIENTED_EDGE('',*,*,#3371,.T.);
#3371 = EDGE_CURVE('',#3364,#3364,#3372,.T.);
#3372 = CIRCLE('',#3373,0.55);
#3373 = AXIS2_PLACEMENT_3D('',#3374,#3375,#3376);
#3374 = CARTESIAN_POINT('',(-42.575,-14.605,0.E+000));
#3375 = DIRECTION('',(0.E+000,0.E+000,1.));
#3376 = DIRECTION('',(1.,0.E+000,-0.E+000));
#3377 = ORIENTED_EDGE('',*,*,#3361,.F.);
#3378 = ORIENTED_EDGE('',*,*,#3379,.F.);
#3379 = EDGE_CURVE('',#3362,#3362,#3380,.T.);
#3380 = CIRCLE('',#3381,0.55);
#3381 = AXIS2_PLACEMENT_3D('',#3382,#3383,#3384);
#3382 = CARTESIAN_POINT('',(-42.575,-14.605,-0.41148));
#3383 = DIRECTION('',(0.E+000,0.E+000,1.));
#3384 = DIRECTION('',(1.,0.E+000,-0.E+000));
#3385 = CYLINDRICAL_SURFACE('',#3386,0.55);
#3386 = AXIS2_PLACEMENT_3D('',#3387,#3388,#3389);
#3387 = CARTESIAN_POINT('',(-42.575,-14.605,-0.41148));
#3388 = DIRECTION('',(-0.E+000,-0.E+000,-1.));
#3389 = DIRECTION('',(1.,0.E+000,-0.E+000));
#3390 = ADVANCED_FACE('',(#3391),#3418,.F.);
#3391 = FACE_BOUND('',#3392,.T.);
#3392 = EDGE_LOOP('',(#3393,#3403,#3410,#3411));
#3393 = ORIENTED_EDGE('',*,*,#3394,.T.);
#3394 = EDGE_CURVE('',#3395,#3397,#3399,.T.);
#3395 = VERTEX_POINT('',#3396);
#3396 = CARTESIAN_POINT('',(-42.025,-7.62,-0.41148));
#3397 = VERTEX_POINT('',#3398);
#3398 = CARTESIAN_POINT('',(-42.025,-7.62,0.E+000));
#3399 = LINE('',#3400,#3401);
#3400 = CARTESIAN_POINT('',(-42.025,-7.62,-0.41148));
#3401 = VECTOR('',#3402,1.);
#3402 = DIRECTION('',(0.E+000,0.E+000,1.));
#3403 = ORIENTED_EDGE('',*,*,#3404,.T.);
#3404 = EDGE_CURVE('',#3397,#3397,#3405,.T.);
#3405 = CIRCLE('',#3406,0.55);
#3406 = AXIS2_PLACEMENT_3D('',#3407,#3408,#3409);
#3407 = CARTESIAN_POINT('',(-42.575,-7.62,0.E+000));
#3408 = DIRECTION('',(0.E+000,0.E+000,1.));
#3409 = DIRECTION('',(1.,0.E+000,-0.E+000));
#3410 = ORIENTED_EDGE('',*,*,#3394,.F.);
#3411 = ORIENTED_EDGE('',*,*,#3412,.F.);
#3412 = EDGE_CURVE('',#3395,#3395,#3413,.T.);
#3413 = CIRCLE('',#3414,0.55);
#3414 = AXIS2_PLACEMENT_3D('',#3415,#3416,#3417);
#3415 = CARTESIAN_POINT('',(-42.575,-7.62,-0.41148));
#3416 = DIRECTION('',(0.E+000,0.E+000,1.));
#3417 = DIRECTION('',(1.,0.E+000,-0.E+000));
#3418 = CYLINDRICAL_SURFACE('',#3419,0.55);
#3419 = AXIS2_PLACEMENT_3D('',#3420,#3421,#3422);
#3420 = CARTESIAN_POINT('',(-42.575,-7.62,-0.41148));
#3421 = DIRECTION('',(-0.E+000,-0.E+000,-1.));
#3422 = DIRECTION('',(1.,0.E+000,-0.E+000));
#3423 = ADVANCED_FACE('',(#3424),#3451,.F.);
#3424 = FACE_BOUND('',#3425,.T.);
#3425 = EDGE_LOOP('',(#3426,#3436,#3443,#3444));
#3426 = ORIENTED_EDGE('',*,*,#3427,.T.);
#3427 = EDGE_CURVE('',#3428,#3430,#3432,.T.);
#3428 = VERTEX_POINT('',#3429);
#3429 = CARTESIAN_POINT('',(-37.025,-7.62,-0.41148));
#3430 = VERTEX_POINT('',#3431);
#3431 = CARTESIAN_POINT('',(-37.025,-7.62,0.E+000));
#3432 = LINE('',#3433,#3434);
#3433 = CARTESIAN_POINT('',(-37.025,-7.62,-0.41148));
#3434 = VECTOR('',#3435,1.);
#3435 = DIRECTION('',(0.E+000,0.E+000,1.));
#3436 = ORIENTED_EDGE('',*,*,#3437,.T.);
#3437 = EDGE_CURVE('',#3430,#3430,#3438,.T.);
#3438 = CIRCLE('',#3439,0.55);
#3439 = AXIS2_PLACEMENT_3D('',#3440,#3441,#3442);
#3440 = CARTESIAN_POINT('',(-37.575,-7.62,0.E+000));
#3441 = DIRECTION('',(0.E+000,0.E+000,1.));
#3442 = DIRECTION('',(1.,0.E+000,-0.E+000));
#3443 = ORIENTED_EDGE('',*,*,#3427,.F.);
#3444 = ORIENTED_EDGE('',*,*,#3445,.F.);
#3445 = EDGE_CURVE('',#3428,#3428,#3446,.T.);
#3446 = CIRCLE('',#3447,0.55);
#3447 = AXIS2_PLACEMENT_3D('',#3448,#3449,#3450);
#3448 = CARTESIAN_POINT('',(-37.575,-7.62,-0.41148));
#3449 = DIRECTION('',(0.E+000,0.E+000,1.));
#3450 = DIRECTION('',(1.,0.E+000,-0.E+000));
#3451 = CYLINDRICAL_SURFACE('',#3452,0.55);
#3452 = AXIS2_PLACEMENT_3D('',#3453,#3454,#3455);
#3453 = CARTESIAN_POINT('',(-37.575,-7.62,-0.41148));
#3454 = DIRECTION('',(-0.E+000,-0.E+000,-1.));
#3455 = DIRECTION('',(1.,0.E+000,-0.E+000));
#3456 = ADVANCED_FACE('',(#3457),#3484,.F.);
#3457 = FACE_BOUND('',#3458,.T.);
#3458 = EDGE_LOOP('',(#3459,#3469,#3476,#3477));
#3459 = ORIENTED_EDGE('',*,*,#3460,.T.);
#3460 = EDGE_CURVE('',#3461,#3463,#3465,.T.);
#3461 = VERTEX_POINT('',#3462);
#3462 = CARTESIAN_POINT('',(-39.525,-7.62,-0.41148));
#3463 = VERTEX_POINT('',#3464);
#3464 = CARTESIAN_POINT('',(-39.525,-7.62,0.E+000));
#3465 = LINE('',#3466,#3467);
#3466 = CARTESIAN_POINT('',(-39.525,-7.62,-0.41148));
#3467 = VECTOR('',#3468,1.);
#3468 = DIRECTION('',(0.E+000,0.E+000,1.));
#3469 = ORIENTED_EDGE('',*,*,#3470,.T.);
#3470 = EDGE_CURVE('',#3463,#3463,#3471,.T.);
#3471 = CIRCLE('',#3472,0.55);
#3472 = AXIS2_PLACEMENT_3D('',#3473,#3474,#3475);
#3473 = CARTESIAN_POINT('',(-40.075,-7.62,0.E+000));
#3474 = DIRECTION('',(0.E+000,0.E+000,1.));
#3475 = DIRECTION('',(1.,0.E+000,-0.E+000));
#3476 = ORIENTED_EDGE('',*,*,#3460,.F.);
#3477 = ORIENTED_EDGE('',*,*,#3478,.F.);
#3478 = EDGE_CURVE('',#3461,#3461,#3479,.T.);
#3479 = CIRCLE('',#3480,0.55);
#3480 = AXIS2_PLACEMENT_3D('',#3481,#3482,#3483);
#3481 = CARTESIAN_POINT('',(-40.075,-7.62,-0.41148));
#3482 = DIRECTION('',(0.E+000,0.E+000,1.));
#3483 = DIRECTION('',(1.,0.E+000,-0.E+000));
#3484 = CYLINDRICAL_SURFACE('',#3485,0.55);
#3485 = AXIS2_PLACEMENT_3D('',#3486,#3487,#3488);
#3486 = CARTESIAN_POINT('',(-40.075,-7.62,-0.41148));
#3487 = DIRECTION('',(-0.E+000,-0.E+000,-1.));
#3488 = DIRECTION('',(1.,0.E+000,-0.E+000));
#3489 = ADVANCED_FACE('',(#3490),#3517,.F.);
#3490 = FACE_BOUND('',#3491,.T.);
#3491 = EDGE_LOOP('',(#3492,#3502,#3509,#3510));
#3492 = ORIENTED_EDGE('',*,*,#3493,.T.);
#3493 = EDGE_CURVE('',#3494,#3496,#3498,.T.);
#3494 = VERTEX_POINT('',#3495);
#3495 = CARTESIAN_POINT('',(-37.025,-14.605,-0.41148));
#3496 = VERTEX_POINT('',#3497);
#3497 = CARTESIAN_POINT('',(-37.025,-14.605,0.E+000));
#3498 = LINE('',#3499,#3500);
#3499 = CARTESIAN_POINT('',(-37.025,-14.605,-0.41148));
#3500 = VECTOR('',#3501,1.);
#3501 = DIRECTION('',(0.E+000,0.E+000,1.));
#3502 = ORIENTED_EDGE('',*,*,#3503,.T.);
#3503 = EDGE_CURVE('',#3496,#3496,#3504,.T.);
#3504 = CIRCLE('',#3505,0.55);
#3505 = AXIS2_PLACEMENT_3D('',#3506,#3507,#3508);
#3506 = CARTESIAN_POINT('',(-37.575,-14.605,0.E+000));
#3507 = DIRECTION('',(0.E+000,0.E+000,1.));
#3508 = DIRECTION('',(1.,0.E+000,-0.E+000));
#3509 = ORIENTED_EDGE('',*,*,#3493,.F.);
#3510 = ORIENTED_EDGE('',*,*,#3511,.F.);
#3511 = EDGE_CURVE('',#3494,#3494,#3512,.T.);
#3512 = CIRCLE('',#3513,0.55);
#3513 = AXIS2_PLACEMENT_3D('',#3514,#3515,#3516);
#3514 = CARTESIAN_POINT('',(-37.575,-14.605,-0.41148));
#3515 = DIRECTION('',(0.E+000,0.E+000,1.));
#3516 = DIRECTION('',(1.,0.E+000,-0.E+000));
#3517 = CYLINDRICAL_SURFACE('',#3518,0.55);
#3518 = AXIS2_PLACEMENT_3D('',#3519,#3520,#3521);
#3519 = CARTESIAN_POINT('',(-37.575,-14.605,-0.41148));
#3520 = DIRECTION('',(-0.E+000,-0.E+000,-1.));
#3521 = DIRECTION('',(1.,0.E+000,-0.E+000));
#3522 = ADVANCED_FACE('',(#3523),#3550,.F.);
#3523 = FACE_BOUND('',#3524,.T.);
#3524 = EDGE_LOOP('',(#3525,#3535,#3542,#3543));
#3525 = ORIENTED_EDGE('',*,*,#3526,.T.);
#3526 = EDGE_CURVE('',#3527,#3529,#3531,.T.);
#3527 = VERTEX_POINT('',#3528);
#3528 = CARTESIAN_POINT('',(-32.025,-14.605,-0.41148));
#3529 = VERTEX_POINT('',#3530);
#3530 = CARTESIAN_POINT('',(-32.025,-14.605,0.E+000));
#3531 = LINE('',#3532,#3533);
#3532 = CARTESIAN_POINT('',(-32.025,-14.605,-0.41148));
#3533 = VECTOR('',#3534,1.);
#3534 = DIRECTION('',(0.E+000,0.E+000,1.));
#3535 = ORIENTED_EDGE('',*,*,#3536,.T.);
#3536 = EDGE_CURVE('',#3529,#3529,#3537,.T.);
#3537 = CIRCLE('',#3538,0.55);
#3538 = AXIS2_PLACEMENT_3D('',#3539,#3540,#3541);
#3539 = CARTESIAN_POINT('',(-32.575,-14.605,0.E+000));
#3540 = DIRECTION('',(0.E+000,0.E+000,1.));
#3541 = DIRECTION('',(1.,0.E+000,-0.E+000));
#3542 = ORIENTED_EDGE('',*,*,#3526,.F.);
#3543 = ORIENTED_EDGE('',*,*,#3544,.F.);
#3544 = EDGE_CURVE('',#3527,#3527,#3545,.T.);
#3545 = CIRCLE('',#3546,0.55);
#3546 = AXIS2_PLACEMENT_3D('',#3547,#3548,#3549);
#3547 = CARTESIAN_POINT('',(-32.575,-14.605,-0.41148));
#3548 = DIRECTION('',(0.E+000,0.E+000,1.));
#3549 = DIRECTION('',(1.,0.E+000,-0.E+000));
#3550 = CYLINDRICAL_SURFACE('',#3551,0.55);
#3551 = AXIS2_PLACEMENT_3D('',#3552,#3553,#3554);
#3552 = CARTESIAN_POINT('',(-32.575,-14.605,-0.41148));
#3553 = DIRECTION('',(-0.E+000,-0.E+000,-1.));
#3554 = DIRECTION('',(1.,0.E+000,-0.E+000));
#3555 = ADVANCED_FACE('',(#3556),#3583,.F.);
#3556 = FACE_BOUND('',#3557,.T.);
#3557 = EDGE_LOOP('',(#3558,#3568,#3575,#3576));
#3558 = ORIENTED_EDGE('',*,*,#3559,.T.);
#3559 = EDGE_CURVE('',#3560,#3562,#3564,.T.);
#3560 = VERTEX_POINT('',#3561);
#3561 = CARTESIAN_POINT('',(-34.525,-14.605,-0.41148));
#3562 = VERTEX_POINT('',#3563);
#3563 = CARTESIAN_POINT('',(-34.525,-14.605,0.E+000));
#3564 = LINE('',#3565,#3566);
#3565 = CARTESIAN_POINT('',(-34.525,-14.605,-0.41148));
#3566 = VECTOR('',#3567,1.);
#3567 = DIRECTION('',(0.E+000,0.E+000,1.));
#3568 = ORIENTED_EDGE('',*,*,#3569,.T.);
#3569 = EDGE_CURVE('',#3562,#3562,#3570,.T.);
#3570 = CIRCLE('',#3571,0.55);
#3571 = AXIS2_PLACEMENT_3D('',#3572,#3573,#3574);
#3572 = CARTESIAN_POINT('',(-35.075,-14.605,0.E+000));
#3573 = DIRECTION('',(0.E+000,0.E+000,1.));
#3574 = DIRECTION('',(1.,0.E+000,-0.E+000));
#3575 = ORIENTED_EDGE('',*,*,#3559,.F.);
#3576 = ORIENTED_EDGE('',*,*,#3577,.F.);
#3577 = EDGE_CURVE('',#3560,#3560,#3578,.T.);
#3578 = CIRCLE('',#3579,0.55);
#3579 = AXIS2_PLACEMENT_3D('',#3580,#3581,#3582);
#3580 = CARTESIAN_POINT('',(-35.075,-14.605,-0.41148));
#3581 = DIRECTION('',(0.E+000,0.E+000,1.));
#3582 = DIRECTION('',(1.,0.E+000,-0.E+000));
#3583 = CYLINDRICAL_SURFACE('',#3584,0.55);
#3584 = AXIS2_PLACEMENT_3D('',#3585,#3586,#3587);
#3585 = CARTESIAN_POINT('',(-35.075,-14.605,-0.41148));
#3586 = DIRECTION('',(-0.E+000,-0.E+000,-1.));
#3587 = DIRECTION('',(1.,0.E+000,-0.E+000));
#3588 = ADVANCED_FACE('',(#3589),#3616,.F.);
#3589 = FACE_BOUND('',#3590,.T.);
#3590 = EDGE_LOOP('',(#3591,#3601,#3608,#3609));
#3591 = ORIENTED_EDGE('',*,*,#3592,.T.);
#3592 = EDGE_CURVE('',#3593,#3595,#3597,.T.);
#3593 = VERTEX_POINT('',#3594);
#3594 = CARTESIAN_POINT('',(-29.525,-14.605,-0.41148));
#3595 = VERTEX_POINT('',#3596);
#3596 = CARTESIAN_POINT('',(-29.525,-14.605,0.E+000));
#3597 = LINE('',#3598,#3599);
#3598 = CARTESIAN_POINT('',(-29.525,-14.605,-0.41148));
#3599 = VECTOR('',#3600,1.);
#3600 = DIRECTION('',(0.E+000,0.E+000,1.));
#3601 = ORIENTED_EDGE('',*,*,#3602,.T.);
#3602 = EDGE_CURVE('',#3595,#3595,#3603,.T.);
#3603 = CIRCLE('',#3604,0.55);
#3604 = AXIS2_PLACEMENT_3D('',#3605,#3606,#3607);
#3605 = CARTESIAN_POINT('',(-30.075,-14.605,0.E+000));
#3606 = DIRECTION('',(0.E+000,0.E+000,1.));
#3607 = DIRECTION('',(1.,0.E+000,-0.E+000));
#3608 = ORIENTED_EDGE('',*,*,#3592,.F.);
#3609 = ORIENTED_EDGE('',*,*,#3610,.F.);
#3610 = EDGE_CURVE('',#3593,#3593,#3611,.T.);
#3611 = CIRCLE('',#3612,0.55);
#3612 = AXIS2_PLACEMENT_3D('',#3613,#3614,#3615);
#3613 = CARTESIAN_POINT('',(-30.075,-14.605,-0.41148));
#3614 = DIRECTION('',(0.E+000,0.E+000,1.));
#3615 = DIRECTION('',(1.,0.E+000,-0.E+000));
#3616 = CYLINDRICAL_SURFACE('',#3617,0.55);
#3617 = AXIS2_PLACEMENT_3D('',#3618,#3619,#3620);
#3618 = CARTESIAN_POINT('',(-30.075,-14.605,-0.41148));
#3619 = DIRECTION('',(-0.E+000,-0.E+000,-1.));
#3620 = DIRECTION('',(1.,0.E+000,-0.E+000));
#3621 = ADVANCED_FACE('',(#3622),#3649,.F.);
#3622 = FACE_BOUND('',#3623,.T.);
#3623 = EDGE_LOOP('',(#3624,#3634,#3641,#3642));
#3624 = ORIENTED_EDGE('',*,*,#3625,.T.);
#3625 = EDGE_CURVE('',#3626,#3628,#3630,.T.);
#3626 = VERTEX_POINT('',#3627);
#3627 = CARTESIAN_POINT('',(-34.525,-7.62,-0.41148));
#3628 = VERTEX_POINT('',#3629);
#3629 = CARTESIAN_POINT('',(-34.525,-7.62,0.E+000));
#3630 = LINE('',#3631,#3632);
#3631 = CARTESIAN_POINT('',(-34.525,-7.62,-0.41148));
#3632 = VECTOR('',#3633,1.);
#3633 = DIRECTION('',(0.E+000,0.E+000,1.));
#3634 = ORIENTED_EDGE('',*,*,#3635,.T.);
#3635 = EDGE_CURVE('',#3628,#3628,#3636,.T.);
#3636 = CIRCLE('',#3637,0.55);
#3637 = AXIS2_PLACEMENT_3D('',#3638,#3639,#3640);
#3638 = CARTESIAN_POINT('',(-35.075,-7.62,0.E+000));
#3639 = DIRECTION('',(0.E+000,0.E+000,1.));
#3640 = DIRECTION('',(1.,0.E+000,-0.E+000));
#3641 = ORIENTED_EDGE('',*,*,#3625,.F.);
#3642 = ORIENTED_EDGE('',*,*,#3643,.F.);
#3643 = EDGE_CURVE('',#3626,#3626,#3644,.T.);
#3644 = CIRCLE('',#3645,0.55);
#3645 = AXIS2_PLACEMENT_3D('',#3646,#3647,#3648);
#3646 = CARTESIAN_POINT('',(-35.075,-7.62,-0.41148));
#3647 = DIRECTION('',(0.E+000,0.E+000,1.));
#3648 = DIRECTION('',(1.,0.E+000,-0.E+000));
#3649 = CYLINDRICAL_SURFACE('',#3650,0.55);
#3650 = AXIS2_PLACEMENT_3D('',#3651,#3652,#3653);
#3651 = CARTESIAN_POINT('',(-35.075,-7.62,-0.41148));
#3652 = DIRECTION('',(-0.E+000,-0.E+000,-1.));
#3653 = DIRECTION('',(1.,0.E+000,-0.E+000));
#3654 = ADVANCED_FACE('',(#3655),#3682,.F.);
#3655 = FACE_BOUND('',#3656,.T.);
#3656 = EDGE_LOOP('',(#3657,#3667,#3674,#3675));
#3657 = ORIENTED_EDGE('',*,*,#3658,.T.);
#3658 = EDGE_CURVE('',#3659,#3661,#3663,.T.);
#3659 = VERTEX_POINT('',#3660);
#3660 = CARTESIAN_POINT('',(-27.025,-14.605,-0.41148));
#3661 = VERTEX_POINT('',#3662);
#3662 = CARTESIAN_POINT('',(-27.025,-14.605,0.E+000));
#3663 = LINE('',#3664,#3665);
#3664 = CARTESIAN_POINT('',(-27.025,-14.605,-0.41148));
#3665 = VECTOR('',#3666,1.);
#3666 = DIRECTION('',(0.E+000,0.E+000,1.));
#3667 = ORIENTED_EDGE('',*,*,#3668,.T.);
#3668 = EDGE_CURVE('',#3661,#3661,#3669,.T.);
#3669 = CIRCLE('',#3670,0.55);
#3670 = AXIS2_PLACEMENT_3D('',#3671,#3672,#3673);
#3671 = CARTESIAN_POINT('',(-27.575,-14.605,0.E+000));
#3672 = DIRECTION('',(0.E+000,0.E+000,1.));
#3673 = DIRECTION('',(1.,0.E+000,-0.E+000));
#3674 = ORIENTED_EDGE('',*,*,#3658,.F.);
#3675 = ORIENTED_EDGE('',*,*,#3676,.F.);
#3676 = EDGE_CURVE('',#3659,#3659,#3677,.T.);
#3677 = CIRCLE('',#3678,0.55);
#3678 = AXIS2_PLACEMENT_3D('',#3679,#3680,#3681);
#3679 = CARTESIAN_POINT('',(-27.575,-14.605,-0.41148));
#3680 = DIRECTION('',(0.E+000,0.E+000,1.));
#3681 = DIRECTION('',(1.,0.E+000,-0.E+000));
#3682 = CYLINDRICAL_SURFACE('',#3683,0.55);
#3683 = AXIS2_PLACEMENT_3D('',#3684,#3685,#3686);
#3684 = CARTESIAN_POINT('',(-27.575,-14.605,-0.41148));
#3685 = DIRECTION('',(-0.E+000,-0.E+000,-1.));
#3686 = DIRECTION('',(1.,0.E+000,-0.E+000));
#3687 = ADVANCED_FACE('',(#3688),#3715,.F.);
#3688 = FACE_BOUND('',#3689,.T.);
#3689 = EDGE_LOOP('',(#3690,#3700,#3707,#3708));
#3690 = ORIENTED_EDGE('',*,*,#3691,.T.);
#3691 = EDGE_CURVE('',#3692,#3694,#3696,.T.);
#3692 = VERTEX_POINT('',#3693);
#3693 = CARTESIAN_POINT('',(-27.025,-7.62,-0.41148));
#3694 = VERTEX_POINT('',#3695);
#3695 = CARTESIAN_POINT('',(-27.025,-7.62,0.E+000));
#3696 = LINE('',#3697,#3698);
#3697 = CARTESIAN_POINT('',(-27.025,-7.62,-0.41148));
#3698 = VECTOR('',#3699,1.);
#3699 = DIRECTION('',(0.E+000,0.E+000,1.));
#3700 = ORIENTED_EDGE('',*,*,#3701,.T.);
#3701 = EDGE_CURVE('',#3694,#3694,#3702,.T.);
#3702 = CIRCLE('',#3703,0.55);
#3703 = AXIS2_PLACEMENT_3D('',#3704,#3705,#3706);
#3704 = CARTESIAN_POINT('',(-27.575,-7.62,0.E+000));
#3705 = DIRECTION('',(0.E+000,0.E+000,1.));
#3706 = DIRECTION('',(1.,0.E+000,-0.E+000));
#3707 = ORIENTED_EDGE('',*,*,#3691,.F.);
#3708 = ORIENTED_EDGE('',*,*,#3709,.F.);
#3709 = EDGE_CURVE('',#3692,#3692,#3710,.T.);
#3710 = CIRCLE('',#3711,0.55);
#3711 = AXIS2_PLACEMENT_3D('',#3712,#3713,#3714);
#3712 = CARTESIAN_POINT('',(-27.575,-7.62,-0.41148));
#3713 = DIRECTION('',(0.E+000,0.E+000,1.));
#3714 = DIRECTION('',(1.,0.E+000,-0.E+000));
#3715 = CYLINDRICAL_SURFACE('',#3716,0.55);
#3716 = AXIS2_PLACEMENT_3D('',#3717,#3718,#3719);
#3717 = CARTESIAN_POINT('',(-27.575,-7.62,-0.41148));
#3718 = DIRECTION('',(-0.E+000,-0.E+000,-1.));
#3719 = DIRECTION('',(1.,0.E+000,-0.E+000));
#3720 = ADVANCED_FACE('',(#3721),#3755,.F.);
#3721 = FACE_BOUND('',#3722,.F.);
#3722 = EDGE_LOOP('',(#3723,#3733,#3741,#3749));
#3723 = ORIENTED_EDGE('',*,*,#3724,.T.);
#3724 = EDGE_CURVE('',#3725,#3727,#3729,.T.);
#3725 = VERTEX_POINT('',#3726);
#3726 = CARTESIAN_POINT('',(-48.13299942016,-11.30300045013,-0.41148));
#3727 = VERTEX_POINT('',#3728);
#3728 = CARTESIAN_POINT('',(-48.13299942016,-11.30300045013,0.E+000));
#3729 = LINE('',#3730,#3731);
#3730 = CARTESIAN_POINT('',(-48.13299942016,-11.30300045013,-0.41148));
#3731 = VECTOR('',#3732,1.);
#3732 = DIRECTION('',(0.E+000,0.E+000,1.));
#3733 = ORIENTED_EDGE('',*,*,#3734,.T.);
#3734 = EDGE_CURVE('',#3727,#3735,#3737,.T.);
#3735 = VERTEX_POINT('',#3736);
#3736 = CARTESIAN_POINT('',(-59.18199920654,-11.30300045013,0.E+000));
#3737 = LINE('',#3738,#3739);
#3738 = CARTESIAN_POINT('',(-48.13299942016,-11.30300045013,0.E+000));
#3739 = VECTOR('',#3740,1.);
#3740 = DIRECTION('',(-1.,0.E+000,0.E+000));
#3741 = ORIENTED_EDGE('',*,*,#3742,.F.);
#3742 = EDGE_CURVE('',#3743,#3735,#3745,.T.);
#3743 = VERTEX_POINT('',#3744);
#3744 = CARTESIAN_POINT('',(-59.18199920654,-11.30300045013,-0.41148));
#3745 = LINE('',#3746,#3747);
#3746 = CARTESIAN_POINT('',(-59.18199920654,-11.30300045013,-0.41148));
#3747 = VECTOR('',#3748,1.);
#3748 = DIRECTION('',(0.E+000,0.E+000,1.));
#3749 = ORIENTED_EDGE('',*,*,#3750,.F.);
#3750 = EDGE_CURVE('',#3725,#3743,#3751,.T.);
#3751 = LINE('',#3752,#3753);
#3752 = CARTESIAN_POINT('',(-48.13299942016,-11.30300045013,-0.41148));
#3753 = VECTOR('',#3754,1.);
#3754 = DIRECTION('',(-1.,0.E+000,0.E+000));
#3755 = PLANE('',#3756);
#3756 = AXIS2_PLACEMENT_3D('',#3757,#3758,#3759);
#3757 = CARTESIAN_POINT('',(-48.13299942016,-11.30300045013,-0.41148));
#3758 = DIRECTION('',(0.E+000,-1.,0.E+000));
#3759 = DIRECTION('',(-1.,0.E+000,0.E+000));
#3760 = ADVANCED_FACE('',(#3761),#3786,.F.);
#3761 = FACE_BOUND('',#3762,.F.);
#3762 = EDGE_LOOP('',(#3763,#3773,#3779,#3780));
#3763 = ORIENTED_EDGE('',*,*,#3764,.T.);
#3764 = EDGE_CURVE('',#3765,#3767,#3769,.T.);
#3765 = VERTEX_POINT('',#3766);
#3766 = CARTESIAN_POINT('',(-48.13299942016,11.175999641418,-0.41148));
#3767 = VERTEX_POINT('',#3768);
#3768 = CARTESIAN_POINT('',(-48.13299942016,11.175999641418,0.E+000));
#3769 = LINE('',#3770,#3771);
#3770 = CARTESIAN_POINT('',(-48.13299942016,11.175999641418,-0.41148));
#3771 = VECTOR('',#3772,1.);
#3772 = DIRECTION('',(0.E+000,0.E+000,1.));
#3773 = ORIENTED_EDGE('',*,*,#3774,.T.);
#3774 = EDGE_CURVE('',#3767,#3727,#3775,.T.);
#3775 = LINE('',#3776,#3777);
#3776 = CARTESIAN_POINT('',(-48.13299942016,11.175999641418,0.E+000));
#3777 = VECTOR('',#3778,1.);
#3778 = DIRECTION('',(0.E+000,-1.,0.E+000));
#3779 = ORIENTED_EDGE('',*,*,#3724,.F.);
#3780 = ORIENTED_EDGE('',*,*,#3781,.F.);
#3781 = EDGE_CURVE('',#3765,#3725,#3782,.T.);
#3782 = LINE('',#3783,#3784);
#3783 = CARTESIAN_POINT('',(-48.13299942016,11.175999641418,-0.41148));
#3784 = VECTOR('',#3785,1.);
#3785 = DIRECTION('',(0.E+000,-1.,0.E+000));
#3786 = PLANE('',#3787);
#3787 = AXIS2_PLACEMENT_3D('',#3788,#3789,#3790);
#3788 = CARTESIAN_POINT('',(-48.13299942016,11.175999641418,-0.41148));
#3789 = DIRECTION('',(1.,0.E+000,-0.E+000));
#3790 = DIRECTION('',(0.E+000,-1.,0.E+000));
#3791 = ADVANCED_FACE('',(#3792),#3817,.F.);
#3792 = FACE_BOUND('',#3793,.F.);
#3793 = EDGE_LOOP('',(#3794,#3804,#3810,#3811));
#3794 = ORIENTED_EDGE('',*,*,#3795,.T.);
#3795 = EDGE_CURVE('',#3796,#3798,#3800,.T.);
#3796 = VERTEX_POINT('',#3797);
#3797 = CARTESIAN_POINT('',(-59.18199920654,11.175999641418,-0.41148));
#3798 = VERTEX_POINT('',#3799);
#3799 = CARTESIAN_POINT('',(-59.18199920654,11.175999641418,0.E+000));
#3800 = LINE('',#3801,#3802);
#3801 = CARTESIAN_POINT('',(-59.18199920654,11.175999641418,-0.41148));
#3802 = VECTOR('',#3803,1.);
#3803 = DIRECTION('',(0.E+000,0.E+000,1.));
#3804 = ORIENTED_EDGE('',*,*,#3805,.T.);
#3805 = EDGE_CURVE('',#3798,#3767,#3806,.T.);
#3806 = LINE('',#3807,#3808);
#3807 = CARTESIAN_POINT('',(-59.18199920654,11.175999641418,0.E+000));
#3808 = VECTOR('',#3809,1.);
#3809 = DIRECTION('',(1.,0.E+000,0.E+000));
#3810 = ORIENTED_EDGE('',*,*,#3764,.F.);
#3811 = ORIENTED_EDGE('',*,*,#3812,.F.);
#3812 = EDGE_CURVE('',#3796,#3765,#3813,.T.);
#3813 = LINE('',#3814,#3815);
#3814 = CARTESIAN_POINT('',(-59.18199920654,11.175999641418,-0.41148));
#3815 = VECTOR('',#3816,1.);
#3816 = DIRECTION('',(1.,0.E+000,0.E+000));
#3817 = PLANE('',#3818);
#3818 = AXIS2_PLACEMENT_3D('',#3819,#3820,#3821);
#3819 = CARTESIAN_POINT('',(-59.18199920654,11.175999641418,-0.41148));
#3820 = DIRECTION('',(0.E+000,1.,0.E+000));
#3821 = DIRECTION('',(1.,0.E+000,0.E+000));
#3822 = ADVANCED_FACE('',(#3823),#3839,.F.);
#3823 = FACE_BOUND('',#3824,.F.);
#3824 = EDGE_LOOP('',(#3825,#3826,#3832,#3833));
#3825 = ORIENTED_EDGE('',*,*,#3742,.T.);
#3826 = ORIENTED_EDGE('',*,*,#3827,.T.);
#3827 = EDGE_CURVE('',#3735,#3798,#3828,.T.);
#3828 = LINE('',#3829,#3830);
#3829 = CARTESIAN_POINT('',(-59.18199920654,-11.30300045013,0.E+000));
#3830 = VECTOR('',#3831,1.);
#3831 = DIRECTION('',(0.E+000,1.,0.E+000));
#3832 = ORIENTED_EDGE('',*,*,#3795,.F.);
#3833 = ORIENTED_EDGE('',*,*,#3834,.F.);
#3834 = EDGE_CURVE('',#3743,#3796,#3835,.T.);
#3835 = LINE('',#3836,#3837);
#3836 = CARTESIAN_POINT('',(-59.18199920654,-11.30300045013,-0.41148));
#3837 = VECTOR('',#3838,1.);
#3838 = DIRECTION('',(0.E+000,1.,0.E+000));
#3839 = PLANE('',#3840);
#3840 = AXIS2_PLACEMENT_3D('',#3841,#3842,#3843);
#3841 = CARTESIAN_POINT('',(-59.18199920654,-11.30300045013,-0.41148));
#3842 = DIRECTION('',(-1.,0.E+000,0.E+000));
#3843 = DIRECTION('',(0.E+000,1.,0.E+000));
#3844 = ADVANCED_FACE('',(#3845),#3872,.F.);
#3845 = FACE_BOUND('',#3846,.T.);
#3846 = EDGE_LOOP('',(#3847,#3857,#3864,#3865));
#3847 = ORIENTED_EDGE('',*,*,#3848,.T.);
#3848 = EDGE_CURVE('',#3849,#3851,#3853,.T.);
#3849 = VERTEX_POINT('',#3850);
#3850 = CARTESIAN_POINT('',(-29.525,-7.62,-0.41148));
#3851 = VERTEX_POINT('',#3852);
#3852 = CARTESIAN_POINT('',(-29.525,-7.62,0.E+000));
#3853 = LINE('',#3854,#3855);
#3854 = CARTESIAN_POINT('',(-29.525,-7.62,-0.41148));
#3855 = VECTOR('',#3856,1.);
#3856 = DIRECTION('',(0.E+000,0.E+000,1.));
#3857 = ORIENTED_EDGE('',*,*,#3858,.T.);
#3858 = EDGE_CURVE('',#3851,#3851,#3859,.T.);
#3859 = CIRCLE('',#3860,0.55);
#3860 = AXIS2_PLACEMENT_3D('',#3861,#3862,#3863);
#3861 = CARTESIAN_POINT('',(-30.075,-7.62,0.E+000));
#3862 = DIRECTION('',(0.E+000,0.E+000,1.));
#3863 = DIRECTION('',(1.,0.E+000,-0.E+000));
#3864 = ORIENTED_EDGE('',*,*,#3848,.F.);
#3865 = ORIENTED_EDGE('',*,*,#3866,.F.);
#3866 = EDGE_CURVE('',#3849,#3849,#3867,.T.);
#3867 = CIRCLE('',#3868,0.55);
#3868 = AXIS2_PLACEMENT_3D('',#3869,#3870,#3871);
#3869 = CARTESIAN_POINT('',(-30.075,-7.62,-0.41148));
#3870 = DIRECTION('',(0.E+000,0.E+000,1.));
#3871 = DIRECTION('',(1.,0.E+000,-0.E+000));
#3872 = CYLINDRICAL_SURFACE('',#3873,0.55);
#3873 = AXIS2_PLACEMENT_3D('',#3874,#3875,#3876);
#3874 = CARTESIAN_POINT('',(-30.075,-7.62,-0.41148));
#3875 = DIRECTION('',(-0.E+000,-0.E+000,-1.));
#3876 = DIRECTION('',(1.,0.E+000,-0.E+000));
#3877 = ADVANCED_FACE('',(#3878),#3905,.F.);
#3878 = FACE_BOUND('',#3879,.T.);
#3879 = EDGE_LOOP('',(#3880,#3890,#3897,#3898));
#3880 = ORIENTED_EDGE('',*,*,#3881,.T.);
#3881 = EDGE_CURVE('',#3882,#3884,#3886,.T.);
#3882 = VERTEX_POINT('',#3883);
#3883 = CARTESIAN_POINT('',(-32.025,-7.62,-0.41148));
#3884 = VERTEX_POINT('',#3885);
#3885 = CARTESIAN_POINT('',(-32.025,-7.62,0.E+000));
#3886 = LINE('',#3887,#3888);
#3887 = CARTESIAN_POINT('',(-32.025,-7.62,-0.41148));
#3888 = VECTOR('',#3889,1.);
#3889 = DIRECTION('',(0.E+000,0.E+000,1.));
#3890 = ORIENTED_EDGE('',*,*,#3891,.T.);
#3891 = EDGE_CURVE('',#3884,#3884,#3892,.T.);
#3892 = CIRCLE('',#3893,0.55);
#3893 = AXIS2_PLACEMENT_3D('',#3894,#3895,#3896);
#3894 = CARTESIAN_POINT('',(-32.575,-7.62,0.E+000));
#3895 = DIRECTION('',(0.E+000,0.E+000,1.));
#3896 = DIRECTION('',(1.,0.E+000,-0.E+000));
#3897 = ORIENTED_EDGE('',*,*,#3881,.F.);
#3898 = ORIENTED_EDGE('',*,*,#3899,.F.);
#3899 = EDGE_CURVE('',#3882,#3882,#3900,.T.);
#3900 = CIRCLE('',#3901,0.55);
#3901 = AXIS2_PLACEMENT_3D('',#3902,#3903,#3904);
#3902 = CARTESIAN_POINT('',(-32.575,-7.62,-0.41148));
#3903 = DIRECTION('',(0.E+000,0.E+000,1.));
#3904 = DIRECTION('',(1.,0.E+000,-0.E+000));
#3905 = CYLINDRICAL_SURFACE('',#3906,0.55);
#3906 = AXIS2_PLACEMENT_3D('',#3907,#3908,#3909);
#3907 = CARTESIAN_POINT('',(-32.575,-7.62,-0.41148));
#3908 = DIRECTION('',(-0.E+000,-0.E+000,-1.));
#3909 = DIRECTION('',(1.,0.E+000,-0.E+000));
#3910 = ADVANCED_FACE('',(#3911),#3938,.F.);
#3911 = FACE_BOUND('',#3912,.T.);
#3912 = EDGE_LOOP('',(#3913,#3923,#3930,#3931));
#3913 = ORIENTED_EDGE('',*,*,#3914,.T.);
#3914 = EDGE_CURVE('',#3915,#3917,#3919,.T.);
#3915 = VERTEX_POINT('',#3916);
#3916 = CARTESIAN_POINT('',(-47.622,15.059,-0.41148));
#3917 = VERTEX_POINT('',#3918);
#3918 = CARTESIAN_POINT('',(-47.622,15.059,0.E+000));
#3919 = LINE('',#3920,#3921);
#3920 = CARTESIAN_POINT('',(-47.622,15.059,-0.41148));
#3921 = VECTOR('',#3922,1.);
#3922 = DIRECTION('',(0.E+000,0.E+000,1.));
#3923 = ORIENTED_EDGE('',*,*,#3924,.T.);
#3924 = EDGE_CURVE('',#3917,#3917,#3925,.T.);
#3925 = CIRCLE('',#3926,0.25);
#3926 = AXIS2_PLACEMENT_3D('',#3927,#3928,#3929);
#3927 = CARTESIAN_POINT('',(-47.872,15.059,0.E+000));
#3928 = DIRECTION('',(0.E+000,0.E+000,1.));
#3929 = DIRECTION('',(1.,0.E+000,-0.E+000));
#3930 = ORIENTED_EDGE('',*,*,#3914,.F.);
#3931 = ORIENTED_EDGE('',*,*,#3932,.F.);
#3932 = EDGE_CURVE('',#3915,#3915,#3933,.T.);
#3933 = CIRCLE('',#3934,0.25);
#3934 = AXIS2_PLACEMENT_3D('',#3935,#3936,#3937);
#3935 = CARTESIAN_POINT('',(-47.872,15.059,-0.41148));
#3936 = DIRECTION('',(0.E+000,0.E+000,1.));
#3937 = DIRECTION('',(1.,0.E+000,-0.E+000));
#3938 = CYLINDRICAL_SURFACE('',#3939,0.25);
#3939 = AXIS2_PLACEMENT_3D('',#3940,#3941,#3942);
#3940 = CARTESIAN_POINT('',(-47.872,15.059,-0.41148));
#3941 = DIRECTION('',(-0.E+000,-0.E+000,-1.));
#3942 = DIRECTION('',(1.,0.E+000,-0.E+000));
#3943 = ADVANCED_FACE('',(#3944),#3971,.F.);
#3944 = FACE_BOUND('',#3945,.T.);
#3945 = EDGE_LOOP('',(#3946,#3956,#3963,#3964));
#3946 = ORIENTED_EDGE('',*,*,#3947,.T.);
#3947 = EDGE_CURVE('',#3948,#3950,#3952,.T.);
#3948 = VERTEX_POINT('',#3949);
#3949 = CARTESIAN_POINT('',(-38.642,16.129,-0.41148));
#3950 = VERTEX_POINT('',#3951);
#3951 = CARTESIAN_POINT('',(-38.642,16.129,0.E+000));
#3952 = LINE('',#3953,#3954);
#3953 = CARTESIAN_POINT('',(-38.642,16.129,-0.41148));
#3954 = VECTOR('',#3955,1.);
#3955 = DIRECTION('',(0.E+000,0.E+000,1.));
#3956 = ORIENTED_EDGE('',*,*,#3957,.T.);
#3957 = EDGE_CURVE('',#3950,#3950,#3958,.T.);
#3958 = CIRCLE('',#3959,0.55);
#3959 = AXIS2_PLACEMENT_3D('',#3960,#3961,#3962);
#3960 = CARTESIAN_POINT('',(-39.192,16.129,0.E+000));
#3961 = DIRECTION('',(0.E+000,0.E+000,1.));
#3962 = DIRECTION('',(1.,0.E+000,-0.E+000));
#3963 = ORIENTED_EDGE('',*,*,#3947,.F.);
#3964 = ORIENTED_EDGE('',*,*,#3965,.F.);
#3965 = EDGE_CURVE('',#3948,#3948,#3966,.T.);
#3966 = CIRCLE('',#3967,0.55);
#3967 = AXIS2_PLACEMENT_3D('',#3968,#3969,#3970);
#3968 = CARTESIAN_POINT('',(-39.192,16.129,-0.41148));
#3969 = DIRECTION('',(0.E+000,0.E+000,1.));
#3970 = DIRECTION('',(1.,0.E+000,-0.E+000));
#3971 = CYLINDRICAL_SURFACE('',#3972,0.55);
#3972 = AXIS2_PLACEMENT_3D('',#3973,#3974,#3975);
#3973 = CARTESIAN_POINT('',(-39.192,16.129,-0.41148));
#3974 = DIRECTION('',(-0.E+000,-0.E+000,-1.));
#3975 = DIRECTION('',(1.,0.E+000,-0.E+000));
#3976 = ADVANCED_FACE('',(#3977),#4004,.F.);
#3977 = FACE_BOUND('',#3978,.T.);
#3978 = EDGE_LOOP('',(#3979,#3989,#3996,#3997));
#3979 = ORIENTED_EDGE('',*,*,#3980,.T.);
#3980 = EDGE_CURVE('',#3981,#3983,#3985,.T.);
#3981 = VERTEX_POINT('',#3982);
#3982 = CARTESIAN_POINT('',(-41.182,16.129,-0.41148));
#3983 = VERTEX_POINT('',#3984);
#3984 = CARTESIAN_POINT('',(-41.182,16.129,0.E+000));
#3985 = LINE('',#3986,#3987);
#3986 = CARTESIAN_POINT('',(-41.182,16.129,-0.41148));
#3987 = VECTOR('',#3988,1.);
#3988 = DIRECTION('',(0.E+000,0.E+000,1.));
#3989 = ORIENTED_EDGE('',*,*,#3990,.T.);
#3990 = EDGE_CURVE('',#3983,#3983,#3991,.T.);
#3991 = CIRCLE('',#3992,0.55);
#3992 = AXIS2_PLACEMENT_3D('',#3993,#3994,#3995);
#3993 = CARTESIAN_POINT('',(-41.732,16.129,0.E+000));
#3994 = DIRECTION('',(0.E+000,0.E+000,1.));
#3995 = DIRECTION('',(1.,0.E+000,-0.E+000));
#3996 = ORIENTED_EDGE('',*,*,#3980,.F.);
#3997 = ORIENTED_EDGE('',*,*,#3998,.F.);
#3998 = EDGE_CURVE('',#3981,#3981,#3999,.T.);
#3999 = CIRCLE('',#4000,0.55);
#4000 = AXIS2_PLACEMENT_3D('',#4001,#4002,#4003);
#4001 = CARTESIAN_POINT('',(-41.732,16.129,-0.41148));
#4002 = DIRECTION('',(0.E+000,0.E+000,1.));
#4003 = DIRECTION('',(1.,0.E+000,-0.E+000));
#4004 = CYLINDRICAL_SURFACE('',#4005,0.55);
#4005 = AXIS2_PLACEMENT_3D('',#4006,#4007,#4008);
#4006 = CARTESIAN_POINT('',(-41.732,16.129,-0.41148));
#4007 = DIRECTION('',(-0.E+000,-0.E+000,-1.));
#4008 = DIRECTION('',(1.,0.E+000,-0.E+000));
#4009 = ADVANCED_FACE('',(#4010),#4037,.F.);
#4010 = FACE_BOUND('',#4011,.T.);
#4011 = EDGE_LOOP('',(#4012,#4022,#4029,#4030));
#4012 = ORIENTED_EDGE('',*,*,#4013,.T.);
#4013 = EDGE_CURVE('',#4014,#4016,#4018,.T.);
#4014 = VERTEX_POINT('',#4015);
#4015 = CARTESIAN_POINT('',(-17.23,14.351,-0.41148));
#4016 = VERTEX_POINT('',#4017);
#4017 = CARTESIAN_POINT('',(-17.23,14.351,0.E+000));
#4018 = LINE('',#4019,#4020);
#4019 = CARTESIAN_POINT('',(-17.23,14.351,-0.41148));
#4020 = VECTOR('',#4021,1.);
#4021 = DIRECTION('',(0.E+000,0.E+000,1.));
#4022 = ORIENTED_EDGE('',*,*,#4023,.T.);
#4023 = EDGE_CURVE('',#4016,#4016,#4024,.T.);
#4024 = CIRCLE('',#4025,0.55);
#4025 = AXIS2_PLACEMENT_3D('',#4026,#4027,#4028);
#4026 = CARTESIAN_POINT('',(-17.78,14.351,0.E+000));
#4027 = DIRECTION('',(0.E+000,0.E+000,1.));
#4028 = DIRECTION('',(1.,0.E+000,-0.E+000));
#4029 = ORIENTED_EDGE('',*,*,#4013,.F.);
#4030 = ORIENTED_EDGE('',*,*,#4031,.F.);
#4031 = EDGE_CURVE('',#4014,#4014,#4032,.T.);
#4032 = CIRCLE('',#4033,0.55);
#4033 = AXIS2_PLACEMENT_3D('',#4034,#4035,#4036);
#4034 = CARTESIAN_POINT('',(-17.78,14.351,-0.41148));
#4035 = DIRECTION('',(0.E+000,0.E+000,1.));
#4036 = DIRECTION('',(1.,0.E+000,-0.E+000));
#4037 = CYLINDRICAL_SURFACE('',#4038,0.55);
#4038 = AXIS2_PLACEMENT_3D('',#4039,#4040,#4041);
#4039 = CARTESIAN_POINT('',(-17.78,14.351,-0.41148));
#4040 = DIRECTION('',(-0.E+000,-0.E+000,-1.));
#4041 = DIRECTION('',(1.,0.E+000,-0.E+000));
#4042 = ADVANCED_FACE('',(#4043),#4070,.F.);
#4043 = FACE_BOUND('',#4044,.T.);
#4044 = EDGE_LOOP('',(#4045,#4055,#4062,#4063));
#4045 = ORIENTED_EDGE('',*,*,#4046,.T.);
#4046 = EDGE_CURVE('',#4047,#4049,#4051,.T.);
#4047 = VERTEX_POINT('',#4048);
#4048 = CARTESIAN_POINT('',(-13.109,5.447,-0.41148));
#4049 = VERTEX_POINT('',#4050);
#4050 = CARTESIAN_POINT('',(-13.109,5.447,0.E+000));
#4051 = LINE('',#4052,#4053);
#4052 = CARTESIAN_POINT('',(-13.109,5.447,-0.41148));
#4053 = VECTOR('',#4054,1.);
#4054 = DIRECTION('',(0.E+000,0.E+000,1.));
#4055 = ORIENTED_EDGE('',*,*,#4056,.T.);
#4056 = EDGE_CURVE('',#4049,#4049,#4057,.T.);
#4057 = CIRCLE('',#4058,1.75);
#4058 = AXIS2_PLACEMENT_3D('',#4059,#4060,#4061);
#4059 = CARTESIAN_POINT('',(-14.859,5.447,0.E+000));
#4060 = DIRECTION('',(0.E+000,0.E+000,1.));
#4061 = DIRECTION('',(1.,0.E+000,-0.E+000));
#4062 = ORIENTED_EDGE('',*,*,#4046,.F.);
#4063 = ORIENTED_EDGE('',*,*,#4064,.F.);
#4064 = EDGE_CURVE('',#4047,#4047,#4065,.T.);
#4065 = CIRCLE('',#4066,1.75);
#4066 = AXIS2_PLACEMENT_3D('',#4067,#4068,#4069);
#4067 = CARTESIAN_POINT('',(-14.859,5.447,-0.41148));
#4068 = DIRECTION('',(0.E+000,0.E+000,1.));
#4069 = DIRECTION('',(1.,0.E+000,-0.E+000));
#4070 = CYLINDRICAL_SURFACE('',#4071,1.75);
#4071 = AXIS2_PLACEMENT_3D('',#4072,#4073,#4074);
#4072 = CARTESIAN_POINT('',(-14.859,5.447,-0.41148));
#4073 = DIRECTION('',(-0.E+000,-0.E+000,-1.));
#4074 = DIRECTION('',(1.,0.E+000,-0.E+000));
#4075 = ADVANCED_FACE('',(#4076),#4103,.F.);
#4076 = FACE_BOUND('',#4077,.T.);
#4077 = EDGE_LOOP('',(#4078,#4088,#4095,#4096));
#4078 = ORIENTED_EDGE('',*,*,#4079,.T.);
#4079 = EDGE_CURVE('',#4080,#4082,#4084,.T.);
#4080 = VERTEX_POINT('',#4081);
#4081 = CARTESIAN_POINT('',(-14.69,14.351,-0.41148));
#4082 = VERTEX_POINT('',#4083);
#4083 = CARTESIAN_POINT('',(-14.69,14.351,0.E+000));
#4084 = LINE('',#4085,#4086);
#4085 = CARTESIAN_POINT('',(-14.69,14.351,-0.41148));
#4086 = VECTOR('',#4087,1.);
#4087 = DIRECTION('',(0.E+000,0.E+000,1.));
#4088 = ORIENTED_EDGE('',*,*,#4089,.T.);
#4089 = EDGE_CURVE('',#4082,#4082,#4090,.T.);
#4090 = CIRCLE('',#4091,0.55);
#4091 = AXIS2_PLACEMENT_3D('',#4092,#4093,#4094);
#4092 = CARTESIAN_POINT('',(-15.24,14.351,0.E+000));
#4093 = DIRECTION('',(0.E+000,0.E+000,1.));
#4094 = DIRECTION('',(1.,0.E+000,-0.E+000));
#4095 = ORIENTED_EDGE('',*,*,#4079,.F.);
#4096 = ORIENTED_EDGE('',*,*,#4097,.F.);
#4097 = EDGE_CURVE('',#4080,#4080,#4098,.T.);
#4098 = CIRCLE('',#4099,0.55);
#4099 = AXIS2_PLACEMENT_3D('',#4100,#4101,#4102);
#4100 = CARTESIAN_POINT('',(-15.24,14.351,-0.41148));
#4101 = DIRECTION('',(0.E+000,0.E+000,1.));
#4102 = DIRECTION('',(1.,0.E+000,-0.E+000));
#4103 = CYLINDRICAL_SURFACE('',#4104,0.55);
#4104 = AXIS2_PLACEMENT_3D('',#4105,#4106,#4107);
#4105 = CARTESIAN_POINT('',(-15.24,14.351,-0.41148));
#4106 = DIRECTION('',(-0.E+000,-0.E+000,-1.));
#4107 = DIRECTION('',(1.,0.E+000,-0.E+000));
#4108 = ADVANCED_FACE('',(#4109),#4136,.F.);
#4109 = FACE_BOUND('',#4110,.T.);
#4110 = EDGE_LOOP('',(#4111,#4121,#4128,#4129));
#4111 = ORIENTED_EDGE('',*,*,#4112,.T.);
#4112 = EDGE_CURVE('',#4113,#4115,#4117,.T.);
#4113 = VERTEX_POINT('',#4114);
#4114 = CARTESIAN_POINT('',(-24.215,16.129,-0.41148));
#4115 = VERTEX_POINT('',#4116);
#4116 = CARTESIAN_POINT('',(-24.215,16.129,0.E+000));
#4117 = LINE('',#4118,#4119);
#4118 = CARTESIAN_POINT('',(-24.215,16.129,-0.41148));
#4119 = VECTOR('',#4120,1.);
#4120 = DIRECTION('',(0.E+000,0.E+000,1.));
#4121 = ORIENTED_EDGE('',*,*,#4122,.T.);
#4122 = EDGE_CURVE('',#4115,#4115,#4123,.T.);
#4123 = CIRCLE('',#4124,0.55);
#4124 = AXIS2_PLACEMENT_3D('',#4125,#4126,#4127);
#4125 = CARTESIAN_POINT('',(-24.765,16.129,0.E+000));
#4126 = DIRECTION('',(0.E+000,0.E+000,1.));
#4127 = DIRECTION('',(1.,0.E+000,-0.E+000));
#4128 = ORIENTED_EDGE('',*,*,#4112,.F.);
#4129 = ORIENTED_EDGE('',*,*,#4130,.F.);
#4130 = EDGE_CURVE('',#4113,#4113,#4131,.T.);
#4131 = CIRCLE('',#4132,0.55);
#4132 = AXIS2_PLACEMENT_3D('',#4133,#4134,#4135);
#4133 = CARTESIAN_POINT('',(-24.765,16.129,-0.41148));
#4134 = DIRECTION('',(0.E+000,0.E+000,1.));
#4135 = DIRECTION('',(1.,0.E+000,-0.E+000));
#4136 = CYLINDRICAL_SURFACE('',#4137,0.55);
#4137 = AXIS2_PLACEMENT_3D('',#4138,#4139,#4140);
#4138 = CARTESIAN_POINT('',(-24.765,16.129,-0.41148));
#4139 = DIRECTION('',(-0.E+000,-0.E+000,-1.));
#4140 = DIRECTION('',(1.,0.E+000,-0.E+000));
#4141 = ADVANCED_FACE('',(#4142),#4169,.F.);
#4142 = FACE_BOUND('',#4143,.T.);
#4143 = EDGE_LOOP('',(#4144,#4154,#4161,#4162));
#4144 = ORIENTED_EDGE('',*,*,#4145,.T.);
#4145 = EDGE_CURVE('',#4146,#4148,#4150,.T.);
#4146 = VERTEX_POINT('',#4147);
#4147 = CARTESIAN_POINT('',(-26.755,16.129,-0.41148));
#4148 = VERTEX_POINT('',#4149);
#4149 = CARTESIAN_POINT('',(-26.755,16.129,0.E+000));
#4150 = LINE('',#4151,#4152);
#4151 = CARTESIAN_POINT('',(-26.755,16.129,-0.41148));
#4152 = VECTOR('',#4153,1.);
#4153 = DIRECTION('',(0.E+000,0.E+000,1.));
#4154 = ORIENTED_EDGE('',*,*,#4155,.T.);
#4155 = EDGE_CURVE('',#4148,#4148,#4156,.T.);
#4156 = CIRCLE('',#4157,0.55);
#4157 = AXIS2_PLACEMENT_3D('',#4158,#4159,#4160);
#4158 = CARTESIAN_POINT('',(-27.305,16.129,0.E+000));
#4159 = DIRECTION('',(0.E+000,0.E+000,1.));
#4160 = DIRECTION('',(1.,0.E+000,-0.E+000));
#4161 = ORIENTED_EDGE('',*,*,#4145,.F.);
#4162 = ORIENTED_EDGE('',*,*,#4163,.F.);
#4163 = EDGE_CURVE('',#4146,#4146,#4164,.T.);
#4164 = CIRCLE('',#4165,0.55);
#4165 = AXIS2_PLACEMENT_3D('',#4166,#4167,#4168);
#4166 = CARTESIAN_POINT('',(-27.305,16.129,-0.41148));
#4167 = DIRECTION('',(0.E+000,0.E+000,1.));
#4168 = DIRECTION('',(1.,0.E+000,-0.E+000));
#4169 = CYLINDRICAL_SURFACE('',#4170,0.55);
#4170 = AXIS2_PLACEMENT_3D('',#4171,#4172,#4173);
#4171 = CARTESIAN_POINT('',(-27.305,16.129,-0.41148));
#4172 = DIRECTION('',(-0.E+000,-0.E+000,-1.));
#4173 = DIRECTION('',(1.,0.E+000,-0.E+000));
#4174 = ADVANCED_FACE('',(#4175),#4202,.F.);
#4175 = FACE_BOUND('',#4176,.T.);
#4176 = EDGE_LOOP('',(#4177,#4187,#4194,#4195));
#4177 = ORIENTED_EDGE('',*,*,#4178,.T.);
#4178 = EDGE_CURVE('',#4179,#4181,#4183,.T.);
#4179 = VERTEX_POINT('',#4180);
#4180 = CARTESIAN_POINT('',(7.19,16.764,-0.41148));
#4181 = VERTEX_POINT('',#4182);
#4182 = CARTESIAN_POINT('',(7.19,16.764,0.E+000));
#4183 = LINE('',#4184,#4185);
#4184 = CARTESIAN_POINT('',(7.19,16.764,-0.41148));
#4185 = VECTOR('',#4186,1.);
#4186 = DIRECTION('',(0.E+000,0.E+000,1.));
#4187 = ORIENTED_EDGE('',*,*,#4188,.T.);
#4188 = EDGE_CURVE('',#4181,#4181,#4189,.T.);
#4189 = CIRCLE('',#4190,0.55);
#4190 = AXIS2_PLACEMENT_3D('',#4191,#4192,#4193);
#4191 = CARTESIAN_POINT('',(6.64,16.764,0.E+000));
#4192 = DIRECTION('',(0.E+000,0.E+000,1.));
#4193 = DIRECTION('',(1.,0.E+000,-0.E+000));
#4194 = ORIENTED_EDGE('',*,*,#4178,.F.);
#4195 = ORIENTED_EDGE('',*,*,#4196,.F.);
#4196 = EDGE_CURVE('',#4179,#4179,#4197,.T.);
#4197 = CIRCLE('',#4198,0.55);
#4198 = AXIS2_PLACEMENT_3D('',#4199,#4200,#4201);
#4199 = CARTESIAN_POINT('',(6.64,16.764,-0.41148));
#4200 = DIRECTION('',(0.E+000,0.E+000,1.));
#4201 = DIRECTION('',(1.,0.E+000,-0.E+000));
#4202 = CYLINDRICAL_SURFACE('',#4203,0.55);
#4203 = AXIS2_PLACEMENT_3D('',#4204,#4205,#4206);
#4204 = CARTESIAN_POINT('',(6.64,16.764,-0.41148));
#4205 = DIRECTION('',(-0.E+000,-0.E+000,-1.));
#4206 = DIRECTION('',(1.,0.E+000,-0.E+000));
#4207 = ADVANCED_FACE('',(#4208),#4235,.F.);
#4208 = FACE_BOUND('',#4209,.T.);
#4209 = EDGE_LOOP('',(#4210,#4220,#4227,#4228));
#4210 = ORIENTED_EDGE('',*,*,#4211,.T.);
#4211 = EDGE_CURVE('',#4212,#4214,#4216,.T.);
#4212 = VERTEX_POINT('',#4213);
#4213 = CARTESIAN_POINT('',(4.542,16.764,-0.41148));
#4214 = VERTEX_POINT('',#4215);
#4215 = CARTESIAN_POINT('',(4.542,16.764,0.E+000));
#4216 = LINE('',#4217,#4218);
#4217 = CARTESIAN_POINT('',(4.542,16.764,-0.41148));
#4218 = VECTOR('',#4219,1.);
#4219 = DIRECTION('',(0.E+000,0.E+000,1.));
#4220 = ORIENTED_EDGE('',*,*,#4221,.T.);
#4221 = EDGE_CURVE('',#4214,#4214,#4222,.T.);
#4222 = CIRCLE('',#4223,0.55);
#4223 = AXIS2_PLACEMENT_3D('',#4224,#4225,#4226);
#4224 = CARTESIAN_POINT('',(3.992,16.764,0.E+000));
#4225 = DIRECTION('',(0.E+000,0.E+000,1.));
#4226 = DIRECTION('',(1.,0.E+000,-0.E+000));
#4227 = ORIENTED_EDGE('',*,*,#4211,.F.);
#4228 = ORIENTED_EDGE('',*,*,#4229,.F.);
#4229 = EDGE_CURVE('',#4212,#4212,#4230,.T.);
#4230 = CIRCLE('',#4231,0.55);
#4231 = AXIS2_PLACEMENT_3D('',#4232,#4233,#4234);
#4232 = CARTESIAN_POINT('',(3.992,16.764,-0.41148));
#4233 = DIRECTION('',(0.E+000,0.E+000,1.));
#4234 = DIRECTION('',(1.,0.E+000,-0.E+000));
#4235 = CYLINDRICAL_SURFACE('',#4236,0.55);
#4236 = AXIS2_PLACEMENT_3D('',#4237,#4238,#4239);
#4237 = CARTESIAN_POINT('',(3.992,16.764,-0.41148));
#4238 = DIRECTION('',(-0.E+000,-0.E+000,-1.));
#4239 = DIRECTION('',(1.,0.E+000,-0.E+000));
#4240 = ADVANCED_FACE('',(#4241),#4268,.F.);
#4241 = FACE_BOUND('',#4242,.T.);
#4242 = EDGE_LOOP('',(#4243,#4253,#4260,#4261));
#4243 = ORIENTED_EDGE('',*,*,#4244,.T.);
#4244 = EDGE_CURVE('',#4245,#4247,#4249,.T.);
#4245 = VERTEX_POINT('',#4246);
#4246 = CARTESIAN_POINT('',(10.668,-58.42,-0.41148));
#4247 = VERTEX_POINT('',#4248);
#4248 = CARTESIAN_POINT('',(10.668,-58.42,0.E+000));
#4249 = LINE('',#4250,#4251);
#4250 = CARTESIAN_POINT('',(10.668,-58.42,-0.41148));
#4251 = VECTOR('',#4252,1.);
#4252 = DIRECTION('',(0.E+000,0.E+000,1.));
#4253 = ORIENTED_EDGE('',*,*,#4254,.T.);
#4254 = EDGE_CURVE('',#4247,#4247,#4255,.T.);
#4255 = CIRCLE('',#4256,0.508);
#4256 = AXIS2_PLACEMENT_3D('',#4257,#4258,#4259);
#4257 = CARTESIAN_POINT('',(10.16,-58.42,0.E+000));
#4258 = DIRECTION('',(0.E+000,0.E+000,1.));
#4259 = DIRECTION('',(1.,0.E+000,-0.E+000));
#4260 = ORIENTED_EDGE('',*,*,#4244,.F.);
#4261 = ORIENTED_EDGE('',*,*,#4262,.F.);
#4262 = EDGE_CURVE('',#4245,#4245,#4263,.T.);
#4263 = CIRCLE('',#4264,0.508);
#4264 = AXIS2_PLACEMENT_3D('',#4265,#4266,#4267);
#4265 = CARTESIAN_POINT('',(10.16,-58.42,-0.41148));
#4266 = DIRECTION('',(0.E+000,0.E+000,1.));
#4267 = DIRECTION('',(1.,0.E+000,-0.E+000));
#4268 = CYLINDRICAL_SURFACE('',#4269,0.508);
#4269 = AXIS2_PLACEMENT_3D('',#4270,#4271,#4272);
#4270 = CARTESIAN_POINT('',(10.16,-58.42,-0.41148));
#4271 = DIRECTION('',(-0.E+000,-0.E+000,-1.));
#4272 = DIRECTION('',(1.,0.E+000,-0.E+000));
#4273 = ADVANCED_FACE('',(#4274),#4301,.F.);
#4274 = FACE_BOUND('',#4275,.T.);
#4275 = EDGE_LOOP('',(#4276,#4286,#4293,#4294));
#4276 = ORIENTED_EDGE('',*,*,#4277,.T.);
#4277 = EDGE_CURVE('',#4278,#4280,#4282,.T.);
#4278 = VERTEX_POINT('',#4279);
#4279 = CARTESIAN_POINT('',(10.668,-55.499,-0.41148));
#4280 = VERTEX_POINT('',#4281);
#4281 = CARTESIAN_POINT('',(10.668,-55.499,0.E+000));
#4282 = LINE('',#4283,#4284);
#4283 = CARTESIAN_POINT('',(10.668,-55.499,-0.41148));
#4284 = VECTOR('',#4285,1.);
#4285 = DIRECTION('',(0.E+000,0.E+000,1.));
#4286 = ORIENTED_EDGE('',*,*,#4287,.T.);
#4287 = EDGE_CURVE('',#4280,#4280,#4288,.T.);
#4288 = CIRCLE('',#4289,0.508);
#4289 = AXIS2_PLACEMENT_3D('',#4290,#4291,#4292);
#4290 = CARTESIAN_POINT('',(10.16,-55.499,0.E+000));
#4291 = DIRECTION('',(0.E+000,0.E+000,1.));
#4292 = DIRECTION('',(1.,0.E+000,-0.E+000));
#4293 = ORIENTED_EDGE('',*,*,#4277,.F.);
#4294 = ORIENTED_EDGE('',*,*,#4295,.F.);
#4295 = EDGE_CURVE('',#4278,#4278,#4296,.T.);
#4296 = CIRCLE('',#4297,0.508);
#4297 = AXIS2_PLACEMENT_3D('',#4298,#4299,#4300);
#4298 = CARTESIAN_POINT('',(10.16,-55.499,-0.41148));
#4299 = DIRECTION('',(0.E+000,0.E+000,1.));
#4300 = DIRECTION('',(1.,0.E+000,-0.E+000));
#4301 = CYLINDRICAL_SURFACE('',#4302,0.508);
#4302 = AXIS2_PLACEMENT_3D('',#4303,#4304,#4305);
#4303 = CARTESIAN_POINT('',(10.16,-55.499,-0.41148));
#4304 = DIRECTION('',(-0.E+000,-0.E+000,-1.));
#4305 = DIRECTION('',(1.,0.E+000,-0.E+000));
#4306 = ADVANCED_FACE('',(#4307),#4334,.F.);
#4307 = FACE_BOUND('',#4308,.T.);
#4308 = EDGE_LOOP('',(#4309,#4319,#4326,#4327));
#4309 = ORIENTED_EDGE('',*,*,#4310,.T.);
#4310 = EDGE_CURVE('',#4311,#4313,#4315,.T.);
#4311 = VERTEX_POINT('',#4312);
#4312 = CARTESIAN_POINT('',(16.75,-50.,-0.41148));
#4313 = VERTEX_POINT('',#4314);
#4314 = CARTESIAN_POINT('',(16.75,-50.,0.E+000));
#4315 = LINE('',#4316,#4317);
#4316 = CARTESIAN_POINT('',(16.75,-50.,-0.41148));
#4317 = VECTOR('',#4318,1.);
#4318 = DIRECTION('',(0.E+000,0.E+000,1.));
#4319 = ORIENTED_EDGE('',*,*,#4320,.T.);
#4320 = EDGE_CURVE('',#4313,#4313,#4321,.T.);
#4321 = CIRCLE('',#4322,1.75);
#4322 = AXIS2_PLACEMENT_3D('',#4323,#4324,#4325);
#4323 = CARTESIAN_POINT('',(15.,-50.,0.E+000));
#4324 = DIRECTION('',(0.E+000,0.E+000,1.));
#4325 = DIRECTION('',(1.,0.E+000,-0.E+000));
#4326 = ORIENTED_EDGE('',*,*,#4310,.F.);
#4327 = ORIENTED_EDGE('',*,*,#4328,.F.);
#4328 = EDGE_CURVE('',#4311,#4311,#4329,.T.);
#4329 = CIRCLE('',#4330,1.75);
#4330 = AXIS2_PLACEMENT_3D('',#4331,#4332,#4333);
#4331 = CARTESIAN_POINT('',(15.,-50.,-0.41148));
#4332 = DIRECTION('',(0.E+000,0.E+000,1.));
#4333 = DIRECTION('',(1.,0.E+000,-0.E+000));
#4334 = CYLINDRICAL_SURFACE('',#4335,1.75);
#4335 = AXIS2_PLACEMENT_3D('',#4336,#4337,#4338);
#4336 = CARTESIAN_POINT('',(15.,-50.,-0.41148));
#4337 = DIRECTION('',(-0.E+000,-0.E+000,-1.));
#4338 = DIRECTION('',(1.,0.E+000,-0.E+000));
#4339 = ADVANCED_FACE('',(#4340),#4367,.F.);
#4340 = FACE_BOUND('',#4341,.T.);
#4341 = EDGE_LOOP('',(#4342,#4352,#4359,#4360));
#4342 = ORIENTED_EDGE('',*,*,#4343,.T.);
#4343 = EDGE_CURVE('',#4344,#4346,#4348,.T.);
#4344 = VERTEX_POINT('',#4345);
#4345 = CARTESIAN_POINT('',(13.091,-50.,-0.41148));
#4346 = VERTEX_POINT('',#4347);
#4347 = CARTESIAN_POINT('',(13.091,-50.,0.E+000));
#4348 = LINE('',#4349,#4350);
#4349 = CARTESIAN_POINT('',(13.091,-50.,-0.41148));
#4350 = VECTOR('',#4351,1.);
#4351 = DIRECTION('',(0.E+000,0.E+000,1.));
#4352 = ORIENTED_EDGE('',*,*,#4353,.T.);
#4353 = EDGE_CURVE('',#4346,#4346,#4354,.T.);
#4354 = CIRCLE('',#4355,0.25);
#4355 = AXIS2_PLACEMENT_3D('',#4356,#4357,#4358);
#4356 = CARTESIAN_POINT('',(12.841,-50.,0.E+000));
#4357 = DIRECTION('',(0.E+000,0.E+000,1.));
#4358 = DIRECTION('',(1.,0.E+000,-0.E+000));
#4359 = ORIENTED_EDGE('',*,*,#4343,.F.);
#4360 = ORIENTED_EDGE('',*,*,#4361,.F.);
#4361 = EDGE_CURVE('',#4344,#4344,#4362,.T.);
#4362 = CIRCLE('',#4363,0.25);
#4363 = AXIS2_PLACEMENT_3D('',#4364,#4365,#4366);
#4364 = CARTESIAN_POINT('',(12.841,-50.,-0.41148));
#4365 = DIRECTION('',(0.E+000,0.E+000,1.));
#4366 = DIRECTION('',(1.,0.E+000,-0.E+000));
#4367 = CYLINDRICAL_SURFACE('',#4368,0.25);
#4368 = AXIS2_PLACEMENT_3D('',#4369,#4370,#4371);
#4369 = CARTESIAN_POINT('',(12.841,-50.,-0.41148));
#4370 = DIRECTION('',(-0.E+000,-0.E+000,-1.));
#4371 = DIRECTION('',(1.,0.E+000,-0.E+000));
#4372 = ADVANCED_FACE('',(#4373),#4400,.F.);
#4373 = FACE_BOUND('',#4374,.T.);
#4374 = EDGE_LOOP('',(#4375,#4385,#4392,#4393));
#4375 = ORIENTED_EDGE('',*,*,#4376,.T.);
#4376 = EDGE_CURVE('',#4377,#4379,#4381,.T.);
#4377 = VERTEX_POINT('',#4378);
#4378 = CARTESIAN_POINT('',(13.599,-51.397,-0.41148));
#4379 = VERTEX_POINT('',#4380);
#4380 = CARTESIAN_POINT('',(13.599,-51.397,0.E+000));
#4381 = LINE('',#4382,#4383);
#4382 = CARTESIAN_POINT('',(13.599,-51.397,-0.41148));
#4383 = VECTOR('',#4384,1.);
#4384 = DIRECTION('',(0.E+000,0.E+000,1.));
#4385 = ORIENTED_EDGE('',*,*,#4386,.T.);
#4386 = EDGE_CURVE('',#4379,#4379,#4387,.T.);
#4387 = CIRCLE('',#4388,0.25);
#4388 = AXIS2_PLACEMENT_3D('',#4389,#4390,#4391);
#4389 = CARTESIAN_POINT('',(13.349,-51.397,0.E+000));
#4390 = DIRECTION('',(0.E+000,0.E+000,1.));
#4391 = DIRECTION('',(1.,0.E+000,-0.E+000));
#4392 = ORIENTED_EDGE('',*,*,#4376,.F.);
#4393 = ORIENTED_EDGE('',*,*,#4394,.F.);
#4394 = EDGE_CURVE('',#4377,#4377,#4395,.T.);
#4395 = CIRCLE('',#4396,0.25);
#4396 = AXIS2_PLACEMENT_3D('',#4397,#4398,#4399);
#4397 = CARTESIAN_POINT('',(13.349,-51.397,-0.41148));
#4398 = DIRECTION('',(0.E+000,0.E+000,1.));
#4399 = DIRECTION('',(1.,0.E+000,-0.E+000));
#4400 = CYLINDRICAL_SURFACE('',#4401,0.25);
#4401 = AXIS2_PLACEMENT_3D('',#4402,#4403,#4404);
#4402 = CARTESIAN_POINT('',(13.349,-51.397,-0.41148));
#4403 = DIRECTION('',(-0.E+000,-0.E+000,-1.));
#4404 = DIRECTION('',(1.,0.E+000,-0.E+000));
#4405 = ADVANCED_FACE('',(#4406),#4433,.F.);
#4406 = FACE_BOUND('',#4407,.T.);
#4407 = EDGE_LOOP('',(#4408,#4418,#4425,#4426));
#4408 = ORIENTED_EDGE('',*,*,#4409,.T.);
#4409 = EDGE_CURVE('',#4410,#4412,#4414,.T.);
#4410 = VERTEX_POINT('',#4411);
#4411 = CARTESIAN_POINT('',(13.726,-48.603,-0.41148));
#4412 = VERTEX_POINT('',#4413);
#4413 = CARTESIAN_POINT('',(13.726,-48.603,0.E+000));
#4414 = LINE('',#4415,#4416);
#4415 = CARTESIAN_POINT('',(13.726,-48.603,-0.41148));
#4416 = VECTOR('',#4417,1.);
#4417 = DIRECTION('',(0.E+000,0.E+000,1.));
#4418 = ORIENTED_EDGE('',*,*,#4419,.T.);
#4419 = EDGE_CURVE('',#4412,#4412,#4420,.T.);
#4420 = CIRCLE('',#4421,0.25);
#4421 = AXIS2_PLACEMENT_3D('',#4422,#4423,#4424);
#4422 = CARTESIAN_POINT('',(13.476,-48.603,0.E+000));
#4423 = DIRECTION('',(0.E+000,0.E+000,1.));
#4424 = DIRECTION('',(1.,0.E+000,-0.E+000));
#4425 = ORIENTED_EDGE('',*,*,#4409,.F.);
#4426 = ORIENTED_EDGE('',*,*,#4427,.F.);
#4427 = EDGE_CURVE('',#4410,#4410,#4428,.T.);
#4428 = CIRCLE('',#4429,0.25);
#4429 = AXIS2_PLACEMENT_3D('',#4430,#4431,#4432);
#4430 = CARTESIAN_POINT('',(13.476,-48.603,-0.41148));
#4431 = DIRECTION('',(0.E+000,0.E+000,1.));
#4432 = DIRECTION('',(1.,0.E+000,-0.E+000));
#4433 = CYLINDRICAL_SURFACE('',#4434,0.25);
#4434 = AXIS2_PLACEMENT_3D('',#4435,#4436,#4437);
#4435 = CARTESIAN_POINT('',(13.476,-48.603,-0.41148));
#4436 = DIRECTION('',(-0.E+000,-0.E+000,-1.));
#4437 = DIRECTION('',(1.,0.E+000,-0.E+000));
#4438 = ADVANCED_FACE('',(#4439),#4466,.F.);
#4439 = FACE_BOUND('',#4440,.T.);
#4440 = EDGE_LOOP('',(#4441,#4451,#4458,#4459));
#4441 = ORIENTED_EDGE('',*,*,#4442,.T.);
#4442 = EDGE_CURVE('',#4443,#4445,#4447,.T.);
#4443 = VERTEX_POINT('',#4444);
#4444 = CARTESIAN_POINT('',(15.219,-52.11,-0.41148));
#4445 = VERTEX_POINT('',#4446);
#4446 = CARTESIAN_POINT('',(15.219,-52.11,0.E+000));
#4447 = LINE('',#4448,#4449);
#4448 = CARTESIAN_POINT('',(15.219,-52.11,-0.41148));
#4449 = VECTOR('',#4450,1.);
#4450 = DIRECTION('',(0.E+000,0.E+000,1.));
#4451 = ORIENTED_EDGE('',*,*,#4452,.T.);
#4452 = EDGE_CURVE('',#4445,#4445,#4453,.T.);
#4453 = CIRCLE('',#4454,0.25);
#4454 = AXIS2_PLACEMENT_3D('',#4455,#4456,#4457);
#4455 = CARTESIAN_POINT('',(14.969,-52.11,0.E+000));
#4456 = DIRECTION('',(0.E+000,0.E+000,1.));
#4457 = DIRECTION('',(1.,0.E+000,-0.E+000));
#4458 = ORIENTED_EDGE('',*,*,#4442,.F.);
#4459 = ORIENTED_EDGE('',*,*,#4460,.F.);
#4460 = EDGE_CURVE('',#4443,#4443,#4461,.T.);
#4461 = CIRCLE('',#4462,0.25);
#4462 = AXIS2_PLACEMENT_3D('',#4463,#4464,#4465);
#4463 = CARTESIAN_POINT('',(14.969,-52.11,-0.41148));
#4464 = DIRECTION('',(0.E+000,0.E+000,1.));
#4465 = DIRECTION('',(1.,0.E+000,-0.E+000));
#4466 = CYLINDRICAL_SURFACE('',#4467,0.25);
#4467 = AXIS2_PLACEMENT_3D('',#4468,#4469,#4470);
#4468 = CARTESIAN_POINT('',(14.969,-52.11,-0.41148));
#4469 = DIRECTION('',(-0.E+000,-0.E+000,-1.));
#4470 = DIRECTION('',(1.,0.E+000,-0.E+000));
#4471 = ADVANCED_FACE('',(#4472),#4499,.F.);
#4472 = FACE_BOUND('',#4473,.T.);
#4473 = EDGE_LOOP('',(#4474,#4484,#4491,#4492));
#4474 = ORIENTED_EDGE('',*,*,#4475,.T.);
#4475 = EDGE_CURVE('',#4476,#4478,#4480,.T.);
#4476 = VERTEX_POINT('',#4477);
#4477 = CARTESIAN_POINT('',(16.647,-51.524,-0.41148));
#4478 = VERTEX_POINT('',#4479);
#4479 = CARTESIAN_POINT('',(16.647,-51.524,0.E+000));
#4480 = LINE('',#4481,#4482);
#4481 = CARTESIAN_POINT('',(16.647,-51.524,-0.41148));
#4482 = VECTOR('',#4483,1.);
#4483 = DIRECTION('',(0.E+000,0.E+000,1.));
#4484 = ORIENTED_EDGE('',*,*,#4485,.T.);
#4485 = EDGE_CURVE('',#4478,#4478,#4486,.T.);
#4486 = CIRCLE('',#4487,0.25);
#4487 = AXIS2_PLACEMENT_3D('',#4488,#4489,#4490);
#4488 = CARTESIAN_POINT('',(16.397,-51.524,0.E+000));
#4489 = DIRECTION('',(0.E+000,0.E+000,1.));
#4490 = DIRECTION('',(1.,0.E+000,-0.E+000));
#4491 = ORIENTED_EDGE('',*,*,#4475,.F.);
#4492 = ORIENTED_EDGE('',*,*,#4493,.F.);
#4493 = EDGE_CURVE('',#4476,#4476,#4494,.T.);
#4494 = CIRCLE('',#4495,0.25);
#4495 = AXIS2_PLACEMENT_3D('',#4496,#4497,#4498);
#4496 = CARTESIAN_POINT('',(16.397,-51.524,-0.41148));
#4497 = DIRECTION('',(0.E+000,0.E+000,1.));
#4498 = DIRECTION('',(1.,0.E+000,-0.E+000));
#4499 = CYLINDRICAL_SURFACE('',#4500,0.25);
#4500 = AXIS2_PLACEMENT_3D('',#4501,#4502,#4503);
#4501 = CARTESIAN_POINT('',(16.397,-51.524,-0.41148));
#4502 = DIRECTION('',(-0.E+000,-0.E+000,-1.));
#4503 = DIRECTION('',(1.,0.E+000,-0.E+000));
#4504 = ADVANCED_FACE('',(#4505),#4532,.F.);
#4505 = FACE_BOUND('',#4506,.T.);
#4506 = EDGE_LOOP('',(#4507,#4517,#4524,#4525));
#4507 = ORIENTED_EDGE('',*,*,#4508,.T.);
#4508 = EDGE_CURVE('',#4509,#4511,#4513,.T.);
#4509 = VERTEX_POINT('',#4510);
#4510 = CARTESIAN_POINT('',(17.378,-49.941,-0.41148));
#4511 = VERTEX_POINT('',#4512);
#4512 = CARTESIAN_POINT('',(17.378,-49.941,0.E+000));
#4513 = LINE('',#4514,#4515);
#4514 = CARTESIAN_POINT('',(17.378,-49.941,-0.41148));
#4515 = VECTOR('',#4516,1.);
#4516 = DIRECTION('',(0.E+000,0.E+000,1.));
#4517 = ORIENTED_EDGE('',*,*,#4518,.T.);
#4518 = EDGE_CURVE('',#4511,#4511,#4519,.T.);
#4519 = CIRCLE('',#4520,0.25);
#4520 = AXIS2_PLACEMENT_3D('',#4521,#4522,#4523);
#4521 = CARTESIAN_POINT('',(17.128,-49.941,0.E+000));
#4522 = DIRECTION('',(0.E+000,0.E+000,1.));
#4523 = DIRECTION('',(1.,0.E+000,-0.E+000));
#4524 = ORIENTED_EDGE('',*,*,#4508,.F.);
#4525 = ORIENTED_EDGE('',*,*,#4526,.F.);
#4526 = EDGE_CURVE('',#4509,#4509,#4527,.T.);
#4527 = CIRCLE('',#4528,0.25);
#4528 = AXIS2_PLACEMENT_3D('',#4529,#4530,#4531);
#4529 = CARTESIAN_POINT('',(17.128,-49.941,-0.41148));
#4530 = DIRECTION('',(0.E+000,0.E+000,1.));
#4531 = DIRECTION('',(1.,0.E+000,-0.E+000));
#4532 = CYLINDRICAL_SURFACE('',#4533,0.25);
#4533 = AXIS2_PLACEMENT_3D('',#4534,#4535,#4536);
#4534 = CARTESIAN_POINT('',(17.128,-49.941,-0.41148));
#4535 = DIRECTION('',(-0.E+000,-0.E+000,-1.));
#4536 = DIRECTION('',(1.,0.E+000,-0.E+000));
#4537 = ADVANCED_FACE('',(#4538),#4565,.F.);
#4538 = FACE_BOUND('',#4539,.T.);
#4539 = EDGE_LOOP('',(#4540,#4550,#4557,#4558));
#4540 = ORIENTED_EDGE('',*,*,#4541,.T.);
#4541 = EDGE_CURVE('',#4542,#4544,#4546,.T.);
#4542 = VERTEX_POINT('',#4543);
#4543 = CARTESIAN_POINT('',(15.25,-47.841,-0.41148));
#4544 = VERTEX_POINT('',#4545);
#4545 = CARTESIAN_POINT('',(15.25,-47.841,0.E+000));
#4546 = LINE('',#4547,#4548);
#4547 = CARTESIAN_POINT('',(15.25,-47.841,-0.41148));
#4548 = VECTOR('',#4549,1.);
#4549 = DIRECTION('',(0.E+000,0.E+000,1.));
#4550 = ORIENTED_EDGE('',*,*,#4551,.T.);
#4551 = EDGE_CURVE('',#4544,#4544,#4552,.T.);
#4552 = CIRCLE('',#4553,0.25);
#4553 = AXIS2_PLACEMENT_3D('',#4554,#4555,#4556);
#4554 = CARTESIAN_POINT('',(15.,-47.841,0.E+000));
#4555 = DIRECTION('',(0.E+000,0.E+000,1.));
#4556 = DIRECTION('',(1.,0.E+000,-0.E+000));
#4557 = ORIENTED_EDGE('',*,*,#4541,.F.);
#4558 = ORIENTED_EDGE('',*,*,#4559,.F.);
#4559 = EDGE_CURVE('',#4542,#4542,#4560,.T.);
#4560 = CIRCLE('',#4561,0.25);
#4561 = AXIS2_PLACEMENT_3D('',#4562,#4563,#4564);
#4562 = CARTESIAN_POINT('',(15.,-47.841,-0.41148));
#4563 = DIRECTION('',(0.E+000,0.E+000,1.));
#4564 = DIRECTION('',(1.,0.E+000,-0.E+000));
#4565 = CYLINDRICAL_SURFACE('',#4566,0.25);
#4566 = AXIS2_PLACEMENT_3D('',#4567,#4568,#4569);
#4567 = CARTESIAN_POINT('',(15.,-47.841,-0.41148));
#4568 = DIRECTION('',(-0.E+000,-0.E+000,-1.));
#4569 = DIRECTION('',(1.,0.E+000,-0.E+000));
#4570 = ADVANCED_FACE('',(#4571),#4598,.F.);
#4571 = FACE_BOUND('',#4572,.T.);
#4572 = EDGE_LOOP('',(#4573,#4583,#4590,#4591));
#4573 = ORIENTED_EDGE('',*,*,#4574,.T.);
#4574 = EDGE_CURVE('',#4575,#4577,#4579,.T.);
#4575 = VERTEX_POINT('',#4576);
#4576 = CARTESIAN_POINT('',(16.647,-48.476,-0.41148));
#4577 = VERTEX_POINT('',#4578);
#4578 = CARTESIAN_POINT('',(16.647,-48.476,0.E+000));
#4579 = LINE('',#4580,#4581);
#4580 = CARTESIAN_POINT('',(16.647,-48.476,-0.41148));
#4581 = VECTOR('',#4582,1.);
#4582 = DIRECTION('',(0.E+000,0.E+000,1.));
#4583 = ORIENTED_EDGE('',*,*,#4584,.T.);
#4584 = EDGE_CURVE('',#4577,#4577,#4585,.T.);
#4585 = CIRCLE('',#4586,0.25);
#4586 = AXIS2_PLACEMENT_3D('',#4587,#4588,#4589);
#4587 = CARTESIAN_POINT('',(16.397,-48.476,0.E+000));
#4588 = DIRECTION('',(0.E+000,0.E+000,1.));
#4589 = DIRECTION('',(1.,0.E+000,-0.E+000));
#4590 = ORIENTED_EDGE('',*,*,#4574,.F.);
#4591 = ORIENTED_EDGE('',*,*,#4592,.F.);
#4592 = EDGE_CURVE('',#4575,#4575,#4593,.T.);
#4593 = CIRCLE('',#4594,0.25);
#4594 = AXIS2_PLACEMENT_3D('',#4595,#4596,#4597);
#4595 = CARTESIAN_POINT('',(16.397,-48.476,-0.41148));
#4596 = DIRECTION('',(0.E+000,0.E+000,1.));
#4597 = DIRECTION('',(1.,0.E+000,-0.E+000));
#4598 = CYLINDRICAL_SURFACE('',#4599,0.25);
#4599 = AXIS2_PLACEMENT_3D('',#4600,#4601,#4602);
#4600 = CARTESIAN_POINT('',(16.397,-48.476,-0.41148));
#4601 = DIRECTION('',(-0.E+000,-0.E+000,-1.));
#4602 = DIRECTION('',(1.,0.E+000,-0.E+000));
#4603 = ADVANCED_FACE('',(#4604),#4631,.F.);
#4604 = FACE_BOUND('',#4605,.T.);
#4605 = EDGE_LOOP('',(#4606,#4616,#4623,#4624));
#4606 = ORIENTED_EDGE('',*,*,#4607,.T.);
#4607 = EDGE_CURVE('',#4608,#4610,#4612,.T.);
#4608 = VERTEX_POINT('',#4609);
#4609 = CARTESIAN_POINT('',(27.093,-41.021,-0.41148));
#4610 = VERTEX_POINT('',#4611);
#4611 = CARTESIAN_POINT('',(27.093,-41.021,0.E+000));
#4612 = LINE('',#4613,#4614);
#4613 = CARTESIAN_POINT('',(27.093,-41.021,-0.41148));
#4614 = VECTOR('',#4615,1.);
#4615 = DIRECTION('',(0.E+000,0.E+000,1.));
#4616 = ORIENTED_EDGE('',*,*,#4617,.T.);
#4617 = EDGE_CURVE('',#4610,#4610,#4618,.T.);
#4618 = CIRCLE('',#4619,0.55);
#4619 = AXIS2_PLACEMENT_3D('',#4620,#4621,#4622);
#4620 = CARTESIAN_POINT('',(26.543,-41.021,0.E+000));
#4621 = DIRECTION('',(0.E+000,0.E+000,1.));
#4622 = DIRECTION('',(1.,0.E+000,-0.E+000));
#4623 = ORIENTED_EDGE('',*,*,#4607,.F.);
#4624 = ORIENTED_EDGE('',*,*,#4625,.F.);
#4625 = EDGE_CURVE('',#4608,#4608,#4626,.T.);
#4626 = CIRCLE('',#4627,0.55);
#4627 = AXIS2_PLACEMENT_3D('',#4628,#4629,#4630);
#4628 = CARTESIAN_POINT('',(26.543,-41.021,-0.41148));
#4629 = DIRECTION('',(0.E+000,0.E+000,1.));
#4630 = DIRECTION('',(1.,0.E+000,-0.E+000));
#4631 = CYLINDRICAL_SURFACE('',#4632,0.55);
#4632 = AXIS2_PLACEMENT_3D('',#4633,#4634,#4635);
#4633 = CARTESIAN_POINT('',(26.543,-41.021,-0.41148));
#4634 = DIRECTION('',(-0.E+000,-0.E+000,-1.));
#4635 = DIRECTION('',(1.,0.E+000,-0.E+000));
#4636 = ADVANCED_FACE('',(#4637),#4664,.F.);
#4637 = FACE_BOUND('',#4638,.T.);
#4638 = EDGE_LOOP('',(#4639,#4649,#4656,#4657));
#4639 = ORIENTED_EDGE('',*,*,#4640,.T.);
#4640 = EDGE_CURVE('',#4641,#4643,#4645,.T.);
#4641 = VERTEX_POINT('',#4642);
#4642 = CARTESIAN_POINT('',(16.502,-29.351,-0.41148));
#4643 = VERTEX_POINT('',#4644);
#4644 = CARTESIAN_POINT('',(16.502,-29.351,0.E+000));
#4645 = LINE('',#4646,#4647);
#4646 = CARTESIAN_POINT('',(16.502,-29.351,-0.41148));
#4647 = VECTOR('',#4648,1.);
#4648 = DIRECTION('',(0.E+000,0.E+000,1.));
#4649 = ORIENTED_EDGE('',*,*,#4650,.T.);
#4650 = EDGE_CURVE('',#4643,#4643,#4651,.T.);
#4651 = CIRCLE('',#4652,0.5);
#4652 = AXIS2_PLACEMENT_3D('',#4653,#4654,#4655);
#4653 = CARTESIAN_POINT('',(16.002,-29.351,0.E+000));
#4654 = DIRECTION('',(0.E+000,0.E+000,1.));
#4655 = DIRECTION('',(1.,0.E+000,-0.E+000));
#4656 = ORIENTED_EDGE('',*,*,#4640,.F.);
#4657 = ORIENTED_EDGE('',*,*,#4658,.F.);
#4658 = EDGE_CURVE('',#4641,#4641,#4659,.T.);
#4659 = CIRCLE('',#4660,0.5);
#4660 = AXIS2_PLACEMENT_3D('',#4661,#4662,#4663);
#4661 = CARTESIAN_POINT('',(16.002,-29.351,-0.41148));
#4662 = DIRECTION('',(0.E+000,0.E+000,1.));
#4663 = DIRECTION('',(1.,0.E+000,-0.E+000));
#4664 = CYLINDRICAL_SURFACE('',#4665,0.5);
#4665 = AXIS2_PLACEMENT_3D('',#4666,#4667,#4668);
#4666 = CARTESIAN_POINT('',(16.002,-29.351,-0.41148));
#4667 = DIRECTION('',(-0.E+000,-0.E+000,-1.));
#4668 = DIRECTION('',(1.,0.E+000,-0.E+000));
#4669 = ADVANCED_FACE('',(#4670),#4697,.F.);
#4670 = FACE_BOUND('',#4671,.T.);
#4671 = EDGE_LOOP('',(#4672,#4682,#4689,#4690));
#4672 = ORIENTED_EDGE('',*,*,#4673,.T.);
#4673 = EDGE_CURVE('',#4674,#4676,#4678,.T.);
#4674 = VERTEX_POINT('',#4675);
#4675 = CARTESIAN_POINT('',(16.502,-34.431,-0.41148));
#4676 = VERTEX_POINT('',#4677);
#4677 = CARTESIAN_POINT('',(16.502,-34.431,0.E+000));
#4678 = LINE('',#4679,#4680);
#4679 = CARTESIAN_POINT('',(16.502,-34.431,-0.41148));
#4680 = VECTOR('',#4681,1.);
#4681 = DIRECTION('',(0.E+000,0.E+000,1.));
#4682 = ORIENTED_EDGE('',*,*,#4683,.T.);
#4683 = EDGE_CURVE('',#4676,#4676,#4684,.T.);
#4684 = CIRCLE('',#4685,0.5);
#4685 = AXIS2_PLACEMENT_3D('',#4686,#4687,#4688);
#4686 = CARTESIAN_POINT('',(16.002,-34.431,0.E+000));
#4687 = DIRECTION('',(0.E+000,0.E+000,1.));
#4688 = DIRECTION('',(1.,0.E+000,-0.E+000));
#4689 = ORIENTED_EDGE('',*,*,#4673,.F.);
#4690 = ORIENTED_EDGE('',*,*,#4691,.F.);
#4691 = EDGE_CURVE('',#4674,#4674,#4692,.T.);
#4692 = CIRCLE('',#4693,0.5);
#4693 = AXIS2_PLACEMENT_3D('',#4694,#4695,#4696);
#4694 = CARTESIAN_POINT('',(16.002,-34.431,-0.41148));
#4695 = DIRECTION('',(0.E+000,0.E+000,1.));
#4696 = DIRECTION('',(1.,0.E+000,-0.E+000));
#4697 = CYLINDRICAL_SURFACE('',#4698,0.5);
#4698 = AXIS2_PLACEMENT_3D('',#4699,#4700,#4701);
#4699 = CARTESIAN_POINT('',(16.002,-34.431,-0.41148));
#4700 = DIRECTION('',(-0.E+000,-0.E+000,-1.));
#4701 = DIRECTION('',(1.,0.E+000,-0.E+000));
#4702 = ADVANCED_FACE('',(#4703),#4730,.F.);
#4703 = FACE_BOUND('',#4704,.T.);
#4704 = EDGE_LOOP('',(#4705,#4715,#4722,#4723));
#4705 = ORIENTED_EDGE('',*,*,#4706,.T.);
#4706 = EDGE_CURVE('',#4707,#4709,#4711,.T.);
#4707 = VERTEX_POINT('',#4708);
#4708 = CARTESIAN_POINT('',(16.502,-31.891,-0.41148));
#4709 = VERTEX_POINT('',#4710);
#4710 = CARTESIAN_POINT('',(16.502,-31.891,0.E+000));
#4711 = LINE('',#4712,#4713);
#4712 = CARTESIAN_POINT('',(16.502,-31.891,-0.41148));
#4713 = VECTOR('',#4714,1.);
#4714 = DIRECTION('',(0.E+000,0.E+000,1.));
#4715 = ORIENTED_EDGE('',*,*,#4716,.T.);
#4716 = EDGE_CURVE('',#4709,#4709,#4717,.T.);
#4717 = CIRCLE('',#4718,0.5);
#4718 = AXIS2_PLACEMENT_3D('',#4719,#4720,#4721);
#4719 = CARTESIAN_POINT('',(16.002,-31.891,0.E+000));
#4720 = DIRECTION('',(0.E+000,0.E+000,1.));
#4721 = DIRECTION('',(1.,0.E+000,-0.E+000));
#4722 = ORIENTED_EDGE('',*,*,#4706,.F.);
#4723 = ORIENTED_EDGE('',*,*,#4724,.F.);
#4724 = EDGE_CURVE('',#4707,#4707,#4725,.T.);
#4725 = CIRCLE('',#4726,0.5);
#4726 = AXIS2_PLACEMENT_3D('',#4727,#4728,#4729);
#4727 = CARTESIAN_POINT('',(16.002,-31.891,-0.41148));
#4728 = DIRECTION('',(0.E+000,0.E+000,1.));
#4729 = DIRECTION('',(1.,0.E+000,-0.E+000));
#4730 = CYLINDRICAL_SURFACE('',#4731,0.5);
#4731 = AXIS2_PLACEMENT_3D('',#4732,#4733,#4734);
#4732 = CARTESIAN_POINT('',(16.002,-31.891,-0.41148));
#4733 = DIRECTION('',(-0.E+000,-0.E+000,-1.));
#4734 = DIRECTION('',(1.,0.E+000,-0.E+000));
#4735 = ADVANCED_FACE('',(#4736),#4763,.F.);
#4736 = FACE_BOUND('',#4737,.T.);
#4737 = EDGE_LOOP('',(#4738,#4748,#4755,#4756));
#4738 = ORIENTED_EDGE('',*,*,#4739,.T.);
#4739 = EDGE_CURVE('',#4740,#4742,#4744,.T.);
#4740 = VERTEX_POINT('',#4741);
#4741 = CARTESIAN_POINT('',(16.502,-21.731,-0.41148));
#4742 = VERTEX_POINT('',#4743);
#4743 = CARTESIAN_POINT('',(16.502,-21.731,0.E+000));
#4744 = LINE('',#4745,#4746);
#4745 = CARTESIAN_POINT('',(16.502,-21.731,-0.41148));
#4746 = VECTOR('',#4747,1.);
#4747 = DIRECTION('',(0.E+000,0.E+000,1.));
#4748 = ORIENTED_EDGE('',*,*,#4749,.T.);
#4749 = EDGE_CURVE('',#4742,#4742,#4750,.T.);
#4750 = CIRCLE('',#4751,0.5);
#4751 = AXIS2_PLACEMENT_3D('',#4752,#4753,#4754);
#4752 = CARTESIAN_POINT('',(16.002,-21.731,0.E+000));
#4753 = DIRECTION('',(0.E+000,0.E+000,1.));
#4754 = DIRECTION('',(1.,0.E+000,-0.E+000));
#4755 = ORIENTED_EDGE('',*,*,#4739,.F.);
#4756 = ORIENTED_EDGE('',*,*,#4757,.F.);
#4757 = EDGE_CURVE('',#4740,#4740,#4758,.T.);
#4758 = CIRCLE('',#4759,0.5);
#4759 = AXIS2_PLACEMENT_3D('',#4760,#4761,#4762);
#4760 = CARTESIAN_POINT('',(16.002,-21.731,-0.41148));
#4761 = DIRECTION('',(0.E+000,0.E+000,1.));
#4762 = DIRECTION('',(1.,0.E+000,-0.E+000));
#4763 = CYLINDRICAL_SURFACE('',#4764,0.5);
#4764 = AXIS2_PLACEMENT_3D('',#4765,#4766,#4767);
#4765 = CARTESIAN_POINT('',(16.002,-21.731,-0.41148));
#4766 = DIRECTION('',(-0.E+000,-0.E+000,-1.));
#4767 = DIRECTION('',(1.,0.E+000,-0.E+000));
#4768 = ADVANCED_FACE('',(#4769),#4796,.F.);
#4769 = FACE_BOUND('',#4770,.T.);
#4770 = EDGE_LOOP('',(#4771,#4781,#4788,#4789));
#4771 = ORIENTED_EDGE('',*,*,#4772,.T.);
#4772 = EDGE_CURVE('',#4773,#4775,#4777,.T.);
#4773 = VERTEX_POINT('',#4774);
#4774 = CARTESIAN_POINT('',(16.502,-26.811,-0.41148));
#4775 = VERTEX_POINT('',#4776);
#4776 = CARTESIAN_POINT('',(16.502,-26.811,0.E+000));
#4777 = LINE('',#4778,#4779);
#4778 = CARTESIAN_POINT('',(16.502,-26.811,-0.41148));
#4779 = VECTOR('',#4780,1.);
#4780 = DIRECTION('',(0.E+000,0.E+000,1.));
#4781 = ORIENTED_EDGE('',*,*,#4782,.T.);
#4782 = EDGE_CURVE('',#4775,#4775,#4783,.T.);
#4783 = CIRCLE('',#4784,0.5);
#4784 = AXIS2_PLACEMENT_3D('',#4785,#4786,#4787);
#4785 = CARTESIAN_POINT('',(16.002,-26.811,0.E+000));
#4786 = DIRECTION('',(0.E+000,0.E+000,1.));
#4787 = DIRECTION('',(1.,0.E+000,-0.E+000));
#4788 = ORIENTED_EDGE('',*,*,#4772,.F.);
#4789 = ORIENTED_EDGE('',*,*,#4790,.F.);
#4790 = EDGE_CURVE('',#4773,#4773,#4791,.T.);
#4791 = CIRCLE('',#4792,0.5);
#4792 = AXIS2_PLACEMENT_3D('',#4793,#4794,#4795);
#4793 = CARTESIAN_POINT('',(16.002,-26.811,-0.41148));
#4794 = DIRECTION('',(0.E+000,0.E+000,1.));
#4795 = DIRECTION('',(1.,0.E+000,-0.E+000));
#4796 = CYLINDRICAL_SURFACE('',#4797,0.5);
#4797 = AXIS2_PLACEMENT_3D('',#4798,#4799,#4800);
#4798 = CARTESIAN_POINT('',(16.002,-26.811,-0.41148));
#4799 = DIRECTION('',(-0.E+000,-0.E+000,-1.));
#4800 = DIRECTION('',(1.,0.E+000,-0.E+000));
#4801 = ADVANCED_FACE('',(#4802),#4829,.F.);
#4802 = FACE_BOUND('',#4803,.T.);
#4803 = EDGE_LOOP('',(#4804,#4814,#4821,#4822));
#4804 = ORIENTED_EDGE('',*,*,#4805,.T.);
#4805 = EDGE_CURVE('',#4806,#4808,#4810,.T.);
#4806 = VERTEX_POINT('',#4807);
#4807 = CARTESIAN_POINT('',(16.502,-24.271,-0.41148));
#4808 = VERTEX_POINT('',#4809);
#4809 = CARTESIAN_POINT('',(16.502,-24.271,0.E+000));
#4810 = LINE('',#4811,#4812);
#4811 = CARTESIAN_POINT('',(16.502,-24.271,-0.41148));
#4812 = VECTOR('',#4813,1.);
#4813 = DIRECTION('',(0.E+000,0.E+000,1.));
#4814 = ORIENTED_EDGE('',*,*,#4815,.T.);
#4815 = EDGE_CURVE('',#4808,#4808,#4816,.T.);
#4816 = CIRCLE('',#4817,0.5);
#4817 = AXIS2_PLACEMENT_3D('',#4818,#4819,#4820);
#4818 = CARTESIAN_POINT('',(16.002,-24.271,0.E+000));
#4819 = DIRECTION('',(0.E+000,0.E+000,1.));
#4820 = DIRECTION('',(1.,0.E+000,-0.E+000));
#4821 = ORIENTED_EDGE('',*,*,#4805,.F.);
#4822 = ORIENTED_EDGE('',*,*,#4823,.F.);
#4823 = EDGE_CURVE('',#4806,#4806,#4824,.T.);
#4824 = CIRCLE('',#4825,0.5);
#4825 = AXIS2_PLACEMENT_3D('',#4826,#4827,#4828);
#4826 = CARTESIAN_POINT('',(16.002,-24.271,-0.41148));
#4827 = DIRECTION('',(0.E+000,0.E+000,1.));
#4828 = DIRECTION('',(1.,0.E+000,-0.E+000));
#4829 = CYLINDRICAL_SURFACE('',#4830,0.5);
#4830 = AXIS2_PLACEMENT_3D('',#4831,#4832,#4833);
#4831 = CARTESIAN_POINT('',(16.002,-24.271,-0.41148));
#4832 = DIRECTION('',(-0.E+000,-0.E+000,-1.));
#4833 = DIRECTION('',(1.,0.E+000,-0.E+000));
#4834 = ADVANCED_FACE('',(#4835),#4862,.F.);
#4835 = FACE_BOUND('',#4836,.T.);
#4836 = EDGE_LOOP('',(#4837,#4847,#4854,#4855));
#4837 = ORIENTED_EDGE('',*,*,#4838,.T.);
#4838 = EDGE_CURVE('',#4839,#4841,#4843,.T.);
#4839 = VERTEX_POINT('',#4840);
#4840 = CARTESIAN_POINT('',(27.093,-38.521,-0.41148));
#4841 = VERTEX_POINT('',#4842);
#4842 = CARTESIAN_POINT('',(27.093,-38.521,0.E+000));
#4843 = LINE('',#4844,#4845);
#4844 = CARTESIAN_POINT('',(27.093,-38.521,-0.41148));
#4845 = VECTOR('',#4846,1.);
#4846 = DIRECTION('',(0.E+000,0.E+000,1.));
#4847 = ORIENTED_EDGE('',*,*,#4848,.T.);
#4848 = EDGE_CURVE('',#4841,#4841,#4849,.T.);
#4849 = CIRCLE('',#4850,0.55);
#4850 = AXIS2_PLACEMENT_3D('',#4851,#4852,#4853);
#4851 = CARTESIAN_POINT('',(26.543,-38.521,0.E+000));
#4852 = DIRECTION('',(0.E+000,0.E+000,1.));
#4853 = DIRECTION('',(1.,0.E+000,-0.E+000));
#4854 = ORIENTED_EDGE('',*,*,#4838,.F.);
#4855 = ORIENTED_EDGE('',*,*,#4856,.F.);
#4856 = EDGE_CURVE('',#4839,#4839,#4857,.T.);
#4857 = CIRCLE('',#4858,0.55);
#4858 = AXIS2_PLACEMENT_3D('',#4859,#4860,#4861);
#4859 = CARTESIAN_POINT('',(26.543,-38.521,-0.41148));
#4860 = DIRECTION('',(0.E+000,0.E+000,1.));
#4861 = DIRECTION('',(1.,0.E+000,-0.E+000));
#4862 = CYLINDRICAL_SURFACE('',#4863,0.55);
#4863 = AXIS2_PLACEMENT_3D('',#4864,#4865,#4866);
#4864 = CARTESIAN_POINT('',(26.543,-38.521,-0.41148));
#4865 = DIRECTION('',(-0.E+000,-0.E+000,-1.));
#4866 = DIRECTION('',(1.,0.E+000,-0.E+000));
#4867 = ADVANCED_FACE('',(#4868),#4895,.F.);
#4868 = FACE_BOUND('',#4869,.T.);
#4869 = EDGE_LOOP('',(#4870,#4880,#4887,#4888));
#4870 = ORIENTED_EDGE('',*,*,#4871,.T.);
#4871 = EDGE_CURVE('',#4872,#4874,#4876,.T.);
#4872 = VERTEX_POINT('',#4873);
#4873 = CARTESIAN_POINT('',(33.443,-40.981,-0.41148));
#4874 = VERTEX_POINT('',#4875);
#4875 = CARTESIAN_POINT('',(33.443,-40.981,0.E+000));
#4876 = LINE('',#4877,#4878);
#4877 = CARTESIAN_POINT('',(33.443,-40.981,-0.41148));
#4878 = VECTOR('',#4879,1.);
#4879 = DIRECTION('',(0.E+000,0.E+000,1.));
#4880 = ORIENTED_EDGE('',*,*,#4881,.T.);
#4881 = EDGE_CURVE('',#4874,#4874,#4882,.T.);
#4882 = CIRCLE('',#4883,0.55);
#4883 = AXIS2_PLACEMENT_3D('',#4884,#4885,#4886);
#4884 = CARTESIAN_POINT('',(32.893,-40.981,0.E+000));
#4885 = DIRECTION('',(0.E+000,0.E+000,1.));
#4886 = DIRECTION('',(1.,0.E+000,-0.E+000));
#4887 = ORIENTED_EDGE('',*,*,#4871,.F.);
#4888 = ORIENTED_EDGE('',*,*,#4889,.F.);
#4889 = EDGE_CURVE('',#4872,#4872,#4890,.T.);
#4890 = CIRCLE('',#4891,0.55);
#4891 = AXIS2_PLACEMENT_3D('',#4892,#4893,#4894);
#4892 = CARTESIAN_POINT('',(32.893,-40.981,-0.41148));
#4893 = DIRECTION('',(0.E+000,0.E+000,1.));
#4894 = DIRECTION('',(1.,0.E+000,-0.E+000));
#4895 = CYLINDRICAL_SURFACE('',#4896,0.55);
#4896 = AXIS2_PLACEMENT_3D('',#4897,#4898,#4899);
#4897 = CARTESIAN_POINT('',(32.893,-40.981,-0.41148));
#4898 = DIRECTION('',(-0.E+000,-0.E+000,-1.));
#4899 = DIRECTION('',(1.,0.E+000,-0.E+000));
#4900 = ADVANCED_FACE('',(#4901),#4928,.F.);
#4901 = FACE_BOUND('',#4902,.T.);
#4902 = EDGE_LOOP('',(#4903,#4913,#4920,#4921));
#4903 = ORIENTED_EDGE('',*,*,#4904,.T.);
#4904 = EDGE_CURVE('',#4905,#4907,#4909,.T.);
#4905 = VERTEX_POINT('',#4906);
#4906 = CARTESIAN_POINT('',(33.443,-38.481,-0.41148));
#4907 = VERTEX_POINT('',#4908);
#4908 = CARTESIAN_POINT('',(33.443,-38.481,0.E+000));
#4909 = LINE('',#4910,#4911);
#4910 = CARTESIAN_POINT('',(33.443,-38.481,-0.41148));
#4911 = VECTOR('',#4912,1.);
#4912 = DIRECTION('',(0.E+000,0.E+000,1.));
#4913 = ORIENTED_EDGE('',*,*,#4914,.T.);
#4914 = EDGE_CURVE('',#4907,#4907,#4915,.T.);
#4915 = CIRCLE('',#4916,0.55);
#4916 = AXIS2_PLACEMENT_3D('',#4917,#4918,#4919);
#4917 = CARTESIAN_POINT('',(32.893,-38.481,0.E+000));
#4918 = DIRECTION('',(0.E+000,0.E+000,1.));
#4919 = DIRECTION('',(1.,0.E+000,-0.E+000));
#4920 = ORIENTED_EDGE('',*,*,#4904,.F.);
#4921 = ORIENTED_EDGE('',*,*,#4922,.F.);
#4922 = EDGE_CURVE('',#4905,#4905,#4923,.T.);
#4923 = CIRCLE('',#4924,0.55);
#4924 = AXIS2_PLACEMENT_3D('',#4925,#4926,#4927);
#4925 = CARTESIAN_POINT('',(32.893,-38.481,-0.41148));
#4926 = DIRECTION('',(0.E+000,0.E+000,1.));
#4927 = DIRECTION('',(1.,0.E+000,-0.E+000));
#4928 = CYLINDRICAL_SURFACE('',#4929,0.55);
#4929 = AXIS2_PLACEMENT_3D('',#4930,#4931,#4932);
#4930 = CARTESIAN_POINT('',(32.893,-38.481,-0.41148));
#4931 = DIRECTION('',(-0.E+000,-0.E+000,-1.));
#4932 = DIRECTION('',(1.,0.E+000,-0.E+000));
#4933 = ADVANCED_FACE('',(#4934),#4961,.F.);
#4934 = FACE_BOUND('',#4935,.T.);
#4935 = EDGE_LOOP('',(#4936,#4946,#4953,#4954));
#4936 = ORIENTED_EDGE('',*,*,#4937,.T.);
#4937 = EDGE_CURVE('',#4938,#4940,#4942,.T.);
#4938 = VERTEX_POINT('',#4939);
#4939 = CARTESIAN_POINT('',(23.721,-27.686,-0.41148));
#4940 = VERTEX_POINT('',#4941);
#4941 = CARTESIAN_POINT('',(23.721,-27.686,0.E+000));
#4942 = LINE('',#4943,#4944);
#4943 = CARTESIAN_POINT('',(23.721,-27.686,-0.41148));
#4944 = VECTOR('',#4945,1.);
#4945 = DIRECTION('',(0.E+000,0.E+000,1.));
#4946 = ORIENTED_EDGE('',*,*,#4947,.T.);
#4947 = EDGE_CURVE('',#4940,#4940,#4948,.T.);
#4948 = CIRCLE('',#4949,1.75);
#4949 = AXIS2_PLACEMENT_3D('',#4950,#4951,#4952);
#4950 = CARTESIAN_POINT('',(21.971,-27.686,0.E+000));
#4951 = DIRECTION('',(0.E+000,0.E+000,1.));
#4952 = DIRECTION('',(1.,0.E+000,-0.E+000));
#4953 = ORIENTED_EDGE('',*,*,#4937,.F.);
#4954 = ORIENTED_EDGE('',*,*,#4955,.F.);
#4955 = EDGE_CURVE('',#4938,#4938,#4956,.T.);
#4956 = CIRCLE('',#4957,1.75);
#4957 = AXIS2_PLACEMENT_3D('',#4958,#4959,#4960);
#4958 = CARTESIAN_POINT('',(21.971,-27.686,-0.41148));
#4959 = DIRECTION('',(0.E+000,0.E+000,1.));
#4960 = DIRECTION('',(1.,0.E+000,-0.E+000));
#4961 = CYLINDRICAL_SURFACE('',#4962,1.75);
#4962 = AXIS2_PLACEMENT_3D('',#4963,#4964,#4965);
#4963 = CARTESIAN_POINT('',(21.971,-27.686,-0.41148));
#4964 = DIRECTION('',(-0.E+000,-0.E+000,-1.));
#4965 = DIRECTION('',(1.,0.E+000,-0.E+000));
#4966 = ADVANCED_FACE('',(#4967),#4994,.F.);
#4967 = FACE_BOUND('',#4968,.T.);
#4968 = EDGE_LOOP('',(#4969,#4979,#4986,#4987));
#4969 = ORIENTED_EDGE('',*,*,#4970,.T.);
#4970 = EDGE_CURVE('',#4971,#4973,#4975,.T.);
#4971 = VERTEX_POINT('',#4972);
#4972 = CARTESIAN_POINT('',(23.029,-21.082,-0.41148));
#4973 = VERTEX_POINT('',#4974);
#4974 = CARTESIAN_POINT('',(23.029,-21.082,0.E+000));
#4975 = LINE('',#4976,#4977);
#4976 = CARTESIAN_POINT('',(23.029,-21.082,-0.41148));
#4977 = VECTOR('',#4978,1.);
#4978 = DIRECTION('',(0.E+000,0.E+000,1.));
#4979 = ORIENTED_EDGE('',*,*,#4980,.T.);
#4980 = EDGE_CURVE('',#4973,#4973,#4981,.T.);
#4981 = CIRCLE('',#4982,0.55);
#4982 = AXIS2_PLACEMENT_3D('',#4983,#4984,#4985);
#4983 = CARTESIAN_POINT('',(22.479,-21.082,0.E+000));
#4984 = DIRECTION('',(0.E+000,0.E+000,1.));
#4985 = DIRECTION('',(1.,0.E+000,-0.E+000));
#4986 = ORIENTED_EDGE('',*,*,#4970,.F.);
#4987 = ORIENTED_EDGE('',*,*,#4988,.F.);
#4988 = EDGE_CURVE('',#4971,#4971,#4989,.T.);
#4989 = CIRCLE('',#4990,0.55);
#4990 = AXIS2_PLACEMENT_3D('',#4991,#4992,#4993);
#4991 = CARTESIAN_POINT('',(22.479,-21.082,-0.41148));
#4992 = DIRECTION('',(0.E+000,0.E+000,1.));
#4993 = DIRECTION('',(1.,0.E+000,-0.E+000));
#4994 = CYLINDRICAL_SURFACE('',#4995,0.55);
#4995 = AXIS2_PLACEMENT_3D('',#4996,#4997,#4998);
#4996 = CARTESIAN_POINT('',(22.479,-21.082,-0.41148));
#4997 = DIRECTION('',(-0.E+000,-0.E+000,-1.));
#4998 = DIRECTION('',(1.,0.E+000,-0.E+000));
#4999 = ADVANCED_FACE('',(#5000),#5027,.F.);
#5000 = FACE_BOUND('',#5001,.T.);
#5001 = EDGE_LOOP('',(#5002,#5012,#5019,#5020));
#5002 = ORIENTED_EDGE('',*,*,#5003,.T.);
#5003 = EDGE_CURVE('',#5004,#5006,#5008,.T.);
#5004 = VERTEX_POINT('',#5005);
#5005 = CARTESIAN_POINT('',(27.093,-36.021,-0.41148));
#5006 = VERTEX_POINT('',#5007);
#5007 = CARTESIAN_POINT('',(27.093,-36.021,0.E+000));
#5008 = LINE('',#5009,#5010);
#5009 = CARTESIAN_POINT('',(27.093,-36.021,-0.41148));
#5010 = VECTOR('',#5011,1.);
#5011 = DIRECTION('',(0.E+000,0.E+000,1.));
#5012 = ORIENTED_EDGE('',*,*,#5013,.T.);
#5013 = EDGE_CURVE('',#5006,#5006,#5014,.T.);
#5014 = CIRCLE('',#5015,0.55);
#5015 = AXIS2_PLACEMENT_3D('',#5016,#5017,#5018);
#5016 = CARTESIAN_POINT('',(26.543,-36.021,0.E+000));
#5017 = DIRECTION('',(0.E+000,0.E+000,1.));
#5018 = DIRECTION('',(1.,0.E+000,-0.E+000));
#5019 = ORIENTED_EDGE('',*,*,#5003,.F.);
#5020 = ORIENTED_EDGE('',*,*,#5021,.F.);
#5021 = EDGE_CURVE('',#5004,#5004,#5022,.T.);
#5022 = CIRCLE('',#5023,0.55);
#5023 = AXIS2_PLACEMENT_3D('',#5024,#5025,#5026);
#5024 = CARTESIAN_POINT('',(26.543,-36.021,-0.41148));
#5025 = DIRECTION('',(0.E+000,0.E+000,1.));
#5026 = DIRECTION('',(1.,0.E+000,-0.E+000));
#5027 = CYLINDRICAL_SURFACE('',#5028,0.55);
#5028 = AXIS2_PLACEMENT_3D('',#5029,#5030,#5031);
#5029 = CARTESIAN_POINT('',(26.543,-36.021,-0.41148));
#5030 = DIRECTION('',(-0.E+000,-0.E+000,-1.));
#5031 = DIRECTION('',(1.,0.E+000,-0.E+000));
#5032 = ADVANCED_FACE('',(#5033),#5060,.F.);
#5033 = FACE_BOUND('',#5034,.T.);
#5034 = EDGE_LOOP('',(#5035,#5045,#5052,#5053));
#5035 = ORIENTED_EDGE('',*,*,#5036,.T.);
#5036 = EDGE_CURVE('',#5037,#5039,#5041,.T.);
#5037 = VERTEX_POINT('',#5038);
#5038 = CARTESIAN_POINT('',(27.093,-33.521,-0.41148));
#5039 = VERTEX_POINT('',#5040);
#5040 = CARTESIAN_POINT('',(27.093,-33.521,0.E+000));
#5041 = LINE('',#5042,#5043);
#5042 = CARTESIAN_POINT('',(27.093,-33.521,-0.41148));
#5043 = VECTOR('',#5044,1.);
#5044 = DIRECTION('',(0.E+000,0.E+000,1.));
#5045 = ORIENTED_EDGE('',*,*,#5046,.T.);
#5046 = EDGE_CURVE('',#5039,#5039,#5047,.T.);
#5047 = CIRCLE('',#5048,0.55);
#5048 = AXIS2_PLACEMENT_3D('',#5049,#5050,#5051);
#5049 = CARTESIAN_POINT('',(26.543,-33.521,0.E+000));
#5050 = DIRECTION('',(0.E+000,0.E+000,1.));
#5051 = DIRECTION('',(1.,0.E+000,-0.E+000));
#5052 = ORIENTED_EDGE('',*,*,#5036,.F.);
#5053 = ORIENTED_EDGE('',*,*,#5054,.F.);
#5054 = EDGE_CURVE('',#5037,#5037,#5055,.T.);
#5055 = CIRCLE('',#5056,0.55);
#5056 = AXIS2_PLACEMENT_3D('',#5057,#5058,#5059);
#5057 = CARTESIAN_POINT('',(26.543,-33.521,-0.41148));
#5058 = DIRECTION('',(0.E+000,0.E+000,1.));
#5059 = DIRECTION('',(1.,0.E+000,-0.E+000));
#5060 = CYLINDRICAL_SURFACE('',#5061,0.55);
#5061 = AXIS2_PLACEMENT_3D('',#5062,#5063,#5064);
#5062 = CARTESIAN_POINT('',(26.543,-33.521,-0.41148));
#5063 = DIRECTION('',(-0.E+000,-0.E+000,-1.));
#5064 = DIRECTION('',(1.,0.E+000,-0.E+000));
#5065 = ADVANCED_FACE('',(#5066),#5093,.F.);
#5066 = FACE_BOUND('',#5067,.T.);
#5067 = EDGE_LOOP('',(#5068,#5078,#5085,#5086));
#5068 = ORIENTED_EDGE('',*,*,#5069,.T.);
#5069 = EDGE_CURVE('',#5070,#5072,#5074,.T.);
#5070 = VERTEX_POINT('',#5071);
#5071 = CARTESIAN_POINT('',(41.394,-38.735,-0.41148));
#5072 = VERTEX_POINT('',#5073);
#5073 = CARTESIAN_POINT('',(41.394,-38.735,0.E+000));
#5074 = LINE('',#5075,#5076);
#5075 = CARTESIAN_POINT('',(41.394,-38.735,-0.41148));
#5076 = VECTOR('',#5077,1.);
#5077 = DIRECTION('',(0.E+000,0.E+000,1.));
#5078 = ORIENTED_EDGE('',*,*,#5079,.T.);
#5079 = EDGE_CURVE('',#5072,#5072,#5080,.T.);
#5080 = CIRCLE('',#5081,0.5);
#5081 = AXIS2_PLACEMENT_3D('',#5082,#5083,#5084);
#5082 = CARTESIAN_POINT('',(40.894,-38.735,0.E+000));
#5083 = DIRECTION('',(0.E+000,0.E+000,1.));
#5084 = DIRECTION('',(1.,0.E+000,-0.E+000));
#5085 = ORIENTED_EDGE('',*,*,#5069,.F.);
#5086 = ORIENTED_EDGE('',*,*,#5087,.F.);
#5087 = EDGE_CURVE('',#5070,#5070,#5088,.T.);
#5088 = CIRCLE('',#5089,0.5);
#5089 = AXIS2_PLACEMENT_3D('',#5090,#5091,#5092);
#5090 = CARTESIAN_POINT('',(40.894,-38.735,-0.41148));
#5091 = DIRECTION('',(0.E+000,0.E+000,1.));
#5092 = DIRECTION('',(1.,0.E+000,-0.E+000));
#5093 = CYLINDRICAL_SURFACE('',#5094,0.5);
#5094 = AXIS2_PLACEMENT_3D('',#5095,#5096,#5097);
#5095 = CARTESIAN_POINT('',(40.894,-38.735,-0.41148));
#5096 = DIRECTION('',(-0.E+000,-0.E+000,-1.));
#5097 = DIRECTION('',(1.,0.E+000,-0.E+000));
#5098 = ADVANCED_FACE('',(#5099),#5126,.F.);
#5099 = FACE_BOUND('',#5100,.T.);
#5100 = EDGE_LOOP('',(#5101,#5111,#5118,#5119));
#5101 = ORIENTED_EDGE('',*,*,#5102,.T.);
#5102 = EDGE_CURVE('',#5103,#5105,#5107,.T.);
#5103 = VERTEX_POINT('',#5104);
#5104 = CARTESIAN_POINT('',(43.934,-38.735,-0.41148));
#5105 = VERTEX_POINT('',#5106);
#5106 = CARTESIAN_POINT('',(43.934,-38.735,0.E+000));
#5107 = LINE('',#5108,#5109);
#5108 = CARTESIAN_POINT('',(43.934,-38.735,-0.41148));
#5109 = VECTOR('',#5110,1.);
#5110 = DIRECTION('',(0.E+000,0.E+000,1.));
#5111 = ORIENTED_EDGE('',*,*,#5112,.T.);
#5112 = EDGE_CURVE('',#5105,#5105,#5113,.T.);
#5113 = CIRCLE('',#5114,0.5);
#5114 = AXIS2_PLACEMENT_3D('',#5115,#5116,#5117);
#5115 = CARTESIAN_POINT('',(43.434,-38.735,0.E+000));
#5116 = DIRECTION('',(0.E+000,0.E+000,1.));
#5117 = DIRECTION('',(1.,0.E+000,-0.E+000));
#5118 = ORIENTED_EDGE('',*,*,#5102,.F.);
#5119 = ORIENTED_EDGE('',*,*,#5120,.F.);
#5120 = EDGE_CURVE('',#5103,#5103,#5121,.T.);
#5121 = CIRCLE('',#5122,0.5);
#5122 = AXIS2_PLACEMENT_3D('',#5123,#5124,#5125);
#5123 = CARTESIAN_POINT('',(43.434,-38.735,-0.41148));
#5124 = DIRECTION('',(0.E+000,0.E+000,1.));
#5125 = DIRECTION('',(1.,0.E+000,-0.E+000));
#5126 = CYLINDRICAL_SURFACE('',#5127,0.5);
#5127 = AXIS2_PLACEMENT_3D('',#5128,#5129,#5130);
#5128 = CARTESIAN_POINT('',(43.434,-38.735,-0.41148));
#5129 = DIRECTION('',(-0.E+000,-0.E+000,-1.));
#5130 = DIRECTION('',(1.,0.E+000,-0.E+000));
#5131 = ADVANCED_FACE('',(#5132),#5159,.F.);
#5132 = FACE_BOUND('',#5133,.T.);
#5133 = EDGE_LOOP('',(#5134,#5144,#5151,#5152));
#5134 = ORIENTED_EDGE('',*,*,#5135,.T.);
#5135 = EDGE_CURVE('',#5136,#5138,#5140,.T.);
#5136 = VERTEX_POINT('',#5137);
#5137 = CARTESIAN_POINT('',(41.394,-36.195,-0.41148));
#5138 = VERTEX_POINT('',#5139);
#5139 = CARTESIAN_POINT('',(41.394,-36.195,0.E+000));
#5140 = LINE('',#5141,#5142);
#5141 = CARTESIAN_POINT('',(41.394,-36.195,-0.41148));
#5142 = VECTOR('',#5143,1.);
#5143 = DIRECTION('',(0.E+000,0.E+000,1.));
#5144 = ORIENTED_EDGE('',*,*,#5145,.T.);
#5145 = EDGE_CURVE('',#5138,#5138,#5146,.T.);
#5146 = CIRCLE('',#5147,0.5);
#5147 = AXIS2_PLACEMENT_3D('',#5148,#5149,#5150);
#5148 = CARTESIAN_POINT('',(40.894,-36.195,0.E+000));
#5149 = DIRECTION('',(0.E+000,0.E+000,1.));
#5150 = DIRECTION('',(1.,0.E+000,-0.E+000));
#5151 = ORIENTED_EDGE('',*,*,#5135,.F.);
#5152 = ORIENTED_EDGE('',*,*,#5153,.F.);
#5153 = EDGE_CURVE('',#5136,#5136,#5154,.T.);
#5154 = CIRCLE('',#5155,0.5);
#5155 = AXIS2_PLACEMENT_3D('',#5156,#5157,#5158);
#5156 = CARTESIAN_POINT('',(40.894,-36.195,-0.41148));
#5157 = DIRECTION('',(0.E+000,0.E+000,1.));
#5158 = DIRECTION('',(1.,0.E+000,-0.E+000));
#5159 = CYLINDRICAL_SURFACE('',#5160,0.5);
#5160 = AXIS2_PLACEMENT_3D('',#5161,#5162,#5163);
#5161 = CARTESIAN_POINT('',(40.894,-36.195,-0.41148));
#5162 = DIRECTION('',(-0.E+000,-0.E+000,-1.));
#5163 = DIRECTION('',(1.,0.E+000,-0.E+000));
#5164 = ADVANCED_FACE('',(#5165),#5192,.F.);
#5165 = FACE_BOUND('',#5166,.T.);
#5166 = EDGE_LOOP('',(#5167,#5177,#5184,#5185));
#5167 = ORIENTED_EDGE('',*,*,#5168,.T.);
#5168 = EDGE_CURVE('',#5169,#5171,#5173,.T.);
#5169 = VERTEX_POINT('',#5170);
#5170 = CARTESIAN_POINT('',(33.443,-33.481,-0.41148));
#5171 = VERTEX_POINT('',#5172);
#5172 = CARTESIAN_POINT('',(33.443,-33.481,0.E+000));
#5173 = LINE('',#5174,#5175);
#5174 = CARTESIAN_POINT('',(33.443,-33.481,-0.41148));
#5175 = VECTOR('',#5176,1.);
#5176 = DIRECTION('',(0.E+000,0.E+000,1.));
#5177 = ORIENTED_EDGE('',*,*,#5178,.T.);
#5178 = EDGE_CURVE('',#5171,#5171,#5179,.T.);
#5179 = CIRCLE('',#5180,0.55);
#5180 = AXIS2_PLACEMENT_3D('',#5181,#5182,#5183);
#5181 = CARTESIAN_POINT('',(32.893,-33.481,0.E+000));
#5182 = DIRECTION('',(0.E+000,0.E+000,1.));
#5183 = DIRECTION('',(1.,0.E+000,-0.E+000));
#5184 = ORIENTED_EDGE('',*,*,#5168,.F.);
#5185 = ORIENTED_EDGE('',*,*,#5186,.F.);
#5186 = EDGE_CURVE('',#5169,#5169,#5187,.T.);
#5187 = CIRCLE('',#5188,0.55);
#5188 = AXIS2_PLACEMENT_3D('',#5189,#5190,#5191);
#5189 = CARTESIAN_POINT('',(32.893,-33.481,-0.41148));
#5190 = DIRECTION('',(0.E+000,0.E+000,1.));
#5191 = DIRECTION('',(1.,0.E+000,-0.E+000));
#5192 = CYLINDRICAL_SURFACE('',#5193,0.55);
#5193 = AXIS2_PLACEMENT_3D('',#5194,#5195,#5196);
#5194 = CARTESIAN_POINT('',(32.893,-33.481,-0.41148));
#5195 = DIRECTION('',(-0.E+000,-0.E+000,-1.));
#5196 = DIRECTION('',(1.,0.E+000,-0.E+000));
#5197 = ADVANCED_FACE('',(#5198),#5225,.F.);
#5198 = FACE_BOUND('',#5199,.T.);
#5199 = EDGE_LOOP('',(#5200,#5210,#5217,#5218));
#5200 = ORIENTED_EDGE('',*,*,#5201,.T.);
#5201 = EDGE_CURVE('',#5202,#5204,#5206,.T.);
#5202 = VERTEX_POINT('',#5203);
#5203 = CARTESIAN_POINT('',(43.934,-36.195,-0.41148));
#5204 = VERTEX_POINT('',#5205);
#5205 = CARTESIAN_POINT('',(43.934,-36.195,0.E+000));
#5206 = LINE('',#5207,#5208);
#5207 = CARTESIAN_POINT('',(43.934,-36.195,-0.41148));
#5208 = VECTOR('',#5209,1.);
#5209 = DIRECTION('',(0.E+000,0.E+000,1.));
#5210 = ORIENTED_EDGE('',*,*,#5211,.T.);
#5211 = EDGE_CURVE('',#5204,#5204,#5212,.T.);
#5212 = CIRCLE('',#5213,0.5);
#5213 = AXIS2_PLACEMENT_3D('',#5214,#5215,#5216);
#5214 = CARTESIAN_POINT('',(43.434,-36.195,0.E+000));
#5215 = DIRECTION('',(0.E+000,0.E+000,1.));
#5216 = DIRECTION('',(1.,0.E+000,-0.E+000));
#5217 = ORIENTED_EDGE('',*,*,#5201,.F.);
#5218 = ORIENTED_EDGE('',*,*,#5219,.F.);
#5219 = EDGE_CURVE('',#5202,#5202,#5220,.T.);
#5220 = CIRCLE('',#5221,0.5);
#5221 = AXIS2_PLACEMENT_3D('',#5222,#5223,#5224);
#5222 = CARTESIAN_POINT('',(43.434,-36.195,-0.41148));
#5223 = DIRECTION('',(0.E+000,0.E+000,1.));
#5224 = DIRECTION('',(1.,0.E+000,-0.E+000));
#5225 = CYLINDRICAL_SURFACE('',#5226,0.5);
#5226 = AXIS2_PLACEMENT_3D('',#5227,#5228,#5229);
#5227 = CARTESIAN_POINT('',(43.434,-36.195,-0.41148));
#5228 = DIRECTION('',(-0.E+000,-0.E+000,-1.));
#5229 = DIRECTION('',(1.,0.E+000,-0.E+000));
#5230 = ADVANCED_FACE('',(#5231),#5258,.F.);
#5231 = FACE_BOUND('',#5232,.T.);
#5232 = EDGE_LOOP('',(#5233,#5243,#5250,#5251));
#5233 = ORIENTED_EDGE('',*,*,#5234,.T.);
#5234 = EDGE_CURVE('',#5235,#5237,#5239,.T.);
#5235 = VERTEX_POINT('',#5236);
#5236 = CARTESIAN_POINT('',(33.443,-35.981,-0.41148));
#5237 = VERTEX_POINT('',#5238);
#5238 = CARTESIAN_POINT('',(33.443,-35.981,0.E+000));
#5239 = LINE('',#5240,#5241);
#5240 = CARTESIAN_POINT('',(33.443,-35.981,-0.41148));
#5241 = VECTOR('',#5242,1.);
#5242 = DIRECTION('',(0.E+000,0.E+000,1.));
#5243 = ORIENTED_EDGE('',*,*,#5244,.T.);
#5244 = EDGE_CURVE('',#5237,#5237,#5245,.T.);
#5245 = CIRCLE('',#5246,0.55);
#5246 = AXIS2_PLACEMENT_3D('',#5247,#5248,#5249);
#5247 = CARTESIAN_POINT('',(32.893,-35.981,0.E+000));
#5248 = DIRECTION('',(0.E+000,0.E+000,1.));
#5249 = DIRECTION('',(1.,0.E+000,-0.E+000));
#5250 = ORIENTED_EDGE('',*,*,#5234,.F.);
#5251 = ORIENTED_EDGE('',*,*,#5252,.F.);
#5252 = EDGE_CURVE('',#5235,#5235,#5253,.T.);
#5253 = CIRCLE('',#5254,0.55);
#5254 = AXIS2_PLACEMENT_3D('',#5255,#5256,#5257);
#5255 = CARTESIAN_POINT('',(32.893,-35.981,-0.41148));
#5256 = DIRECTION('',(0.E+000,0.E+000,1.));
#5257 = DIRECTION('',(1.,0.E+000,-0.E+000));
#5258 = CYLINDRICAL_SURFACE('',#5259,0.55);
#5259 = AXIS2_PLACEMENT_3D('',#5260,#5261,#5262);
#5260 = CARTESIAN_POINT('',(32.893,-35.981,-0.41148));
#5261 = DIRECTION('',(-0.E+000,-0.E+000,-1.));
#5262 = DIRECTION('',(1.,0.E+000,-0.E+000));
#5263 = ADVANCED_FACE('',(#5264),#5291,.F.);
#5264 = FACE_BOUND('',#5265,.T.);
#5265 = EDGE_LOOP('',(#5266,#5276,#5283,#5284));
#5266 = ORIENTED_EDGE('',*,*,#5267,.T.);
#5267 = EDGE_CURVE('',#5268,#5270,#5272,.T.);
#5268 = VERTEX_POINT('',#5269);
#5269 = CARTESIAN_POINT('',(46.474,-38.735,-0.41148));
#5270 = VERTEX_POINT('',#5271);
#5271 = CARTESIAN_POINT('',(46.474,-38.735,0.E+000));
#5272 = LINE('',#5273,#5274);
#5273 = CARTESIAN_POINT('',(46.474,-38.735,-0.41148));
#5274 = VECTOR('',#5275,1.);
#5275 = DIRECTION('',(0.E+000,0.E+000,1.));
#5276 = ORIENTED_EDGE('',*,*,#5277,.T.);
#5277 = EDGE_CURVE('',#5270,#5270,#5278,.T.);
#5278 = CIRCLE('',#5279,0.5);
#5279 = AXIS2_PLACEMENT_3D('',#5280,#5281,#5282);
#5280 = CARTESIAN_POINT('',(45.974,-38.735,0.E+000));
#5281 = DIRECTION('',(0.E+000,0.E+000,1.));
#5282 = DIRECTION('',(1.,0.E+000,-0.E+000));
#5283 = ORIENTED_EDGE('',*,*,#5267,.F.);
#5284 = ORIENTED_EDGE('',*,*,#5285,.F.);
#5285 = EDGE_CURVE('',#5268,#5268,#5286,.T.);
#5286 = CIRCLE('',#5287,0.5);
#5287 = AXIS2_PLACEMENT_3D('',#5288,#5289,#5290);
#5288 = CARTESIAN_POINT('',(45.974,-38.735,-0.41148));
#5289 = DIRECTION('',(0.E+000,0.E+000,1.));
#5290 = DIRECTION('',(1.,0.E+000,-0.E+000));
#5291 = CYLINDRICAL_SURFACE('',#5292,0.5);
#5292 = AXIS2_PLACEMENT_3D('',#5293,#5294,#5295);
#5293 = CARTESIAN_POINT('',(45.974,-38.735,-0.41148));
#5294 = DIRECTION('',(-0.E+000,-0.E+000,-1.));
#5295 = DIRECTION('',(1.,0.E+000,-0.E+000));
#5296 = ADVANCED_FACE('',(#5297),#5324,.F.);
#5297 = FACE_BOUND('',#5298,.T.);
#5298 = EDGE_LOOP('',(#5299,#5309,#5316,#5317));
#5299 = ORIENTED_EDGE('',*,*,#5300,.T.);
#5300 = EDGE_CURVE('',#5301,#5303,#5305,.T.);
#5301 = VERTEX_POINT('',#5302);
#5302 = CARTESIAN_POINT('',(51.554,-38.735,-0.41148));
#5303 = VERTEX_POINT('',#5304);
#5304 = CARTESIAN_POINT('',(51.554,-38.735,0.E+000));
#5305 = LINE('',#5306,#5307);
#5306 = CARTESIAN_POINT('',(51.554,-38.735,-0.41148));
#5307 = VECTOR('',#5308,1.);
#5308 = DIRECTION('',(0.E+000,0.E+000,1.));
#5309 = ORIENTED_EDGE('',*,*,#5310,.T.);
#5310 = EDGE_CURVE('',#5303,#5303,#5311,.T.);
#5311 = CIRCLE('',#5312,0.5);
#5312 = AXIS2_PLACEMENT_3D('',#5313,#5314,#5315);
#5313 = CARTESIAN_POINT('',(51.054,-38.735,0.E+000));
#5314 = DIRECTION('',(0.E+000,0.E+000,1.));
#5315 = DIRECTION('',(1.,0.E+000,-0.E+000));
#5316 = ORIENTED_EDGE('',*,*,#5300,.F.);
#5317 = ORIENTED_EDGE('',*,*,#5318,.F.);
#5318 = EDGE_CURVE('',#5301,#5301,#5319,.T.);
#5319 = CIRCLE('',#5320,0.5);
#5320 = AXIS2_PLACEMENT_3D('',#5321,#5322,#5323);
#5321 = CARTESIAN_POINT('',(51.054,-38.735,-0.41148));
#5322 = DIRECTION('',(0.E+000,0.E+000,1.));
#5323 = DIRECTION('',(1.,0.E+000,-0.E+000));
#5324 = CYLINDRICAL_SURFACE('',#5325,0.5);
#5325 = AXIS2_PLACEMENT_3D('',#5326,#5327,#5328);
#5326 = CARTESIAN_POINT('',(51.054,-38.735,-0.41148));
#5327 = DIRECTION('',(-0.E+000,-0.E+000,-1.));
#5328 = DIRECTION('',(1.,0.E+000,-0.E+000));
#5329 = ADVANCED_FACE('',(#5330),#5357,.F.);
#5330 = FACE_BOUND('',#5331,.T.);
#5331 = EDGE_LOOP('',(#5332,#5342,#5349,#5350));
#5332 = ORIENTED_EDGE('',*,*,#5333,.T.);
#5333 = EDGE_CURVE('',#5334,#5336,#5338,.T.);
#5334 = VERTEX_POINT('',#5335);
#5335 = CARTESIAN_POINT('',(49.014,-38.735,-0.41148));
#5336 = VERTEX_POINT('',#5337);
#5337 = CARTESIAN_POINT('',(49.014,-38.735,0.E+000));
#5338 = LINE('',#5339,#5340);
#5339 = CARTESIAN_POINT('',(49.014,-38.735,-0.41148));
#5340 = VECTOR('',#5341,1.);
#5341 = DIRECTION('',(0.E+000,0.E+000,1.));
#5342 = ORIENTED_EDGE('',*,*,#5343,.T.);
#5343 = EDGE_CURVE('',#5336,#5336,#5344,.T.);
#5344 = CIRCLE('',#5345,0.5);
#5345 = AXIS2_PLACEMENT_3D('',#5346,#5347,#5348);
#5346 = CARTESIAN_POINT('',(48.514,-38.735,0.E+000));
#5347 = DIRECTION('',(0.E+000,0.E+000,1.));
#5348 = DIRECTION('',(1.,0.E+000,-0.E+000));
#5349 = ORIENTED_EDGE('',*,*,#5333,.F.);
#5350 = ORIENTED_EDGE('',*,*,#5351,.F.);
#5351 = EDGE_CURVE('',#5334,#5334,#5352,.T.);
#5352 = CIRCLE('',#5353,0.5);
#5353 = AXIS2_PLACEMENT_3D('',#5354,#5355,#5356);
#5354 = CARTESIAN_POINT('',(48.514,-38.735,-0.41148));
#5355 = DIRECTION('',(0.E+000,0.E+000,1.));
#5356 = DIRECTION('',(1.,0.E+000,-0.E+000));
#5357 = CYLINDRICAL_SURFACE('',#5358,0.5);
#5358 = AXIS2_PLACEMENT_3D('',#5359,#5360,#5361);
#5359 = CARTESIAN_POINT('',(48.514,-38.735,-0.41148));
#5360 = DIRECTION('',(-0.E+000,-0.E+000,-1.));
#5361 = DIRECTION('',(1.,0.E+000,-0.E+000));
#5362 = ADVANCED_FACE('',(#5363),#5390,.F.);
#5363 = FACE_BOUND('',#5364,.T.);
#5364 = EDGE_LOOP('',(#5365,#5375,#5382,#5383));
#5365 = ORIENTED_EDGE('',*,*,#5366,.T.);
#5366 = EDGE_CURVE('',#5367,#5369,#5371,.T.);
#5367 = VERTEX_POINT('',#5368);
#5368 = CARTESIAN_POINT('',(49.014,-36.195,-0.41148));
#5369 = VERTEX_POINT('',#5370);
#5370 = CARTESIAN_POINT('',(49.014,-36.195,0.E+000));
#5371 = LINE('',#5372,#5373);
#5372 = CARTESIAN_POINT('',(49.014,-36.195,-0.41148));
#5373 = VECTOR('',#5374,1.);
#5374 = DIRECTION('',(0.E+000,0.E+000,1.));
#5375 = ORIENTED_EDGE('',*,*,#5376,.T.);
#5376 = EDGE_CURVE('',#5369,#5369,#5377,.T.);
#5377 = CIRCLE('',#5378,0.5);
#5378 = AXIS2_PLACEMENT_3D('',#5379,#5380,#5381);
#5379 = CARTESIAN_POINT('',(48.514,-36.195,0.E+000));
#5380 = DIRECTION('',(0.E+000,0.E+000,1.));
#5381 = DIRECTION('',(1.,0.E+000,-0.E+000));
#5382 = ORIENTED_EDGE('',*,*,#5366,.F.);
#5383 = ORIENTED_EDGE('',*,*,#5384,.F.);
#5384 = EDGE_CURVE('',#5367,#5367,#5385,.T.);
#5385 = CIRCLE('',#5386,0.5);
#5386 = AXIS2_PLACEMENT_3D('',#5387,#5388,#5389);
#5387 = CARTESIAN_POINT('',(48.514,-36.195,-0.41148));
#5388 = DIRECTION('',(0.E+000,0.E+000,1.));
#5389 = DIRECTION('',(1.,0.E+000,-0.E+000));
#5390 = CYLINDRICAL_SURFACE('',#5391,0.5);
#5391 = AXIS2_PLACEMENT_3D('',#5392,#5393,#5394);
#5392 = CARTESIAN_POINT('',(48.514,-36.195,-0.41148));
#5393 = DIRECTION('',(-0.E+000,-0.E+000,-1.));
#5394 = DIRECTION('',(1.,0.E+000,-0.E+000));
#5395 = ADVANCED_FACE('',(#5396),#5423,.F.);
#5396 = FACE_BOUND('',#5397,.T.);
#5397 = EDGE_LOOP('',(#5398,#5408,#5415,#5416));
#5398 = ORIENTED_EDGE('',*,*,#5399,.T.);
#5399 = EDGE_CURVE('',#5400,#5402,#5404,.T.);
#5400 = VERTEX_POINT('',#5401);
#5401 = CARTESIAN_POINT('',(46.474,-36.195,-0.41148));
#5402 = VERTEX_POINT('',#5403);
#5403 = CARTESIAN_POINT('',(46.474,-36.195,0.E+000));
#5404 = LINE('',#5405,#5406);
#5405 = CARTESIAN_POINT('',(46.474,-36.195,-0.41148));
#5406 = VECTOR('',#5407,1.);
#5407 = DIRECTION('',(0.E+000,0.E+000,1.));
#5408 = ORIENTED_EDGE('',*,*,#5409,.T.);
#5409 = EDGE_CURVE('',#5402,#5402,#5410,.T.);
#5410 = CIRCLE('',#5411,0.5);
#5411 = AXIS2_PLACEMENT_3D('',#5412,#5413,#5414);
#5412 = CARTESIAN_POINT('',(45.974,-36.195,0.E+000));
#5413 = DIRECTION('',(0.E+000,0.E+000,1.));
#5414 = DIRECTION('',(1.,0.E+000,-0.E+000));
#5415 = ORIENTED_EDGE('',*,*,#5399,.F.);
#5416 = ORIENTED_EDGE('',*,*,#5417,.F.);
#5417 = EDGE_CURVE('',#5400,#5400,#5418,.T.);
#5418 = CIRCLE('',#5419,0.5);
#5419 = AXIS2_PLACEMENT_3D('',#5420,#5421,#5422);
#5420 = CARTESIAN_POINT('',(45.974,-36.195,-0.41148));
#5421 = DIRECTION('',(0.E+000,0.E+000,1.));
#5422 = DIRECTION('',(1.,0.E+000,-0.E+000));
#5423 = CYLINDRICAL_SURFACE('',#5424,0.5);
#5424 = AXIS2_PLACEMENT_3D('',#5425,#5426,#5427);
#5425 = CARTESIAN_POINT('',(45.974,-36.195,-0.41148));
#5426 = DIRECTION('',(-0.E+000,-0.E+000,-1.));
#5427 = DIRECTION('',(1.,0.E+000,-0.E+000));
#5428 = ADVANCED_FACE('',(#5429),#5456,.F.);
#5429 = FACE_BOUND('',#5430,.T.);
#5430 = EDGE_LOOP('',(#5431,#5441,#5448,#5449));
#5431 = ORIENTED_EDGE('',*,*,#5432,.T.);
#5432 = EDGE_CURVE('',#5433,#5435,#5437,.T.);
#5433 = VERTEX_POINT('',#5434);
#5434 = CARTESIAN_POINT('',(51.554,-36.195,-0.41148));
#5435 = VERTEX_POINT('',#5436);
#5436 = CARTESIAN_POINT('',(51.554,-36.195,0.E+000));
#5437 = LINE('',#5438,#5439);
#5438 = CARTESIAN_POINT('',(51.554,-36.195,-0.41148));
#5439 = VECTOR('',#5440,1.);
#5440 = DIRECTION('',(0.E+000,0.E+000,1.));
#5441 = ORIENTED_EDGE('',*,*,#5442,.T.);
#5442 = EDGE_CURVE('',#5435,#5435,#5443,.T.);
#5443 = CIRCLE('',#5444,0.5);
#5444 = AXIS2_PLACEMENT_3D('',#5445,#5446,#5447);
#5445 = CARTESIAN_POINT('',(51.054,-36.195,0.E+000));
#5446 = DIRECTION('',(0.E+000,0.E+000,1.));
#5447 = DIRECTION('',(1.,0.E+000,-0.E+000));
#5448 = ORIENTED_EDGE('',*,*,#5432,.F.);
#5449 = ORIENTED_EDGE('',*,*,#5450,.F.);
#5450 = EDGE_CURVE('',#5433,#5433,#5451,.T.);
#5451 = CIRCLE('',#5452,0.5);
#5452 = AXIS2_PLACEMENT_3D('',#5453,#5454,#5455);
#5453 = CARTESIAN_POINT('',(51.054,-36.195,-0.41148));
#5454 = DIRECTION('',(0.E+000,0.E+000,1.));
#5455 = DIRECTION('',(1.,0.E+000,-0.E+000));
#5456 = CYLINDRICAL_SURFACE('',#5457,0.5);
#5457 = AXIS2_PLACEMENT_3D('',#5458,#5459,#5460);
#5458 = CARTESIAN_POINT('',(51.054,-36.195,-0.41148));
#5459 = DIRECTION('',(-0.E+000,-0.E+000,-1.));
#5460 = DIRECTION('',(1.,0.E+000,-0.E+000));
#5461 = ADVANCED_FACE('',(#5462),#5489,.F.);
#5462 = FACE_BOUND('',#5463,.T.);
#5463 = EDGE_LOOP('',(#5464,#5474,#5481,#5482));
#5464 = ORIENTED_EDGE('',*,*,#5465,.T.);
#5465 = EDGE_CURVE('',#5466,#5468,#5470,.T.);
#5466 = VERTEX_POINT('',#5467);
#5467 = CARTESIAN_POINT('',(54.455,-27.686,-0.41148));
#5468 = VERTEX_POINT('',#5469);
#5469 = CARTESIAN_POINT('',(54.455,-27.686,0.E+000));
#5470 = LINE('',#5471,#5472);
#5471 = CARTESIAN_POINT('',(54.455,-27.686,-0.41148));
#5472 = VECTOR('',#5473,1.);
#5473 = DIRECTION('',(0.E+000,0.E+000,1.));
#5474 = ORIENTED_EDGE('',*,*,#5475,.T.);
#5475 = EDGE_CURVE('',#5468,#5468,#5476,.T.);
#5476 = CIRCLE('',#5477,1.75);
#5477 = AXIS2_PLACEMENT_3D('',#5478,#5479,#5480);
#5478 = CARTESIAN_POINT('',(52.705,-27.686,0.E+000));
#5479 = DIRECTION('',(0.E+000,0.E+000,1.));
#5480 = DIRECTION('',(1.,0.E+000,-0.E+000));
#5481 = ORIENTED_EDGE('',*,*,#5465,.F.);
#5482 = ORIENTED_EDGE('',*,*,#5483,.F.);
#5483 = EDGE_CURVE('',#5466,#5466,#5484,.T.);
#5484 = CIRCLE('',#5485,1.75);
#5485 = AXIS2_PLACEMENT_3D('',#5486,#5487,#5488);
#5486 = CARTESIAN_POINT('',(52.705,-27.686,-0.41148));
#5487 = DIRECTION('',(0.E+000,0.E+000,1.));
#5488 = DIRECTION('',(1.,0.E+000,-0.E+000));
#5489 = CYLINDRICAL_SURFACE('',#5490,1.75);
#5490 = AXIS2_PLACEMENT_3D('',#5491,#5492,#5493);
#5491 = CARTESIAN_POINT('',(52.705,-27.686,-0.41148));
#5492 = DIRECTION('',(-0.E+000,-0.E+000,-1.));
#5493 = DIRECTION('',(1.,0.E+000,-0.E+000));
#5494 = ADVANCED_FACE('',(#5495),#5522,.F.);
#5495 = FACE_BOUND('',#5496,.T.);
#5496 = EDGE_LOOP('',(#5497,#5507,#5514,#5515));
#5497 = ORIENTED_EDGE('',*,*,#5498,.T.);
#5498 = EDGE_CURVE('',#5499,#5501,#5503,.T.);
#5499 = VERTEX_POINT('',#5500);
#5500 = CARTESIAN_POINT('',(34.128,-26.162,-0.41148));
#5501 = VERTEX_POINT('',#5502);
#5502 = CARTESIAN_POINT('',(34.128,-26.162,0.E+000));
#5503 = LINE('',#5504,#5505);
#5504 = CARTESIAN_POINT('',(34.128,-26.162,-0.41148));
#5505 = VECTOR('',#5506,1.);
#5506 = DIRECTION('',(0.E+000,0.E+000,1.));
#5507 = ORIENTED_EDGE('',*,*,#5508,.T.);
#5508 = EDGE_CURVE('',#5501,#5501,#5509,.T.);
#5509 = CIRCLE('',#5510,0.6);
#5510 = AXIS2_PLACEMENT_3D('',#5511,#5512,#5513);
#5511 = CARTESIAN_POINT('',(33.528,-26.162,0.E+000));
#5512 = DIRECTION('',(0.E+000,0.E+000,1.));
#5513 = DIRECTION('',(1.,0.E+000,-0.E+000));
#5514 = ORIENTED_EDGE('',*,*,#5498,.F.);
#5515 = ORIENTED_EDGE('',*,*,#5516,.F.);
#5516 = EDGE_CURVE('',#5499,#5499,#5517,.T.);
#5517 = CIRCLE('',#5518,0.6);
#5518 = AXIS2_PLACEMENT_3D('',#5519,#5520,#5521);
#5519 = CARTESIAN_POINT('',(33.528,-26.162,-0.41148));
#5520 = DIRECTION('',(0.E+000,0.E+000,1.));
#5521 = DIRECTION('',(1.,0.E+000,-0.E+000));
#5522 = CYLINDRICAL_SURFACE('',#5523,0.6);
#5523 = AXIS2_PLACEMENT_3D('',#5524,#5525,#5526);
#5524 = CARTESIAN_POINT('',(33.528,-26.162,-0.41148));
#5525 = DIRECTION('',(-0.E+000,-0.E+000,-1.));
#5526 = DIRECTION('',(1.,0.E+000,-0.E+000));
#5527 = ADVANCED_FACE('',(#5528),#5555,.F.);
#5528 = FACE_BOUND('',#5529,.T.);
#5529 = EDGE_LOOP('',(#5530,#5540,#5547,#5548));
#5530 = ORIENTED_EDGE('',*,*,#5531,.T.);
#5531 = EDGE_CURVE('',#5532,#5534,#5536,.T.);
#5532 = VERTEX_POINT('',#5533);
#5533 = CARTESIAN_POINT('',(39.208,-26.162,-0.41148));
#5534 = VERTEX_POINT('',#5535);
#5535 = CARTESIAN_POINT('',(39.208,-26.162,0.E+000));
#5536 = LINE('',#5537,#5538);
#5537 = CARTESIAN_POINT('',(39.208,-26.162,-0.41148));
#5538 = VECTOR('',#5539,1.);
#5539 = DIRECTION('',(0.E+000,0.E+000,1.));
#5540 = ORIENTED_EDGE('',*,*,#5541,.T.);
#5541 = EDGE_CURVE('',#5534,#5534,#5542,.T.);
#5542 = CIRCLE('',#5543,0.6);
#5543 = AXIS2_PLACEMENT_3D('',#5544,#5545,#5546);
#5544 = CARTESIAN_POINT('',(38.608,-26.162,0.E+000));
#5545 = DIRECTION('',(0.E+000,0.E+000,1.));
#5546 = DIRECTION('',(1.,0.E+000,-0.E+000));
#5547 = ORIENTED_EDGE('',*,*,#5531,.F.);
#5548 = ORIENTED_EDGE('',*,*,#5549,.F.);
#5549 = EDGE_CURVE('',#5532,#5532,#5550,.T.);
#5550 = CIRCLE('',#5551,0.6);
#5551 = AXIS2_PLACEMENT_3D('',#5552,#5553,#5554);
#5552 = CARTESIAN_POINT('',(38.608,-26.162,-0.41148));
#5553 = DIRECTION('',(0.E+000,0.E+000,1.));
#5554 = DIRECTION('',(1.,0.E+000,-0.E+000));
#5555 = CYLINDRICAL_SURFACE('',#5556,0.6);
#5556 = AXIS2_PLACEMENT_3D('',#5557,#5558,#5559);
#5557 = CARTESIAN_POINT('',(38.608,-26.162,-0.41148));
#5558 = DIRECTION('',(-0.E+000,-0.E+000,-1.));
#5559 = DIRECTION('',(1.,0.E+000,-0.E+000));
#5560 = ADVANCED_FACE('',(#5561),#5588,.F.);
#5561 = FACE_BOUND('',#5562,.T.);
#5562 = EDGE_LOOP('',(#5563,#5573,#5580,#5581));
#5563 = ORIENTED_EDGE('',*,*,#5564,.T.);
#5564 = EDGE_CURVE('',#5565,#5567,#5569,.T.);
#5565 = VERTEX_POINT('',#5566);
#5566 = CARTESIAN_POINT('',(36.668,-26.162,-0.41148));
#5567 = VERTEX_POINT('',#5568);
#5568 = CARTESIAN_POINT('',(36.668,-26.162,0.E+000));
#5569 = LINE('',#5570,#5571);
#5570 = CARTESIAN_POINT('',(36.668,-26.162,-0.41148));
#5571 = VECTOR('',#5572,1.);
#5572 = DIRECTION('',(0.E+000,0.E+000,1.));
#5573 = ORIENTED_EDGE('',*,*,#5574,.T.);
#5574 = EDGE_CURVE('',#5567,#5567,#5575,.T.);
#5575 = CIRCLE('',#5576,0.6);
#5576 = AXIS2_PLACEMENT_3D('',#5577,#5578,#5579);
#5577 = CARTESIAN_POINT('',(36.068,-26.162,0.E+000));
#5578 = DIRECTION('',(0.E+000,0.E+000,1.));
#5579 = DIRECTION('',(1.,0.E+000,-0.E+000));
#5580 = ORIENTED_EDGE('',*,*,#5564,.F.);
#5581 = ORIENTED_EDGE('',*,*,#5582,.F.);
#5582 = EDGE_CURVE('',#5565,#5565,#5583,.T.);
#5583 = CIRCLE('',#5584,0.6);
#5584 = AXIS2_PLACEMENT_3D('',#5585,#5586,#5587);
#5585 = CARTESIAN_POINT('',(36.068,-26.162,-0.41148));
#5586 = DIRECTION('',(0.E+000,0.E+000,1.));
#5587 = DIRECTION('',(1.,0.E+000,-0.E+000));
#5588 = CYLINDRICAL_SURFACE('',#5589,0.6);
#5589 = AXIS2_PLACEMENT_3D('',#5590,#5591,#5592);
#5590 = CARTESIAN_POINT('',(36.068,-26.162,-0.41148));
#5591 = DIRECTION('',(-0.E+000,-0.E+000,-1.));
#5592 = DIRECTION('',(1.,0.E+000,-0.E+000));
#5593 = ADVANCED_FACE('',(#5594),#5621,.F.);
#5594 = FACE_BOUND('',#5595,.T.);
#5595 = EDGE_LOOP('',(#5596,#5606,#5613,#5614));
#5596 = ORIENTED_EDGE('',*,*,#5597,.T.);
#5597 = EDGE_CURVE('',#5598,#5600,#5602,.T.);
#5598 = VERTEX_POINT('',#5599);
#5599 = CARTESIAN_POINT('',(35.475,-21.082,-0.41148));
#5600 = VERTEX_POINT('',#5601);
#5601 = CARTESIAN_POINT('',(35.475,-21.082,0.E+000));
#5602 = LINE('',#5603,#5604);
#5603 = CARTESIAN_POINT('',(35.475,-21.082,-0.41148));
#5604 = VECTOR('',#5605,1.);
#5605 = DIRECTION('',(0.E+000,0.E+000,1.));
#5606 = ORIENTED_EDGE('',*,*,#5607,.T.);
#5607 = EDGE_CURVE('',#5600,#5600,#5608,.T.);
#5608 = CIRCLE('',#5609,0.55);
#5609 = AXIS2_PLACEMENT_3D('',#5610,#5611,#5612);
#5610 = CARTESIAN_POINT('',(34.925,-21.082,0.E+000));
#5611 = DIRECTION('',(0.E+000,0.E+000,1.));
#5612 = DIRECTION('',(1.,0.E+000,-0.E+000));
#5613 = ORIENTED_EDGE('',*,*,#5597,.F.);
#5614 = ORIENTED_EDGE('',*,*,#5615,.F.);
#5615 = EDGE_CURVE('',#5598,#5598,#5616,.T.);
#5616 = CIRCLE('',#5617,0.55);
#5617 = AXIS2_PLACEMENT_3D('',#5618,#5619,#5620);
#5618 = CARTESIAN_POINT('',(34.925,-21.082,-0.41148));
#5619 = DIRECTION('',(0.E+000,0.E+000,1.));
#5620 = DIRECTION('',(1.,0.E+000,-0.E+000));
#5621 = CYLINDRICAL_SURFACE('',#5622,0.55);
#5622 = AXIS2_PLACEMENT_3D('',#5623,#5624,#5625);
#5623 = CARTESIAN_POINT('',(34.925,-21.082,-0.41148));
#5624 = DIRECTION('',(-0.E+000,-0.E+000,-1.));
#5625 = DIRECTION('',(1.,0.E+000,-0.E+000));
#5626 = ADVANCED_FACE('',(#5627),#5654,.F.);
#5627 = FACE_BOUND('',#5628,.T.);
#5628 = EDGE_LOOP('',(#5629,#5639,#5646,#5647));
#5629 = ORIENTED_EDGE('',*,*,#5630,.T.);
#5630 = EDGE_CURVE('',#5631,#5633,#5635,.T.);
#5631 = VERTEX_POINT('',#5632);
#5632 = CARTESIAN_POINT('',(41.748,-26.162,-0.41148));
#5633 = VERTEX_POINT('',#5634);
#5634 = CARTESIAN_POINT('',(41.748,-26.162,0.E+000));
#5635 = LINE('',#5636,#5637);
#5636 = CARTESIAN_POINT('',(41.748,-26.162,-0.41148));
#5637 = VECTOR('',#5638,1.);
#5638 = DIRECTION('',(0.E+000,0.E+000,1.));
#5639 = ORIENTED_EDGE('',*,*,#5640,.T.);
#5640 = EDGE_CURVE('',#5633,#5633,#5641,.T.);
#5641 = CIRCLE('',#5642,0.6);
#5642 = AXIS2_PLACEMENT_3D('',#5643,#5644,#5645);
#5643 = CARTESIAN_POINT('',(41.148,-26.162,0.E+000));
#5644 = DIRECTION('',(0.E+000,0.E+000,1.));
#5645 = DIRECTION('',(1.,0.E+000,-0.E+000));
#5646 = ORIENTED_EDGE('',*,*,#5630,.F.);
#5647 = ORIENTED_EDGE('',*,*,#5648,.F.);
#5648 = EDGE_CURVE('',#5631,#5631,#5649,.T.);
#5649 = CIRCLE('',#5650,0.6);
#5650 = AXIS2_PLACEMENT_3D('',#5651,#5652,#5653);
#5651 = CARTESIAN_POINT('',(41.148,-26.162,-0.41148));
#5652 = DIRECTION('',(0.E+000,0.E+000,1.));
#5653 = DIRECTION('',(1.,0.E+000,-0.E+000));
#5654 = CYLINDRICAL_SURFACE('',#5655,0.6);
#5655 = AXIS2_PLACEMENT_3D('',#5656,#5657,#5658);
#5656 = CARTESIAN_POINT('',(41.148,-26.162,-0.41148));
#5657 = DIRECTION('',(-0.E+000,-0.E+000,-1.));
#5658 = DIRECTION('',(1.,0.E+000,-0.E+000));
#5659 = ADVANCED_FACE('',(#5660),#5687,.F.);
#5660 = FACE_BOUND('',#5661,.T.);
#5661 = EDGE_LOOP('',(#5662,#5672,#5679,#5680));
#5662 = ORIENTED_EDGE('',*,*,#5663,.T.);
#5663 = EDGE_CURVE('',#5664,#5666,#5668,.T.);
#5664 = VERTEX_POINT('',#5665);
#5665 = CARTESIAN_POINT('',(41.698,-21.082,-0.41148));
#5666 = VERTEX_POINT('',#5667);
#5667 = CARTESIAN_POINT('',(41.698,-21.082,0.E+000));
#5668 = LINE('',#5669,#5670);
#5669 = CARTESIAN_POINT('',(41.698,-21.082,-0.41148));
#5670 = VECTOR('',#5671,1.);
#5671 = DIRECTION('',(0.E+000,0.E+000,1.));
#5672 = ORIENTED_EDGE('',*,*,#5673,.T.);
#5673 = EDGE_CURVE('',#5666,#5666,#5674,.T.);
#5674 = CIRCLE('',#5675,0.55);
#5675 = AXIS2_PLACEMENT_3D('',#5676,#5677,#5678);
#5676 = CARTESIAN_POINT('',(41.148,-21.082,0.E+000));
#5677 = DIRECTION('',(0.E+000,0.E+000,1.));
#5678 = DIRECTION('',(1.,0.E+000,-0.E+000));
#5679 = ORIENTED_EDGE('',*,*,#5663,.F.);
#5680 = ORIENTED_EDGE('',*,*,#5681,.F.);
#5681 = EDGE_CURVE('',#5664,#5664,#5682,.T.);
#5682 = CIRCLE('',#5683,0.55);
#5683 = AXIS2_PLACEMENT_3D('',#5684,#5685,#5686);
#5684 = CARTESIAN_POINT('',(41.148,-21.082,-0.41148));
#5685 = DIRECTION('',(0.E+000,0.E+000,1.));
#5686 = DIRECTION('',(1.,0.E+000,-0.E+000));
#5687 = CYLINDRICAL_SURFACE('',#5688,0.55);
#5688 = AXIS2_PLACEMENT_3D('',#5689,#5690,#5691);
#5689 = CARTESIAN_POINT('',(41.148,-21.082,-0.41148));
#5690 = DIRECTION('',(-0.E+000,-0.E+000,-1.));
#5691 = DIRECTION('',(1.,0.E+000,-0.E+000));
#5692 = ADVANCED_FACE('',(#5693),#5720,.F.);
#5693 = FACE_BOUND('',#5694,.T.);
#5694 = EDGE_LOOP('',(#5695,#5705,#5712,#5713));
#5695 = ORIENTED_EDGE('',*,*,#5696,.T.);
#5696 = EDGE_CURVE('',#5697,#5699,#5701,.T.);
#5697 = VERTEX_POINT('',#5698);
#5698 = CARTESIAN_POINT('',(59.682,-21.209,-0.41148));
#5699 = VERTEX_POINT('',#5700);
#5700 = CARTESIAN_POINT('',(59.682,-21.209,0.E+000));
#5701 = LINE('',#5702,#5703);
#5702 = CARTESIAN_POINT('',(59.682,-21.209,-0.41148));
#5703 = VECTOR('',#5704,1.);
#5704 = DIRECTION('',(0.E+000,0.E+000,1.));
#5705 = ORIENTED_EDGE('',*,*,#5706,.T.);
#5706 = EDGE_CURVE('',#5699,#5699,#5707,.T.);
#5707 = CIRCLE('',#5708,0.5);
#5708 = AXIS2_PLACEMENT_3D('',#5709,#5710,#5711);
#5709 = CARTESIAN_POINT('',(59.182,-21.209,0.E+000));
#5710 = DIRECTION('',(0.E+000,0.E+000,1.));
#5711 = DIRECTION('',(1.,0.E+000,-0.E+000));
#5712 = ORIENTED_EDGE('',*,*,#5696,.F.);
#5713 = ORIENTED_EDGE('',*,*,#5714,.F.);
#5714 = EDGE_CURVE('',#5697,#5697,#5715,.T.);
#5715 = CIRCLE('',#5716,0.5);
#5716 = AXIS2_PLACEMENT_3D('',#5717,#5718,#5719);
#5717 = CARTESIAN_POINT('',(59.182,-21.209,-0.41148));
#5718 = DIRECTION('',(0.E+000,0.E+000,1.));
#5719 = DIRECTION('',(1.,0.E+000,-0.E+000));
#5720 = CYLINDRICAL_SURFACE('',#5721,0.5);
#5721 = AXIS2_PLACEMENT_3D('',#5722,#5723,#5724);
#5722 = CARTESIAN_POINT('',(59.182,-21.209,-0.41148));
#5723 = DIRECTION('',(-0.E+000,-0.E+000,-1.));
#5724 = DIRECTION('',(1.,0.E+000,-0.E+000));
#5725 = ADVANCED_FACE('',(#5726),#5753,.F.);
#5726 = FACE_BOUND('',#5727,.T.);
#5727 = EDGE_LOOP('',(#5728,#5738,#5745,#5746));
#5728 = ORIENTED_EDGE('',*,*,#5729,.T.);
#5729 = EDGE_CURVE('',#5730,#5732,#5734,.T.);
#5730 = VERTEX_POINT('',#5731);
#5731 = CARTESIAN_POINT('',(64.761,-21.209,-0.41148));
#5732 = VERTEX_POINT('',#5733);
#5733 = CARTESIAN_POINT('',(64.761,-21.209,0.E+000));
#5734 = LINE('',#5735,#5736);
#5735 = CARTESIAN_POINT('',(64.761,-21.209,-0.41148));
#5736 = VECTOR('',#5737,1.);
#5737 = DIRECTION('',(0.E+000,0.E+000,1.));
#5738 = ORIENTED_EDGE('',*,*,#5739,.T.);
#5739 = EDGE_CURVE('',#5732,#5732,#5740,.T.);
#5740 = CIRCLE('',#5741,0.5);
#5741 = AXIS2_PLACEMENT_3D('',#5742,#5743,#5744);
#5742 = CARTESIAN_POINT('',(64.261,-21.209,0.E+000));
#5743 = DIRECTION('',(0.E+000,0.E+000,1.));
#5744 = DIRECTION('',(1.,0.E+000,-0.E+000));
#5745 = ORIENTED_EDGE('',*,*,#5729,.F.);
#5746 = ORIENTED_EDGE('',*,*,#5747,.F.);
#5747 = EDGE_CURVE('',#5730,#5730,#5748,.T.);
#5748 = CIRCLE('',#5749,0.5);
#5749 = AXIS2_PLACEMENT_3D('',#5750,#5751,#5752);
#5750 = CARTESIAN_POINT('',(64.261,-21.209,-0.41148));
#5751 = DIRECTION('',(0.E+000,0.E+000,1.));
#5752 = DIRECTION('',(1.,0.E+000,-0.E+000));
#5753 = CYLINDRICAL_SURFACE('',#5754,0.5);
#5754 = AXIS2_PLACEMENT_3D('',#5755,#5756,#5757);
#5755 = CARTESIAN_POINT('',(64.261,-21.209,-0.41148));
#5756 = DIRECTION('',(-0.E+000,-0.E+000,-1.));
#5757 = DIRECTION('',(1.,0.E+000,-0.E+000));
#5758 = ADVANCED_FACE('',(#5759),#5786,.F.);
#5759 = FACE_BOUND('',#5760,.T.);
#5760 = EDGE_LOOP('',(#5761,#5771,#5778,#5779));
#5761 = ORIENTED_EDGE('',*,*,#5762,.T.);
#5762 = EDGE_CURVE('',#5763,#5765,#5767,.T.);
#5763 = VERTEX_POINT('',#5764);
#5764 = CARTESIAN_POINT('',(62.222,-21.209,-0.41148));
#5765 = VERTEX_POINT('',#5766);
#5766 = CARTESIAN_POINT('',(62.222,-21.209,0.E+000));
#5767 = LINE('',#5768,#5769);
#5768 = CARTESIAN_POINT('',(62.222,-21.209,-0.41148));
#5769 = VECTOR('',#5770,1.);
#5770 = DIRECTION('',(0.E+000,0.E+000,1.));
#5771 = ORIENTED_EDGE('',*,*,#5772,.T.);
#5772 = EDGE_CURVE('',#5765,#5765,#5773,.T.);
#5773 = CIRCLE('',#5774,0.5);
#5774 = AXIS2_PLACEMENT_3D('',#5775,#5776,#5777);
#5775 = CARTESIAN_POINT('',(61.722,-21.209,0.E+000));
#5776 = DIRECTION('',(0.E+000,0.E+000,1.));
#5777 = DIRECTION('',(1.,0.E+000,-0.E+000));
#5778 = ORIENTED_EDGE('',*,*,#5762,.F.);
#5779 = ORIENTED_EDGE('',*,*,#5780,.F.);
#5780 = EDGE_CURVE('',#5763,#5763,#5781,.T.);
#5781 = CIRCLE('',#5782,0.5);
#5782 = AXIS2_PLACEMENT_3D('',#5783,#5784,#5785);
#5783 = CARTESIAN_POINT('',(61.722,-21.209,-0.41148));
#5784 = DIRECTION('',(0.E+000,0.E+000,1.));
#5785 = DIRECTION('',(1.,0.E+000,-0.E+000));
#5786 = CYLINDRICAL_SURFACE('',#5787,0.5);
#5787 = AXIS2_PLACEMENT_3D('',#5788,#5789,#5790);
#5788 = CARTESIAN_POINT('',(61.722,-21.209,-0.41148));
#5789 = DIRECTION('',(-0.E+000,-0.E+000,-1.));
#5790 = DIRECTION('',(1.,0.E+000,-0.E+000));
#5791 = ADVANCED_FACE('',(#5792),#5819,.F.);
#5792 = FACE_BOUND('',#5793,.T.);
#5793 = EDGE_LOOP('',(#5794,#5804,#5811,#5812));
#5794 = ORIENTED_EDGE('',*,*,#5795,.T.);
#5795 = EDGE_CURVE('',#5796,#5798,#5800,.T.);
#5796 = VERTEX_POINT('',#5797);
#5797 = CARTESIAN_POINT('',(52.062,-21.209,-0.41148));
#5798 = VERTEX_POINT('',#5799);
#5799 = CARTESIAN_POINT('',(52.062,-21.209,0.E+000));
#5800 = LINE('',#5801,#5802);
#5801 = CARTESIAN_POINT('',(52.062,-21.209,-0.41148));
#5802 = VECTOR('',#5803,1.);
#5803 = DIRECTION('',(0.E+000,0.E+000,1.));
#5804 = ORIENTED_EDGE('',*,*,#5805,.T.);
#5805 = EDGE_CURVE('',#5798,#5798,#5806,.T.);
#5806 = CIRCLE('',#5807,0.5);
#5807 = AXIS2_PLACEMENT_3D('',#5808,#5809,#5810);
#5808 = CARTESIAN_POINT('',(51.562,-21.209,0.E+000));
#5809 = DIRECTION('',(0.E+000,0.E+000,1.));
#5810 = DIRECTION('',(1.,0.E+000,-0.E+000));
#5811 = ORIENTED_EDGE('',*,*,#5795,.F.);
#5812 = ORIENTED_EDGE('',*,*,#5813,.F.);
#5813 = EDGE_CURVE('',#5796,#5796,#5814,.T.);
#5814 = CIRCLE('',#5815,0.5);
#5815 = AXIS2_PLACEMENT_3D('',#5816,#5817,#5818);
#5816 = CARTESIAN_POINT('',(51.562,-21.209,-0.41148));
#5817 = DIRECTION('',(0.E+000,0.E+000,1.));
#5818 = DIRECTION('',(1.,0.E+000,-0.E+000));
#5819 = CYLINDRICAL_SURFACE('',#5820,0.5);
#5820 = AXIS2_PLACEMENT_3D('',#5821,#5822,#5823);
#5821 = CARTESIAN_POINT('',(51.562,-21.209,-0.41148));
#5822 = DIRECTION('',(-0.E+000,-0.E+000,-1.));
#5823 = DIRECTION('',(1.,0.E+000,-0.E+000));
#5824 = ADVANCED_FACE('',(#5825),#5852,.F.);
#5825 = FACE_BOUND('',#5826,.T.);
#5826 = EDGE_LOOP('',(#5827,#5837,#5844,#5845));
#5827 = ORIENTED_EDGE('',*,*,#5828,.T.);
#5828 = EDGE_CURVE('',#5829,#5831,#5833,.T.);
#5829 = VERTEX_POINT('',#5830);
#5830 = CARTESIAN_POINT('',(49.523,-21.209,-0.41148));
#5831 = VERTEX_POINT('',#5832);
#5832 = CARTESIAN_POINT('',(49.523,-21.209,0.E+000));
#5833 = LINE('',#5834,#5835);
#5834 = CARTESIAN_POINT('',(49.523,-21.209,-0.41148));
#5835 = VECTOR('',#5836,1.);
#5836 = DIRECTION('',(0.E+000,0.E+000,1.));
#5837 = ORIENTED_EDGE('',*,*,#5838,.T.);
#5838 = EDGE_CURVE('',#5831,#5831,#5839,.T.);
#5839 = CIRCLE('',#5840,0.5);
#5840 = AXIS2_PLACEMENT_3D('',#5841,#5842,#5843);
#5841 = CARTESIAN_POINT('',(49.023,-21.209,0.E+000));
#5842 = DIRECTION('',(0.E+000,0.E+000,1.));
#5843 = DIRECTION('',(1.,0.E+000,-0.E+000));
#5844 = ORIENTED_EDGE('',*,*,#5828,.F.);
#5845 = ORIENTED_EDGE('',*,*,#5846,.F.);
#5846 = EDGE_CURVE('',#5829,#5829,#5847,.T.);
#5847 = CIRCLE('',#5848,0.5);
#5848 = AXIS2_PLACEMENT_3D('',#5849,#5850,#5851);
#5849 = CARTESIAN_POINT('',(49.023,-21.209,-0.41148));
#5850 = DIRECTION('',(0.E+000,0.E+000,1.));
#5851 = DIRECTION('',(1.,0.E+000,-0.E+000));
#5852 = CYLINDRICAL_SURFACE('',#5853,0.5);
#5853 = AXIS2_PLACEMENT_3D('',#5854,#5855,#5856);
#5854 = CARTESIAN_POINT('',(49.023,-21.209,-0.41148));
#5855 = DIRECTION('',(-0.E+000,-0.E+000,-1.));
#5856 = DIRECTION('',(1.,0.E+000,-0.E+000));
#5857 = ADVANCED_FACE('',(#5858),#5885,.F.);
#5858 = FACE_BOUND('',#5859,.T.);
#5859 = EDGE_LOOP('',(#5860,#5870,#5877,#5878));
#5860 = ORIENTED_EDGE('',*,*,#5861,.T.);
#5861 = EDGE_CURVE('',#5862,#5864,#5866,.T.);
#5862 = VERTEX_POINT('',#5863);
#5863 = CARTESIAN_POINT('',(57.142,-21.209,-0.41148));
#5864 = VERTEX_POINT('',#5865);
#5865 = CARTESIAN_POINT('',(57.142,-21.209,0.E+000));
#5866 = LINE('',#5867,#5868);
#5867 = CARTESIAN_POINT('',(57.142,-21.209,-0.41148));
#5868 = VECTOR('',#5869,1.);
#5869 = DIRECTION('',(0.E+000,0.E+000,1.));
#5870 = ORIENTED_EDGE('',*,*,#5871,.T.);
#5871 = EDGE_CURVE('',#5864,#5864,#5872,.T.);
#5872 = CIRCLE('',#5873,0.5);
#5873 = AXIS2_PLACEMENT_3D('',#5874,#5875,#5876);
#5874 = CARTESIAN_POINT('',(56.642,-21.209,0.E+000));
#5875 = DIRECTION('',(0.E+000,0.E+000,1.));
#5876 = DIRECTION('',(1.,0.E+000,-0.E+000));
#5877 = ORIENTED_EDGE('',*,*,#5861,.F.);
#5878 = ORIENTED_EDGE('',*,*,#5879,.F.);
#5879 = EDGE_CURVE('',#5862,#5862,#5880,.T.);
#5880 = CIRCLE('',#5881,0.5);
#5881 = AXIS2_PLACEMENT_3D('',#5882,#5883,#5884);
#5882 = CARTESIAN_POINT('',(56.642,-21.209,-0.41148));
#5883 = DIRECTION('',(0.E+000,0.E+000,1.));
#5884 = DIRECTION('',(1.,0.E+000,-0.E+000));
#5885 = CYLINDRICAL_SURFACE('',#5886,0.5);
#5886 = AXIS2_PLACEMENT_3D('',#5887,#5888,#5889);
#5887 = CARTESIAN_POINT('',(56.642,-21.209,-0.41148));
#5888 = DIRECTION('',(-0.E+000,-0.E+000,-1.));
#5889 = DIRECTION('',(1.,0.E+000,-0.E+000));
#5890 = ADVANCED_FACE('',(#5891),#5918,.F.);
#5891 = FACE_BOUND('',#5892,.T.);
#5892 = EDGE_LOOP('',(#5893,#5903,#5910,#5911));
#5893 = ORIENTED_EDGE('',*,*,#5894,.T.);
#5894 = EDGE_CURVE('',#5895,#5897,#5899,.T.);
#5895 = VERTEX_POINT('',#5896);
#5896 = CARTESIAN_POINT('',(54.602,-21.209,-0.41148));
#5897 = VERTEX_POINT('',#5898);
#5898 = CARTESIAN_POINT('',(54.602,-21.209,0.E+000));
#5899 = LINE('',#5900,#5901);
#5900 = CARTESIAN_POINT('',(54.602,-21.209,-0.41148));
#5901 = VECTOR('',#5902,1.);
#5902 = DIRECTION('',(0.E+000,0.E+000,1.));
#5903 = ORIENTED_EDGE('',*,*,#5904,.T.);
#5904 = EDGE_CURVE('',#5897,#5897,#5905,.T.);
#5905 = CIRCLE('',#5906,0.5);
#5906 = AXIS2_PLACEMENT_3D('',#5907,#5908,#5909);
#5907 = CARTESIAN_POINT('',(54.102,-21.209,0.E+000));
#5908 = DIRECTION('',(0.E+000,0.E+000,1.));
#5909 = DIRECTION('',(1.,0.E+000,-0.E+000));
#5910 = ORIENTED_EDGE('',*,*,#5894,.F.);
#5911 = ORIENTED_EDGE('',*,*,#5912,.F.);
#5912 = EDGE_CURVE('',#5895,#5895,#5913,.T.);
#5913 = CIRCLE('',#5914,0.5);
#5914 = AXIS2_PLACEMENT_3D('',#5915,#5916,#5917);
#5915 = CARTESIAN_POINT('',(54.102,-21.209,-0.41148));
#5916 = DIRECTION('',(0.E+000,0.E+000,1.));
#5917 = DIRECTION('',(1.,0.E+000,-0.E+000));
#5918 = CYLINDRICAL_SURFACE('',#5919,0.5);
#5919 = AXIS2_PLACEMENT_3D('',#5920,#5921,#5922);
#5920 = CARTESIAN_POINT('',(54.102,-21.209,-0.41148));
#5921 = DIRECTION('',(-0.E+000,-0.E+000,-1.));
#5922 = DIRECTION('',(1.,0.E+000,-0.E+000));
#5923 = ADVANCED_FACE('',(#5924),#5951,.F.);
#5924 = FACE_BOUND('',#5925,.T.);
#5925 = EDGE_LOOP('',(#5926,#5936,#5943,#5944));
#5926 = ORIENTED_EDGE('',*,*,#5927,.T.);
#5927 = EDGE_CURVE('',#5928,#5930,#5932,.T.);
#5928 = VERTEX_POINT('',#5929);
#5929 = CARTESIAN_POINT('',(16.502,-19.191,-0.41148));
#5930 = VERTEX_POINT('',#5931);
#5931 = CARTESIAN_POINT('',(16.502,-19.191,0.E+000));
#5932 = LINE('',#5933,#5934);
#5933 = CARTESIAN_POINT('',(16.502,-19.191,-0.41148));
#5934 = VECTOR('',#5935,1.);
#5935 = DIRECTION('',(0.E+000,0.E+000,1.));
#5936 = ORIENTED_EDGE('',*,*,#5937,.T.);
#5937 = EDGE_CURVE('',#5930,#5930,#5938,.T.);
#5938 = CIRCLE('',#5939,0.5);
#5939 = AXIS2_PLACEMENT_3D('',#5940,#5941,#5942);
#5940 = CARTESIAN_POINT('',(16.002,-19.191,0.E+000));
#5941 = DIRECTION('',(0.E+000,0.E+000,1.));
#5942 = DIRECTION('',(1.,0.E+000,-0.E+000));
#5943 = ORIENTED_EDGE('',*,*,#5927,.F.);
#5944 = ORIENTED_EDGE('',*,*,#5945,.F.);
#5945 = EDGE_CURVE('',#5928,#5928,#5946,.T.);
#5946 = CIRCLE('',#5947,0.5);
#5947 = AXIS2_PLACEMENT_3D('',#5948,#5949,#5950);
#5948 = CARTESIAN_POINT('',(16.002,-19.191,-0.41148));
#5949 = DIRECTION('',(0.E+000,0.E+000,1.));
#5950 = DIRECTION('',(1.,0.E+000,-0.E+000));
#5951 = CYLINDRICAL_SURFACE('',#5952,0.5);
#5952 = AXIS2_PLACEMENT_3D('',#5953,#5954,#5955);
#5953 = CARTESIAN_POINT('',(16.002,-19.191,-0.41148));
#5954 = DIRECTION('',(-0.E+000,-0.E+000,-1.));
#5955 = DIRECTION('',(1.,0.E+000,-0.E+000));
#5956 = ADVANCED_FACE('',(#5957),#5984,.F.);
#5957 = FACE_BOUND('',#5958,.T.);
#5958 = EDGE_LOOP('',(#5959,#5969,#5976,#5977));
#5959 = ORIENTED_EDGE('',*,*,#5960,.T.);
#5960 = EDGE_CURVE('',#5961,#5963,#5965,.T.);
#5961 = VERTEX_POINT('',#5962);
#5962 = CARTESIAN_POINT('',(23.029,-18.542,-0.41148));
#5963 = VERTEX_POINT('',#5964);
#5964 = CARTESIAN_POINT('',(23.029,-18.542,0.E+000));
#5965 = LINE('',#5966,#5967);
#5966 = CARTESIAN_POINT('',(23.029,-18.542,-0.41148));
#5967 = VECTOR('',#5968,1.);
#5968 = DIRECTION('',(0.E+000,0.E+000,1.));
#5969 = ORIENTED_EDGE('',*,*,#5970,.T.);
#5970 = EDGE_CURVE('',#5963,#5963,#5971,.T.);
#5971 = CIRCLE('',#5972,0.55);
#5972 = AXIS2_PLACEMENT_3D('',#5973,#5974,#5975);
#5973 = CARTESIAN_POINT('',(22.479,-18.542,0.E+000));
#5974 = DIRECTION('',(0.E+000,0.E+000,1.));
#5975 = DIRECTION('',(1.,0.E+000,-0.E+000));
#5976 = ORIENTED_EDGE('',*,*,#5960,.F.);
#5977 = ORIENTED_EDGE('',*,*,#5978,.F.);
#5978 = EDGE_CURVE('',#5961,#5961,#5979,.T.);
#5979 = CIRCLE('',#5980,0.55);
#5980 = AXIS2_PLACEMENT_3D('',#5981,#5982,#5983);
#5981 = CARTESIAN_POINT('',(22.479,-18.542,-0.41148));
#5982 = DIRECTION('',(0.E+000,0.E+000,1.));
#5983 = DIRECTION('',(1.,0.E+000,-0.E+000));
#5984 = CYLINDRICAL_SURFACE('',#5985,0.55);
#5985 = AXIS2_PLACEMENT_3D('',#5986,#5987,#5988);
#5986 = CARTESIAN_POINT('',(22.479,-18.542,-0.41148));
#5987 = DIRECTION('',(-0.E+000,-0.E+000,-1.));
#5988 = DIRECTION('',(1.,0.E+000,-0.E+000));
#5989 = ADVANCED_FACE('',(#5990),#6017,.F.);
#5990 = FACE_BOUND('',#5991,.T.);
#5991 = EDGE_LOOP('',(#5992,#6002,#6009,#6010));
#5992 = ORIENTED_EDGE('',*,*,#5993,.T.);
#5993 = EDGE_CURVE('',#5994,#5996,#5998,.T.);
#5994 = VERTEX_POINT('',#5995);
#5995 = CARTESIAN_POINT('',(16.502,-16.651,-0.41148));
#5996 = VERTEX_POINT('',#5997);
#5997 = CARTESIAN_POINT('',(16.502,-16.651,0.E+000));
#5998 = LINE('',#5999,#6000);
#5999 = CARTESIAN_POINT('',(16.502,-16.651,-0.41148));
#6000 = VECTOR('',#6001,1.);
#6001 = DIRECTION('',(0.E+000,0.E+000,1.));
#6002 = ORIENTED_EDGE('',*,*,#6003,.T.);
#6003 = EDGE_CURVE('',#5996,#5996,#6004,.T.);
#6004 = CIRCLE('',#6005,0.5);
#6005 = AXIS2_PLACEMENT_3D('',#6006,#6007,#6008);
#6006 = CARTESIAN_POINT('',(16.002,-16.651,0.E+000));
#6007 = DIRECTION('',(0.E+000,0.E+000,1.));
#6008 = DIRECTION('',(1.,0.E+000,-0.E+000));
#6009 = ORIENTED_EDGE('',*,*,#5993,.F.);
#6010 = ORIENTED_EDGE('',*,*,#6011,.F.);
#6011 = EDGE_CURVE('',#5994,#5994,#6012,.T.);
#6012 = CIRCLE('',#6013,0.5);
#6013 = AXIS2_PLACEMENT_3D('',#6014,#6015,#6016);
#6014 = CARTESIAN_POINT('',(16.002,-16.651,-0.41148));
#6015 = DIRECTION('',(0.E+000,0.E+000,1.));
#6016 = DIRECTION('',(1.,0.E+000,-0.E+000));
#6017 = CYLINDRICAL_SURFACE('',#6018,0.5);
#6018 = AXIS2_PLACEMENT_3D('',#6019,#6020,#6021);
#6019 = CARTESIAN_POINT('',(16.002,-16.651,-0.41148));
#6020 = DIRECTION('',(-0.E+000,-0.E+000,-1.));
#6021 = DIRECTION('',(1.,0.E+000,-0.E+000));
#6022 = ADVANCED_FACE('',(#6023),#6050,.F.);
#6023 = FACE_BOUND('',#6024,.T.);
#6024 = EDGE_LOOP('',(#6025,#6035,#6042,#6043));
#6025 = ORIENTED_EDGE('',*,*,#6026,.T.);
#6026 = EDGE_CURVE('',#6027,#6029,#6031,.T.);
#6027 = VERTEX_POINT('',#6028);
#6028 = CARTESIAN_POINT('',(23.029,-16.002,-0.41148));
#6029 = VERTEX_POINT('',#6030);
#6030 = CARTESIAN_POINT('',(23.029,-16.002,0.E+000));
#6031 = LINE('',#6032,#6033);
#6032 = CARTESIAN_POINT('',(23.029,-16.002,-0.41148));
#6033 = VECTOR('',#6034,1.);
#6034 = DIRECTION('',(0.E+000,0.E+000,1.));
#6035 = ORIENTED_EDGE('',*,*,#6036,.T.);
#6036 = EDGE_CURVE('',#6029,#6029,#6037,.T.);
#6037 = CIRCLE('',#6038,0.55);
#6038 = AXIS2_PLACEMENT_3D('',#6039,#6040,#6041);
#6039 = CARTESIAN_POINT('',(22.479,-16.002,0.E+000));
#6040 = DIRECTION('',(0.E+000,0.E+000,1.));
#6041 = DIRECTION('',(1.,0.E+000,-0.E+000));
#6042 = ORIENTED_EDGE('',*,*,#6026,.F.);
#6043 = ORIENTED_EDGE('',*,*,#6044,.F.);
#6044 = EDGE_CURVE('',#6027,#6027,#6045,.T.);
#6045 = CIRCLE('',#6046,0.55);
#6046 = AXIS2_PLACEMENT_3D('',#6047,#6048,#6049);
#6047 = CARTESIAN_POINT('',(22.479,-16.002,-0.41148));
#6048 = DIRECTION('',(0.E+000,0.E+000,1.));
#6049 = DIRECTION('',(1.,0.E+000,-0.E+000));
#6050 = CYLINDRICAL_SURFACE('',#6051,0.55);
#6051 = AXIS2_PLACEMENT_3D('',#6052,#6053,#6054);
#6052 = CARTESIAN_POINT('',(22.479,-16.002,-0.41148));
#6053 = DIRECTION('',(-0.E+000,-0.E+000,-1.));
#6054 = DIRECTION('',(1.,0.E+000,-0.E+000));
#6055 = ADVANCED_FACE('',(#6056),#6083,.F.);
#6056 = FACE_BOUND('',#6057,.T.);
#6057 = EDGE_LOOP('',(#6058,#6068,#6075,#6076));
#6058 = ORIENTED_EDGE('',*,*,#6059,.T.);
#6059 = EDGE_CURVE('',#6060,#6062,#6064,.T.);
#6060 = VERTEX_POINT('',#6061);
#6061 = CARTESIAN_POINT('',(27.471,-10.414,-0.41148));
#6062 = VERTEX_POINT('',#6063);
#6063 = CARTESIAN_POINT('',(27.471,-10.414,0.E+000));
#6064 = LINE('',#6065,#6066);
#6065 = CARTESIAN_POINT('',(27.471,-10.414,-0.41148));
#6066 = VECTOR('',#6067,1.);
#6067 = DIRECTION('',(0.E+000,0.E+000,1.));
#6068 = ORIENTED_EDGE('',*,*,#6069,.T.);
#6069 = EDGE_CURVE('',#6062,#6062,#6070,.T.);
#6070 = CIRCLE('',#6071,0.55);
#6071 = AXIS2_PLACEMENT_3D('',#6072,#6073,#6074);
#6072 = CARTESIAN_POINT('',(26.921,-10.414,0.E+000));
#6073 = DIRECTION('',(0.E+000,0.E+000,1.));
#6074 = DIRECTION('',(1.,0.E+000,-0.E+000));
#6075 = ORIENTED_EDGE('',*,*,#6059,.F.);
#6076 = ORIENTED_EDGE('',*,*,#6077,.F.);
#6077 = EDGE_CURVE('',#6060,#6060,#6078,.T.);
#6078 = CIRCLE('',#6079,0.55);
#6079 = AXIS2_PLACEMENT_3D('',#6080,#6081,#6082);
#6080 = CARTESIAN_POINT('',(26.921,-10.414,-0.41148));
#6081 = DIRECTION('',(0.E+000,0.E+000,1.));
#6082 = DIRECTION('',(1.,0.E+000,-0.E+000));
#6083 = CYLINDRICAL_SURFACE('',#6084,0.55);
#6084 = AXIS2_PLACEMENT_3D('',#6085,#6086,#6087);
#6085 = CARTESIAN_POINT('',(26.921,-10.414,-0.41148));
#6086 = DIRECTION('',(-0.E+000,-0.E+000,-1.));
#6087 = DIRECTION('',(1.,0.E+000,-0.E+000));
#6088 = ADVANCED_FACE('',(#6089),#6116,.F.);
#6089 = FACE_BOUND('',#6090,.T.);
#6090 = EDGE_LOOP('',(#6091,#6101,#6108,#6109));
#6091 = ORIENTED_EDGE('',*,*,#6092,.T.);
#6092 = EDGE_CURVE('',#6093,#6095,#6097,.T.);
#6093 = VERTEX_POINT('',#6094);
#6094 = CARTESIAN_POINT('',(27.471,-7.874,-0.41148));
#6095 = VERTEX_POINT('',#6096);
#6096 = CARTESIAN_POINT('',(27.471,-7.874,0.E+000));
#6097 = LINE('',#6098,#6099);
#6098 = CARTESIAN_POINT('',(27.471,-7.874,-0.41148));
#6099 = VECTOR('',#6100,1.);
#6100 = DIRECTION('',(0.E+000,0.E+000,1.));
#6101 = ORIENTED_EDGE('',*,*,#6102,.T.);
#6102 = EDGE_CURVE('',#6095,#6095,#6103,.T.);
#6103 = CIRCLE('',#6104,0.55);
#6104 = AXIS2_PLACEMENT_3D('',#6105,#6106,#6107);
#6105 = CARTESIAN_POINT('',(26.921,-7.874,0.E+000));
#6106 = DIRECTION('',(0.E+000,0.E+000,1.));
#6107 = DIRECTION('',(1.,0.E+000,-0.E+000));
#6108 = ORIENTED_EDGE('',*,*,#6092,.F.);
#6109 = ORIENTED_EDGE('',*,*,#6110,.F.);
#6110 = EDGE_CURVE('',#6093,#6093,#6111,.T.);
#6111 = CIRCLE('',#6112,0.55);
#6112 = AXIS2_PLACEMENT_3D('',#6113,#6114,#6115);
#6113 = CARTESIAN_POINT('',(26.921,-7.874,-0.41148));
#6114 = DIRECTION('',(0.E+000,0.E+000,1.));
#6115 = DIRECTION('',(1.,0.E+000,-0.E+000));
#6116 = CYLINDRICAL_SURFACE('',#6117,0.55);
#6117 = AXIS2_PLACEMENT_3D('',#6118,#6119,#6120);
#6118 = CARTESIAN_POINT('',(26.921,-7.874,-0.41148));
#6119 = DIRECTION('',(-0.E+000,-0.E+000,-1.));
#6120 = DIRECTION('',(1.,0.E+000,-0.E+000));
#6121 = ADVANCED_FACE('',(#6122),#6149,.F.);
#6122 = FACE_BOUND('',#6123,.T.);
#6123 = EDGE_LOOP('',(#6124,#6134,#6141,#6142));
#6124 = ORIENTED_EDGE('',*,*,#6125,.T.);
#6125 = EDGE_CURVE('',#6126,#6128,#6130,.T.);
#6126 = VERTEX_POINT('',#6127);
#6127 = CARTESIAN_POINT('',(29.252,-21.082,-0.41148));
#6128 = VERTEX_POINT('',#6129);
#6129 = CARTESIAN_POINT('',(29.252,-21.082,0.E+000));
#6130 = LINE('',#6131,#6132);
#6131 = CARTESIAN_POINT('',(29.252,-21.082,-0.41148));
#6132 = VECTOR('',#6133,1.);
#6133 = DIRECTION('',(0.E+000,0.E+000,1.));
#6134 = ORIENTED_EDGE('',*,*,#6135,.T.);
#6135 = EDGE_CURVE('',#6128,#6128,#6136,.T.);
#6136 = CIRCLE('',#6137,0.55);
#6137 = AXIS2_PLACEMENT_3D('',#6138,#6139,#6140);
#6138 = CARTESIAN_POINT('',(28.702,-21.082,0.E+000));
#6139 = DIRECTION('',(0.E+000,0.E+000,1.));
#6140 = DIRECTION('',(1.,0.E+000,-0.E+000));
#6141 = ORIENTED_EDGE('',*,*,#6125,.F.);
#6142 = ORIENTED_EDGE('',*,*,#6143,.F.);
#6143 = EDGE_CURVE('',#6126,#6126,#6144,.T.);
#6144 = CIRCLE('',#6145,0.55);
#6145 = AXIS2_PLACEMENT_3D('',#6146,#6147,#6148);
#6146 = CARTESIAN_POINT('',(28.702,-21.082,-0.41148));
#6147 = DIRECTION('',(0.E+000,0.E+000,1.));
#6148 = DIRECTION('',(1.,0.E+000,-0.E+000));
#6149 = CYLINDRICAL_SURFACE('',#6150,0.55);
#6150 = AXIS2_PLACEMENT_3D('',#6151,#6152,#6153);
#6151 = CARTESIAN_POINT('',(28.702,-21.082,-0.41148));
#6152 = DIRECTION('',(-0.E+000,-0.E+000,-1.));
#6153 = DIRECTION('',(1.,0.E+000,-0.E+000));
#6154 = ADVANCED_FACE('',(#6155),#6182,.F.);
#6155 = FACE_BOUND('',#6156,.T.);
#6156 = EDGE_LOOP('',(#6157,#6167,#6174,#6175));
#6157 = ORIENTED_EDGE('',*,*,#6158,.T.);
#6158 = EDGE_CURVE('',#6159,#6161,#6163,.T.);
#6159 = VERTEX_POINT('',#6160);
#6160 = CARTESIAN_POINT('',(35.475,-18.542,-0.41148));
#6161 = VERTEX_POINT('',#6162);
#6162 = CARTESIAN_POINT('',(35.475,-18.542,0.E+000));
#6163 = LINE('',#6164,#6165);
#6164 = CARTESIAN_POINT('',(35.475,-18.542,-0.41148));
#6165 = VECTOR('',#6166,1.);
#6166 = DIRECTION('',(0.E+000,0.E+000,1.));
#6167 = ORIENTED_EDGE('',*,*,#6168,.T.);
#6168 = EDGE_CURVE('',#6161,#6161,#6169,.T.);
#6169 = CIRCLE('',#6170,0.55);
#6170 = AXIS2_PLACEMENT_3D('',#6171,#6172,#6173);
#6171 = CARTESIAN_POINT('',(34.925,-18.542,0.E+000));
#6172 = DIRECTION('',(0.E+000,0.E+000,1.));
#6173 = DIRECTION('',(1.,0.E+000,-0.E+000));
#6174 = ORIENTED_EDGE('',*,*,#6158,.F.);
#6175 = ORIENTED_EDGE('',*,*,#6176,.F.);
#6176 = EDGE_CURVE('',#6159,#6159,#6177,.T.);
#6177 = CIRCLE('',#6178,0.55);
#6178 = AXIS2_PLACEMENT_3D('',#6179,#6180,#6181);
#6179 = CARTESIAN_POINT('',(34.925,-18.542,-0.41148));
#6180 = DIRECTION('',(0.E+000,0.E+000,1.));
#6181 = DIRECTION('',(1.,0.E+000,-0.E+000));
#6182 = CYLINDRICAL_SURFACE('',#6183,0.55);
#6183 = AXIS2_PLACEMENT_3D('',#6184,#6185,#6186);
#6184 = CARTESIAN_POINT('',(34.925,-18.542,-0.41148));
#6185 = DIRECTION('',(-0.E+000,-0.E+000,-1.));
#6186 = DIRECTION('',(1.,0.E+000,-0.E+000));
#6187 = ADVANCED_FACE('',(#6188),#6215,.F.);
#6188 = FACE_BOUND('',#6189,.T.);
#6189 = EDGE_LOOP('',(#6190,#6200,#6207,#6208));
#6190 = ORIENTED_EDGE('',*,*,#6191,.T.);
#6191 = EDGE_CURVE('',#6192,#6194,#6196,.T.);
#6192 = VERTEX_POINT('',#6193);
#6193 = CARTESIAN_POINT('',(29.252,-18.542,-0.41148));
#6194 = VERTEX_POINT('',#6195);
#6195 = CARTESIAN_POINT('',(29.252,-18.542,0.E+000));
#6196 = LINE('',#6197,#6198);
#6197 = CARTESIAN_POINT('',(29.252,-18.542,-0.41148));
#6198 = VECTOR('',#6199,1.);
#6199 = DIRECTION('',(0.E+000,0.E+000,1.));
#6200 = ORIENTED_EDGE('',*,*,#6201,.T.);
#6201 = EDGE_CURVE('',#6194,#6194,#6202,.T.);
#6202 = CIRCLE('',#6203,0.55);
#6203 = AXIS2_PLACEMENT_3D('',#6204,#6205,#6206);
#6204 = CARTESIAN_POINT('',(28.702,-18.542,0.E+000));
#6205 = DIRECTION('',(0.E+000,0.E+000,1.));
#6206 = DIRECTION('',(1.,0.E+000,-0.E+000));
#6207 = ORIENTED_EDGE('',*,*,#6191,.F.);
#6208 = ORIENTED_EDGE('',*,*,#6209,.F.);
#6209 = EDGE_CURVE('',#6192,#6192,#6210,.T.);
#6210 = CIRCLE('',#6211,0.55);
#6211 = AXIS2_PLACEMENT_3D('',#6212,#6213,#6214);
#6212 = CARTESIAN_POINT('',(28.702,-18.542,-0.41148));
#6213 = DIRECTION('',(0.E+000,0.E+000,1.));
#6214 = DIRECTION('',(1.,0.E+000,-0.E+000));
#6215 = CYLINDRICAL_SURFACE('',#6216,0.55);
#6216 = AXIS2_PLACEMENT_3D('',#6217,#6218,#6219);
#6217 = CARTESIAN_POINT('',(28.702,-18.542,-0.41148));
#6218 = DIRECTION('',(-0.E+000,-0.E+000,-1.));
#6219 = DIRECTION('',(1.,0.E+000,-0.E+000));
#6220 = ADVANCED_FACE('',(#6221),#6248,.F.);
#6221 = FACE_BOUND('',#6222,.T.);
#6222 = EDGE_LOOP('',(#6223,#6233,#6240,#6241));
#6223 = ORIENTED_EDGE('',*,*,#6224,.T.);
#6224 = EDGE_CURVE('',#6225,#6227,#6229,.T.);
#6225 = VERTEX_POINT('',#6226);
#6226 = CARTESIAN_POINT('',(29.252,-16.002,-0.41148));
#6227 = VERTEX_POINT('',#6228);
#6228 = CARTESIAN_POINT('',(29.252,-16.002,0.E+000));
#6229 = LINE('',#6230,#6231);
#6230 = CARTESIAN_POINT('',(29.252,-16.002,-0.41148));
#6231 = VECTOR('',#6232,1.);
#6232 = DIRECTION('',(0.E+000,0.E+000,1.));
#6233 = ORIENTED_EDGE('',*,*,#6234,.T.);
#6234 = EDGE_CURVE('',#6227,#6227,#6235,.T.);
#6235 = CIRCLE('',#6236,0.55);
#6236 = AXIS2_PLACEMENT_3D('',#6237,#6238,#6239);
#6237 = CARTESIAN_POINT('',(28.702,-16.002,0.E+000));
#6238 = DIRECTION('',(0.E+000,0.E+000,1.));
#6239 = DIRECTION('',(1.,0.E+000,-0.E+000));
#6240 = ORIENTED_EDGE('',*,*,#6224,.F.);
#6241 = ORIENTED_EDGE('',*,*,#6242,.F.);
#6242 = EDGE_CURVE('',#6225,#6225,#6243,.T.);
#6243 = CIRCLE('',#6244,0.55);
#6244 = AXIS2_PLACEMENT_3D('',#6245,#6246,#6247);
#6245 = CARTESIAN_POINT('',(28.702,-16.002,-0.41148));
#6246 = DIRECTION('',(0.E+000,0.E+000,1.));
#6247 = DIRECTION('',(1.,0.E+000,-0.E+000));
#6248 = CYLINDRICAL_SURFACE('',#6249,0.55);
#6249 = AXIS2_PLACEMENT_3D('',#6250,#6251,#6252);
#6250 = CARTESIAN_POINT('',(28.702,-16.002,-0.41148));
#6251 = DIRECTION('',(-0.E+000,-0.E+000,-1.));
#6252 = DIRECTION('',(1.,0.E+000,-0.E+000));
#6253 = ADVANCED_FACE('',(#6254),#6281,.F.);
#6254 = FACE_BOUND('',#6255,.T.);
#6255 = EDGE_LOOP('',(#6256,#6266,#6273,#6274));
#6256 = ORIENTED_EDGE('',*,*,#6257,.T.);
#6257 = EDGE_CURVE('',#6258,#6260,#6262,.T.);
#6258 = VERTEX_POINT('',#6259);
#6259 = CARTESIAN_POINT('',(33.691,-10.414,-0.41148));
#6260 = VERTEX_POINT('',#6261);
#6261 = CARTESIAN_POINT('',(33.691,-10.414,0.E+000));
#6262 = LINE('',#6263,#6264);
#6263 = CARTESIAN_POINT('',(33.691,-10.414,-0.41148));
#6264 = VECTOR('',#6265,1.);
#6265 = DIRECTION('',(0.E+000,0.E+000,1.));
#6266 = ORIENTED_EDGE('',*,*,#6267,.T.);
#6267 = EDGE_CURVE('',#6260,#6260,#6268,.T.);
#6268 = CIRCLE('',#6269,0.55);
#6269 = AXIS2_PLACEMENT_3D('',#6270,#6271,#6272);
#6270 = CARTESIAN_POINT('',(33.141,-10.414,0.E+000));
#6271 = DIRECTION('',(0.E+000,0.E+000,1.));
#6272 = DIRECTION('',(1.,0.E+000,-0.E+000));
#6273 = ORIENTED_EDGE('',*,*,#6257,.F.);
#6274 = ORIENTED_EDGE('',*,*,#6275,.F.);
#6275 = EDGE_CURVE('',#6258,#6258,#6276,.T.);
#6276 = CIRCLE('',#6277,0.55);
#6277 = AXIS2_PLACEMENT_3D('',#6278,#6279,#6280);
#6278 = CARTESIAN_POINT('',(33.141,-10.414,-0.41148));
#6279 = DIRECTION('',(0.E+000,0.E+000,1.));
#6280 = DIRECTION('',(1.,0.E+000,-0.E+000));
#6281 = CYLINDRICAL_SURFACE('',#6282,0.55);
#6282 = AXIS2_PLACEMENT_3D('',#6283,#6284,#6285);
#6283 = CARTESIAN_POINT('',(33.141,-10.414,-0.41148));
#6284 = DIRECTION('',(-0.E+000,-0.E+000,-1.));
#6285 = DIRECTION('',(1.,0.E+000,-0.E+000));
#6286 = ADVANCED_FACE('',(#6287),#6314,.F.);
#6287 = FACE_BOUND('',#6288,.T.);
#6288 = EDGE_LOOP('',(#6289,#6299,#6306,#6307));
#6289 = ORIENTED_EDGE('',*,*,#6290,.T.);
#6290 = EDGE_CURVE('',#6291,#6293,#6295,.T.);
#6291 = VERTEX_POINT('',#6292);
#6292 = CARTESIAN_POINT('',(35.475,-16.002,-0.41148));
#6293 = VERTEX_POINT('',#6294);
#6294 = CARTESIAN_POINT('',(35.475,-16.002,0.E+000));
#6295 = LINE('',#6296,#6297);
#6296 = CARTESIAN_POINT('',(35.475,-16.002,-0.41148));
#6297 = VECTOR('',#6298,1.);
#6298 = DIRECTION('',(0.E+000,0.E+000,1.));
#6299 = ORIENTED_EDGE('',*,*,#6300,.T.);
#6300 = EDGE_CURVE('',#6293,#6293,#6301,.T.);
#6301 = CIRCLE('',#6302,0.55);
#6302 = AXIS2_PLACEMENT_3D('',#6303,#6304,#6305);
#6303 = CARTESIAN_POINT('',(34.925,-16.002,0.E+000));
#6304 = DIRECTION('',(0.E+000,0.E+000,1.));
#6305 = DIRECTION('',(1.,0.E+000,-0.E+000));
#6306 = ORIENTED_EDGE('',*,*,#6290,.F.);
#6307 = ORIENTED_EDGE('',*,*,#6308,.F.);
#6308 = EDGE_CURVE('',#6291,#6291,#6309,.T.);
#6309 = CIRCLE('',#6310,0.55);
#6310 = AXIS2_PLACEMENT_3D('',#6311,#6312,#6313);
#6311 = CARTESIAN_POINT('',(34.925,-16.002,-0.41148));
#6312 = DIRECTION('',(0.E+000,0.E+000,1.));
#6313 = DIRECTION('',(1.,0.E+000,-0.E+000));
#6314 = CYLINDRICAL_SURFACE('',#6315,0.55);
#6315 = AXIS2_PLACEMENT_3D('',#6316,#6317,#6318);
#6316 = CARTESIAN_POINT('',(34.925,-16.002,-0.41148));
#6317 = DIRECTION('',(-0.E+000,-0.E+000,-1.));
#6318 = DIRECTION('',(1.,0.E+000,-0.E+000));
#6319 = ADVANCED_FACE('',(#6320),#6347,.F.);
#6320 = FACE_BOUND('',#6321,.T.);
#6321 = EDGE_LOOP('',(#6322,#6332,#6339,#6340));
#6322 = ORIENTED_EDGE('',*,*,#6323,.T.);
#6323 = EDGE_CURVE('',#6324,#6326,#6328,.T.);
#6324 = VERTEX_POINT('',#6325);
#6325 = CARTESIAN_POINT('',(39.912,-10.414,-0.41148));
#6326 = VERTEX_POINT('',#6327);
#6327 = CARTESIAN_POINT('',(39.912,-10.414,0.E+000));
#6328 = LINE('',#6329,#6330);
#6329 = CARTESIAN_POINT('',(39.912,-10.414,-0.41148));
#6330 = VECTOR('',#6331,1.);
#6331 = DIRECTION('',(0.E+000,0.E+000,1.));
#6332 = ORIENTED_EDGE('',*,*,#6333,.T.);
#6333 = EDGE_CURVE('',#6326,#6326,#6334,.T.);
#6334 = CIRCLE('',#6335,0.55);
#6335 = AXIS2_PLACEMENT_3D('',#6336,#6337,#6338);
#6336 = CARTESIAN_POINT('',(39.362,-10.414,0.E+000));
#6337 = DIRECTION('',(0.E+000,0.E+000,1.));
#6338 = DIRECTION('',(1.,0.E+000,-0.E+000));
#6339 = ORIENTED_EDGE('',*,*,#6323,.F.);
#6340 = ORIENTED_EDGE('',*,*,#6341,.F.);
#6341 = EDGE_CURVE('',#6324,#6324,#6342,.T.);
#6342 = CIRCLE('',#6343,0.55);
#6343 = AXIS2_PLACEMENT_3D('',#6344,#6345,#6346);
#6344 = CARTESIAN_POINT('',(39.362,-10.414,-0.41148));
#6345 = DIRECTION('',(0.E+000,0.E+000,1.));
#6346 = DIRECTION('',(1.,0.E+000,-0.E+000));
#6347 = CYLINDRICAL_SURFACE('',#6348,0.55);
#6348 = AXIS2_PLACEMENT_3D('',#6349,#6350,#6351);
#6349 = CARTESIAN_POINT('',(39.362,-10.414,-0.41148));
#6350 = DIRECTION('',(-0.E+000,-0.E+000,-1.));
#6351 = DIRECTION('',(1.,0.E+000,-0.E+000));
#6352 = ADVANCED_FACE('',(#6353),#6380,.F.);
#6353 = FACE_BOUND('',#6354,.T.);
#6354 = EDGE_LOOP('',(#6355,#6365,#6372,#6373));
#6355 = ORIENTED_EDGE('',*,*,#6356,.T.);
#6356 = EDGE_CURVE('',#6357,#6359,#6361,.T.);
#6357 = VERTEX_POINT('',#6358);
#6358 = CARTESIAN_POINT('',(12.488,16.764,-0.41148));
#6359 = VERTEX_POINT('',#6360);
#6360 = CARTESIAN_POINT('',(12.488,16.764,0.E+000));
#6361 = LINE('',#6362,#6363);
#6362 = CARTESIAN_POINT('',(12.488,16.764,-0.41148));
#6363 = VECTOR('',#6364,1.);
#6364 = DIRECTION('',(0.E+000,0.E+000,1.));
#6365 = ORIENTED_EDGE('',*,*,#6366,.T.);
#6366 = EDGE_CURVE('',#6359,#6359,#6367,.T.);
#6367 = CIRCLE('',#6368,0.55);
#6368 = AXIS2_PLACEMENT_3D('',#6369,#6370,#6371);
#6369 = CARTESIAN_POINT('',(11.938,16.764,0.E+000));
#6370 = DIRECTION('',(0.E+000,0.E+000,1.));
#6371 = DIRECTION('',(1.,0.E+000,-0.E+000));
#6372 = ORIENTED_EDGE('',*,*,#6356,.F.);
#6373 = ORIENTED_EDGE('',*,*,#6374,.F.);
#6374 = EDGE_CURVE('',#6357,#6357,#6375,.T.);
#6375 = CIRCLE('',#6376,0.55);
#6376 = AXIS2_PLACEMENT_3D('',#6377,#6378,#6379);
#6377 = CARTESIAN_POINT('',(11.938,16.764,-0.41148));
#6378 = DIRECTION('',(0.E+000,0.E+000,1.));
#6379 = DIRECTION('',(1.,0.E+000,-0.E+000));
#6380 = CYLINDRICAL_SURFACE('',#6381,0.55);
#6381 = AXIS2_PLACEMENT_3D('',#6382,#6383,#6384);
#6382 = CARTESIAN_POINT('',(11.938,16.764,-0.41148));
#6383 = DIRECTION('',(-0.E+000,-0.E+000,-1.));
#6384 = DIRECTION('',(1.,0.E+000,-0.E+000));
#6385 = ADVANCED_FACE('',(#6386),#6413,.F.);
#6386 = FACE_BOUND('',#6387,.T.);
#6387 = EDGE_LOOP('',(#6388,#6398,#6405,#6406));
#6388 = ORIENTED_EDGE('',*,*,#6389,.T.);
#6389 = EDGE_CURVE('',#6390,#6392,#6394,.T.);
#6390 = VERTEX_POINT('',#6391);
#6391 = CARTESIAN_POINT('',(16.355,5.447,-0.41148));
#6392 = VERTEX_POINT('',#6393);
#6393 = CARTESIAN_POINT('',(16.355,5.447,0.E+000));
#6394 = LINE('',#6395,#6396);
#6395 = CARTESIAN_POINT('',(16.355,5.447,-0.41148));
#6396 = VECTOR('',#6397,1.);
#6397 = DIRECTION('',(0.E+000,0.E+000,1.));
#6398 = ORIENTED_EDGE('',*,*,#6399,.T.);
#6399 = EDGE_CURVE('',#6392,#6392,#6400,.T.);
#6400 = CIRCLE('',#6401,1.75);
#6401 = AXIS2_PLACEMENT_3D('',#6402,#6403,#6404);
#6402 = CARTESIAN_POINT('',(14.605,5.447,0.E+000));
#6403 = DIRECTION('',(0.E+000,0.E+000,1.));
#6404 = DIRECTION('',(1.,0.E+000,-0.E+000));
#6405 = ORIENTED_EDGE('',*,*,#6389,.F.);
#6406 = ORIENTED_EDGE('',*,*,#6407,.F.);
#6407 = EDGE_CURVE('',#6390,#6390,#6408,.T.);
#6408 = CIRCLE('',#6409,1.75);
#6409 = AXIS2_PLACEMENT_3D('',#6410,#6411,#6412);
#6410 = CARTESIAN_POINT('',(14.605,5.447,-0.41148));
#6411 = DIRECTION('',(0.E+000,0.E+000,1.));
#6412 = DIRECTION('',(1.,0.E+000,-0.E+000));
#6413 = CYLINDRICAL_SURFACE('',#6414,1.75);
#6414 = AXIS2_PLACEMENT_3D('',#6415,#6416,#6417);
#6415 = CARTESIAN_POINT('',(14.605,5.447,-0.41148));
#6416 = DIRECTION('',(-0.E+000,-0.E+000,-1.));
#6417 = DIRECTION('',(1.,0.E+000,-0.E+000));
#6418 = ADVANCED_FACE('',(#6419),#6446,.F.);
#6419 = FACE_BOUND('',#6420,.T.);
#6420 = EDGE_LOOP('',(#6421,#6431,#6438,#6439));
#6421 = ORIENTED_EDGE('',*,*,#6422,.T.);
#6422 = EDGE_CURVE('',#6423,#6425,#6427,.T.);
#6423 = VERTEX_POINT('',#6424);
#6424 = CARTESIAN_POINT('',(25.188,15.748,-0.41148));
#6425 = VERTEX_POINT('',#6426);
#6426 = CARTESIAN_POINT('',(25.188,15.748,0.E+000));
#6427 = LINE('',#6428,#6429);
#6428 = CARTESIAN_POINT('',(25.188,15.748,-0.41148));
#6429 = VECTOR('',#6430,1.);
#6430 = DIRECTION('',(0.E+000,0.E+000,1.));
#6431 = ORIENTED_EDGE('',*,*,#6432,.T.);
#6432 = EDGE_CURVE('',#6425,#6425,#6433,.T.);
#6433 = CIRCLE('',#6434,0.55);
#6434 = AXIS2_PLACEMENT_3D('',#6435,#6436,#6437);
#6435 = CARTESIAN_POINT('',(24.638,15.748,0.E+000));
#6436 = DIRECTION('',(0.E+000,0.E+000,1.));
#6437 = DIRECTION('',(1.,0.E+000,-0.E+000));
#6438 = ORIENTED_EDGE('',*,*,#6422,.F.);
#6439 = ORIENTED_EDGE('',*,*,#6440,.F.);
#6440 = EDGE_CURVE('',#6423,#6423,#6441,.T.);
#6441 = CIRCLE('',#6442,0.55);
#6442 = AXIS2_PLACEMENT_3D('',#6443,#6444,#6445);
#6443 = CARTESIAN_POINT('',(24.638,15.748,-0.41148));
#6444 = DIRECTION('',(0.E+000,0.E+000,1.));
#6445 = DIRECTION('',(1.,0.E+000,-0.E+000));
#6446 = CYLINDRICAL_SURFACE('',#6447,0.55);
#6447 = AXIS2_PLACEMENT_3D('',#6448,#6449,#6450);
#6448 = CARTESIAN_POINT('',(24.638,15.748,-0.41148));
#6449 = DIRECTION('',(-0.E+000,-0.E+000,-1.));
#6450 = DIRECTION('',(1.,0.E+000,-0.E+000));
#6451 = ADVANCED_FACE('',(#6452),#6479,.F.);
#6452 = FACE_BOUND('',#6453,.T.);
#6453 = EDGE_LOOP('',(#6454,#6464,#6471,#6472));
#6454 = ORIENTED_EDGE('',*,*,#6455,.T.);
#6455 = EDGE_CURVE('',#6456,#6458,#6460,.T.);
#6456 = VERTEX_POINT('',#6457);
#6457 = CARTESIAN_POINT('',(9.839,16.764,-0.41148));
#6458 = VERTEX_POINT('',#6459);
#6459 = CARTESIAN_POINT('',(9.839,16.764,0.E+000));
#6460 = LINE('',#6461,#6462);
#6461 = CARTESIAN_POINT('',(9.839,16.764,-0.41148));
#6462 = VECTOR('',#6463,1.);
#6463 = DIRECTION('',(0.E+000,0.E+000,1.));
#6464 = ORIENTED_EDGE('',*,*,#6465,.T.);
#6465 = EDGE_CURVE('',#6458,#6458,#6466,.T.);
#6466 = CIRCLE('',#6467,0.55);
#6467 = AXIS2_PLACEMENT_3D('',#6468,#6469,#6470);
#6468 = CARTESIAN_POINT('',(9.289,16.764,0.E+000));
#6469 = DIRECTION('',(0.E+000,0.E+000,1.));
#6470 = DIRECTION('',(1.,0.E+000,-0.E+000));
#6471 = ORIENTED_EDGE('',*,*,#6455,.F.);
#6472 = ORIENTED_EDGE('',*,*,#6473,.F.);
#6473 = EDGE_CURVE('',#6456,#6456,#6474,.T.);
#6474 = CIRCLE('',#6475,0.55);
#6475 = AXIS2_PLACEMENT_3D('',#6476,#6477,#6478);
#6476 = CARTESIAN_POINT('',(9.289,16.764,-0.41148));
#6477 = DIRECTION('',(0.E+000,0.E+000,1.));
#6478 = DIRECTION('',(1.,0.E+000,-0.E+000));
#6479 = CYLINDRICAL_SURFACE('',#6480,0.55);
#6480 = AXIS2_PLACEMENT_3D('',#6481,#6482,#6483);
#6481 = CARTESIAN_POINT('',(9.289,16.764,-0.41148));
#6482 = DIRECTION('',(-0.E+000,-0.E+000,-1.));
#6483 = DIRECTION('',(1.,0.E+000,-0.E+000));
#6484 = ADVANCED_FACE('',(#6485),#6512,.F.);
#6485 = FACE_BOUND('',#6486,.T.);
#6486 = EDGE_LOOP('',(#6487,#6497,#6504,#6505));
#6487 = ORIENTED_EDGE('',*,*,#6488,.T.);
#6488 = EDGE_CURVE('',#6489,#6491,#6493,.T.);
#6489 = VERTEX_POINT('',#6490);
#6490 = CARTESIAN_POINT('',(17.786,16.764,-0.41148));
#6491 = VERTEX_POINT('',#6492);
#6492 = CARTESIAN_POINT('',(17.786,16.764,0.E+000));
#6493 = LINE('',#6494,#6495);
#6494 = CARTESIAN_POINT('',(17.786,16.764,-0.41148));
#6495 = VECTOR('',#6496,1.);
#6496 = DIRECTION('',(0.E+000,0.E+000,1.));
#6497 = ORIENTED_EDGE('',*,*,#6498,.T.);
#6498 = EDGE_CURVE('',#6491,#6491,#6499,.T.);
#6499 = CIRCLE('',#6500,0.55);
#6500 = AXIS2_PLACEMENT_3D('',#6501,#6502,#6503);
#6501 = CARTESIAN_POINT('',(17.236,16.764,0.E+000));
#6502 = DIRECTION('',(0.E+000,0.E+000,1.));
#6503 = DIRECTION('',(1.,0.E+000,-0.E+000));
#6504 = ORIENTED_EDGE('',*,*,#6488,.F.);
#6505 = ORIENTED_EDGE('',*,*,#6506,.F.);
#6506 = EDGE_CURVE('',#6489,#6489,#6507,.T.);
#6507 = CIRCLE('',#6508,0.55);
#6508 = AXIS2_PLACEMENT_3D('',#6509,#6510,#6511);
#6509 = CARTESIAN_POINT('',(17.236,16.764,-0.41148));
#6510 = DIRECTION('',(0.E+000,0.E+000,1.));
#6511 = DIRECTION('',(1.,0.E+000,-0.E+000));
#6512 = CYLINDRICAL_SURFACE('',#6513,0.55);
#6513 = AXIS2_PLACEMENT_3D('',#6514,#6515,#6516);
#6514 = CARTESIAN_POINT('',(17.236,16.764,-0.41148));
#6515 = DIRECTION('',(-0.E+000,-0.E+000,-1.));
#6516 = DIRECTION('',(1.,0.E+000,-0.E+000));
#6517 = ADVANCED_FACE('',(#6518),#6545,.F.);
#6518 = FACE_BOUND('',#6519,.T.);
#6519 = EDGE_LOOP('',(#6520,#6530,#6537,#6538));
#6520 = ORIENTED_EDGE('',*,*,#6521,.T.);
#6521 = EDGE_CURVE('',#6522,#6524,#6526,.T.);
#6522 = VERTEX_POINT('',#6523);
#6523 = CARTESIAN_POINT('',(15.137,16.764,-0.41148));
#6524 = VERTEX_POINT('',#6525);
#6525 = CARTESIAN_POINT('',(15.137,16.764,0.E+000));
#6526 = LINE('',#6527,#6528);
#6527 = CARTESIAN_POINT('',(15.137,16.764,-0.41148));
#6528 = VECTOR('',#6529,1.);
#6529 = DIRECTION('',(0.E+000,0.E+000,1.));
#6530 = ORIENTED_EDGE('',*,*,#6531,.T.);
#6531 = EDGE_CURVE('',#6524,#6524,#6532,.T.);
#6532 = CIRCLE('',#6533,0.55);
#6533 = AXIS2_PLACEMENT_3D('',#6534,#6535,#6536);
#6534 = CARTESIAN_POINT('',(14.587,16.764,0.E+000));
#6535 = DIRECTION('',(0.E+000,0.E+000,1.));
#6536 = DIRECTION('',(1.,0.E+000,-0.E+000));
#6537 = ORIENTED_EDGE('',*,*,#6521,.F.);
#6538 = ORIENTED_EDGE('',*,*,#6539,.F.);
#6539 = EDGE_CURVE('',#6522,#6522,#6540,.T.);
#6540 = CIRCLE('',#6541,0.55);
#6541 = AXIS2_PLACEMENT_3D('',#6542,#6543,#6544);
#6542 = CARTESIAN_POINT('',(14.587,16.764,-0.41148));
#6543 = DIRECTION('',(0.E+000,0.E+000,1.));
#6544 = DIRECTION('',(1.,0.E+000,-0.E+000));
#6545 = CYLINDRICAL_SURFACE('',#6546,0.55);
#6546 = AXIS2_PLACEMENT_3D('',#6547,#6548,#6549);
#6547 = CARTESIAN_POINT('',(14.587,16.764,-0.41148));
#6548 = DIRECTION('',(-0.E+000,-0.E+000,-1.));
#6549 = DIRECTION('',(1.,0.E+000,-0.E+000));
#6550 = ADVANCED_FACE('',(#6551),#6578,.F.);
#6551 = FACE_BOUND('',#6552,.T.);
#6552 = EDGE_LOOP('',(#6553,#6563,#6570,#6571));
#6553 = ORIENTED_EDGE('',*,*,#6554,.T.);
#6554 = EDGE_CURVE('',#6555,#6557,#6559,.T.);
#6555 = VERTEX_POINT('',#6556);
#6556 = CARTESIAN_POINT('',(27.471,-5.334,-0.41148));
#6557 = VERTEX_POINT('',#6558);
#6558 = CARTESIAN_POINT('',(27.471,-5.334,0.E+000));
#6559 = LINE('',#6560,#6561);
#6560 = CARTESIAN_POINT('',(27.471,-5.334,-0.41148));
#6561 = VECTOR('',#6562,1.);
#6562 = DIRECTION('',(0.E+000,0.E+000,1.));
#6563 = ORIENTED_EDGE('',*,*,#6564,.T.);
#6564 = EDGE_CURVE('',#6557,#6557,#6565,.T.);
#6565 = CIRCLE('',#6566,0.55);
#6566 = AXIS2_PLACEMENT_3D('',#6567,#6568,#6569);
#6567 = CARTESIAN_POINT('',(26.921,-5.334,0.E+000));
#6568 = DIRECTION('',(0.E+000,0.E+000,1.));
#6569 = DIRECTION('',(1.,0.E+000,-0.E+000));
#6570 = ORIENTED_EDGE('',*,*,#6554,.F.);
#6571 = ORIENTED_EDGE('',*,*,#6572,.F.);
#6572 = EDGE_CURVE('',#6555,#6555,#6573,.T.);
#6573 = CIRCLE('',#6574,0.55);
#6574 = AXIS2_PLACEMENT_3D('',#6575,#6576,#6577);
#6575 = CARTESIAN_POINT('',(26.921,-5.334,-0.41148));
#6576 = DIRECTION('',(0.E+000,0.E+000,1.));
#6577 = DIRECTION('',(1.,0.E+000,-0.E+000));
#6578 = CYLINDRICAL_SURFACE('',#6579,0.55);
#6579 = AXIS2_PLACEMENT_3D('',#6580,#6581,#6582);
#6580 = CARTESIAN_POINT('',(26.921,-5.334,-0.41148));
#6581 = DIRECTION('',(-0.E+000,-0.E+000,-1.));
#6582 = DIRECTION('',(1.,0.E+000,-0.E+000));
#6583 = ADVANCED_FACE('',(#6584),#6611,.F.);
#6584 = FACE_BOUND('',#6585,.T.);
#6585 = EDGE_LOOP('',(#6586,#6596,#6603,#6604));
#6586 = ORIENTED_EDGE('',*,*,#6587,.T.);
#6587 = EDGE_CURVE('',#6588,#6590,#6592,.T.);
#6588 = VERTEX_POINT('',#6589);
#6589 = CARTESIAN_POINT('',(39.912,-7.874,-0.41148));
#6590 = VERTEX_POINT('',#6591);
#6591 = CARTESIAN_POINT('',(39.912,-7.874,0.E+000));
#6592 = LINE('',#6593,#6594);
#6593 = CARTESIAN_POINT('',(39.912,-7.874,-0.41148));
#6594 = VECTOR('',#6595,1.);
#6595 = DIRECTION('',(0.E+000,0.E+000,1.));
#6596 = ORIENTED_EDGE('',*,*,#6597,.T.);
#6597 = EDGE_CURVE('',#6590,#6590,#6598,.T.);
#6598 = CIRCLE('',#6599,0.55);
#6599 = AXIS2_PLACEMENT_3D('',#6600,#6601,#6602);
#6600 = CARTESIAN_POINT('',(39.362,-7.874,0.E+000));
#6601 = DIRECTION('',(0.E+000,0.E+000,1.));
#6602 = DIRECTION('',(1.,0.E+000,-0.E+000));
#6603 = ORIENTED_EDGE('',*,*,#6587,.F.);
#6604 = ORIENTED_EDGE('',*,*,#6605,.F.);
#6605 = EDGE_CURVE('',#6588,#6588,#6606,.T.);
#6606 = CIRCLE('',#6607,0.55);
#6607 = AXIS2_PLACEMENT_3D('',#6608,#6609,#6610);
#6608 = CARTESIAN_POINT('',(39.362,-7.874,-0.41148));
#6609 = DIRECTION('',(0.E+000,0.E+000,1.));
#6610 = DIRECTION('',(1.,0.E+000,-0.E+000));
#6611 = CYLINDRICAL_SURFACE('',#6612,0.55);
#6612 = AXIS2_PLACEMENT_3D('',#6613,#6614,#6615);
#6613 = CARTESIAN_POINT('',(39.362,-7.874,-0.41148));
#6614 = DIRECTION('',(-0.E+000,-0.E+000,-1.));
#6615 = DIRECTION('',(1.,0.E+000,-0.E+000));
#6616 = ADVANCED_FACE('',(#6617),#6644,.F.);
#6617 = FACE_BOUND('',#6618,.T.);
#6618 = EDGE_LOOP('',(#6619,#6629,#6636,#6637));
#6619 = ORIENTED_EDGE('',*,*,#6620,.T.);
#6620 = EDGE_CURVE('',#6621,#6623,#6625,.T.);
#6621 = VERTEX_POINT('',#6622);
#6622 = CARTESIAN_POINT('',(33.691,-7.874,-0.41148));
#6623 = VERTEX_POINT('',#6624);
#6624 = CARTESIAN_POINT('',(33.691,-7.874,0.E+000));
#6625 = LINE('',#6626,#6627);
#6626 = CARTESIAN_POINT('',(33.691,-7.874,-0.41148));
#6627 = VECTOR('',#6628,1.);
#6628 = DIRECTION('',(0.E+000,0.E+000,1.));
#6629 = ORIENTED_EDGE('',*,*,#6630,.T.);
#6630 = EDGE_CURVE('',#6623,#6623,#6631,.T.);
#6631 = CIRCLE('',#6632,0.55);
#6632 = AXIS2_PLACEMENT_3D('',#6633,#6634,#6635);
#6633 = CARTESIAN_POINT('',(33.141,-7.874,0.E+000));
#6634 = DIRECTION('',(0.E+000,0.E+000,1.));
#6635 = DIRECTION('',(1.,0.E+000,-0.E+000));
#6636 = ORIENTED_EDGE('',*,*,#6620,.F.);
#6637 = ORIENTED_EDGE('',*,*,#6638,.F.);
#6638 = EDGE_CURVE('',#6621,#6621,#6639,.T.);
#6639 = CIRCLE('',#6640,0.55);
#6640 = AXIS2_PLACEMENT_3D('',#6641,#6642,#6643);
#6641 = CARTESIAN_POINT('',(33.141,-7.874,-0.41148));
#6642 = DIRECTION('',(0.E+000,0.E+000,1.));
#6643 = DIRECTION('',(1.,0.E+000,-0.E+000));
#6644 = CYLINDRICAL_SURFACE('',#6645,0.55);
#6645 = AXIS2_PLACEMENT_3D('',#6646,#6647,#6648);
#6646 = CARTESIAN_POINT('',(33.141,-7.874,-0.41148));
#6647 = DIRECTION('',(-0.E+000,-0.E+000,-1.));
#6648 = DIRECTION('',(1.,0.E+000,-0.E+000));
#6649 = ADVANCED_FACE('',(#6650),#6677,.F.);
#6650 = FACE_BOUND('',#6651,.T.);
#6651 = EDGE_LOOP('',(#6652,#6662,#6669,#6670));
#6652 = ORIENTED_EDGE('',*,*,#6653,.T.);
#6653 = EDGE_CURVE('',#6654,#6656,#6658,.T.);
#6654 = VERTEX_POINT('',#6655);
#6655 = CARTESIAN_POINT('',(33.691,-5.334,-0.41148));
#6656 = VERTEX_POINT('',#6657);
#6657 = CARTESIAN_POINT('',(33.691,-5.334,0.E+000));
#6658 = LINE('',#6659,#6660);
#6659 = CARTESIAN_POINT('',(33.691,-5.334,-0.41148));
#6660 = VECTOR('',#6661,1.);
#6661 = DIRECTION('',(0.E+000,0.E+000,1.));
#6662 = ORIENTED_EDGE('',*,*,#6663,.T.);
#6663 = EDGE_CURVE('',#6656,#6656,#6664,.T.);
#6664 = CIRCLE('',#6665,0.55);
#6665 = AXIS2_PLACEMENT_3D('',#6666,#6667,#6668);
#6666 = CARTESIAN_POINT('',(33.141,-5.334,0.E+000));
#6667 = DIRECTION('',(0.E+000,0.E+000,1.));
#6668 = DIRECTION('',(1.,0.E+000,-0.E+000));
#6669 = ORIENTED_EDGE('',*,*,#6653,.F.);
#6670 = ORIENTED_EDGE('',*,*,#6671,.F.);
#6671 = EDGE_CURVE('',#6654,#6654,#6672,.T.);
#6672 = CIRCLE('',#6673,0.55);
#6673 = AXIS2_PLACEMENT_3D('',#6674,#6675,#6676);
#6674 = CARTESIAN_POINT('',(33.141,-5.334,-0.41148));
#6675 = DIRECTION('',(0.E+000,0.E+000,1.));
#6676 = DIRECTION('',(1.,0.E+000,-0.E+000));
#6677 = CYLINDRICAL_SURFACE('',#6678,0.55);
#6678 = AXIS2_PLACEMENT_3D('',#6679,#6680,#6681);
#6679 = CARTESIAN_POINT('',(33.141,-5.334,-0.41148));
#6680 = DIRECTION('',(-0.E+000,-0.E+000,-1.));
#6681 = DIRECTION('',(1.,0.E+000,-0.E+000));
#6682 = ADVANCED_FACE('',(#6683),#6710,.F.);
#6683 = FACE_BOUND('',#6684,.T.);
#6684 = EDGE_LOOP('',(#6685,#6695,#6702,#6703));
#6685 = ORIENTED_EDGE('',*,*,#6686,.T.);
#6686 = EDGE_CURVE('',#6687,#6689,#6691,.T.);
#6687 = VERTEX_POINT('',#6688);
#6688 = CARTESIAN_POINT('',(27.728,15.748,-0.41148));
#6689 = VERTEX_POINT('',#6690);
#6690 = CARTESIAN_POINT('',(27.728,15.748,0.E+000));
#6691 = LINE('',#6692,#6693);
#6692 = CARTESIAN_POINT('',(27.728,15.748,-0.41148));
#6693 = VECTOR('',#6694,1.);
#6694 = DIRECTION('',(0.E+000,0.E+000,1.));
#6695 = ORIENTED_EDGE('',*,*,#6696,.T.);
#6696 = EDGE_CURVE('',#6689,#6689,#6697,.T.);
#6697 = CIRCLE('',#6698,0.55);
#6698 = AXIS2_PLACEMENT_3D('',#6699,#6700,#6701);
#6699 = CARTESIAN_POINT('',(27.178,15.748,0.E+000));
#6700 = DIRECTION('',(0.E+000,0.E+000,1.));
#6701 = DIRECTION('',(1.,0.E+000,-0.E+000));
#6702 = ORIENTED_EDGE('',*,*,#6686,.F.);
#6703 = ORIENTED_EDGE('',*,*,#6704,.F.);
#6704 = EDGE_CURVE('',#6687,#6687,#6705,.T.);
#6705 = CIRCLE('',#6706,0.55);
#6706 = AXIS2_PLACEMENT_3D('',#6707,#6708,#6709);
#6707 = CARTESIAN_POINT('',(27.178,15.748,-0.41148));
#6708 = DIRECTION('',(0.E+000,0.E+000,1.));
#6709 = DIRECTION('',(1.,0.E+000,-0.E+000));
#6710 = CYLINDRICAL_SURFACE('',#6711,0.55);
#6711 = AXIS2_PLACEMENT_3D('',#6712,#6713,#6714);
#6712 = CARTESIAN_POINT('',(27.178,15.748,-0.41148));
#6713 = DIRECTION('',(-0.E+000,-0.E+000,-1.));
#6714 = DIRECTION('',(1.,0.E+000,-0.E+000));
#6715 = ADVANCED_FACE('',(#6716),#6743,.F.);
#6716 = FACE_BOUND('',#6717,.T.);
#6717 = EDGE_LOOP('',(#6718,#6728,#6735,#6736));
#6718 = ORIENTED_EDGE('',*,*,#6719,.T.);
#6719 = EDGE_CURVE('',#6720,#6722,#6724,.T.);
#6720 = VERTEX_POINT('',#6721);
#6721 = CARTESIAN_POINT('',(39.912,-5.334,-0.41148));
#6722 = VERTEX_POINT('',#6723);
#6723 = CARTESIAN_POINT('',(39.912,-5.334,0.E+000));
#6724 = LINE('',#6725,#6726);
#6725 = CARTESIAN_POINT('',(39.912,-5.334,-0.41148));
#6726 = VECTOR('',#6727,1.);
#6727 = DIRECTION('',(0.E+000,0.E+000,1.));
#6728 = ORIENTED_EDGE('',*,*,#6729,.T.);
#6729 = EDGE_CURVE('',#6722,#6722,#6730,.T.);
#6730 = CIRCLE('',#6731,0.55);
#6731 = AXIS2_PLACEMENT_3D('',#6732,#6733,#6734);
#6732 = CARTESIAN_POINT('',(39.362,-5.334,0.E+000));
#6733 = DIRECTION('',(0.E+000,0.E+000,1.));
#6734 = DIRECTION('',(1.,0.E+000,-0.E+000));
#6735 = ORIENTED_EDGE('',*,*,#6719,.F.);
#6736 = ORIENTED_EDGE('',*,*,#6737,.F.);
#6737 = EDGE_CURVE('',#6720,#6720,#6738,.T.);
#6738 = CIRCLE('',#6739,0.55);
#6739 = AXIS2_PLACEMENT_3D('',#6740,#6741,#6742);
#6740 = CARTESIAN_POINT('',(39.362,-5.334,-0.41148));
#6741 = DIRECTION('',(0.E+000,0.E+000,1.));
#6742 = DIRECTION('',(1.,0.E+000,-0.E+000));
#6743 = CYLINDRICAL_SURFACE('',#6744,0.55);
#6744 = AXIS2_PLACEMENT_3D('',#6745,#6746,#6747);
#6745 = CARTESIAN_POINT('',(39.362,-5.334,-0.41148));
#6746 = DIRECTION('',(-0.E+000,-0.E+000,-1.));
#6747 = DIRECTION('',(1.,0.E+000,-0.E+000));
#6748 = ADVANCED_FACE('',(#6749),#6776,.F.);
#6749 = FACE_BOUND('',#6750,.T.);
#6750 = EDGE_LOOP('',(#6751,#6761,#6768,#6769));
#6751 = ORIENTED_EDGE('',*,*,#6752,.T.);
#6752 = EDGE_CURVE('',#6753,#6755,#6757,.T.);
#6753 = VERTEX_POINT('',#6754);
#6754 = CARTESIAN_POINT('',(39.031,15.748,-0.41148));
#6755 = VERTEX_POINT('',#6756);
#6756 = CARTESIAN_POINT('',(39.031,15.748,0.E+000));
#6757 = LINE('',#6758,#6759);
#6758 = CARTESIAN_POINT('',(39.031,15.748,-0.41148));
#6759 = VECTOR('',#6760,1.);
#6760 = DIRECTION('',(0.E+000,0.E+000,1.));
#6761 = ORIENTED_EDGE('',*,*,#6762,.T.);
#6762 = EDGE_CURVE('',#6755,#6755,#6763,.T.);
#6763 = CIRCLE('',#6764,0.55);
#6764 = AXIS2_PLACEMENT_3D('',#6765,#6766,#6767);
#6765 = CARTESIAN_POINT('',(38.481,15.748,0.E+000));
#6766 = DIRECTION('',(0.E+000,0.E+000,1.));
#6767 = DIRECTION('',(1.,0.E+000,-0.E+000));
#6768 = ORIENTED_EDGE('',*,*,#6752,.F.);
#6769 = ORIENTED_EDGE('',*,*,#6770,.F.);
#6770 = EDGE_CURVE('',#6753,#6753,#6771,.T.);
#6771 = CIRCLE('',#6772,0.55);
#6772 = AXIS2_PLACEMENT_3D('',#6773,#6774,#6775);
#6773 = CARTESIAN_POINT('',(38.481,15.748,-0.41148));
#6774 = DIRECTION('',(0.E+000,0.E+000,1.));
#6775 = DIRECTION('',(1.,0.E+000,-0.E+000));
#6776 = CYLINDRICAL_SURFACE('',#6777,0.55);
#6777 = AXIS2_PLACEMENT_3D('',#6778,#6779,#6780);
#6778 = CARTESIAN_POINT('',(38.481,15.748,-0.41148));
#6779 = DIRECTION('',(-0.E+000,-0.E+000,-1.));
#6780 = DIRECTION('',(1.,0.E+000,-0.E+000));
#6781 = ADVANCED_FACE('',(#6782),#6809,.F.);
#6782 = FACE_BOUND('',#6783,.T.);
#6783 = EDGE_LOOP('',(#6784,#6794,#6801,#6802));
#6784 = ORIENTED_EDGE('',*,*,#6785,.T.);
#6785 = EDGE_CURVE('',#6786,#6788,#6790,.T.);
#6786 = VERTEX_POINT('',#6787);
#6787 = CARTESIAN_POINT('',(41.698,-18.542,-0.41148));
#6788 = VERTEX_POINT('',#6789);
#6789 = CARTESIAN_POINT('',(41.698,-18.542,0.E+000));
#6790 = LINE('',#6791,#6792);
#6791 = CARTESIAN_POINT('',(41.698,-18.542,-0.41148));
#6792 = VECTOR('',#6793,1.);
#6793 = DIRECTION('',(0.E+000,0.E+000,1.));
#6794 = ORIENTED_EDGE('',*,*,#6795,.T.);
#6795 = EDGE_CURVE('',#6788,#6788,#6796,.T.);
#6796 = CIRCLE('',#6797,0.55);
#6797 = AXIS2_PLACEMENT_3D('',#6798,#6799,#6800);
#6798 = CARTESIAN_POINT('',(41.148,-18.542,0.E+000));
#6799 = DIRECTION('',(0.E+000,0.E+000,1.));
#6800 = DIRECTION('',(1.,0.E+000,-0.E+000));
#6801 = ORIENTED_EDGE('',*,*,#6785,.F.);
#6802 = ORIENTED_EDGE('',*,*,#6803,.F.);
#6803 = EDGE_CURVE('',#6786,#6786,#6804,.T.);
#6804 = CIRCLE('',#6805,0.55);
#6805 = AXIS2_PLACEMENT_3D('',#6806,#6807,#6808);
#6806 = CARTESIAN_POINT('',(41.148,-18.542,-0.41148));
#6807 = DIRECTION('',(0.E+000,0.E+000,1.));
#6808 = DIRECTION('',(1.,0.E+000,-0.E+000));
#6809 = CYLINDRICAL_SURFACE('',#6810,0.55);
#6810 = AXIS2_PLACEMENT_3D('',#6811,#6812,#6813);
#6811 = CARTESIAN_POINT('',(41.148,-18.542,-0.41148));
#6812 = DIRECTION('',(-0.E+000,-0.E+000,-1.));
#6813 = DIRECTION('',(1.,0.E+000,-0.E+000));
#6814 = ADVANCED_FACE('',(#6815),#6842,.F.);
#6815 = FACE_BOUND('',#6816,.T.);
#6816 = EDGE_LOOP('',(#6817,#6827,#6834,#6835));
#6817 = ORIENTED_EDGE('',*,*,#6818,.T.);
#6818 = EDGE_CURVE('',#6819,#6821,#6823,.T.);
#6819 = VERTEX_POINT('',#6820);
#6820 = CARTESIAN_POINT('',(48.599,-16.397,-0.41148));
#6821 = VERTEX_POINT('',#6822);
#6822 = CARTESIAN_POINT('',(48.599,-16.397,0.E+000));
#6823 = LINE('',#6824,#6825);
#6824 = CARTESIAN_POINT('',(48.599,-16.397,-0.41148));
#6825 = VECTOR('',#6826,1.);
#6826 = DIRECTION('',(0.E+000,0.E+000,1.));
#6827 = ORIENTED_EDGE('',*,*,#6828,.T.);
#6828 = EDGE_CURVE('',#6821,#6821,#6829,.T.);
#6829 = CIRCLE('',#6830,0.25);
#6830 = AXIS2_PLACEMENT_3D('',#6831,#6832,#6833);
#6831 = CARTESIAN_POINT('',(48.349,-16.397,0.E+000));
#6832 = DIRECTION('',(0.E+000,0.E+000,1.));
#6833 = DIRECTION('',(1.,0.E+000,-0.E+000));
#6834 = ORIENTED_EDGE('',*,*,#6818,.F.);
#6835 = ORIENTED_EDGE('',*,*,#6836,.F.);
#6836 = EDGE_CURVE('',#6819,#6819,#6837,.T.);
#6837 = CIRCLE('',#6838,0.25);
#6838 = AXIS2_PLACEMENT_3D('',#6839,#6840,#6841);
#6839 = CARTESIAN_POINT('',(48.349,-16.397,-0.41148));
#6840 = DIRECTION('',(0.E+000,0.E+000,1.));
#6841 = DIRECTION('',(1.,0.E+000,-0.E+000));
#6842 = CYLINDRICAL_SURFACE('',#6843,0.25);
#6843 = AXIS2_PLACEMENT_3D('',#6844,#6845,#6846);
#6844 = CARTESIAN_POINT('',(48.349,-16.397,-0.41148));
#6845 = DIRECTION('',(-0.E+000,-0.E+000,-1.));
#6846 = DIRECTION('',(1.,0.E+000,-0.E+000));
#6847 = ADVANCED_FACE('',(#6848),#6875,.F.);
#6848 = FACE_BOUND('',#6849,.T.);
#6849 = EDGE_LOOP('',(#6850,#6860,#6867,#6868));
#6850 = ORIENTED_EDGE('',*,*,#6851,.T.);
#6851 = EDGE_CURVE('',#6852,#6854,#6856,.T.);
#6852 = VERTEX_POINT('',#6853);
#6853 = CARTESIAN_POINT('',(51.75,-15.,-0.41148));
#6854 = VERTEX_POINT('',#6855);
#6855 = CARTESIAN_POINT('',(51.75,-15.,0.E+000));
#6856 = LINE('',#6857,#6858);
#6857 = CARTESIAN_POINT('',(51.75,-15.,-0.41148));
#6858 = VECTOR('',#6859,1.);
#6859 = DIRECTION('',(0.E+000,0.E+000,1.));
#6860 = ORIENTED_EDGE('',*,*,#6861,.T.);
#6861 = EDGE_CURVE('',#6854,#6854,#6862,.T.);
#6862 = CIRCLE('',#6863,1.75);
#6863 = AXIS2_PLACEMENT_3D('',#6864,#6865,#6866);
#6864 = CARTESIAN_POINT('',(50.,-15.,0.E+000));
#6865 = DIRECTION('',(0.E+000,0.E+000,1.));
#6866 = DIRECTION('',(1.,0.E+000,-0.E+000));
#6867 = ORIENTED_EDGE('',*,*,#6851,.F.);
#6868 = ORIENTED_EDGE('',*,*,#6869,.F.);
#6869 = EDGE_CURVE('',#6852,#6852,#6870,.T.);
#6870 = CIRCLE('',#6871,1.75);
#6871 = AXIS2_PLACEMENT_3D('',#6872,#6873,#6874);
#6872 = CARTESIAN_POINT('',(50.,-15.,-0.41148));
#6873 = DIRECTION('',(0.E+000,0.E+000,1.));
#6874 = DIRECTION('',(1.,0.E+000,-0.E+000));
#6875 = CYLINDRICAL_SURFACE('',#6876,1.75);
#6876 = AXIS2_PLACEMENT_3D('',#6877,#6878,#6879);
#6877 = CARTESIAN_POINT('',(50.,-15.,-0.41148));
#6878 = DIRECTION('',(-0.E+000,-0.E+000,-1.));
#6879 = DIRECTION('',(1.,0.E+000,-0.E+000));
#6880 = ADVANCED_FACE('',(#6881),#6908,.F.);
#6881 = FACE_BOUND('',#6882,.T.);
#6882 = EDGE_LOOP('',(#6883,#6893,#6900,#6901));
#6883 = ORIENTED_EDGE('',*,*,#6884,.T.);
#6884 = EDGE_CURVE('',#6885,#6887,#6889,.T.);
#6885 = VERTEX_POINT('',#6886);
#6886 = CARTESIAN_POINT('',(41.698,-16.002,-0.41148));
#6887 = VERTEX_POINT('',#6888);
#6888 = CARTESIAN_POINT('',(41.698,-16.002,0.E+000));
#6889 = LINE('',#6890,#6891);
#6890 = CARTESIAN_POINT('',(41.698,-16.002,-0.41148));
#6891 = VECTOR('',#6892,1.);
#6892 = DIRECTION('',(0.E+000,0.E+000,1.));
#6893 = ORIENTED_EDGE('',*,*,#6894,.T.);
#6894 = EDGE_CURVE('',#6887,#6887,#6895,.T.);
#6895 = CIRCLE('',#6896,0.55);
#6896 = AXIS2_PLACEMENT_3D('',#6897,#6898,#6899);
#6897 = CARTESIAN_POINT('',(41.148,-16.002,0.E+000));
#6898 = DIRECTION('',(0.E+000,0.E+000,1.));
#6899 = DIRECTION('',(1.,0.E+000,-0.E+000));
#6900 = ORIENTED_EDGE('',*,*,#6884,.F.);
#6901 = ORIENTED_EDGE('',*,*,#6902,.F.);
#6902 = EDGE_CURVE('',#6885,#6885,#6903,.T.);
#6903 = CIRCLE('',#6904,0.55);
#6904 = AXIS2_PLACEMENT_3D('',#6905,#6906,#6907);
#6905 = CARTESIAN_POINT('',(41.148,-16.002,-0.41148));
#6906 = DIRECTION('',(0.E+000,0.E+000,1.));
#6907 = DIRECTION('',(1.,0.E+000,-0.E+000));
#6908 = CYLINDRICAL_SURFACE('',#6909,0.55);
#6909 = AXIS2_PLACEMENT_3D('',#6910,#6911,#6912);
#6910 = CARTESIAN_POINT('',(41.148,-16.002,-0.41148));
#6911 = DIRECTION('',(-0.E+000,-0.E+000,-1.));
#6912 = DIRECTION('',(1.,0.E+000,-0.E+000));
#6913 = ADVANCED_FACE('',(#6914),#6941,.F.);
#6914 = FACE_BOUND('',#6915,.T.);
#6915 = EDGE_LOOP('',(#6916,#6926,#6933,#6934));
#6916 = ORIENTED_EDGE('',*,*,#6917,.T.);
#6917 = EDGE_CURVE('',#6918,#6920,#6922,.T.);
#6918 = VERTEX_POINT('',#6919);
#6919 = CARTESIAN_POINT('',(48.091,-15.,-0.41148));
#6920 = VERTEX_POINT('',#6921);
#6921 = CARTESIAN_POINT('',(48.091,-15.,0.E+000));
#6922 = LINE('',#6923,#6924);
#6923 = CARTESIAN_POINT('',(48.091,-15.,-0.41148));
#6924 = VECTOR('',#6925,1.);
#6925 = DIRECTION('',(0.E+000,0.E+000,1.));
#6926 = ORIENTED_EDGE('',*,*,#6927,.T.);
#6927 = EDGE_CURVE('',#6920,#6920,#6928,.T.);
#6928 = CIRCLE('',#6929,0.25);
#6929 = AXIS2_PLACEMENT_3D('',#6930,#6931,#6932);
#6930 = CARTESIAN_POINT('',(47.841,-15.,0.E+000));
#6931 = DIRECTION('',(0.E+000,0.E+000,1.));
#6932 = DIRECTION('',(1.,0.E+000,-0.E+000));
#6933 = ORIENTED_EDGE('',*,*,#6917,.F.);
#6934 = ORIENTED_EDGE('',*,*,#6935,.F.);
#6935 = EDGE_CURVE('',#6918,#6918,#6936,.T.);
#6936 = CIRCLE('',#6937,0.25);
#6937 = AXIS2_PLACEMENT_3D('',#6938,#6939,#6940);
#6938 = CARTESIAN_POINT('',(47.841,-15.,-0.41148));
#6939 = DIRECTION('',(0.E+000,0.E+000,1.));
#6940 = DIRECTION('',(1.,0.E+000,-0.E+000));
#6941 = CYLINDRICAL_SURFACE('',#6942,0.25);
#6942 = AXIS2_PLACEMENT_3D('',#6943,#6944,#6945);
#6943 = CARTESIAN_POINT('',(47.841,-15.,-0.41148));
#6944 = DIRECTION('',(-0.E+000,-0.E+000,-1.));
#6945 = DIRECTION('',(1.,0.E+000,-0.E+000));
#6946 = ADVANCED_FACE('',(#6947),#6974,.F.);
#6947 = FACE_BOUND('',#6948,.T.);
#6948 = EDGE_LOOP('',(#6949,#6959,#6966,#6967));
#6949 = ORIENTED_EDGE('',*,*,#6950,.T.);
#6950 = EDGE_CURVE('',#6951,#6953,#6955,.T.);
#6951 = VERTEX_POINT('',#6952);
#6952 = CARTESIAN_POINT('',(48.726,-13.603,-0.41148));
#6953 = VERTEX_POINT('',#6954);
#6954 = CARTESIAN_POINT('',(48.726,-13.603,0.E+000));
#6955 = LINE('',#6956,#6957);
#6956 = CARTESIAN_POINT('',(48.726,-13.603,-0.41148));
#6957 = VECTOR('',#6958,1.);
#6958 = DIRECTION('',(0.E+000,0.E+000,1.));
#6959 = ORIENTED_EDGE('',*,*,#6960,.T.);
#6960 = EDGE_CURVE('',#6953,#6953,#6961,.T.);
#6961 = CIRCLE('',#6962,0.25);
#6962 = AXIS2_PLACEMENT_3D('',#6963,#6964,#6965);
#6963 = CARTESIAN_POINT('',(48.476,-13.603,0.E+000));
#6964 = DIRECTION('',(0.E+000,0.E+000,1.));
#6965 = DIRECTION('',(1.,0.E+000,-0.E+000));
#6966 = ORIENTED_EDGE('',*,*,#6950,.F.);
#6967 = ORIENTED_EDGE('',*,*,#6968,.F.);
#6968 = EDGE_CURVE('',#6951,#6951,#6969,.T.);
#6969 = CIRCLE('',#6970,0.25);
#6970 = AXIS2_PLACEMENT_3D('',#6971,#6972,#6973);
#6971 = CARTESIAN_POINT('',(48.476,-13.603,-0.41148));
#6972 = DIRECTION('',(0.E+000,0.E+000,1.));
#6973 = DIRECTION('',(1.,0.E+000,-0.E+000));
#6974 = CYLINDRICAL_SURFACE('',#6975,0.25);
#6975 = AXIS2_PLACEMENT_3D('',#6976,#6977,#6978);
#6976 = CARTESIAN_POINT('',(48.476,-13.603,-0.41148));
#6977 = DIRECTION('',(-0.E+000,-0.E+000,-1.));
#6978 = DIRECTION('',(1.,0.E+000,-0.E+000));
#6979 = ADVANCED_FACE('',(#6980),#7007,.F.);
#6980 = FACE_BOUND('',#6981,.T.);
#6981 = EDGE_LOOP('',(#6982,#6992,#6999,#7000));
#6982 = ORIENTED_EDGE('',*,*,#6983,.T.);
#6983 = EDGE_CURVE('',#6984,#6986,#6988,.T.);
#6984 = VERTEX_POINT('',#6985);
#6985 = CARTESIAN_POINT('',(50.219,-17.11,-0.41148));
#6986 = VERTEX_POINT('',#6987);
#6987 = CARTESIAN_POINT('',(50.219,-17.11,0.E+000));
#6988 = LINE('',#6989,#6990);
#6989 = CARTESIAN_POINT('',(50.219,-17.11,-0.41148));
#6990 = VECTOR('',#6991,1.);
#6991 = DIRECTION('',(0.E+000,0.E+000,1.));
#6992 = ORIENTED_EDGE('',*,*,#6993,.T.);
#6993 = EDGE_CURVE('',#6986,#6986,#6994,.T.);
#6994 = CIRCLE('',#6995,0.25);
#6995 = AXIS2_PLACEMENT_3D('',#6996,#6997,#6998);
#6996 = CARTESIAN_POINT('',(49.969,-17.11,0.E+000));
#6997 = DIRECTION('',(0.E+000,0.E+000,1.));
#6998 = DIRECTION('',(1.,0.E+000,-0.E+000));
#6999 = ORIENTED_EDGE('',*,*,#6983,.F.);
#7000 = ORIENTED_EDGE('',*,*,#7001,.F.);
#7001 = EDGE_CURVE('',#6984,#6984,#7002,.T.);
#7002 = CIRCLE('',#7003,0.25);
#7003 = AXIS2_PLACEMENT_3D('',#7004,#7005,#7006);
#7004 = CARTESIAN_POINT('',(49.969,-17.11,-0.41148));
#7005 = DIRECTION('',(0.E+000,0.E+000,1.));
#7006 = DIRECTION('',(1.,0.E+000,-0.E+000));
#7007 = CYLINDRICAL_SURFACE('',#7008,0.25);
#7008 = AXIS2_PLACEMENT_3D('',#7009,#7010,#7011);
#7009 = CARTESIAN_POINT('',(49.969,-17.11,-0.41148));
#7010 = DIRECTION('',(-0.E+000,-0.E+000,-1.));
#7011 = DIRECTION('',(1.,0.E+000,-0.E+000));
#7012 = ADVANCED_FACE('',(#7013),#7040,.F.);
#7013 = FACE_BOUND('',#7014,.T.);
#7014 = EDGE_LOOP('',(#7015,#7025,#7032,#7033));
#7015 = ORIENTED_EDGE('',*,*,#7016,.T.);
#7016 = EDGE_CURVE('',#7017,#7019,#7021,.T.);
#7017 = VERTEX_POINT('',#7018);
#7018 = CARTESIAN_POINT('',(51.647,-16.524,-0.41148));
#7019 = VERTEX_POINT('',#7020);
#7020 = CARTESIAN_POINT('',(51.647,-16.524,0.E+000));
#7021 = LINE('',#7022,#7023);
#7022 = CARTESIAN_POINT('',(51.647,-16.524,-0.41148));
#7023 = VECTOR('',#7024,1.);
#7024 = DIRECTION('',(0.E+000,0.E+000,1.));
#7025 = ORIENTED_EDGE('',*,*,#7026,.T.);
#7026 = EDGE_CURVE('',#7019,#7019,#7027,.T.);
#7027 = CIRCLE('',#7028,0.25);
#7028 = AXIS2_PLACEMENT_3D('',#7029,#7030,#7031);
#7029 = CARTESIAN_POINT('',(51.397,-16.524,0.E+000));
#7030 = DIRECTION('',(0.E+000,0.E+000,1.));
#7031 = DIRECTION('',(1.,0.E+000,-0.E+000));
#7032 = ORIENTED_EDGE('',*,*,#7016,.F.);
#7033 = ORIENTED_EDGE('',*,*,#7034,.F.);
#7034 = EDGE_CURVE('',#7017,#7017,#7035,.T.);
#7035 = CIRCLE('',#7036,0.25);
#7036 = AXIS2_PLACEMENT_3D('',#7037,#7038,#7039);
#7037 = CARTESIAN_POINT('',(51.397,-16.524,-0.41148));
#7038 = DIRECTION('',(0.E+000,0.E+000,1.));
#7039 = DIRECTION('',(1.,0.E+000,-0.E+000));
#7040 = CYLINDRICAL_SURFACE('',#7041,0.25);
#7041 = AXIS2_PLACEMENT_3D('',#7042,#7043,#7044);
#7042 = CARTESIAN_POINT('',(51.397,-16.524,-0.41148));
#7043 = DIRECTION('',(-0.E+000,-0.E+000,-1.));
#7044 = DIRECTION('',(1.,0.E+000,-0.E+000));
#7045 = ADVANCED_FACE('',(#7046),#7073,.F.);
#7046 = FACE_BOUND('',#7047,.T.);
#7047 = EDGE_LOOP('',(#7048,#7058,#7065,#7066));
#7048 = ORIENTED_EDGE('',*,*,#7049,.T.);
#7049 = EDGE_CURVE('',#7050,#7052,#7054,.T.);
#7050 = VERTEX_POINT('',#7051);
#7051 = CARTESIAN_POINT('',(52.378,-14.941,-0.41148));
#7052 = VERTEX_POINT('',#7053);
#7053 = CARTESIAN_POINT('',(52.378,-14.941,0.E+000));
#7054 = LINE('',#7055,#7056);
#7055 = CARTESIAN_POINT('',(52.378,-14.941,-0.41148));
#7056 = VECTOR('',#7057,1.);
#7057 = DIRECTION('',(0.E+000,0.E+000,1.));
#7058 = ORIENTED_EDGE('',*,*,#7059,.T.);
#7059 = EDGE_CURVE('',#7052,#7052,#7060,.T.);
#7060 = CIRCLE('',#7061,0.25);
#7061 = AXIS2_PLACEMENT_3D('',#7062,#7063,#7064);
#7062 = CARTESIAN_POINT('',(52.128,-14.941,0.E+000));
#7063 = DIRECTION('',(0.E+000,0.E+000,1.));
#7064 = DIRECTION('',(1.,0.E+000,-0.E+000));
#7065 = ORIENTED_EDGE('',*,*,#7049,.F.);
#7066 = ORIENTED_EDGE('',*,*,#7067,.F.);
#7067 = EDGE_CURVE('',#7050,#7050,#7068,.T.);
#7068 = CIRCLE('',#7069,0.25);
#7069 = AXIS2_PLACEMENT_3D('',#7070,#7071,#7072);
#7070 = CARTESIAN_POINT('',(52.128,-14.941,-0.41148));
#7071 = DIRECTION('',(0.E+000,0.E+000,1.));
#7072 = DIRECTION('',(1.,0.E+000,-0.E+000));
#7073 = CYLINDRICAL_SURFACE('',#7074,0.25);
#7074 = AXIS2_PLACEMENT_3D('',#7075,#7076,#7077);
#7075 = CARTESIAN_POINT('',(52.128,-14.941,-0.41148));
#7076 = DIRECTION('',(-0.E+000,-0.E+000,-1.));
#7077 = DIRECTION('',(1.,0.E+000,-0.E+000));
#7078 = ADVANCED_FACE('',(#7079),#7106,.F.);
#7079 = FACE_BOUND('',#7080,.T.);
#7080 = EDGE_LOOP('',(#7081,#7091,#7098,#7099));
#7081 = ORIENTED_EDGE('',*,*,#7082,.T.);
#7082 = EDGE_CURVE('',#7083,#7085,#7087,.T.);
#7083 = VERTEX_POINT('',#7084);
#7084 = CARTESIAN_POINT('',(51.647,-13.476,-0.41148));
#7085 = VERTEX_POINT('',#7086);
#7086 = CARTESIAN_POINT('',(51.647,-13.476,0.E+000));
#7087 = LINE('',#7088,#7089);
#7088 = CARTESIAN_POINT('',(51.647,-13.476,-0.41148));
#7089 = VECTOR('',#7090,1.);
#7090 = DIRECTION('',(0.E+000,0.E+000,1.));
#7091 = ORIENTED_EDGE('',*,*,#7092,.T.);
#7092 = EDGE_CURVE('',#7085,#7085,#7093,.T.);
#7093 = CIRCLE('',#7094,0.25);
#7094 = AXIS2_PLACEMENT_3D('',#7095,#7096,#7097);
#7095 = CARTESIAN_POINT('',(51.397,-13.476,0.E+000));
#7096 = DIRECTION('',(0.E+000,0.E+000,1.));
#7097 = DIRECTION('',(1.,0.E+000,-0.E+000));
#7098 = ORIENTED_EDGE('',*,*,#7082,.F.);
#7099 = ORIENTED_EDGE('',*,*,#7100,.F.);
#7100 = EDGE_CURVE('',#7083,#7083,#7101,.T.);
#7101 = CIRCLE('',#7102,0.25);
#7102 = AXIS2_PLACEMENT_3D('',#7103,#7104,#7105);
#7103 = CARTESIAN_POINT('',(51.397,-13.476,-0.41148));
#7104 = DIRECTION('',(0.E+000,0.E+000,1.));
#7105 = DIRECTION('',(1.,0.E+000,-0.E+000));
#7106 = CYLINDRICAL_SURFACE('',#7107,0.25);
#7107 = AXIS2_PLACEMENT_3D('',#7108,#7109,#7110);
#7108 = CARTESIAN_POINT('',(51.397,-13.476,-0.41148));
#7109 = DIRECTION('',(-0.E+000,-0.E+000,-1.));
#7110 = DIRECTION('',(1.,0.E+000,-0.E+000));
#7111 = ADVANCED_FACE('',(#7112),#7139,.F.);
#7112 = FACE_BOUND('',#7113,.T.);
#7113 = EDGE_LOOP('',(#7114,#7124,#7131,#7132));
#7114 = ORIENTED_EDGE('',*,*,#7115,.T.);
#7115 = EDGE_CURVE('',#7116,#7118,#7120,.T.);
#7116 = VERTEX_POINT('',#7117);
#7117 = CARTESIAN_POINT('',(50.25,-12.841,-0.41148));
#7118 = VERTEX_POINT('',#7119);
#7119 = CARTESIAN_POINT('',(50.25,-12.841,0.E+000));
#7120 = LINE('',#7121,#7122);
#7121 = CARTESIAN_POINT('',(50.25,-12.841,-0.41148));
#7122 = VECTOR('',#7123,1.);
#7123 = DIRECTION('',(0.E+000,0.E+000,1.));
#7124 = ORIENTED_EDGE('',*,*,#7125,.T.);
#7125 = EDGE_CURVE('',#7118,#7118,#7126,.T.);
#7126 = CIRCLE('',#7127,0.25);
#7127 = AXIS2_PLACEMENT_3D('',#7128,#7129,#7130);
#7128 = CARTESIAN_POINT('',(50.,-12.841,0.E+000));
#7129 = DIRECTION('',(0.E+000,0.E+000,1.));
#7130 = DIRECTION('',(1.,0.E+000,-0.E+000));
#7131 = ORIENTED_EDGE('',*,*,#7115,.F.);
#7132 = ORIENTED_EDGE('',*,*,#7133,.F.);
#7133 = EDGE_CURVE('',#7116,#7116,#7134,.T.);
#7134 = CIRCLE('',#7135,0.25);
#7135 = AXIS2_PLACEMENT_3D('',#7136,#7137,#7138);
#7136 = CARTESIAN_POINT('',(50.,-12.841,-0.41148));
#7137 = DIRECTION('',(0.E+000,0.E+000,1.));
#7138 = DIRECTION('',(1.,0.E+000,-0.E+000));
#7139 = CYLINDRICAL_SURFACE('',#7140,0.25);
#7140 = AXIS2_PLACEMENT_3D('',#7141,#7142,#7143);
#7141 = CARTESIAN_POINT('',(50.,-12.841,-0.41148));
#7142 = DIRECTION('',(-0.E+000,-0.E+000,-1.));
#7143 = DIRECTION('',(1.,0.E+000,-0.E+000));
#7144 = ADVANCED_FACE('',(#7145),#7172,.F.);
#7145 = FACE_BOUND('',#7146,.T.);
#7146 = EDGE_LOOP('',(#7147,#7157,#7164,#7165));
#7147 = ORIENTED_EDGE('',*,*,#7148,.T.);
#7148 = EDGE_CURVE('',#7149,#7151,#7153,.T.);
#7149 = VERTEX_POINT('',#7150);
#7150 = CARTESIAN_POINT('',(67.175,8.382,-0.41148));
#7151 = VERTEX_POINT('',#7152);
#7152 = CARTESIAN_POINT('',(67.175,8.382,0.E+000));
#7153 = LINE('',#7154,#7155);
#7154 = CARTESIAN_POINT('',(67.175,8.382,-0.41148));
#7155 = VECTOR('',#7156,1.);
#7156 = DIRECTION('',(0.E+000,0.E+000,1.));
#7157 = ORIENTED_EDGE('',*,*,#7158,.T.);
#7158 = EDGE_CURVE('',#7151,#7151,#7159,.T.);
#7159 = CIRCLE('',#7160,0.5);
#7160 = AXIS2_PLACEMENT_3D('',#7161,#7162,#7163);
#7161 = CARTESIAN_POINT('',(66.675,8.382,0.E+000));
#7162 = DIRECTION('',(0.E+000,0.E+000,1.));
#7163 = DIRECTION('',(1.,0.E+000,-0.E+000));
#7164 = ORIENTED_EDGE('',*,*,#7148,.F.);
#7165 = ORIENTED_EDGE('',*,*,#7166,.F.);
#7166 = EDGE_CURVE('',#7149,#7149,#7167,.T.);
#7167 = CIRCLE('',#7168,0.5);
#7168 = AXIS2_PLACEMENT_3D('',#7169,#7170,#7171);
#7169 = CARTESIAN_POINT('',(66.675,8.382,-0.41148));
#7170 = DIRECTION('',(0.E+000,0.E+000,1.));
#7171 = DIRECTION('',(1.,0.E+000,-0.E+000));
#7172 = CYLINDRICAL_SURFACE('',#7173,0.5);
#7173 = AXIS2_PLACEMENT_3D('',#7174,#7175,#7176);
#7174 = CARTESIAN_POINT('',(66.675,8.382,-0.41148));
#7175 = DIRECTION('',(-0.E+000,-0.E+000,-1.));
#7176 = DIRECTION('',(1.,0.E+000,-0.E+000));
#7177 = ADVANCED_FACE('',(#7178),#7205,.F.);
#7178 = FACE_BOUND('',#7179,.T.);
#7179 = EDGE_LOOP('',(#7180,#7190,#7197,#7198));
#7180 = ORIENTED_EDGE('',*,*,#7181,.T.);
#7181 = EDGE_CURVE('',#7182,#7184,#7186,.T.);
#7182 = VERTEX_POINT('',#7183);
#7183 = CARTESIAN_POINT('',(62.095,8.382,-0.41148));
#7184 = VERTEX_POINT('',#7185);
#7185 = CARTESIAN_POINT('',(62.095,8.382,0.E+000));
#7186 = LINE('',#7187,#7188);
#7187 = CARTESIAN_POINT('',(62.095,8.382,-0.41148));
#7188 = VECTOR('',#7189,1.);
#7189 = DIRECTION('',(0.E+000,0.E+000,1.));
#7190 = ORIENTED_EDGE('',*,*,#7191,.T.);
#7191 = EDGE_CURVE('',#7184,#7184,#7192,.T.);
#7192 = CIRCLE('',#7193,0.5);
#7193 = AXIS2_PLACEMENT_3D('',#7194,#7195,#7196);
#7194 = CARTESIAN_POINT('',(61.595,8.382,0.E+000));
#7195 = DIRECTION('',(0.E+000,0.E+000,1.));
#7196 = DIRECTION('',(1.,0.E+000,-0.E+000));
#7197 = ORIENTED_EDGE('',*,*,#7181,.F.);
#7198 = ORIENTED_EDGE('',*,*,#7199,.F.);
#7199 = EDGE_CURVE('',#7182,#7182,#7200,.T.);
#7200 = CIRCLE('',#7201,0.5);
#7201 = AXIS2_PLACEMENT_3D('',#7202,#7203,#7204);
#7202 = CARTESIAN_POINT('',(61.595,8.382,-0.41148));
#7203 = DIRECTION('',(0.E+000,0.E+000,1.));
#7204 = DIRECTION('',(1.,0.E+000,-0.E+000));
#7205 = CYLINDRICAL_SURFACE('',#7206,0.5);
#7206 = AXIS2_PLACEMENT_3D('',#7207,#7208,#7209);
#7207 = CARTESIAN_POINT('',(61.595,8.382,-0.41148));
#7208 = DIRECTION('',(-0.E+000,-0.E+000,-1.));
#7209 = DIRECTION('',(1.,0.E+000,-0.E+000));
#7210 = ADVANCED_FACE('',(#7211),#7238,.F.);
#7211 = FACE_BOUND('',#7212,.T.);
#7212 = EDGE_LOOP('',(#7213,#7223,#7230,#7231));
#7213 = ORIENTED_EDGE('',*,*,#7214,.T.);
#7214 = EDGE_CURVE('',#7215,#7217,#7219,.T.);
#7215 = VERTEX_POINT('',#7216);
#7216 = CARTESIAN_POINT('',(48.599,13.603,-0.41148));
#7217 = VERTEX_POINT('',#7218);
#7218 = CARTESIAN_POINT('',(48.599,13.603,0.E+000));
#7219 = LINE('',#7220,#7221);
#7220 = CARTESIAN_POINT('',(48.599,13.603,-0.41148));
#7221 = VECTOR('',#7222,1.);
#7222 = DIRECTION('',(0.E+000,0.E+000,1.));
#7223 = ORIENTED_EDGE('',*,*,#7224,.T.);
#7224 = EDGE_CURVE('',#7217,#7217,#7225,.T.);
#7225 = CIRCLE('',#7226,0.25);
#7226 = AXIS2_PLACEMENT_3D('',#7227,#7228,#7229);
#7227 = CARTESIAN_POINT('',(48.349,13.603,0.E+000));
#7228 = DIRECTION('',(0.E+000,0.E+000,1.));
#7229 = DIRECTION('',(1.,0.E+000,-0.E+000));
#7230 = ORIENTED_EDGE('',*,*,#7214,.F.);
#7231 = ORIENTED_EDGE('',*,*,#7232,.F.);
#7232 = EDGE_CURVE('',#7215,#7215,#7233,.T.);
#7233 = CIRCLE('',#7234,0.25);
#7234 = AXIS2_PLACEMENT_3D('',#7235,#7236,#7237);
#7235 = CARTESIAN_POINT('',(48.349,13.603,-0.41148));
#7236 = DIRECTION('',(0.E+000,0.E+000,1.));
#7237 = DIRECTION('',(1.,0.E+000,-0.E+000));
#7238 = CYLINDRICAL_SURFACE('',#7239,0.25);
#7239 = AXIS2_PLACEMENT_3D('',#7240,#7241,#7242);
#7240 = CARTESIAN_POINT('',(48.349,13.603,-0.41148));
#7241 = DIRECTION('',(-0.E+000,-0.E+000,-1.));
#7242 = DIRECTION('',(1.,0.E+000,-0.E+000));
#7243 = ADVANCED_FACE('',(#7244),#7278,.T.);
#7244 = FACE_BOUND('',#7245,.T.);
#7245 = EDGE_LOOP('',(#7246,#7256,#7264,#7272));
#7246 = ORIENTED_EDGE('',*,*,#7247,.T.);
#7247 = EDGE_CURVE('',#7248,#7250,#7252,.T.);
#7248 = VERTEX_POINT('',#7249);
#7249 = CARTESIAN_POINT('',(49.148998260498,-9.906000137329,-0.41148));
#7250 = VERTEX_POINT('',#7251);
#7251 = CARTESIAN_POINT('',(49.148998260498,-9.906000137329,0.E+000));
#7252 = LINE('',#7253,#7254);
#7253 = CARTESIAN_POINT('',(49.148998260498,-9.906000137329,-0.41148));
#7254 = VECTOR('',#7255,1.);
#7255 = DIRECTION('',(0.E+000,0.E+000,1.));
#7256 = ORIENTED_EDGE('',*,*,#7257,.T.);
#7257 = EDGE_CURVE('',#7250,#7258,#7260,.T.);
#7258 = VERTEX_POINT('',#7259);
#7259 = CARTESIAN_POINT('',(58.986999511719,-9.906000137329,0.E+000));
#7260 = LINE('',#7261,#7262);
#7261 = CARTESIAN_POINT('',(49.148998260498,-9.906000137329,0.E+000));
#7262 = VECTOR('',#7263,1.);
#7263 = DIRECTION('',(1.,0.E+000,0.E+000));
#7264 = ORIENTED_EDGE('',*,*,#7265,.F.);
#7265 = EDGE_CURVE('',#7266,#7258,#7268,.T.);
#7266 = VERTEX_POINT('',#7267);
#7267 = CARTESIAN_POINT('',(58.986999511719,-9.906000137329,-0.41148));
#7268 = LINE('',#7269,#7270);
#7269 = CARTESIAN_POINT('',(58.986999511719,-9.906000137329,-0.41148));
#7270 = VECTOR('',#7271,1.);
#7271 = DIRECTION('',(0.E+000,0.E+000,1.));
#7272 = ORIENTED_EDGE('',*,*,#7273,.F.);
#7273 = EDGE_CURVE('',#7248,#7266,#7274,.T.);
#7274 = LINE('',#7275,#7276);
#7275 = CARTESIAN_POINT('',(49.148998260498,-9.906000137329,-0.41148));
#7276 = VECTOR('',#7277,1.);
#7277 = DIRECTION('',(1.,0.E+000,0.E+000));
#7278 = PLANE('',#7279);
#7279 = AXIS2_PLACEMENT_3D('',#7280,#7281,#7282);
#7280 = CARTESIAN_POINT('',(49.148998260498,-9.906000137329,-0.41148));
#7281 = DIRECTION('',(0.E+000,1.,0.E+000));
#7282 = DIRECTION('',(1.,0.E+000,0.E+000));
#7283 = ADVANCED_FACE('',(#7284),#7309,.T.);
#7284 = FACE_BOUND('',#7285,.T.);
#7285 = EDGE_LOOP('',(#7286,#7287,#7295,#7303));
#7286 = ORIENTED_EDGE('',*,*,#7265,.T.);
#7287 = ORIENTED_EDGE('',*,*,#7288,.T.);
#7288 = EDGE_CURVE('',#7258,#7289,#7291,.T.);
#7289 = VERTEX_POINT('',#7290);
#7290 = CARTESIAN_POINT('',(58.986999511719,10.032999992371,0.E+000));
#7291 = LINE('',#7292,#7293);
#7292 = CARTESIAN_POINT('',(58.986999511719,-9.906000137329,0.E+000));
#7293 = VECTOR('',#7294,1.);
#7294 = DIRECTION('',(0.E+000,1.,0.E+000));
#7295 = ORIENTED_EDGE('',*,*,#7296,.F.);
#7296 = EDGE_CURVE('',#7297,#7289,#7299,.T.);
#7297 = VERTEX_POINT('',#7298);
#7298 = CARTESIAN_POINT('',(58.986999511719,10.032999992371,-0.41148));
#7299 = LINE('',#7300,#7301);
#7300 = CARTESIAN_POINT('',(58.986999511719,10.032999992371,-0.41148));
#7301 = VECTOR('',#7302,1.);
#7302 = DIRECTION('',(0.E+000,0.E+000,1.));
#7303 = ORIENTED_EDGE('',*,*,#7304,.F.);
#7304 = EDGE_CURVE('',#7266,#7297,#7305,.T.);
#7305 = LINE('',#7306,#7307);
#7306 = CARTESIAN_POINT('',(58.986999511719,-9.906000137329,-0.41148));
#7307 = VECTOR('',#7308,1.);
#7308 = DIRECTION('',(0.E+000,1.,0.E+000));
#7309 = PLANE('',#7310);
#7310 = AXIS2_PLACEMENT_3D('',#7311,#7312,#7313);
#7311 = CARTESIAN_POINT('',(58.986999511719,-9.906000137329,-0.41148));
#7312 = DIRECTION('',(-1.,0.E+000,0.E+000));
#7313 = DIRECTION('',(0.E+000,1.,0.E+000));
#7314 = ADVANCED_FACE('',(#7315),#7340,.T.);
#7315 = FACE_BOUND('',#7316,.T.);
#7316 = EDGE_LOOP('',(#7317,#7318,#7326,#7334));
#7317 = ORIENTED_EDGE('',*,*,#7296,.T.);
#7318 = ORIENTED_EDGE('',*,*,#7319,.T.);
#7319 = EDGE_CURVE('',#7289,#7320,#7322,.T.);
#7320 = VERTEX_POINT('',#7321);
#7321 = CARTESIAN_POINT('',(49.148998260498,10.032999992371,0.E+000));
#7322 = LINE('',#7323,#7324);
#7323 = CARTESIAN_POINT('',(58.986999511719,10.032999992371,0.E+000));
#7324 = VECTOR('',#7325,1.);
#7325 = DIRECTION('',(-1.,0.E+000,0.E+000));
#7326 = ORIENTED_EDGE('',*,*,#7327,.F.);
#7327 = EDGE_CURVE('',#7328,#7320,#7330,.T.);
#7328 = VERTEX_POINT('',#7329);
#7329 = CARTESIAN_POINT('',(49.148998260498,10.032999992371,-0.41148));
#7330 = LINE('',#7331,#7332);
#7331 = CARTESIAN_POINT('',(49.148998260498,10.032999992371,-0.41148));
#7332 = VECTOR('',#7333,1.);
#7333 = DIRECTION('',(0.E+000,0.E+000,1.));
#7334 = ORIENTED_EDGE('',*,*,#7335,.F.);
#7335 = EDGE_CURVE('',#7297,#7328,#7336,.T.);
#7336 = LINE('',#7337,#7338);
#7337 = CARTESIAN_POINT('',(58.986999511719,10.032999992371,-0.41148));
#7338 = VECTOR('',#7339,1.);
#7339 = DIRECTION('',(-1.,0.E+000,0.E+000));
#7340 = PLANE('',#7341);
#7341 = AXIS2_PLACEMENT_3D('',#7342,#7343,#7344);
#7342 = CARTESIAN_POINT('',(58.986999511719,10.032999992371,-0.41148));
#7343 = DIRECTION('',(0.E+000,-1.,0.E+000));
#7344 = DIRECTION('',(-1.,0.E+000,0.E+000));
#7345 = ADVANCED_FACE('',(#7346),#7362,.T.);
#7346 = FACE_BOUND('',#7347,.T.);
#7347 = EDGE_LOOP('',(#7348,#7349,#7355,#7356));
#7348 = ORIENTED_EDGE('',*,*,#7327,.T.);
#7349 = ORIENTED_EDGE('',*,*,#7350,.T.);
#7350 = EDGE_CURVE('',#7320,#7250,#7351,.T.);
#7351 = LINE('',#7352,#7353);
#7352 = CARTESIAN_POINT('',(49.148998260498,10.032999992371,0.E+000));
#7353 = VECTOR('',#7354,1.);
#7354 = DIRECTION('',(0.E+000,-1.,0.E+000));
#7355 = ORIENTED_EDGE('',*,*,#7247,.F.);
#7356 = ORIENTED_EDGE('',*,*,#7357,.F.);
#7357 = EDGE_CURVE('',#7328,#7248,#7358,.T.);
#7358 = LINE('',#7359,#7360);
#7359 = CARTESIAN_POINT('',(49.148998260498,10.032999992371,-0.41148));
#7360 = VECTOR('',#7361,1.);
#7361 = DIRECTION('',(0.E+000,-1.,0.E+000));
#7362 = PLANE('',#7363);
#7363 = AXIS2_PLACEMENT_3D('',#7364,#7365,#7366);
#7364 = CARTESIAN_POINT('',(49.148998260498,10.032999992371,-0.41148));
#7365 = DIRECTION('',(1.,0.E+000,-0.E+000));
#7366 = DIRECTION('',(0.E+000,-1.,0.E+000));
#7367 = ADVANCED_FACE('',(#7368),#7395,.F.);
#7368 = FACE_BOUND('',#7369,.T.);
#7369 = EDGE_LOOP('',(#7370,#7380,#7387,#7388));
#7370 = ORIENTED_EDGE('',*,*,#7371,.T.);
#7371 = EDGE_CURVE('',#7372,#7374,#7376,.T.);
#7372 = VERTEX_POINT('',#7373);
#7373 = CARTESIAN_POINT('',(51.75,15.,-0.41148));
#7374 = VERTEX_POINT('',#7375);
#7375 = CARTESIAN_POINT('',(51.75,15.,0.E+000));
#7376 = LINE('',#7377,#7378);
#7377 = CARTESIAN_POINT('',(51.75,15.,-0.41148));
#7378 = VECTOR('',#7379,1.);
#7379 = DIRECTION('',(0.E+000,0.E+000,1.));
#7380 = ORIENTED_EDGE('',*,*,#7381,.T.);
#7381 = EDGE_CURVE('',#7374,#7374,#7382,.T.);
#7382 = CIRCLE('',#7383,1.75);
#7383 = AXIS2_PLACEMENT_3D('',#7384,#7385,#7386);
#7384 = CARTESIAN_POINT('',(50.,15.,0.E+000));
#7385 = DIRECTION('',(0.E+000,0.E+000,1.));
#7386 = DIRECTION('',(1.,0.E+000,-0.E+000));
#7387 = ORIENTED_EDGE('',*,*,#7371,.F.);
#7388 = ORIENTED_EDGE('',*,*,#7389,.F.);
#7389 = EDGE_CURVE('',#7372,#7372,#7390,.T.);
#7390 = CIRCLE('',#7391,1.75);
#7391 = AXIS2_PLACEMENT_3D('',#7392,#7393,#7394);
#7392 = CARTESIAN_POINT('',(50.,15.,-0.41148));
#7393 = DIRECTION('',(0.E+000,0.E+000,1.));
#7394 = DIRECTION('',(1.,0.E+000,-0.E+000));
#7395 = CYLINDRICAL_SURFACE('',#7396,1.75);
#7396 = AXIS2_PLACEMENT_3D('',#7397,#7398,#7399);
#7397 = CARTESIAN_POINT('',(50.,15.,-0.41148));
#7398 = DIRECTION('',(-0.E+000,-0.E+000,-1.));
#7399 = DIRECTION('',(1.,0.E+000,-0.E+000));
#7400 = ADVANCED_FACE('',(#7401),#7428,.F.);
#7401 = FACE_BOUND('',#7402,.T.);
#7402 = EDGE_LOOP('',(#7403,#7413,#7420,#7421));
#7403 = ORIENTED_EDGE('',*,*,#7404,.T.);
#7404 = EDGE_CURVE('',#7405,#7407,#7409,.T.);
#7405 = VERTEX_POINT('',#7406);
#7406 = CARTESIAN_POINT('',(41.571,15.748,-0.41148));
#7407 = VERTEX_POINT('',#7408);
#7408 = CARTESIAN_POINT('',(41.571,15.748,0.E+000));
#7409 = LINE('',#7410,#7411);
#7410 = CARTESIAN_POINT('',(41.571,15.748,-0.41148));
#7411 = VECTOR('',#7412,1.);
#7412 = DIRECTION('',(0.E+000,0.E+000,1.));
#7413 = ORIENTED_EDGE('',*,*,#7414,.T.);
#7414 = EDGE_CURVE('',#7407,#7407,#7415,.T.);
#7415 = CIRCLE('',#7416,0.55);
#7416 = AXIS2_PLACEMENT_3D('',#7417,#7418,#7419);
#7417 = CARTESIAN_POINT('',(41.021,15.748,0.E+000));
#7418 = DIRECTION('',(0.E+000,0.E+000,1.));
#7419 = DIRECTION('',(1.,0.E+000,-0.E+000));
#7420 = ORIENTED_EDGE('',*,*,#7404,.F.);
#7421 = ORIENTED_EDGE('',*,*,#7422,.F.);
#7422 = EDGE_CURVE('',#7405,#7405,#7423,.T.);
#7423 = CIRCLE('',#7424,0.55);
#7424 = AXIS2_PLACEMENT_3D('',#7425,#7426,#7427);
#7425 = CARTESIAN_POINT('',(41.021,15.748,-0.41148));
#7426 = DIRECTION('',(0.E+000,0.E+000,1.));
#7427 = DIRECTION('',(1.,0.E+000,-0.E+000));
#7428 = CYLINDRICAL_SURFACE('',#7429,0.55);
#7429 = AXIS2_PLACEMENT_3D('',#7430,#7431,#7432);
#7430 = CARTESIAN_POINT('',(41.021,15.748,-0.41148));
#7431 = DIRECTION('',(-0.E+000,-0.E+000,-1.));
#7432 = DIRECTION('',(1.,0.E+000,-0.E+000));
#7433 = ADVANCED_FACE('',(#7434),#7461,.F.);
#7434 = FACE_BOUND('',#7435,.T.);
#7435 = EDGE_LOOP('',(#7436,#7446,#7453,#7454));
#7436 = ORIENTED_EDGE('',*,*,#7437,.T.);
#7437 = EDGE_CURVE('',#7438,#7440,#7442,.T.);
#7438 = VERTEX_POINT('',#7439);
#7439 = CARTESIAN_POINT('',(48.091,15.,-0.41148));
#7440 = VERTEX_POINT('',#7441);
#7441 = CARTESIAN_POINT('',(48.091,15.,0.E+000));
#7442 = LINE('',#7443,#7444);
#7443 = CARTESIAN_POINT('',(48.091,15.,-0.41148));
#7444 = VECTOR('',#7445,1.);
#7445 = DIRECTION('',(0.E+000,0.E+000,1.));
#7446 = ORIENTED_EDGE('',*,*,#7447,.T.);
#7447 = EDGE_CURVE('',#7440,#7440,#7448,.T.);
#7448 = CIRCLE('',#7449,0.25);
#7449 = AXIS2_PLACEMENT_3D('',#7450,#7451,#7452);
#7450 = CARTESIAN_POINT('',(47.841,15.,0.E+000));
#7451 = DIRECTION('',(0.E+000,0.E+000,1.));
#7452 = DIRECTION('',(1.,0.E+000,-0.E+000));
#7453 = ORIENTED_EDGE('',*,*,#7437,.F.);
#7454 = ORIENTED_EDGE('',*,*,#7455,.F.);
#7455 = EDGE_CURVE('',#7438,#7438,#7456,.T.);
#7456 = CIRCLE('',#7457,0.25);
#7457 = AXIS2_PLACEMENT_3D('',#7458,#7459,#7460);
#7458 = CARTESIAN_POINT('',(47.841,15.,-0.41148));
#7459 = DIRECTION('',(0.E+000,0.E+000,1.));
#7460 = DIRECTION('',(1.,0.E+000,-0.E+000));
#7461 = CYLINDRICAL_SURFACE('',#7462,0.25);
#7462 = AXIS2_PLACEMENT_3D('',#7463,#7464,#7465);
#7463 = CARTESIAN_POINT('',(47.841,15.,-0.41148));
#7464 = DIRECTION('',(-0.E+000,-0.E+000,-1.));
#7465 = DIRECTION('',(1.,0.E+000,-0.E+000));
#7466 = ADVANCED_FACE('',(#7467),#7494,.F.);
#7467 = FACE_BOUND('',#7468,.T.);
#7468 = EDGE_LOOP('',(#7469,#7479,#7486,#7487));
#7469 = ORIENTED_EDGE('',*,*,#7470,.T.);
#7470 = EDGE_CURVE('',#7471,#7473,#7475,.T.);
#7471 = VERTEX_POINT('',#7472);
#7472 = CARTESIAN_POINT('',(48.726,16.397,-0.41148));
#7473 = VERTEX_POINT('',#7474);
#7474 = CARTESIAN_POINT('',(48.726,16.397,0.E+000));
#7475 = LINE('',#7476,#7477);
#7476 = CARTESIAN_POINT('',(48.726,16.397,-0.41148));
#7477 = VECTOR('',#7478,1.);
#7478 = DIRECTION('',(0.E+000,0.E+000,1.));
#7479 = ORIENTED_EDGE('',*,*,#7480,.T.);
#7480 = EDGE_CURVE('',#7473,#7473,#7481,.T.);
#7481 = CIRCLE('',#7482,0.25);
#7482 = AXIS2_PLACEMENT_3D('',#7483,#7484,#7485);
#7483 = CARTESIAN_POINT('',(48.476,16.397,0.E+000));
#7484 = DIRECTION('',(0.E+000,0.E+000,1.));
#7485 = DIRECTION('',(1.,0.E+000,-0.E+000));
#7486 = ORIENTED_EDGE('',*,*,#7470,.F.);
#7487 = ORIENTED_EDGE('',*,*,#7488,.F.);
#7488 = EDGE_CURVE('',#7471,#7471,#7489,.T.);
#7489 = CIRCLE('',#7490,0.25);
#7490 = AXIS2_PLACEMENT_3D('',#7491,#7492,#7493);
#7491 = CARTESIAN_POINT('',(48.476,16.397,-0.41148));
#7492 = DIRECTION('',(0.E+000,0.E+000,1.));
#7493 = DIRECTION('',(1.,0.E+000,-0.E+000));
#7494 = CYLINDRICAL_SURFACE('',#7495,0.25);
#7495 = AXIS2_PLACEMENT_3D('',#7496,#7497,#7498);
#7496 = CARTESIAN_POINT('',(48.476,16.397,-0.41148));
#7497 = DIRECTION('',(-0.E+000,-0.E+000,-1.));
#7498 = DIRECTION('',(1.,0.E+000,-0.E+000));
#7499 = ADVANCED_FACE('',(#7500),#7527,.F.);
#7500 = FACE_BOUND('',#7501,.T.);
#7501 = EDGE_LOOP('',(#7502,#7512,#7519,#7520));
#7502 = ORIENTED_EDGE('',*,*,#7503,.T.);
#7503 = EDGE_CURVE('',#7504,#7506,#7508,.T.);
#7504 = VERTEX_POINT('',#7505);
#7505 = CARTESIAN_POINT('',(50.219,12.89,-0.41148));
#7506 = VERTEX_POINT('',#7507);
#7507 = CARTESIAN_POINT('',(50.219,12.89,0.E+000));
#7508 = LINE('',#7509,#7510);
#7509 = CARTESIAN_POINT('',(50.219,12.89,-0.41148));
#7510 = VECTOR('',#7511,1.);
#7511 = DIRECTION('',(0.E+000,0.E+000,1.));
#7512 = ORIENTED_EDGE('',*,*,#7513,.T.);
#7513 = EDGE_CURVE('',#7506,#7506,#7514,.T.);
#7514 = CIRCLE('',#7515,0.25);
#7515 = AXIS2_PLACEMENT_3D('',#7516,#7517,#7518);
#7516 = CARTESIAN_POINT('',(49.969,12.89,0.E+000));
#7517 = DIRECTION('',(0.E+000,0.E+000,1.));
#7518 = DIRECTION('',(1.,0.E+000,-0.E+000));
#7519 = ORIENTED_EDGE('',*,*,#7503,.F.);
#7520 = ORIENTED_EDGE('',*,*,#7521,.F.);
#7521 = EDGE_CURVE('',#7504,#7504,#7522,.T.);
#7522 = CIRCLE('',#7523,0.25);
#7523 = AXIS2_PLACEMENT_3D('',#7524,#7525,#7526);
#7524 = CARTESIAN_POINT('',(49.969,12.89,-0.41148));
#7525 = DIRECTION('',(0.E+000,0.E+000,1.));
#7526 = DIRECTION('',(1.,0.E+000,-0.E+000));
#7527 = CYLINDRICAL_SURFACE('',#7528,0.25);
#7528 = AXIS2_PLACEMENT_3D('',#7529,#7530,#7531);
#7529 = CARTESIAN_POINT('',(49.969,12.89,-0.41148));
#7530 = DIRECTION('',(-0.E+000,-0.E+000,-1.));
#7531 = DIRECTION('',(1.,0.E+000,-0.E+000));
#7532 = ADVANCED_FACE('',(#7533),#7560,.F.);
#7533 = FACE_BOUND('',#7534,.T.);
#7534 = EDGE_LOOP('',(#7535,#7545,#7552,#7553));
#7535 = ORIENTED_EDGE('',*,*,#7536,.T.);
#7536 = EDGE_CURVE('',#7537,#7539,#7541,.T.);
#7537 = VERTEX_POINT('',#7538);
#7538 = CARTESIAN_POINT('',(51.647,13.476,-0.41148));
#7539 = VERTEX_POINT('',#7540);
#7540 = CARTESIAN_POINT('',(51.647,13.476,0.E+000));
#7541 = LINE('',#7542,#7543);
#7542 = CARTESIAN_POINT('',(51.647,13.476,-0.41148));
#7543 = VECTOR('',#7544,1.);
#7544 = DIRECTION('',(0.E+000,0.E+000,1.));
#7545 = ORIENTED_EDGE('',*,*,#7546,.T.);
#7546 = EDGE_CURVE('',#7539,#7539,#7547,.T.);
#7547 = CIRCLE('',#7548,0.25);
#7548 = AXIS2_PLACEMENT_3D('',#7549,#7550,#7551);
#7549 = CARTESIAN_POINT('',(51.397,13.476,0.E+000));
#7550 = DIRECTION('',(0.E+000,0.E+000,1.));
#7551 = DIRECTION('',(1.,0.E+000,-0.E+000));
#7552 = ORIENTED_EDGE('',*,*,#7536,.F.);
#7553 = ORIENTED_EDGE('',*,*,#7554,.F.);
#7554 = EDGE_CURVE('',#7537,#7537,#7555,.T.);
#7555 = CIRCLE('',#7556,0.25);
#7556 = AXIS2_PLACEMENT_3D('',#7557,#7558,#7559);
#7557 = CARTESIAN_POINT('',(51.397,13.476,-0.41148));
#7558 = DIRECTION('',(0.E+000,0.E+000,1.));
#7559 = DIRECTION('',(1.,0.E+000,-0.E+000));
#7560 = CYLINDRICAL_SURFACE('',#7561,0.25);
#7561 = AXIS2_PLACEMENT_3D('',#7562,#7563,#7564);
#7562 = CARTESIAN_POINT('',(51.397,13.476,-0.41148));
#7563 = DIRECTION('',(-0.E+000,-0.E+000,-1.));
#7564 = DIRECTION('',(1.,0.E+000,-0.E+000));
#7565 = ADVANCED_FACE('',(#7566),#7593,.F.);
#7566 = FACE_BOUND('',#7567,.T.);
#7567 = EDGE_LOOP('',(#7568,#7578,#7585,#7586));
#7568 = ORIENTED_EDGE('',*,*,#7569,.T.);
#7569 = EDGE_CURVE('',#7570,#7572,#7574,.T.);
#7570 = VERTEX_POINT('',#7571);
#7571 = CARTESIAN_POINT('',(52.378,15.059,-0.41148));
#7572 = VERTEX_POINT('',#7573);
#7573 = CARTESIAN_POINT('',(52.378,15.059,0.E+000));
#7574 = LINE('',#7575,#7576);
#7575 = CARTESIAN_POINT('',(52.378,15.059,-0.41148));
#7576 = VECTOR('',#7577,1.);
#7577 = DIRECTION('',(0.E+000,0.E+000,1.));
#7578 = ORIENTED_EDGE('',*,*,#7579,.T.);
#7579 = EDGE_CURVE('',#7572,#7572,#7580,.T.);
#7580 = CIRCLE('',#7581,0.25);
#7581 = AXIS2_PLACEMENT_3D('',#7582,#7583,#7584);
#7582 = CARTESIAN_POINT('',(52.128,15.059,0.E+000));
#7583 = DIRECTION('',(0.E+000,0.E+000,1.));
#7584 = DIRECTION('',(1.,0.E+000,-0.E+000));
#7585 = ORIENTED_EDGE('',*,*,#7569,.F.);
#7586 = ORIENTED_EDGE('',*,*,#7587,.F.);
#7587 = EDGE_CURVE('',#7570,#7570,#7588,.T.);
#7588 = CIRCLE('',#7589,0.25);
#7589 = AXIS2_PLACEMENT_3D('',#7590,#7591,#7592);
#7590 = CARTESIAN_POINT('',(52.128,15.059,-0.41148));
#7591 = DIRECTION('',(0.E+000,0.E+000,1.));
#7592 = DIRECTION('',(1.,0.E+000,-0.E+000));
#7593 = CYLINDRICAL_SURFACE('',#7594,0.25);
#7594 = AXIS2_PLACEMENT_3D('',#7595,#7596,#7597);
#7595 = CARTESIAN_POINT('',(52.128,15.059,-0.41148));
#7596 = DIRECTION('',(-0.E+000,-0.E+000,-1.));
#7597 = DIRECTION('',(1.,0.E+000,-0.E+000));
#7598 = ADVANCED_FACE('',(#7599),#7626,.F.);
#7599 = FACE_BOUND('',#7600,.T.);
#7600 = EDGE_LOOP('',(#7601,#7611,#7618,#7619));
#7601 = ORIENTED_EDGE('',*,*,#7602,.T.);
#7602 = EDGE_CURVE('',#7603,#7605,#7607,.T.);
#7603 = VERTEX_POINT('',#7604);
#7604 = CARTESIAN_POINT('',(51.647,16.524,-0.41148));
#7605 = VERTEX_POINT('',#7606);
#7606 = CARTESIAN_POINT('',(51.647,16.524,0.E+000));
#7607 = LINE('',#7608,#7609);
#7608 = CARTESIAN_POINT('',(51.647,16.524,-0.41148));
#7609 = VECTOR('',#7610,1.);
#7610 = DIRECTION('',(0.E+000,0.E+000,1.));
#7611 = ORIENTED_EDGE('',*,*,#7612,.T.);
#7612 = EDGE_CURVE('',#7605,#7605,#7613,.T.);
#7613 = CIRCLE('',#7614,0.25);
#7614 = AXIS2_PLACEMENT_3D('',#7615,#7616,#7617);
#7615 = CARTESIAN_POINT('',(51.397,16.524,0.E+000));
#7616 = DIRECTION('',(0.E+000,0.E+000,1.));
#7617 = DIRECTION('',(1.,0.E+000,-0.E+000));
#7618 = ORIENTED_EDGE('',*,*,#7602,.F.);
#7619 = ORIENTED_EDGE('',*,*,#7620,.F.);
#7620 = EDGE_CURVE('',#7603,#7603,#7621,.T.);
#7621 = CIRCLE('',#7622,0.25);
#7622 = AXIS2_PLACEMENT_3D('',#7623,#7624,#7625);
#7623 = CARTESIAN_POINT('',(51.397,16.524,-0.41148));
#7624 = DIRECTION('',(0.E+000,0.E+000,1.));
#7625 = DIRECTION('',(1.,0.E+000,-0.E+000));
#7626 = CYLINDRICAL_SURFACE('',#7627,0.25);
#7627 = AXIS2_PLACEMENT_3D('',#7628,#7629,#7630);
#7628 = CARTESIAN_POINT('',(51.397,16.524,-0.41148));
#7629 = DIRECTION('',(-0.E+000,-0.E+000,-1.));
#7630 = DIRECTION('',(1.,0.E+000,-0.E+000));
#7631 = ADVANCED_FACE('',(#7632),#7659,.F.);
#7632 = FACE_BOUND('',#7633,.T.);
#7633 = EDGE_LOOP('',(#7634,#7644,#7651,#7652));
#7634 = ORIENTED_EDGE('',*,*,#7635,.T.);
#7635 = EDGE_CURVE('',#7636,#7638,#7640,.T.);
#7636 = VERTEX_POINT('',#7637);
#7637 = CARTESIAN_POINT('',(50.25,17.159,-0.41148));
#7638 = VERTEX_POINT('',#7639);
#7639 = CARTESIAN_POINT('',(50.25,17.159,0.E+000));
#7640 = LINE('',#7641,#7642);
#7641 = CARTESIAN_POINT('',(50.25,17.159,-0.41148));
#7642 = VECTOR('',#7643,1.);
#7643 = DIRECTION('',(0.E+000,0.E+000,1.));
#7644 = ORIENTED_EDGE('',*,*,#7645,.T.);
#7645 = EDGE_CURVE('',#7638,#7638,#7646,.T.);
#7646 = CIRCLE('',#7647,0.25);
#7647 = AXIS2_PLACEMENT_3D('',#7648,#7649,#7650);
#7648 = CARTESIAN_POINT('',(50.,17.159,0.E+000));
#7649 = DIRECTION('',(0.E+000,0.E+000,1.));
#7650 = DIRECTION('',(1.,0.E+000,-0.E+000));
#7651 = ORIENTED_EDGE('',*,*,#7635,.F.);
#7652 = ORIENTED_EDGE('',*,*,#7653,.F.);
#7653 = EDGE_CURVE('',#7636,#7636,#7654,.T.);
#7654 = CIRCLE('',#7655,0.25);
#7655 = AXIS2_PLACEMENT_3D('',#7656,#7657,#7658);
#7656 = CARTESIAN_POINT('',(50.,17.159,-0.41148));
#7657 = DIRECTION('',(0.E+000,0.E+000,1.));
#7658 = DIRECTION('',(1.,0.E+000,-0.E+000));
#7659 = CYLINDRICAL_SURFACE('',#7660,0.25);
#7660 = AXIS2_PLACEMENT_3D('',#7661,#7662,#7663);
#7661 = CARTESIAN_POINT('',(50.,17.159,-0.41148));
#7662 = DIRECTION('',(-0.E+000,-0.E+000,-1.));
#7663 = DIRECTION('',(1.,0.E+000,-0.E+000));
#7664 = ADVANCED_FACE('',(#7665),#7692,.F.);
#7665 = FACE_BOUND('',#7666,.T.);
#7666 = EDGE_LOOP('',(#7667,#7677,#7684,#7685));
#7667 = ORIENTED_EDGE('',*,*,#7668,.T.);
#7668 = EDGE_CURVE('',#7669,#7671,#7673,.T.);
#7669 = VERTEX_POINT('',#7670);
#7670 = CARTESIAN_POINT('',(65.016,18.669,-0.41148));
#7671 = VERTEX_POINT('',#7672);
#7672 = CARTESIAN_POINT('',(65.016,18.669,0.E+000));
#7673 = LINE('',#7674,#7675);
#7674 = CARTESIAN_POINT('',(65.016,18.669,-0.41148));
#7675 = VECTOR('',#7676,1.);
#7676 = DIRECTION('',(0.E+000,0.E+000,1.));
#7677 = ORIENTED_EDGE('',*,*,#7678,.T.);
#7678 = EDGE_CURVE('',#7671,#7671,#7679,.T.);
#7679 = CIRCLE('',#7680,0.5);
#7680 = AXIS2_PLACEMENT_3D('',#7681,#7682,#7683);
#7681 = CARTESIAN_POINT('',(64.516,18.669,0.E+000));
#7682 = DIRECTION('',(0.E+000,0.E+000,1.));
#7683 = DIRECTION('',(1.,0.E+000,-0.E+000));
#7684 = ORIENTED_EDGE('',*,*,#7668,.F.);
#7685 = ORIENTED_EDGE('',*,*,#7686,.F.);
#7686 = EDGE_CURVE('',#7669,#7669,#7687,.T.);
#7687 = CIRCLE('',#7688,0.5);
#7688 = AXIS2_PLACEMENT_3D('',#7689,#7690,#7691);
#7689 = CARTESIAN_POINT('',(64.516,18.669,-0.41148));
#7690 = DIRECTION('',(0.E+000,0.E+000,1.));
#7691 = DIRECTION('',(1.,0.E+000,-0.E+000));
#7692 = CYLINDRICAL_SURFACE('',#7693,0.5);
#7693 = AXIS2_PLACEMENT_3D('',#7694,#7695,#7696);
#7694 = CARTESIAN_POINT('',(64.516,18.669,-0.41148));
#7695 = DIRECTION('',(-0.E+000,-0.E+000,-1.));
#7696 = DIRECTION('',(1.,0.E+000,-0.E+000));
#7697 = ADVANCED_FACE('',(#7698),#7725,.F.);
#7698 = FACE_BOUND('',#7699,.T.);
#7699 = EDGE_LOOP('',(#7700,#7710,#7717,#7718));
#7700 = ORIENTED_EDGE('',*,*,#7701,.T.);
#7701 = EDGE_CURVE('',#7702,#7704,#7706,.T.);
#7702 = VERTEX_POINT('',#7703);
#7703 = CARTESIAN_POINT('',(59.936,18.669,-0.41148));
#7704 = VERTEX_POINT('',#7705);
#7705 = CARTESIAN_POINT('',(59.936,18.669,0.E+000));
#7706 = LINE('',#7707,#7708);
#7707 = CARTESIAN_POINT('',(59.936,18.669,-0.41148));
#7708 = VECTOR('',#7709,1.);
#7709 = DIRECTION('',(0.E+000,0.E+000,1.));
#7710 = ORIENTED_EDGE('',*,*,#7711,.T.);
#7711 = EDGE_CURVE('',#7704,#7704,#7712,.T.);
#7712 = CIRCLE('',#7713,0.5);
#7713 = AXIS2_PLACEMENT_3D('',#7714,#7715,#7716);
#7714 = CARTESIAN_POINT('',(59.436,18.669,0.E+000));
#7715 = DIRECTION('',(0.E+000,0.E+000,1.));
#7716 = DIRECTION('',(1.,0.E+000,-0.E+000));
#7717 = ORIENTED_EDGE('',*,*,#7701,.F.);
#7718 = ORIENTED_EDGE('',*,*,#7719,.F.);
#7719 = EDGE_CURVE('',#7702,#7702,#7720,.T.);
#7720 = CIRCLE('',#7721,0.5);
#7721 = AXIS2_PLACEMENT_3D('',#7722,#7723,#7724);
#7722 = CARTESIAN_POINT('',(59.436,18.669,-0.41148));
#7723 = DIRECTION('',(0.E+000,0.E+000,1.));
#7724 = DIRECTION('',(1.,0.E+000,-0.E+000));
#7725 = CYLINDRICAL_SURFACE('',#7726,0.5);
#7726 = AXIS2_PLACEMENT_3D('',#7727,#7728,#7729);
#7727 = CARTESIAN_POINT('',(59.436,18.669,-0.41148));
#7728 = DIRECTION('',(-0.E+000,-0.E+000,-1.));
#7729 = DIRECTION('',(1.,0.E+000,-0.E+000));
#7730 = ADVANCED_FACE('',(#7731,#7737,#7741,#7745,#7748,#7751,#7754,
    #7757,#7760,#7763,#7766,#7769,#7772,#7775,#7778,#7781,#7784,#7787,
    #7790,#7793,#7796,#7799,#7802,#7805,#7808,#7811,#7814,#7820,#7826,
    #7832,#7835,#7838,#7841,#7847,#7850,#7856,#7859,#7865,#7868,#7871,
    #7874,#7877,#7880,#7883,#7886,#7889,#7892,#7895,#7898,#7901,#7904,
    #7907,#7910,#7913,#7916,#7919,#7922,#7925,#7928,#7931,#7934,#7937,
    #7940,#7943,#7946,#7949,#7952,#7955,#7958,#7961,#7964,#7967,#7970,
    #7973,#7976,#7979,#7982,#7985,#7988,#7991,#7994,#7997,#8000,#8003,
    #8006,#8009,#8012,#8015,#8018,#8021,#8024,#8030,#8033,#8036,#8039,
    #8042,#8045,#8048,#8051,#8054,#8057,#8060,#8063,#8066,#8069,#8072,
    #8075,#8078,#8081,#8084,#8087,#8090,#8093,#8096,#8099,#8102,#8105,
    #8108,#8111,#8114,#8117,#8120,#8123,#8126,#8129,#8132,#8135,#8138,
    #8141,#8144,#8147,#8150,#8153,#8156,#8159,#8162,#8165,#8168,#8171,
    #8174,#8177,#8180,#8183,#8186,#8189,#8192,#8195,#8198,#8201,#8204,
    #8207,#8210,#8213,#8216,#8219,#8222,#8225,#8228,#8231,#8234,#8237,
    #8240,#8243,#8246,#8249,#8252,#8255,#8258,#8261,#8264,#8267,#8270,
    #8273,#8276,#8279,#8282,#8285,#8288,#8291,#8294,#8297,#8300,#8303,
    #8306,#8309,#8312,#8315,#8318,#8321,#8324,#8327,#8330,#8333,#8336,
    #8339,#8345,#8348,#8351,#8354,#8357,#8360,#8363,#8366,#8369,#8372,
    #8375),#8378,.T.);
#7731 = FACE_BOUND('',#7732,.F.);
#7732 = EDGE_LOOP('',(#7733,#7734,#7735,#7736));
#7733 = ORIENTED_EDGE('',*,*,#48,.T.);
#7734 = ORIENTED_EDGE('',*,*,#81,.T.);
#7735 = ORIENTED_EDGE('',*,*,#113,.T.);
#7736 = ORIENTED_EDGE('',*,*,#136,.T.);
#7737 = FACE_BOUND('',#7738,.T.);
#7738 = EDGE_LOOP('',(#7739,#7740));
#7739 = ORIENTED_EDGE('',*,*,#178,.T.);
#7740 = ORIENTED_EDGE('',*,*,#202,.T.);
#7741 = FACE_BOUND('',#7742,.T.);
#7742 = EDGE_LOOP('',(#7743,#7744));
#7743 = ORIENTED_EDGE('',*,*,#244,.T.);
#7744 = ORIENTED_EDGE('',*,*,#268,.T.);
#7745 = FACE_BOUND('',#7746,.T.);
#7746 = EDGE_LOOP('',(#7747));
#7747 = ORIENTED_EDGE('',*,*,#301,.T.);
#7748 = FACE_BOUND('',#7749,.T.);
#7749 = EDGE_LOOP('',(#7750));
#7750 = ORIENTED_EDGE('',*,*,#334,.T.);
#7751 = FACE_BOUND('',#7752,.T.);
#7752 = EDGE_LOOP('',(#7753));
#7753 = ORIENTED_EDGE('',*,*,#367,.T.);
#7754 = FACE_BOUND('',#7755,.T.);
#7755 = EDGE_LOOP('',(#7756));
#7756 = ORIENTED_EDGE('',*,*,#400,.T.);
#7757 = FACE_BOUND('',#7758,.T.);
#7758 = EDGE_LOOP('',(#7759));
#7759 = ORIENTED_EDGE('',*,*,#433,.T.);
#7760 = FACE_BOUND('',#7761,.T.);
#7761 = EDGE_LOOP('',(#7762));
#7762 = ORIENTED_EDGE('',*,*,#466,.T.);
#7763 = FACE_BOUND('',#7764,.T.);
#7764 = EDGE_LOOP('',(#7765));
#7765 = ORIENTED_EDGE('',*,*,#499,.T.);
#7766 = FACE_BOUND('',#7767,.T.);
#7767 = EDGE_LOOP('',(#7768));
#7768 = ORIENTED_EDGE('',*,*,#532,.T.);
#7769 = FACE_BOUND('',#7770,.T.);
#7770 = EDGE_LOOP('',(#7771));
#7771 = ORIENTED_EDGE('',*,*,#565,.T.);
#7772 = FACE_BOUND('',#7773,.T.);
#7773 = EDGE_LOOP('',(#7774));
#7774 = ORIENTED_EDGE('',*,*,#598,.T.);
#7775 = FACE_BOUND('',#7776,.T.);
#7776 = EDGE_LOOP('',(#7777));
#7777 = ORIENTED_EDGE('',*,*,#631,.T.);
#7778 = FACE_BOUND('',#7779,.T.);
#7779 = EDGE_LOOP('',(#7780));
#7780 = ORIENTED_EDGE('',*,*,#664,.T.);
#7781 = FACE_BOUND('',#7782,.T.);
#7782 = EDGE_LOOP('',(#7783));
#7783 = ORIENTED_EDGE('',*,*,#697,.T.);
#7784 = FACE_BOUND('',#7785,.T.);
#7785 = EDGE_LOOP('',(#7786));
#7786 = ORIENTED_EDGE('',*,*,#730,.T.);
#7787 = FACE_BOUND('',#7788,.T.);
#7788 = EDGE_LOOP('',(#7789));
#7789 = ORIENTED_EDGE('',*,*,#763,.T.);
#7790 = FACE_BOUND('',#7791,.T.);
#7791 = EDGE_LOOP('',(#7792));
#7792 = ORIENTED_EDGE('',*,*,#796,.T.);
#7793 = FACE_BOUND('',#7794,.T.);
#7794 = EDGE_LOOP('',(#7795));
#7795 = ORIENTED_EDGE('',*,*,#829,.T.);
#7796 = FACE_BOUND('',#7797,.T.);
#7797 = EDGE_LOOP('',(#7798));
#7798 = ORIENTED_EDGE('',*,*,#862,.T.);
#7799 = FACE_BOUND('',#7800,.T.);
#7800 = EDGE_LOOP('',(#7801));
#7801 = ORIENTED_EDGE('',*,*,#895,.T.);
#7802 = FACE_BOUND('',#7803,.T.);
#7803 = EDGE_LOOP('',(#7804));
#7804 = ORIENTED_EDGE('',*,*,#928,.T.);
#7805 = FACE_BOUND('',#7806,.T.);
#7806 = EDGE_LOOP('',(#7807));
#7807 = ORIENTED_EDGE('',*,*,#961,.T.);
#7808 = FACE_BOUND('',#7809,.T.);
#7809 = EDGE_LOOP('',(#7810));
#7810 = ORIENTED_EDGE('',*,*,#994,.T.);
#7811 = FACE_BOUND('',#7812,.T.);
#7812 = EDGE_LOOP('',(#7813));
#7813 = ORIENTED_EDGE('',*,*,#1027,.T.);
#7814 = FACE_BOUND('',#7815,.T.);
#7815 = EDGE_LOOP('',(#7816,#7817,#7818,#7819));
#7816 = ORIENTED_EDGE('',*,*,#1068,.T.);
#7817 = ORIENTED_EDGE('',*,*,#1100,.T.);
#7818 = ORIENTED_EDGE('',*,*,#1132,.T.);
#7819 = ORIENTED_EDGE('',*,*,#1155,.T.);
#7820 = FACE_BOUND('',#7821,.T.);
#7821 = EDGE_LOOP('',(#7822,#7823,#7824,#7825));
#7822 = ORIENTED_EDGE('',*,*,#1196,.T.);
#7823 = ORIENTED_EDGE('',*,*,#1228,.T.);
#7824 = ORIENTED_EDGE('',*,*,#1260,.T.);
#7825 = ORIENTED_EDGE('',*,*,#1283,.T.);
#7826 = FACE_BOUND('',#7827,.T.);
#7827 = EDGE_LOOP('',(#7828,#7829,#7830,#7831));
#7828 = ORIENTED_EDGE('',*,*,#1324,.T.);
#7829 = ORIENTED_EDGE('',*,*,#1356,.T.);
#7830 = ORIENTED_EDGE('',*,*,#1388,.T.);
#7831 = ORIENTED_EDGE('',*,*,#1411,.T.);
#7832 = FACE_BOUND('',#7833,.T.);
#7833 = EDGE_LOOP('',(#7834));
#7834 = ORIENTED_EDGE('',*,*,#1444,.T.);
#7835 = FACE_BOUND('',#7836,.T.);
#7836 = EDGE_LOOP('',(#7837));
#7837 = ORIENTED_EDGE('',*,*,#1477,.T.);
#7838 = FACE_BOUND('',#7839,.T.);
#7839 = EDGE_LOOP('',(#7840));
#7840 = ORIENTED_EDGE('',*,*,#1510,.T.);
#7841 = FACE_BOUND('',#7842,.T.);
#7842 = EDGE_LOOP('',(#7843,#7844,#7845,#7846));
#7843 = ORIENTED_EDGE('',*,*,#1551,.T.);
#7844 = ORIENTED_EDGE('',*,*,#1583,.T.);
#7845 = ORIENTED_EDGE('',*,*,#1615,.T.);
#7846 = ORIENTED_EDGE('',*,*,#1638,.T.);
#7847 = FACE_BOUND('',#7848,.T.);
#7848 = EDGE_LOOP('',(#7849));
#7849 = ORIENTED_EDGE('',*,*,#1671,.T.);
#7850 = FACE_BOUND('',#7851,.T.);
#7851 = EDGE_LOOP('',(#7852,#7853,#7854,#7855));
#7852 = ORIENTED_EDGE('',*,*,#1712,.T.);
#7853 = ORIENTED_EDGE('',*,*,#1744,.T.);
#7854 = ORIENTED_EDGE('',*,*,#1776,.T.);
#7855 = ORIENTED_EDGE('',*,*,#1799,.T.);
#7856 = FACE_BOUND('',#7857,.T.);
#7857 = EDGE_LOOP('',(#7858));
#7858 = ORIENTED_EDGE('',*,*,#1832,.T.);
#7859 = FACE_BOUND('',#7860,.T.);
#7860 = EDGE_LOOP('',(#7861,#7862,#7863,#7864));
#7861 = ORIENTED_EDGE('',*,*,#1873,.T.);
#7862 = ORIENTED_EDGE('',*,*,#1905,.T.);
#7863 = ORIENTED_EDGE('',*,*,#1937,.T.);
#7864 = ORIENTED_EDGE('',*,*,#1960,.T.);
#7865 = FACE_BOUND('',#7866,.T.);
#7866 = EDGE_LOOP('',(#7867));
#7867 = ORIENTED_EDGE('',*,*,#1993,.T.);
#7868 = FACE_BOUND('',#7869,.T.);
#7869 = EDGE_LOOP('',(#7870));
#7870 = ORIENTED_EDGE('',*,*,#2026,.T.);
#7871 = FACE_BOUND('',#7872,.T.);
#7872 = EDGE_LOOP('',(#7873));
#7873 = ORIENTED_EDGE('',*,*,#2059,.T.);
#7874 = FACE_BOUND('',#7875,.T.);
#7875 = EDGE_LOOP('',(#7876));
#7876 = ORIENTED_EDGE('',*,*,#2092,.T.);
#7877 = FACE_BOUND('',#7878,.T.);
#7878 = EDGE_LOOP('',(#7879));
#7879 = ORIENTED_EDGE('',*,*,#2125,.T.);
#7880 = FACE_BOUND('',#7881,.T.);
#7881 = EDGE_LOOP('',(#7882));
#7882 = ORIENTED_EDGE('',*,*,#2158,.T.);
#7883 = FACE_BOUND('',#7884,.T.);
#7884 = EDGE_LOOP('',(#7885));
#7885 = ORIENTED_EDGE('',*,*,#2191,.T.);
#7886 = FACE_BOUND('',#7887,.T.);
#7887 = EDGE_LOOP('',(#7888));
#7888 = ORIENTED_EDGE('',*,*,#2224,.T.);
#7889 = FACE_BOUND('',#7890,.T.);
#7890 = EDGE_LOOP('',(#7891));
#7891 = ORIENTED_EDGE('',*,*,#2257,.T.);
#7892 = FACE_BOUND('',#7893,.T.);
#7893 = EDGE_LOOP('',(#7894));
#7894 = ORIENTED_EDGE('',*,*,#2290,.T.);
#7895 = FACE_BOUND('',#7896,.T.);
#7896 = EDGE_LOOP('',(#7897));
#7897 = ORIENTED_EDGE('',*,*,#2323,.T.);
#7898 = FACE_BOUND('',#7899,.T.);
#7899 = EDGE_LOOP('',(#7900));
#7900 = ORIENTED_EDGE('',*,*,#2356,.T.);
#7901 = FACE_BOUND('',#7902,.T.);
#7902 = EDGE_LOOP('',(#7903));
#7903 = ORIENTED_EDGE('',*,*,#2389,.T.);
#7904 = FACE_BOUND('',#7905,.T.);
#7905 = EDGE_LOOP('',(#7906));
#7906 = ORIENTED_EDGE('',*,*,#2422,.T.);
#7907 = FACE_BOUND('',#7908,.T.);
#7908 = EDGE_LOOP('',(#7909));
#7909 = ORIENTED_EDGE('',*,*,#2455,.T.);
#7910 = FACE_BOUND('',#7911,.T.);
#7911 = EDGE_LOOP('',(#7912));
#7912 = ORIENTED_EDGE('',*,*,#2488,.T.);
#7913 = FACE_BOUND('',#7914,.T.);
#7914 = EDGE_LOOP('',(#7915));
#7915 = ORIENTED_EDGE('',*,*,#2521,.T.);
#7916 = FACE_BOUND('',#7917,.T.);
#7917 = EDGE_LOOP('',(#7918));
#7918 = ORIENTED_EDGE('',*,*,#2554,.T.);
#7919 = FACE_BOUND('',#7920,.T.);
#7920 = EDGE_LOOP('',(#7921));
#7921 = ORIENTED_EDGE('',*,*,#2587,.T.);
#7922 = FACE_BOUND('',#7923,.T.);
#7923 = EDGE_LOOP('',(#7924));
#7924 = ORIENTED_EDGE('',*,*,#2620,.T.);
#7925 = FACE_BOUND('',#7926,.T.);
#7926 = EDGE_LOOP('',(#7927));
#7927 = ORIENTED_EDGE('',*,*,#2653,.T.);
#7928 = FACE_BOUND('',#7929,.T.);
#7929 = EDGE_LOOP('',(#7930));
#7930 = ORIENTED_EDGE('',*,*,#2686,.T.);
#7931 = FACE_BOUND('',#7932,.T.);
#7932 = EDGE_LOOP('',(#7933));
#7933 = ORIENTED_EDGE('',*,*,#2719,.T.);
#7934 = FACE_BOUND('',#7935,.T.);
#7935 = EDGE_LOOP('',(#7936));
#7936 = ORIENTED_EDGE('',*,*,#2752,.T.);
#7937 = FACE_BOUND('',#7938,.T.);
#7938 = EDGE_LOOP('',(#7939));
#7939 = ORIENTED_EDGE('',*,*,#2785,.T.);
#7940 = FACE_BOUND('',#7941,.T.);
#7941 = EDGE_LOOP('',(#7942));
#7942 = ORIENTED_EDGE('',*,*,#2818,.T.);
#7943 = FACE_BOUND('',#7944,.T.);
#7944 = EDGE_LOOP('',(#7945));
#7945 = ORIENTED_EDGE('',*,*,#2851,.T.);
#7946 = FACE_BOUND('',#7947,.T.);
#7947 = EDGE_LOOP('',(#7948));
#7948 = ORIENTED_EDGE('',*,*,#2884,.T.);
#7949 = FACE_BOUND('',#7950,.T.);
#7950 = EDGE_LOOP('',(#7951));
#7951 = ORIENTED_EDGE('',*,*,#2917,.T.);
#7952 = FACE_BOUND('',#7953,.T.);
#7953 = EDGE_LOOP('',(#7954));
#7954 = ORIENTED_EDGE('',*,*,#2950,.T.);
#7955 = FACE_BOUND('',#7956,.T.);
#7956 = EDGE_LOOP('',(#7957));
#7957 = ORIENTED_EDGE('',*,*,#2983,.T.);
#7958 = FACE_BOUND('',#7959,.T.);
#7959 = EDGE_LOOP('',(#7960));
#7960 = ORIENTED_EDGE('',*,*,#3016,.T.);
#7961 = FACE_BOUND('',#7962,.T.);
#7962 = EDGE_LOOP('',(#7963));
#7963 = ORIENTED_EDGE('',*,*,#3049,.T.);
#7964 = FACE_BOUND('',#7965,.T.);
#7965 = EDGE_LOOP('',(#7966));
#7966 = ORIENTED_EDGE('',*,*,#3082,.T.);
#7967 = FACE_BOUND('',#7968,.T.);
#7968 = EDGE_LOOP('',(#7969));
#7969 = ORIENTED_EDGE('',*,*,#3115,.T.);
#7970 = FACE_BOUND('',#7971,.T.);
#7971 = EDGE_LOOP('',(#7972));
#7972 = ORIENTED_EDGE('',*,*,#3148,.T.);
#7973 = FACE_BOUND('',#7974,.T.);
#7974 = EDGE_LOOP('',(#7975));
#7975 = ORIENTED_EDGE('',*,*,#3181,.T.);
#7976 = FACE_BOUND('',#7977,.T.);
#7977 = EDGE_LOOP('',(#7978));
#7978 = ORIENTED_EDGE('',*,*,#3214,.T.);
#7979 = FACE_BOUND('',#7980,.T.);
#7980 = EDGE_LOOP('',(#7981));
#7981 = ORIENTED_EDGE('',*,*,#3247,.T.);
#7982 = FACE_BOUND('',#7983,.T.);
#7983 = EDGE_LOOP('',(#7984));
#7984 = ORIENTED_EDGE('',*,*,#3280,.T.);
#7985 = FACE_BOUND('',#7986,.T.);
#7986 = EDGE_LOOP('',(#7987));
#7987 = ORIENTED_EDGE('',*,*,#3313,.T.);
#7988 = FACE_BOUND('',#7989,.T.);
#7989 = EDGE_LOOP('',(#7990));
#7990 = ORIENTED_EDGE('',*,*,#3346,.T.);
#7991 = FACE_BOUND('',#7992,.T.);
#7992 = EDGE_LOOP('',(#7993));
#7993 = ORIENTED_EDGE('',*,*,#3379,.T.);
#7994 = FACE_BOUND('',#7995,.T.);
#7995 = EDGE_LOOP('',(#7996));
#7996 = ORIENTED_EDGE('',*,*,#3412,.T.);
#7997 = FACE_BOUND('',#7998,.T.);
#7998 = EDGE_LOOP('',(#7999));
#7999 = ORIENTED_EDGE('',*,*,#3445,.T.);
#8000 = FACE_BOUND('',#8001,.T.);
#8001 = EDGE_LOOP('',(#8002));
#8002 = ORIENTED_EDGE('',*,*,#3478,.T.);
#8003 = FACE_BOUND('',#8004,.T.);
#8004 = EDGE_LOOP('',(#8005));
#8005 = ORIENTED_EDGE('',*,*,#3511,.T.);
#8006 = FACE_BOUND('',#8007,.T.);
#8007 = EDGE_LOOP('',(#8008));
#8008 = ORIENTED_EDGE('',*,*,#3544,.T.);
#8009 = FACE_BOUND('',#8010,.T.);
#8010 = EDGE_LOOP('',(#8011));
#8011 = ORIENTED_EDGE('',*,*,#3577,.T.);
#8012 = FACE_BOUND('',#8013,.T.);
#8013 = EDGE_LOOP('',(#8014));
#8014 = ORIENTED_EDGE('',*,*,#3610,.T.);
#8015 = FACE_BOUND('',#8016,.T.);
#8016 = EDGE_LOOP('',(#8017));
#8017 = ORIENTED_EDGE('',*,*,#3643,.T.);
#8018 = FACE_BOUND('',#8019,.T.);
#8019 = EDGE_LOOP('',(#8020));
#8020 = ORIENTED_EDGE('',*,*,#3676,.T.);
#8021 = FACE_BOUND('',#8022,.T.);
#8022 = EDGE_LOOP('',(#8023));
#8023 = ORIENTED_EDGE('',*,*,#3709,.T.);
#8024 = FACE_BOUND('',#8025,.T.);
#8025 = EDGE_LOOP('',(#8026,#8027,#8028,#8029));
#8026 = ORIENTED_EDGE('',*,*,#3750,.F.);
#8027 = ORIENTED_EDGE('',*,*,#3781,.F.);
#8028 = ORIENTED_EDGE('',*,*,#3812,.F.);
#8029 = ORIENTED_EDGE('',*,*,#3834,.F.);
#8030 = FACE_BOUND('',#8031,.T.);
#8031 = EDGE_LOOP('',(#8032));
#8032 = ORIENTED_EDGE('',*,*,#3866,.T.);
#8033 = FACE_BOUND('',#8034,.T.);
#8034 = EDGE_LOOP('',(#8035));
#8035 = ORIENTED_EDGE('',*,*,#3899,.T.);
#8036 = FACE_BOUND('',#8037,.T.);
#8037 = EDGE_LOOP('',(#8038));
#8038 = ORIENTED_EDGE('',*,*,#3932,.T.);
#8039 = FACE_BOUND('',#8040,.T.);
#8040 = EDGE_LOOP('',(#8041));
#8041 = ORIENTED_EDGE('',*,*,#3965,.T.);
#8042 = FACE_BOUND('',#8043,.T.);
#8043 = EDGE_LOOP('',(#8044));
#8044 = ORIENTED_EDGE('',*,*,#3998,.T.);
#8045 = FACE_BOUND('',#8046,.T.);
#8046 = EDGE_LOOP('',(#8047));
#8047 = ORIENTED_EDGE('',*,*,#4031,.T.);
#8048 = FACE_BOUND('',#8049,.T.);
#8049 = EDGE_LOOP('',(#8050));
#8050 = ORIENTED_EDGE('',*,*,#4064,.T.);
#8051 = FACE_BOUND('',#8052,.T.);
#8052 = EDGE_LOOP('',(#8053));
#8053 = ORIENTED_EDGE('',*,*,#4097,.T.);
#8054 = FACE_BOUND('',#8055,.T.);
#8055 = EDGE_LOOP('',(#8056));
#8056 = ORIENTED_EDGE('',*,*,#4130,.T.);
#8057 = FACE_BOUND('',#8058,.T.);
#8058 = EDGE_LOOP('',(#8059));
#8059 = ORIENTED_EDGE('',*,*,#4163,.T.);
#8060 = FACE_BOUND('',#8061,.T.);
#8061 = EDGE_LOOP('',(#8062));
#8062 = ORIENTED_EDGE('',*,*,#4196,.T.);
#8063 = FACE_BOUND('',#8064,.T.);
#8064 = EDGE_LOOP('',(#8065));
#8065 = ORIENTED_EDGE('',*,*,#4229,.T.);
#8066 = FACE_BOUND('',#8067,.T.);
#8067 = EDGE_LOOP('',(#8068));
#8068 = ORIENTED_EDGE('',*,*,#4262,.T.);
#8069 = FACE_BOUND('',#8070,.T.);
#8070 = EDGE_LOOP('',(#8071));
#8071 = ORIENTED_EDGE('',*,*,#4295,.T.);
#8072 = FACE_BOUND('',#8073,.T.);
#8073 = EDGE_LOOP('',(#8074));
#8074 = ORIENTED_EDGE('',*,*,#4328,.T.);
#8075 = FACE_BOUND('',#8076,.T.);
#8076 = EDGE_LOOP('',(#8077));
#8077 = ORIENTED_EDGE('',*,*,#4361,.T.);
#8078 = FACE_BOUND('',#8079,.T.);
#8079 = EDGE_LOOP('',(#8080));
#8080 = ORIENTED_EDGE('',*,*,#4394,.T.);
#8081 = FACE_BOUND('',#8082,.T.);
#8082 = EDGE_LOOP('',(#8083));
#8083 = ORIENTED_EDGE('',*,*,#4427,.T.);
#8084 = FACE_BOUND('',#8085,.T.);
#8085 = EDGE_LOOP('',(#8086));
#8086 = ORIENTED_EDGE('',*,*,#4460,.T.);
#8087 = FACE_BOUND('',#8088,.T.);
#8088 = EDGE_LOOP('',(#8089));
#8089 = ORIENTED_EDGE('',*,*,#4493,.T.);
#8090 = FACE_BOUND('',#8091,.T.);
#8091 = EDGE_LOOP('',(#8092));
#8092 = ORIENTED_EDGE('',*,*,#4526,.T.);
#8093 = FACE_BOUND('',#8094,.T.);
#8094 = EDGE_LOOP('',(#8095));
#8095 = ORIENTED_EDGE('',*,*,#4559,.T.);
#8096 = FACE_BOUND('',#8097,.T.);
#8097 = EDGE_LOOP('',(#8098));
#8098 = ORIENTED_EDGE('',*,*,#4592,.T.);
#8099 = FACE_BOUND('',#8100,.T.);
#8100 = EDGE_LOOP('',(#8101));
#8101 = ORIENTED_EDGE('',*,*,#4625,.T.);
#8102 = FACE_BOUND('',#8103,.T.);
#8103 = EDGE_LOOP('',(#8104));
#8104 = ORIENTED_EDGE('',*,*,#4658,.T.);
#8105 = FACE_BOUND('',#8106,.T.);
#8106 = EDGE_LOOP('',(#8107));
#8107 = ORIENTED_EDGE('',*,*,#4691,.T.);
#8108 = FACE_BOUND('',#8109,.T.);
#8109 = EDGE_LOOP('',(#8110));
#8110 = ORIENTED_EDGE('',*,*,#4724,.T.);
#8111 = FACE_BOUND('',#8112,.T.);
#8112 = EDGE_LOOP('',(#8113));
#8113 = ORIENTED_EDGE('',*,*,#4757,.T.);
#8114 = FACE_BOUND('',#8115,.T.);
#8115 = EDGE_LOOP('',(#8116));
#8116 = ORIENTED_EDGE('',*,*,#4790,.T.);
#8117 = FACE_BOUND('',#8118,.T.);
#8118 = EDGE_LOOP('',(#8119));
#8119 = ORIENTED_EDGE('',*,*,#4823,.T.);
#8120 = FACE_BOUND('',#8121,.T.);
#8121 = EDGE_LOOP('',(#8122));
#8122 = ORIENTED_EDGE('',*,*,#4856,.T.);
#8123 = FACE_BOUND('',#8124,.T.);
#8124 = EDGE_LOOP('',(#8125));
#8125 = ORIENTED_EDGE('',*,*,#4889,.T.);
#8126 = FACE_BOUND('',#8127,.T.);
#8127 = EDGE_LOOP('',(#8128));
#8128 = ORIENTED_EDGE('',*,*,#4922,.T.);
#8129 = FACE_BOUND('',#8130,.T.);
#8130 = EDGE_LOOP('',(#8131));
#8131 = ORIENTED_EDGE('',*,*,#4955,.T.);
#8132 = FACE_BOUND('',#8133,.T.);
#8133 = EDGE_LOOP('',(#8134));
#8134 = ORIENTED_EDGE('',*,*,#4988,.T.);
#8135 = FACE_BOUND('',#8136,.T.);
#8136 = EDGE_LOOP('',(#8137));
#8137 = ORIENTED_EDGE('',*,*,#5021,.T.);
#8138 = FACE_BOUND('',#8139,.T.);
#8139 = EDGE_LOOP('',(#8140));
#8140 = ORIENTED_EDGE('',*,*,#5054,.T.);
#8141 = FACE_BOUND('',#8142,.T.);
#8142 = EDGE_LOOP('',(#8143));
#8143 = ORIENTED_EDGE('',*,*,#5087,.T.);
#8144 = FACE_BOUND('',#8145,.T.);
#8145 = EDGE_LOOP('',(#8146));
#8146 = ORIENTED_EDGE('',*,*,#5120,.T.);
#8147 = FACE_BOUND('',#8148,.T.);
#8148 = EDGE_LOOP('',(#8149));
#8149 = ORIENTED_EDGE('',*,*,#5153,.T.);
#8150 = FACE_BOUND('',#8151,.T.);
#8151 = EDGE_LOOP('',(#8152));
#8152 = ORIENTED_EDGE('',*,*,#5186,.T.);
#8153 = FACE_BOUND('',#8154,.T.);
#8154 = EDGE_LOOP('',(#8155));
#8155 = ORIENTED_EDGE('',*,*,#5219,.T.);
#8156 = FACE_BOUND('',#8157,.T.);
#8157 = EDGE_LOOP('',(#8158));
#8158 = ORIENTED_EDGE('',*,*,#5252,.T.);
#8159 = FACE_BOUND('',#8160,.T.);
#8160 = EDGE_LOOP('',(#8161));
#8161 = ORIENTED_EDGE('',*,*,#5285,.T.);
#8162 = FACE_BOUND('',#8163,.T.);
#8163 = EDGE_LOOP('',(#8164));
#8164 = ORIENTED_EDGE('',*,*,#5318,.T.);
#8165 = FACE_BOUND('',#8166,.T.);
#8166 = EDGE_LOOP('',(#8167));
#8167 = ORIENTED_EDGE('',*,*,#5351,.T.);
#8168 = FACE_BOUND('',#8169,.T.);
#8169 = EDGE_LOOP('',(#8170));
#8170 = ORIENTED_EDGE('',*,*,#5384,.T.);
#8171 = FACE_BOUND('',#8172,.T.);
#8172 = EDGE_LOOP('',(#8173));
#8173 = ORIENTED_EDGE('',*,*,#5417,.T.);
#8174 = FACE_BOUND('',#8175,.T.);
#8175 = EDGE_LOOP('',(#8176));
#8176 = ORIENTED_EDGE('',*,*,#5450,.T.);
#8177 = FACE_BOUND('',#8178,.T.);
#8178 = EDGE_LOOP('',(#8179));
#8179 = ORIENTED_EDGE('',*,*,#5483,.T.);
#8180 = FACE_BOUND('',#8181,.T.);
#8181 = EDGE_LOOP('',(#8182));
#8182 = ORIENTED_EDGE('',*,*,#5516,.T.);
#8183 = FACE_BOUND('',#8184,.T.);
#8184 = EDGE_LOOP('',(#8185));
#8185 = ORIENTED_EDGE('',*,*,#5549,.T.);
#8186 = FACE_BOUND('',#8187,.T.);
#8187 = EDGE_LOOP('',(#8188));
#8188 = ORIENTED_EDGE('',*,*,#5582,.T.);
#8189 = FACE_BOUND('',#8190,.T.);
#8190 = EDGE_LOOP('',(#8191));
#8191 = ORIENTED_EDGE('',*,*,#5615,.T.);
#8192 = FACE_BOUND('',#8193,.T.);
#8193 = EDGE_LOOP('',(#8194));
#8194 = ORIENTED_EDGE('',*,*,#5648,.T.);
#8195 = FACE_BOUND('',#8196,.T.);
#8196 = EDGE_LOOP('',(#8197));
#8197 = ORIENTED_EDGE('',*,*,#5681,.T.);
#8198 = FACE_BOUND('',#8199,.T.);
#8199 = EDGE_LOOP('',(#8200));
#8200 = ORIENTED_EDGE('',*,*,#5714,.T.);
#8201 = FACE_BOUND('',#8202,.T.);
#8202 = EDGE_LOOP('',(#8203));
#8203 = ORIENTED_EDGE('',*,*,#5747,.T.);
#8204 = FACE_BOUND('',#8205,.T.);
#8205 = EDGE_LOOP('',(#8206));
#8206 = ORIENTED_EDGE('',*,*,#5780,.T.);
#8207 = FACE_BOUND('',#8208,.T.);
#8208 = EDGE_LOOP('',(#8209));
#8209 = ORIENTED_EDGE('',*,*,#5813,.T.);
#8210 = FACE_BOUND('',#8211,.T.);
#8211 = EDGE_LOOP('',(#8212));
#8212 = ORIENTED_EDGE('',*,*,#5846,.T.);
#8213 = FACE_BOUND('',#8214,.T.);
#8214 = EDGE_LOOP('',(#8215));
#8215 = ORIENTED_EDGE('',*,*,#5879,.T.);
#8216 = FACE_BOUND('',#8217,.T.);
#8217 = EDGE_LOOP('',(#8218));
#8218 = ORIENTED_EDGE('',*,*,#5912,.T.);
#8219 = FACE_BOUND('',#8220,.T.);
#8220 = EDGE_LOOP('',(#8221));
#8221 = ORIENTED_EDGE('',*,*,#5945,.T.);
#8222 = FACE_BOUND('',#8223,.T.);
#8223 = EDGE_LOOP('',(#8224));
#8224 = ORIENTED_EDGE('',*,*,#5978,.T.);
#8225 = FACE_BOUND('',#8226,.T.);
#8226 = EDGE_LOOP('',(#8227));
#8227 = ORIENTED_EDGE('',*,*,#6011,.T.);
#8228 = FACE_BOUND('',#8229,.T.);
#8229 = EDGE_LOOP('',(#8230));
#8230 = ORIENTED_EDGE('',*,*,#6044,.T.);
#8231 = FACE_BOUND('',#8232,.T.);
#8232 = EDGE_LOOP('',(#8233));
#8233 = ORIENTED_EDGE('',*,*,#6077,.T.);
#8234 = FACE_BOUND('',#8235,.T.);
#8235 = EDGE_LOOP('',(#8236));
#8236 = ORIENTED_EDGE('',*,*,#6110,.T.);
#8237 = FACE_BOUND('',#8238,.T.);
#8238 = EDGE_LOOP('',(#8239));
#8239 = ORIENTED_EDGE('',*,*,#6143,.T.);
#8240 = FACE_BOUND('',#8241,.T.);
#8241 = EDGE_LOOP('',(#8242));
#8242 = ORIENTED_EDGE('',*,*,#6176,.T.);
#8243 = FACE_BOUND('',#8244,.T.);
#8244 = EDGE_LOOP('',(#8245));
#8245 = ORIENTED_EDGE('',*,*,#6209,.T.);
#8246 = FACE_BOUND('',#8247,.T.);
#8247 = EDGE_LOOP('',(#8248));
#8248 = ORIENTED_EDGE('',*,*,#6242,.T.);
#8249 = FACE_BOUND('',#8250,.T.);
#8250 = EDGE_LOOP('',(#8251));
#8251 = ORIENTED_EDGE('',*,*,#6275,.T.);
#8252 = FACE_BOUND('',#8253,.T.);
#8253 = EDGE_LOOP('',(#8254));
#8254 = ORIENTED_EDGE('',*,*,#6308,.T.);
#8255 = FACE_BOUND('',#8256,.T.);
#8256 = EDGE_LOOP('',(#8257));
#8257 = ORIENTED_EDGE('',*,*,#6341,.T.);
#8258 = FACE_BOUND('',#8259,.T.);
#8259 = EDGE_LOOP('',(#8260));
#8260 = ORIENTED_EDGE('',*,*,#6374,.T.);
#8261 = FACE_BOUND('',#8262,.T.);
#8262 = EDGE_LOOP('',(#8263));
#8263 = ORIENTED_EDGE('',*,*,#6407,.T.);
#8264 = FACE_BOUND('',#8265,.T.);
#8265 = EDGE_LOOP('',(#8266));
#8266 = ORIENTED_EDGE('',*,*,#6440,.T.);
#8267 = FACE_BOUND('',#8268,.T.);
#8268 = EDGE_LOOP('',(#8269));
#8269 = ORIENTED_EDGE('',*,*,#6473,.T.);
#8270 = FACE_BOUND('',#8271,.T.);
#8271 = EDGE_LOOP('',(#8272));
#8272 = ORIENTED_EDGE('',*,*,#6506,.T.);
#8273 = FACE_BOUND('',#8274,.T.);
#8274 = EDGE_LOOP('',(#8275));
#8275 = ORIENTED_EDGE('',*,*,#6539,.T.);
#8276 = FACE_BOUND('',#8277,.T.);
#8277 = EDGE_LOOP('',(#8278));
#8278 = ORIENTED_EDGE('',*,*,#6572,.T.);
#8279 = FACE_BOUND('',#8280,.T.);
#8280 = EDGE_LOOP('',(#8281));
#8281 = ORIENTED_EDGE('',*,*,#6605,.T.);
#8282 = FACE_BOUND('',#8283,.T.);
#8283 = EDGE_LOOP('',(#8284));
#8284 = ORIENTED_EDGE('',*,*,#6638,.T.);
#8285 = FACE_BOUND('',#8286,.T.);
#8286 = EDGE_LOOP('',(#8287));
#8287 = ORIENTED_EDGE('',*,*,#6671,.T.);
#8288 = FACE_BOUND('',#8289,.T.);
#8289 = EDGE_LOOP('',(#8290));
#8290 = ORIENTED_EDGE('',*,*,#6704,.T.);
#8291 = FACE_BOUND('',#8292,.T.);
#8292 = EDGE_LOOP('',(#8293));
#8293 = ORIENTED_EDGE('',*,*,#6737,.T.);
#8294 = FACE_BOUND('',#8295,.T.);
#8295 = EDGE_LOOP('',(#8296));
#8296 = ORIENTED_EDGE('',*,*,#6770,.T.);
#8297 = FACE_BOUND('',#8298,.T.);
#8298 = EDGE_LOOP('',(#8299));
#8299 = ORIENTED_EDGE('',*,*,#6803,.T.);
#8300 = FACE_BOUND('',#8301,.T.);
#8301 = EDGE_LOOP('',(#8302));
#8302 = ORIENTED_EDGE('',*,*,#6836,.T.);
#8303 = FACE_BOUND('',#8304,.T.);
#8304 = EDGE_LOOP('',(#8305));
#8305 = ORIENTED_EDGE('',*,*,#6869,.T.);
#8306 = FACE_BOUND('',#8307,.T.);
#8307 = EDGE_LOOP('',(#8308));
#8308 = ORIENTED_EDGE('',*,*,#6902,.T.);
#8309 = FACE_BOUND('',#8310,.T.);
#8310 = EDGE_LOOP('',(#8311));
#8311 = ORIENTED_EDGE('',*,*,#6935,.T.);
#8312 = FACE_BOUND('',#8313,.T.);
#8313 = EDGE_LOOP('',(#8314));
#8314 = ORIENTED_EDGE('',*,*,#6968,.T.);
#8315 = FACE_BOUND('',#8316,.T.);
#8316 = EDGE_LOOP('',(#8317));
#8317 = ORIENTED_EDGE('',*,*,#7001,.T.);
#8318 = FACE_BOUND('',#8319,.T.);
#8319 = EDGE_LOOP('',(#8320));
#8320 = ORIENTED_EDGE('',*,*,#7034,.T.);
#8321 = FACE_BOUND('',#8322,.T.);
#8322 = EDGE_LOOP('',(#8323));
#8323 = ORIENTED_EDGE('',*,*,#7067,.T.);
#8324 = FACE_BOUND('',#8325,.T.);
#8325 = EDGE_LOOP('',(#8326));
#8326 = ORIENTED_EDGE('',*,*,#7100,.T.);
#8327 = FACE_BOUND('',#8328,.T.);
#8328 = EDGE_LOOP('',(#8329));
#8329 = ORIENTED_EDGE('',*,*,#7133,.T.);
#8330 = FACE_BOUND('',#8331,.T.);
#8331 = EDGE_LOOP('',(#8332));
#8332 = ORIENTED_EDGE('',*,*,#7166,.T.);
#8333 = FACE_BOUND('',#8334,.T.);
#8334 = EDGE_LOOP('',(#8335));
#8335 = ORIENTED_EDGE('',*,*,#7199,.T.);
#8336 = FACE_BOUND('',#8337,.T.);
#8337 = EDGE_LOOP('',(#8338));
#8338 = ORIENTED_EDGE('',*,*,#7232,.T.);
#8339 = FACE_BOUND('',#8340,.T.);
#8340 = EDGE_LOOP('',(#8341,#8342,#8343,#8344));
#8341 = ORIENTED_EDGE('',*,*,#7273,.T.);
#8342 = ORIENTED_EDGE('',*,*,#7304,.T.);
#8343 = ORIENTED_EDGE('',*,*,#7335,.T.);
#8344 = ORIENTED_EDGE('',*,*,#7357,.T.);
#8345 = FACE_BOUND('',#8346,.T.);
#8346 = EDGE_LOOP('',(#8347));
#8347 = ORIENTED_EDGE('',*,*,#7389,.T.);
#8348 = FACE_BOUND('',#8349,.T.);
#8349 = EDGE_LOOP('',(#8350));
#8350 = ORIENTED_EDGE('',*,*,#7422,.T.);
#8351 = FACE_BOUND('',#8352,.T.);
#8352 = EDGE_LOOP('',(#8353));
#8353 = ORIENTED_EDGE('',*,*,#7455,.T.);
#8354 = FACE_BOUND('',#8355,.T.);
#8355 = EDGE_LOOP('',(#8356));
#8356 = ORIENTED_EDGE('',*,*,#7488,.T.);
#8357 = FACE_BOUND('',#8358,.T.);
#8358 = EDGE_LOOP('',(#8359));
#8359 = ORIENTED_EDGE('',*,*,#7521,.T.);
#8360 = FACE_BOUND('',#8361,.T.);
#8361 = EDGE_LOOP('',(#8362));
#8362 = ORIENTED_EDGE('',*,*,#7554,.T.);
#8363 = FACE_BOUND('',#8364,.T.);
#8364 = EDGE_LOOP('',(#8365));
#8365 = ORIENTED_EDGE('',*,*,#7587,.T.);
#8366 = FACE_BOUND('',#8367,.T.);
#8367 = EDGE_LOOP('',(#8368));
#8368 = ORIENTED_EDGE('',*,*,#7620,.T.);
#8369 = FACE_BOUND('',#8370,.T.);
#8370 = EDGE_LOOP('',(#8371));
#8371 = ORIENTED_EDGE('',*,*,#7653,.T.);
#8372 = FACE_BOUND('',#8373,.T.);
#8373 = EDGE_LOOP('',(#8374));
#8374 = ORIENTED_EDGE('',*,*,#7686,.T.);
#8375 = FACE_BOUND('',#8376,.T.);
#8376 = EDGE_LOOP('',(#8377));
#8377 = ORIENTED_EDGE('',*,*,#7719,.T.);
#8378 = PLANE('',#8379);
#8379 = AXIS2_PLACEMENT_3D('',#8380,#8381,#8382);
#8380 = CARTESIAN_POINT('',(-65.91999816894,23.993000030518,-0.41148));
#8381 = DIRECTION('',(0.E+000,0.E+000,-1.));
#8382 = DIRECTION('',(-1.,0.E+000,-0.E+000));
#8383 = ADVANCED_FACE('',(#8384,#8390,#8394,#8398,#8401,#8404,#8407,
    #8410,#8413,#8416,#8419,#8422,#8425,#8428,#8431,#8434,#8437,#8440,
    #8443,#8446,#8449,#8452,#8455,#8458,#8461,#8464,#8467,#8473,#8479,
    #8485,#8488,#8491,#8494,#8500,#8503,#8509,#8512,#8518,#8521,#8524,
    #8527,#8530,#8533,#8536,#8539,#8542,#8545,#8548,#8551,#8554,#8557,
    #8560,#8563,#8566,#8569,#8572,#8575,#8578,#8581,#8584,#8587,#8590,
    #8593,#8596,#8599,#8602,#8605,#8608,#8611,#8614,#8617,#8620,#8623,
    #8626,#8629,#8632,#8635,#8638,#8641,#8644,#8647,#8650,#8653,#8656,
    #8659,#8662,#8665,#8668,#8671,#8674,#8677,#8683,#8686,#8689,#8692,
    #8695,#8698,#8701,#8704,#8707,#8710,#8713,#8716,#8719,#8722,#8725,
    #8728,#8731,#8734,#8737,#8740,#8743,#8746,#8749,#8752,#8755,#8758,
    #8761,#8764,#8767,#8770,#8773,#8776,#8779,#8782,#8785,#8788,#8791,
    #8794,#8797,#8800,#8803,#8806,#8809,#8812,#8815,#8818,#8821,#8824,
    #8827,#8830,#8833,#8836,#8839,#8842,#8845,#8848,#8851,#8854,#8857,
    #8860,#8863,#8866,#8869,#8872,#8875,#8878,#8881,#8884,#8887,#8890,
    #8893,#8896,#8899,#8902,#8905,#8908,#8911,#8914,#8917,#8920,#8923,
    #8926,#8929,#8932,#8935,#8938,#8941,#8944,#8947,#8950,#8953,#8956,
    #8959,#8962,#8965,#8968,#8971,#8974,#8977,#8980,#8983,#8986,#8989,
    #8992,#8998,#9001,#9004,#9007,#9010,#9013,#9016,#9019,#9022,#9025,
    #9028),#9031,.F.);
#8384 = FACE_BOUND('',#8385,.T.);
#8385 = EDGE_LOOP('',(#8386,#8387,#8388,#8389));
#8386 = ORIENTED_EDGE('',*,*,#31,.T.);
#8387 = ORIENTED_EDGE('',*,*,#64,.T.);
#8388 = ORIENTED_EDGE('',*,*,#97,.T.);
#8389 = ORIENTED_EDGE('',*,*,#128,.T.);
#8390 = FACE_BOUND('',#8391,.F.);
#8391 = EDGE_LOOP('',(#8392,#8393));
#8392 = ORIENTED_EDGE('',*,*,#161,.T.);
#8393 = ORIENTED_EDGE('',*,*,#194,.T.);
#8394 = FACE_BOUND('',#8395,.F.);
#8395 = EDGE_LOOP('',(#8396,#8397));
#8396 = ORIENTED_EDGE('',*,*,#227,.T.);
#8397 = ORIENTED_EDGE('',*,*,#260,.T.);
#8398 = FACE_BOUND('',#8399,.F.);
#8399 = EDGE_LOOP('',(#8400));
#8400 = ORIENTED_EDGE('',*,*,#293,.T.);
#8401 = FACE_BOUND('',#8402,.F.);
#8402 = EDGE_LOOP('',(#8403));
#8403 = ORIENTED_EDGE('',*,*,#326,.T.);
#8404 = FACE_BOUND('',#8405,.F.);
#8405 = EDGE_LOOP('',(#8406));
#8406 = ORIENTED_EDGE('',*,*,#359,.T.);
#8407 = FACE_BOUND('',#8408,.F.);
#8408 = EDGE_LOOP('',(#8409));
#8409 = ORIENTED_EDGE('',*,*,#392,.T.);
#8410 = FACE_BOUND('',#8411,.F.);
#8411 = EDGE_LOOP('',(#8412));
#8412 = ORIENTED_EDGE('',*,*,#425,.T.);
#8413 = FACE_BOUND('',#8414,.F.);
#8414 = EDGE_LOOP('',(#8415));
#8415 = ORIENTED_EDGE('',*,*,#458,.T.);
#8416 = FACE_BOUND('',#8417,.F.);
#8417 = EDGE_LOOP('',(#8418));
#8418 = ORIENTED_EDGE('',*,*,#491,.T.);
#8419 = FACE_BOUND('',#8420,.F.);
#8420 = EDGE_LOOP('',(#8421));
#8421 = ORIENTED_EDGE('',*,*,#524,.T.);
#8422 = FACE_BOUND('',#8423,.F.);
#8423 = EDGE_LOOP('',(#8424));
#8424 = ORIENTED_EDGE('',*,*,#557,.T.);
#8425 = FACE_BOUND('',#8426,.F.);
#8426 = EDGE_LOOP('',(#8427));
#8427 = ORIENTED_EDGE('',*,*,#590,.T.);
#8428 = FACE_BOUND('',#8429,.F.);
#8429 = EDGE_LOOP('',(#8430));
#8430 = ORIENTED_EDGE('',*,*,#623,.T.);
#8431 = FACE_BOUND('',#8432,.F.);
#8432 = EDGE_LOOP('',(#8433));
#8433 = ORIENTED_EDGE('',*,*,#656,.T.);
#8434 = FACE_BOUND('',#8435,.F.);
#8435 = EDGE_LOOP('',(#8436));
#8436 = ORIENTED_EDGE('',*,*,#689,.T.);
#8437 = FACE_BOUND('',#8438,.F.);
#8438 = EDGE_LOOP('',(#8439));
#8439 = ORIENTED_EDGE('',*,*,#722,.T.);
#8440 = FACE_BOUND('',#8441,.F.);
#8441 = EDGE_LOOP('',(#8442));
#8442 = ORIENTED_EDGE('',*,*,#755,.T.);
#8443 = FACE_BOUND('',#8444,.F.);
#8444 = EDGE_LOOP('',(#8445));
#8445 = ORIENTED_EDGE('',*,*,#788,.T.);
#8446 = FACE_BOUND('',#8447,.F.);
#8447 = EDGE_LOOP('',(#8448));
#8448 = ORIENTED_EDGE('',*,*,#821,.T.);
#8449 = FACE_BOUND('',#8450,.F.);
#8450 = EDGE_LOOP('',(#8451));
#8451 = ORIENTED_EDGE('',*,*,#854,.T.);
#8452 = FACE_BOUND('',#8453,.F.);
#8453 = EDGE_LOOP('',(#8454));
#8454 = ORIENTED_EDGE('',*,*,#887,.T.);
#8455 = FACE_BOUND('',#8456,.F.);
#8456 = EDGE_LOOP('',(#8457));
#8457 = ORIENTED_EDGE('',*,*,#920,.T.);
#8458 = FACE_BOUND('',#8459,.F.);
#8459 = EDGE_LOOP('',(#8460));
#8460 = ORIENTED_EDGE('',*,*,#953,.T.);
#8461 = FACE_BOUND('',#8462,.F.);
#8462 = EDGE_LOOP('',(#8463));
#8463 = ORIENTED_EDGE('',*,*,#986,.T.);
#8464 = FACE_BOUND('',#8465,.F.);
#8465 = EDGE_LOOP('',(#8466));
#8466 = ORIENTED_EDGE('',*,*,#1019,.T.);
#8467 = FACE_BOUND('',#8468,.F.);
#8468 = EDGE_LOOP('',(#8469,#8470,#8471,#8472));
#8469 = ORIENTED_EDGE('',*,*,#1052,.T.);
#8470 = ORIENTED_EDGE('',*,*,#1083,.T.);
#8471 = ORIENTED_EDGE('',*,*,#1116,.T.);
#8472 = ORIENTED_EDGE('',*,*,#1147,.T.);
#8473 = FACE_BOUND('',#8474,.F.);
#8474 = EDGE_LOOP('',(#8475,#8476,#8477,#8478));
#8475 = ORIENTED_EDGE('',*,*,#1180,.T.);
#8476 = ORIENTED_EDGE('',*,*,#1211,.T.);
#8477 = ORIENTED_EDGE('',*,*,#1244,.T.);
#8478 = ORIENTED_EDGE('',*,*,#1275,.T.);
#8479 = FACE_BOUND('',#8480,.F.);
#8480 = EDGE_LOOP('',(#8481,#8482,#8483,#8484));
#8481 = ORIENTED_EDGE('',*,*,#1308,.T.);
#8482 = ORIENTED_EDGE('',*,*,#1339,.T.);
#8483 = ORIENTED_EDGE('',*,*,#1372,.T.);
#8484 = ORIENTED_EDGE('',*,*,#1403,.T.);
#8485 = FACE_BOUND('',#8486,.F.);
#8486 = EDGE_LOOP('',(#8487));
#8487 = ORIENTED_EDGE('',*,*,#1436,.T.);
#8488 = FACE_BOUND('',#8489,.F.);
#8489 = EDGE_LOOP('',(#8490));
#8490 = ORIENTED_EDGE('',*,*,#1469,.T.);
#8491 = FACE_BOUND('',#8492,.F.);
#8492 = EDGE_LOOP('',(#8493));
#8493 = ORIENTED_EDGE('',*,*,#1502,.T.);
#8494 = FACE_BOUND('',#8495,.F.);
#8495 = EDGE_LOOP('',(#8496,#8497,#8498,#8499));
#8496 = ORIENTED_EDGE('',*,*,#1535,.T.);
#8497 = ORIENTED_EDGE('',*,*,#1566,.T.);
#8498 = ORIENTED_EDGE('',*,*,#1599,.T.);
#8499 = ORIENTED_EDGE('',*,*,#1630,.T.);
#8500 = FACE_BOUND('',#8501,.F.);
#8501 = EDGE_LOOP('',(#8502));
#8502 = ORIENTED_EDGE('',*,*,#1663,.T.);
#8503 = FACE_BOUND('',#8504,.F.);
#8504 = EDGE_LOOP('',(#8505,#8506,#8507,#8508));
#8505 = ORIENTED_EDGE('',*,*,#1696,.T.);
#8506 = ORIENTED_EDGE('',*,*,#1727,.T.);
#8507 = ORIENTED_EDGE('',*,*,#1760,.T.);
#8508 = ORIENTED_EDGE('',*,*,#1791,.T.);
#8509 = FACE_BOUND('',#8510,.F.);
#8510 = EDGE_LOOP('',(#8511));
#8511 = ORIENTED_EDGE('',*,*,#1824,.T.);
#8512 = FACE_BOUND('',#8513,.F.);
#8513 = EDGE_LOOP('',(#8514,#8515,#8516,#8517));
#8514 = ORIENTED_EDGE('',*,*,#1857,.T.);
#8515 = ORIENTED_EDGE('',*,*,#1888,.T.);
#8516 = ORIENTED_EDGE('',*,*,#1921,.T.);
#8517 = ORIENTED_EDGE('',*,*,#1952,.T.);
#8518 = FACE_BOUND('',#8519,.F.);
#8519 = EDGE_LOOP('',(#8520));
#8520 = ORIENTED_EDGE('',*,*,#1985,.T.);
#8521 = FACE_BOUND('',#8522,.F.);
#8522 = EDGE_LOOP('',(#8523));
#8523 = ORIENTED_EDGE('',*,*,#2018,.T.);
#8524 = FACE_BOUND('',#8525,.F.);
#8525 = EDGE_LOOP('',(#8526));
#8526 = ORIENTED_EDGE('',*,*,#2051,.T.);
#8527 = FACE_BOUND('',#8528,.F.);
#8528 = EDGE_LOOP('',(#8529));
#8529 = ORIENTED_EDGE('',*,*,#2084,.T.);
#8530 = FACE_BOUND('',#8531,.F.);
#8531 = EDGE_LOOP('',(#8532));
#8532 = ORIENTED_EDGE('',*,*,#2117,.T.);
#8533 = FACE_BOUND('',#8534,.F.);
#8534 = EDGE_LOOP('',(#8535));
#8535 = ORIENTED_EDGE('',*,*,#2150,.T.);
#8536 = FACE_BOUND('',#8537,.F.);
#8537 = EDGE_LOOP('',(#8538));
#8538 = ORIENTED_EDGE('',*,*,#2183,.T.);
#8539 = FACE_BOUND('',#8540,.F.);
#8540 = EDGE_LOOP('',(#8541));
#8541 = ORIENTED_EDGE('',*,*,#2216,.T.);
#8542 = FACE_BOUND('',#8543,.F.);
#8543 = EDGE_LOOP('',(#8544));
#8544 = ORIENTED_EDGE('',*,*,#2249,.T.);
#8545 = FACE_BOUND('',#8546,.F.);
#8546 = EDGE_LOOP('',(#8547));
#8547 = ORIENTED_EDGE('',*,*,#2282,.T.);
#8548 = FACE_BOUND('',#8549,.F.);
#8549 = EDGE_LOOP('',(#8550));
#8550 = ORIENTED_EDGE('',*,*,#2315,.T.);
#8551 = FACE_BOUND('',#8552,.F.);
#8552 = EDGE_LOOP('',(#8553));
#8553 = ORIENTED_EDGE('',*,*,#2348,.T.);
#8554 = FACE_BOUND('',#8555,.F.);
#8555 = EDGE_LOOP('',(#8556));
#8556 = ORIENTED_EDGE('',*,*,#2381,.T.);
#8557 = FACE_BOUND('',#8558,.F.);
#8558 = EDGE_LOOP('',(#8559));
#8559 = ORIENTED_EDGE('',*,*,#2414,.T.);
#8560 = FACE_BOUND('',#8561,.F.);
#8561 = EDGE_LOOP('',(#8562));
#8562 = ORIENTED_EDGE('',*,*,#2447,.T.);
#8563 = FACE_BOUND('',#8564,.F.);
#8564 = EDGE_LOOP('',(#8565));
#8565 = ORIENTED_EDGE('',*,*,#2480,.T.);
#8566 = FACE_BOUND('',#8567,.F.);
#8567 = EDGE_LOOP('',(#8568));
#8568 = ORIENTED_EDGE('',*,*,#2513,.T.);
#8569 = FACE_BOUND('',#8570,.F.);
#8570 = EDGE_LOOP('',(#8571));
#8571 = ORIENTED_EDGE('',*,*,#2546,.T.);
#8572 = FACE_BOUND('',#8573,.F.);
#8573 = EDGE_LOOP('',(#8574));
#8574 = ORIENTED_EDGE('',*,*,#2579,.T.);
#8575 = FACE_BOUND('',#8576,.F.);
#8576 = EDGE_LOOP('',(#8577));
#8577 = ORIENTED_EDGE('',*,*,#2612,.T.);
#8578 = FACE_BOUND('',#8579,.F.);
#8579 = EDGE_LOOP('',(#8580));
#8580 = ORIENTED_EDGE('',*,*,#2645,.T.);
#8581 = FACE_BOUND('',#8582,.F.);
#8582 = EDGE_LOOP('',(#8583));
#8583 = ORIENTED_EDGE('',*,*,#2678,.T.);
#8584 = FACE_BOUND('',#8585,.F.);
#8585 = EDGE_LOOP('',(#8586));
#8586 = ORIENTED_EDGE('',*,*,#2711,.T.);
#8587 = FACE_BOUND('',#8588,.F.);
#8588 = EDGE_LOOP('',(#8589));
#8589 = ORIENTED_EDGE('',*,*,#2744,.T.);
#8590 = FACE_BOUND('',#8591,.F.);
#8591 = EDGE_LOOP('',(#8592));
#8592 = ORIENTED_EDGE('',*,*,#2777,.T.);
#8593 = FACE_BOUND('',#8594,.F.);
#8594 = EDGE_LOOP('',(#8595));
#8595 = ORIENTED_EDGE('',*,*,#2810,.T.);
#8596 = FACE_BOUND('',#8597,.F.);
#8597 = EDGE_LOOP('',(#8598));
#8598 = ORIENTED_EDGE('',*,*,#2843,.T.);
#8599 = FACE_BOUND('',#8600,.F.);
#8600 = EDGE_LOOP('',(#8601));
#8601 = ORIENTED_EDGE('',*,*,#2876,.T.);
#8602 = FACE_BOUND('',#8603,.F.);
#8603 = EDGE_LOOP('',(#8604));
#8604 = ORIENTED_EDGE('',*,*,#2909,.T.);
#8605 = FACE_BOUND('',#8606,.F.);
#8606 = EDGE_LOOP('',(#8607));
#8607 = ORIENTED_EDGE('',*,*,#2942,.T.);
#8608 = FACE_BOUND('',#8609,.F.);
#8609 = EDGE_LOOP('',(#8610));
#8610 = ORIENTED_EDGE('',*,*,#2975,.T.);
#8611 = FACE_BOUND('',#8612,.F.);
#8612 = EDGE_LOOP('',(#8613));
#8613 = ORIENTED_EDGE('',*,*,#3008,.T.);
#8614 = FACE_BOUND('',#8615,.F.);
#8615 = EDGE_LOOP('',(#8616));
#8616 = ORIENTED_EDGE('',*,*,#3041,.T.);
#8617 = FACE_BOUND('',#8618,.F.);
#8618 = EDGE_LOOP('',(#8619));
#8619 = ORIENTED_EDGE('',*,*,#3074,.T.);
#8620 = FACE_BOUND('',#8621,.F.);
#8621 = EDGE_LOOP('',(#8622));
#8622 = ORIENTED_EDGE('',*,*,#3107,.T.);
#8623 = FACE_BOUND('',#8624,.F.);
#8624 = EDGE_LOOP('',(#8625));
#8625 = ORIENTED_EDGE('',*,*,#3140,.T.);
#8626 = FACE_BOUND('',#8627,.F.);
#8627 = EDGE_LOOP('',(#8628));
#8628 = ORIENTED_EDGE('',*,*,#3173,.T.);
#8629 = FACE_BOUND('',#8630,.F.);
#8630 = EDGE_LOOP('',(#8631));
#8631 = ORIENTED_EDGE('',*,*,#3206,.T.);
#8632 = FACE_BOUND('',#8633,.F.);
#8633 = EDGE_LOOP('',(#8634));
#8634 = ORIENTED_EDGE('',*,*,#3239,.T.);
#8635 = FACE_BOUND('',#8636,.F.);
#8636 = EDGE_LOOP('',(#8637));
#8637 = ORIENTED_EDGE('',*,*,#3272,.T.);
#8638 = FACE_BOUND('',#8639,.F.);
#8639 = EDGE_LOOP('',(#8640));
#8640 = ORIENTED_EDGE('',*,*,#3305,.T.);
#8641 = FACE_BOUND('',#8642,.F.);
#8642 = EDGE_LOOP('',(#8643));
#8643 = ORIENTED_EDGE('',*,*,#3338,.T.);
#8644 = FACE_BOUND('',#8645,.F.);
#8645 = EDGE_LOOP('',(#8646));
#8646 = ORIENTED_EDGE('',*,*,#3371,.T.);
#8647 = FACE_BOUND('',#8648,.F.);
#8648 = EDGE_LOOP('',(#8649));
#8649 = ORIENTED_EDGE('',*,*,#3404,.T.);
#8650 = FACE_BOUND('',#8651,.F.);
#8651 = EDGE_LOOP('',(#8652));
#8652 = ORIENTED_EDGE('',*,*,#3437,.T.);
#8653 = FACE_BOUND('',#8654,.F.);
#8654 = EDGE_LOOP('',(#8655));
#8655 = ORIENTED_EDGE('',*,*,#3470,.T.);
#8656 = FACE_BOUND('',#8657,.F.);
#8657 = EDGE_LOOP('',(#8658));
#8658 = ORIENTED_EDGE('',*,*,#3503,.T.);
#8659 = FACE_BOUND('',#8660,.F.);
#8660 = EDGE_LOOP('',(#8661));
#8661 = ORIENTED_EDGE('',*,*,#3536,.T.);
#8662 = FACE_BOUND('',#8663,.F.);
#8663 = EDGE_LOOP('',(#8664));
#8664 = ORIENTED_EDGE('',*,*,#3569,.T.);
#8665 = FACE_BOUND('',#8666,.F.);
#8666 = EDGE_LOOP('',(#8667));
#8667 = ORIENTED_EDGE('',*,*,#3602,.T.);
#8668 = FACE_BOUND('',#8669,.F.);
#8669 = EDGE_LOOP('',(#8670));
#8670 = ORIENTED_EDGE('',*,*,#3635,.T.);
#8671 = FACE_BOUND('',#8672,.F.);
#8672 = EDGE_LOOP('',(#8673));
#8673 = ORIENTED_EDGE('',*,*,#3668,.T.);
#8674 = FACE_BOUND('',#8675,.F.);
#8675 = EDGE_LOOP('',(#8676));
#8676 = ORIENTED_EDGE('',*,*,#3701,.T.);
#8677 = FACE_BOUND('',#8678,.F.);
#8678 = EDGE_LOOP('',(#8679,#8680,#8681,#8682));
#8679 = ORIENTED_EDGE('',*,*,#3734,.F.);
#8680 = ORIENTED_EDGE('',*,*,#3774,.F.);
#8681 = ORIENTED_EDGE('',*,*,#3805,.F.);
#8682 = ORIENTED_EDGE('',*,*,#3827,.F.);
#8683 = FACE_BOUND('',#8684,.F.);
#8684 = EDGE_LOOP('',(#8685));
#8685 = ORIENTED_EDGE('',*,*,#3858,.T.);
#8686 = FACE_BOUND('',#8687,.F.);
#8687 = EDGE_LOOP('',(#8688));
#8688 = ORIENTED_EDGE('',*,*,#3891,.T.);
#8689 = FACE_BOUND('',#8690,.F.);
#8690 = EDGE_LOOP('',(#8691));
#8691 = ORIENTED_EDGE('',*,*,#3924,.T.);
#8692 = FACE_BOUND('',#8693,.F.);
#8693 = EDGE_LOOP('',(#8694));
#8694 = ORIENTED_EDGE('',*,*,#3957,.T.);
#8695 = FACE_BOUND('',#8696,.F.);
#8696 = EDGE_LOOP('',(#8697));
#8697 = ORIENTED_EDGE('',*,*,#3990,.T.);
#8698 = FACE_BOUND('',#8699,.F.);
#8699 = EDGE_LOOP('',(#8700));
#8700 = ORIENTED_EDGE('',*,*,#4023,.T.);
#8701 = FACE_BOUND('',#8702,.F.);
#8702 = EDGE_LOOP('',(#8703));
#8703 = ORIENTED_EDGE('',*,*,#4056,.T.);
#8704 = FACE_BOUND('',#8705,.F.);
#8705 = EDGE_LOOP('',(#8706));
#8706 = ORIENTED_EDGE('',*,*,#4089,.T.);
#8707 = FACE_BOUND('',#8708,.F.);
#8708 = EDGE_LOOP('',(#8709));
#8709 = ORIENTED_EDGE('',*,*,#4122,.T.);
#8710 = FACE_BOUND('',#8711,.F.);
#8711 = EDGE_LOOP('',(#8712));
#8712 = ORIENTED_EDGE('',*,*,#4155,.T.);
#8713 = FACE_BOUND('',#8714,.F.);
#8714 = EDGE_LOOP('',(#8715));
#8715 = ORIENTED_EDGE('',*,*,#4188,.T.);
#8716 = FACE_BOUND('',#8717,.F.);
#8717 = EDGE_LOOP('',(#8718));
#8718 = ORIENTED_EDGE('',*,*,#4221,.T.);
#8719 = FACE_BOUND('',#8720,.F.);
#8720 = EDGE_LOOP('',(#8721));
#8721 = ORIENTED_EDGE('',*,*,#4254,.T.);
#8722 = FACE_BOUND('',#8723,.F.);
#8723 = EDGE_LOOP('',(#8724));
#8724 = ORIENTED_EDGE('',*,*,#4287,.T.);
#8725 = FACE_BOUND('',#8726,.F.);
#8726 = EDGE_LOOP('',(#8727));
#8727 = ORIENTED_EDGE('',*,*,#4320,.T.);
#8728 = FACE_BOUND('',#8729,.F.);
#8729 = EDGE_LOOP('',(#8730));
#8730 = ORIENTED_EDGE('',*,*,#4353,.T.);
#8731 = FACE_BOUND('',#8732,.F.);
#8732 = EDGE_LOOP('',(#8733));
#8733 = ORIENTED_EDGE('',*,*,#4386,.T.);
#8734 = FACE_BOUND('',#8735,.F.);
#8735 = EDGE_LOOP('',(#8736));
#8736 = ORIENTED_EDGE('',*,*,#4419,.T.);
#8737 = FACE_BOUND('',#8738,.F.);
#8738 = EDGE_LOOP('',(#8739));
#8739 = ORIENTED_EDGE('',*,*,#4452,.T.);
#8740 = FACE_BOUND('',#8741,.F.);
#8741 = EDGE_LOOP('',(#8742));
#8742 = ORIENTED_EDGE('',*,*,#4485,.T.);
#8743 = FACE_BOUND('',#8744,.F.);
#8744 = EDGE_LOOP('',(#8745));
#8745 = ORIENTED_EDGE('',*,*,#4518,.T.);
#8746 = FACE_BOUND('',#8747,.F.);
#8747 = EDGE_LOOP('',(#8748));
#8748 = ORIENTED_EDGE('',*,*,#4551,.T.);
#8749 = FACE_BOUND('',#8750,.F.);
#8750 = EDGE_LOOP('',(#8751));
#8751 = ORIENTED_EDGE('',*,*,#4584,.T.);
#8752 = FACE_BOUND('',#8753,.F.);
#8753 = EDGE_LOOP('',(#8754));
#8754 = ORIENTED_EDGE('',*,*,#4617,.T.);
#8755 = FACE_BOUND('',#8756,.F.);
#8756 = EDGE_LOOP('',(#8757));
#8757 = ORIENTED_EDGE('',*,*,#4650,.T.);
#8758 = FACE_BOUND('',#8759,.F.);
#8759 = EDGE_LOOP('',(#8760));
#8760 = ORIENTED_EDGE('',*,*,#4683,.T.);
#8761 = FACE_BOUND('',#8762,.F.);
#8762 = EDGE_LOOP('',(#8763));
#8763 = ORIENTED_EDGE('',*,*,#4716,.T.);
#8764 = FACE_BOUND('',#8765,.F.);
#8765 = EDGE_LOOP('',(#8766));
#8766 = ORIENTED_EDGE('',*,*,#4749,.T.);
#8767 = FACE_BOUND('',#8768,.F.);
#8768 = EDGE_LOOP('',(#8769));
#8769 = ORIENTED_EDGE('',*,*,#4782,.T.);
#8770 = FACE_BOUND('',#8771,.F.);
#8771 = EDGE_LOOP('',(#8772));
#8772 = ORIENTED_EDGE('',*,*,#4815,.T.);
#8773 = FACE_BOUND('',#8774,.F.);
#8774 = EDGE_LOOP('',(#8775));
#8775 = ORIENTED_EDGE('',*,*,#4848,.T.);
#8776 = FACE_BOUND('',#8777,.F.);
#8777 = EDGE_LOOP('',(#8778));
#8778 = ORIENTED_EDGE('',*,*,#4881,.T.);
#8779 = FACE_BOUND('',#8780,.F.);
#8780 = EDGE_LOOP('',(#8781));
#8781 = ORIENTED_EDGE('',*,*,#4914,.T.);
#8782 = FACE_BOUND('',#8783,.F.);
#8783 = EDGE_LOOP('',(#8784));
#8784 = ORIENTED_EDGE('',*,*,#4947,.T.);
#8785 = FACE_BOUND('',#8786,.F.);
#8786 = EDGE_LOOP('',(#8787));
#8787 = ORIENTED_EDGE('',*,*,#4980,.T.);
#8788 = FACE_BOUND('',#8789,.F.);
#8789 = EDGE_LOOP('',(#8790));
#8790 = ORIENTED_EDGE('',*,*,#5013,.T.);
#8791 = FACE_BOUND('',#8792,.F.);
#8792 = EDGE_LOOP('',(#8793));
#8793 = ORIENTED_EDGE('',*,*,#5046,.T.);
#8794 = FACE_BOUND('',#8795,.F.);
#8795 = EDGE_LOOP('',(#8796));
#8796 = ORIENTED_EDGE('',*,*,#5079,.T.);
#8797 = FACE_BOUND('',#8798,.F.);
#8798 = EDGE_LOOP('',(#8799));
#8799 = ORIENTED_EDGE('',*,*,#5112,.T.);
#8800 = FACE_BOUND('',#8801,.F.);
#8801 = EDGE_LOOP('',(#8802));
#8802 = ORIENTED_EDGE('',*,*,#5145,.T.);
#8803 = FACE_BOUND('',#8804,.F.);
#8804 = EDGE_LOOP('',(#8805));
#8805 = ORIENTED_EDGE('',*,*,#5178,.T.);
#8806 = FACE_BOUND('',#8807,.F.);
#8807 = EDGE_LOOP('',(#8808));
#8808 = ORIENTED_EDGE('',*,*,#5211,.T.);
#8809 = FACE_BOUND('',#8810,.F.);
#8810 = EDGE_LOOP('',(#8811));
#8811 = ORIENTED_EDGE('',*,*,#5244,.T.);
#8812 = FACE_BOUND('',#8813,.F.);
#8813 = EDGE_LOOP('',(#8814));
#8814 = ORIENTED_EDGE('',*,*,#5277,.T.);
#8815 = FACE_BOUND('',#8816,.F.);
#8816 = EDGE_LOOP('',(#8817));
#8817 = ORIENTED_EDGE('',*,*,#5310,.T.);
#8818 = FACE_BOUND('',#8819,.F.);
#8819 = EDGE_LOOP('',(#8820));
#8820 = ORIENTED_EDGE('',*,*,#5343,.T.);
#8821 = FACE_BOUND('',#8822,.F.);
#8822 = EDGE_LOOP('',(#8823));
#8823 = ORIENTED_EDGE('',*,*,#5376,.T.);
#8824 = FACE_BOUND('',#8825,.F.);
#8825 = EDGE_LOOP('',(#8826));
#8826 = ORIENTED_EDGE('',*,*,#5409,.T.);
#8827 = FACE_BOUND('',#8828,.F.);
#8828 = EDGE_LOOP('',(#8829));
#8829 = ORIENTED_EDGE('',*,*,#5442,.T.);
#8830 = FACE_BOUND('',#8831,.F.);
#8831 = EDGE_LOOP('',(#8832));
#8832 = ORIENTED_EDGE('',*,*,#5475,.T.);
#8833 = FACE_BOUND('',#8834,.F.);
#8834 = EDGE_LOOP('',(#8835));
#8835 = ORIENTED_EDGE('',*,*,#5508,.T.);
#8836 = FACE_BOUND('',#8837,.F.);
#8837 = EDGE_LOOP('',(#8838));
#8838 = ORIENTED_EDGE('',*,*,#5541,.T.);
#8839 = FACE_BOUND('',#8840,.F.);
#8840 = EDGE_LOOP('',(#8841));
#8841 = ORIENTED_EDGE('',*,*,#5574,.T.);
#8842 = FACE_BOUND('',#8843,.F.);
#8843 = EDGE_LOOP('',(#8844));
#8844 = ORIENTED_EDGE('',*,*,#5607,.T.);
#8845 = FACE_BOUND('',#8846,.F.);
#8846 = EDGE_LOOP('',(#8847));
#8847 = ORIENTED_EDGE('',*,*,#5640,.T.);
#8848 = FACE_BOUND('',#8849,.F.);
#8849 = EDGE_LOOP('',(#8850));
#8850 = ORIENTED_EDGE('',*,*,#5673,.T.);
#8851 = FACE_BOUND('',#8852,.F.);
#8852 = EDGE_LOOP('',(#8853));
#8853 = ORIENTED_EDGE('',*,*,#5706,.T.);
#8854 = FACE_BOUND('',#8855,.F.);
#8855 = EDGE_LOOP('',(#8856));
#8856 = ORIENTED_EDGE('',*,*,#5739,.T.);
#8857 = FACE_BOUND('',#8858,.F.);
#8858 = EDGE_LOOP('',(#8859));
#8859 = ORIENTED_EDGE('',*,*,#5772,.T.);
#8860 = FACE_BOUND('',#8861,.F.);
#8861 = EDGE_LOOP('',(#8862));
#8862 = ORIENTED_EDGE('',*,*,#5805,.T.);
#8863 = FACE_BOUND('',#8864,.F.);
#8864 = EDGE_LOOP('',(#8865));
#8865 = ORIENTED_EDGE('',*,*,#5838,.T.);
#8866 = FACE_BOUND('',#8867,.F.);
#8867 = EDGE_LOOP('',(#8868));
#8868 = ORIENTED_EDGE('',*,*,#5871,.T.);
#8869 = FACE_BOUND('',#8870,.F.);
#8870 = EDGE_LOOP('',(#8871));
#8871 = ORIENTED_EDGE('',*,*,#5904,.T.);
#8872 = FACE_BOUND('',#8873,.F.);
#8873 = EDGE_LOOP('',(#8874));
#8874 = ORIENTED_EDGE('',*,*,#5937,.T.);
#8875 = FACE_BOUND('',#8876,.F.);
#8876 = EDGE_LOOP('',(#8877));
#8877 = ORIENTED_EDGE('',*,*,#5970,.T.);
#8878 = FACE_BOUND('',#8879,.F.);
#8879 = EDGE_LOOP('',(#8880));
#8880 = ORIENTED_EDGE('',*,*,#6003,.T.);
#8881 = FACE_BOUND('',#8882,.F.);
#8882 = EDGE_LOOP('',(#8883));
#8883 = ORIENTED_EDGE('',*,*,#6036,.T.);
#8884 = FACE_BOUND('',#8885,.F.);
#8885 = EDGE_LOOP('',(#8886));
#8886 = ORIENTED_EDGE('',*,*,#6069,.T.);
#8887 = FACE_BOUND('',#8888,.F.);
#8888 = EDGE_LOOP('',(#8889));
#8889 = ORIENTED_EDGE('',*,*,#6102,.T.);
#8890 = FACE_BOUND('',#8891,.F.);
#8891 = EDGE_LOOP('',(#8892));
#8892 = ORIENTED_EDGE('',*,*,#6135,.T.);
#8893 = FACE_BOUND('',#8894,.F.);
#8894 = EDGE_LOOP('',(#8895));
#8895 = ORIENTED_EDGE('',*,*,#6168,.T.);
#8896 = FACE_BOUND('',#8897,.F.);
#8897 = EDGE_LOOP('',(#8898));
#8898 = ORIENTED_EDGE('',*,*,#6201,.T.);
#8899 = FACE_BOUND('',#8900,.F.);
#8900 = EDGE_LOOP('',(#8901));
#8901 = ORIENTED_EDGE('',*,*,#6234,.T.);
#8902 = FACE_BOUND('',#8903,.F.);
#8903 = EDGE_LOOP('',(#8904));
#8904 = ORIENTED_EDGE('',*,*,#6267,.T.);
#8905 = FACE_BOUND('',#8906,.F.);
#8906 = EDGE_LOOP('',(#8907));
#8907 = ORIENTED_EDGE('',*,*,#6300,.T.);
#8908 = FACE_BOUND('',#8909,.F.);
#8909 = EDGE_LOOP('',(#8910));
#8910 = ORIENTED_EDGE('',*,*,#6333,.T.);
#8911 = FACE_BOUND('',#8912,.F.);
#8912 = EDGE_LOOP('',(#8913));
#8913 = ORIENTED_EDGE('',*,*,#6366,.T.);
#8914 = FACE_BOUND('',#8915,.F.);
#8915 = EDGE_LOOP('',(#8916));
#8916 = ORIENTED_EDGE('',*,*,#6399,.T.);
#8917 = FACE_BOUND('',#8918,.F.);
#8918 = EDGE_LOOP('',(#8919));
#8919 = ORIENTED_EDGE('',*,*,#6432,.T.);
#8920 = FACE_BOUND('',#8921,.F.);
#8921 = EDGE_LOOP('',(#8922));
#8922 = ORIENTED_EDGE('',*,*,#6465,.T.);
#8923 = FACE_BOUND('',#8924,.F.);
#8924 = EDGE_LOOP('',(#8925));
#8925 = ORIENTED_EDGE('',*,*,#6498,.T.);
#8926 = FACE_BOUND('',#8927,.F.);
#8927 = EDGE_LOOP('',(#8928));
#8928 = ORIENTED_EDGE('',*,*,#6531,.T.);
#8929 = FACE_BOUND('',#8930,.F.);
#8930 = EDGE_LOOP('',(#8931));
#8931 = ORIENTED_EDGE('',*,*,#6564,.T.);
#8932 = FACE_BOUND('',#8933,.F.);
#8933 = EDGE_LOOP('',(#8934));
#8934 = ORIENTED_EDGE('',*,*,#6597,.T.);
#8935 = FACE_BOUND('',#8936,.F.);
#8936 = EDGE_LOOP('',(#8937));
#8937 = ORIENTED_EDGE('',*,*,#6630,.T.);
#8938 = FACE_BOUND('',#8939,.F.);
#8939 = EDGE_LOOP('',(#8940));
#8940 = ORIENTED_EDGE('',*,*,#6663,.T.);
#8941 = FACE_BOUND('',#8942,.F.);
#8942 = EDGE_LOOP('',(#8943));
#8943 = ORIENTED_EDGE('',*,*,#6696,.T.);
#8944 = FACE_BOUND('',#8945,.F.);
#8945 = EDGE_LOOP('',(#8946));
#8946 = ORIENTED_EDGE('',*,*,#6729,.T.);
#8947 = FACE_BOUND('',#8948,.F.);
#8948 = EDGE_LOOP('',(#8949));
#8949 = ORIENTED_EDGE('',*,*,#6762,.T.);
#8950 = FACE_BOUND('',#8951,.F.);
#8951 = EDGE_LOOP('',(#8952));
#8952 = ORIENTED_EDGE('',*,*,#6795,.T.);
#8953 = FACE_BOUND('',#8954,.F.);
#8954 = EDGE_LOOP('',(#8955));
#8955 = ORIENTED_EDGE('',*,*,#6828,.T.);
#8956 = FACE_BOUND('',#8957,.F.);
#8957 = EDGE_LOOP('',(#8958));
#8958 = ORIENTED_EDGE('',*,*,#6861,.T.);
#8959 = FACE_BOUND('',#8960,.F.);
#8960 = EDGE_LOOP('',(#8961));
#8961 = ORIENTED_EDGE('',*,*,#6894,.T.);
#8962 = FACE_BOUND('',#8963,.F.);
#8963 = EDGE_LOOP('',(#8964));
#8964 = ORIENTED_EDGE('',*,*,#6927,.T.);
#8965 = FACE_BOUND('',#8966,.F.);
#8966 = EDGE_LOOP('',(#8967));
#8967 = ORIENTED_EDGE('',*,*,#6960,.T.);
#8968 = FACE_BOUND('',#8969,.F.);
#8969 = EDGE_LOOP('',(#8970));
#8970 = ORIENTED_EDGE('',*,*,#6993,.T.);
#8971 = FACE_BOUND('',#8972,.F.);
#8972 = EDGE_LOOP('',(#8973));
#8973 = ORIENTED_EDGE('',*,*,#7026,.T.);
#8974 = FACE_BOUND('',#8975,.F.);
#8975 = EDGE_LOOP('',(#8976));
#8976 = ORIENTED_EDGE('',*,*,#7059,.T.);
#8977 = FACE_BOUND('',#8978,.F.);
#8978 = EDGE_LOOP('',(#8979));
#8979 = ORIENTED_EDGE('',*,*,#7092,.T.);
#8980 = FACE_BOUND('',#8981,.F.);
#8981 = EDGE_LOOP('',(#8982));
#8982 = ORIENTED_EDGE('',*,*,#7125,.T.);
#8983 = FACE_BOUND('',#8984,.F.);
#8984 = EDGE_LOOP('',(#8985));
#8985 = ORIENTED_EDGE('',*,*,#7158,.T.);
#8986 = FACE_BOUND('',#8987,.F.);
#8987 = EDGE_LOOP('',(#8988));
#8988 = ORIENTED_EDGE('',*,*,#7191,.T.);
#8989 = FACE_BOUND('',#8990,.F.);
#8990 = EDGE_LOOP('',(#8991));
#8991 = ORIENTED_EDGE('',*,*,#7224,.T.);
#8992 = FACE_BOUND('',#8993,.F.);
#8993 = EDGE_LOOP('',(#8994,#8995,#8996,#8997));
#8994 = ORIENTED_EDGE('',*,*,#7257,.T.);
#8995 = ORIENTED_EDGE('',*,*,#7288,.T.);
#8996 = ORIENTED_EDGE('',*,*,#7319,.T.);
#8997 = ORIENTED_EDGE('',*,*,#7350,.T.);
#8998 = FACE_BOUND('',#8999,.F.);
#8999 = EDGE_LOOP('',(#9000));
#9000 = ORIENTED_EDGE('',*,*,#7381,.T.);
#9001 = FACE_BOUND('',#9002,.F.);
#9002 = EDGE_LOOP('',(#9003));
#9003 = ORIENTED_EDGE('',*,*,#7414,.T.);
#9004 = FACE_BOUND('',#9005,.F.);
#9005 = EDGE_LOOP('',(#9006));
#9006 = ORIENTED_EDGE('',*,*,#7447,.T.);
#9007 = FACE_BOUND('',#9008,.F.);
#9008 = EDGE_LOOP('',(#9009));
#9009 = ORIENTED_EDGE('',*,*,#7480,.T.);
#9010 = FACE_BOUND('',#9011,.F.);
#9011 = EDGE_LOOP('',(#9012));
#9012 = ORIENTED_EDGE('',*,*,#7513,.T.);
#9013 = FACE_BOUND('',#9014,.F.);
#9014 = EDGE_LOOP('',(#9015));
#9015 = ORIENTED_EDGE('',*,*,#7546,.T.);
#9016 = FACE_BOUND('',#9017,.F.);
#9017 = EDGE_LOOP('',(#9018));
#9018 = ORIENTED_EDGE('',*,*,#7579,.T.);
#9019 = FACE_BOUND('',#9020,.F.);
#9020 = EDGE_LOOP('',(#9021));
#9021 = ORIENTED_EDGE('',*,*,#7612,.T.);
#9022 = FACE_BOUND('',#9023,.F.);
#9023 = EDGE_LOOP('',(#9024));
#9024 = ORIENTED_EDGE('',*,*,#7645,.T.);
#9025 = FACE_BOUND('',#9026,.F.);
#9026 = EDGE_LOOP('',(#9027));
#9027 = ORIENTED_EDGE('',*,*,#7678,.T.);
#9028 = FACE_BOUND('',#9029,.F.);
#9029 = EDGE_LOOP('',(#9030));
#9030 = ORIENTED_EDGE('',*,*,#7711,.T.);
#9031 = PLANE('',#9032);
#9032 = AXIS2_PLACEMENT_3D('',#9033,#9034,#9035);
#9033 = CARTESIAN_POINT('',(-65.91999816894,23.993000030518,0.E+000));
#9034 = DIRECTION('',(0.E+000,0.E+000,-1.));
#9035 = DIRECTION('',(-1.,0.E+000,-0.E+000));
#9036 = ( GEOMETRIC_REPRESENTATION_CONTEXT(3) 
GLOBAL_UNCERTAINTY_ASSIGNED_CONTEXT((#9040)) 
GLOBAL_UNIT_ASSIGNED_CONTEXT((#9037,#9038,#9039)) REPRESENTATION_CONTEXT
('Context #1','3D Context with UNIT and UNCERTAINTY') );
#9037 = ( LENGTH_UNIT() NAMED_UNIT(*) SI_UNIT(.MILLI.,.METRE.) );
#9038 = ( NAMED_UNIT(*) PLANE_ANGLE_UNIT() SI_UNIT($,.RADIAN.) );
#9039 = ( NAMED_UNIT(*) SI_UNIT($,.STERADIAN.) SOLID_ANGLE_UNIT() );
#9040 = UNCERTAINTY_MEASURE_WITH_UNIT(LENGTH_MEASURE(1.E-007),#9037,
  'distance_accuracy_value','confusion accuracy');
#9041 = PRODUCT_RELATED_PRODUCT_CATEGORY('part',$,(#7));
#9042 = MECHANICAL_DESIGN_GEOMETRIC_PRESENTATION_REPRESENTATION('',(
    #9043),#9036);
#9043 = STYLED_ITEM('color',(#9044),#15);
#9044 = PRESENTATION_STYLE_ASSIGNMENT((#9045));
#9045 = SURFACE_STYLE_USAGE(.BOTH.,#9046);
#9046 = SURFACE_SIDE_STYLE('',(#9047));
#9047 = SURFACE_STYLE_FILL_AREA(#9048);
#9048 = FILL_AREA_STYLE('',(#9049));
#9049 = FILL_AREA_STYLE_COLOUR('',#9050);
#9050 = COLOUR_RGB('',0.219607844949,0.46274510026,0.113725490868);
ENDSEC;
END-ISO-10303-21;
