ISO-10303-21;
HEADER;
FILE_DESCRIPTION(('Open CASCADE Model'),'2;1');
FILE_NAME('Open CASCADE Shape Model','2025-12-15T15:50:09',('Author'),(
    'Open CASCADE'),'Open CASCADE STEP processor 6.8','Open CASCADE 6.8'
  ,'Unknown');
FILE_SCHEMA(('AUTOMOTIVE_DESIGN { 1 0 10303 214 1 1 1 1 }'));
ENDSEC;
DATA;
#1 = APPLICATION_PROTOCOL_DEFINITION('international standard',
  'automotive_design',2000,#2);
#2 = APPLICATION_CONTEXT(
  'core data for automotive mechanical design processes');
#3 = SHAPE_DEFINITION_REPRESENTATION(#4,#10);
#4 = PRODUCT_DEFINITION_SHAPE('','',#5);
#5 = PRODUCT_DEFINITION('design','',#6,#9);
#6 = PRODUCT_DEFINITION_FORMATION('','',#7);
#7 = PRODUCT('PCB','PCB','',(#8));
#8 = PRODUCT_CONTEXT('',#2,'mechanical');
#9 = PRODUCT_DEFINITION_CONTEXT('part definition',#2,'design');
#10 = ADVANCED_BREP_SHAPE_REPRESENTATION('',(#11,#15),#12409);
#11 = AXIS2_PLACEMENT_3D('',#12,#13,#14);
#12 = CARTESIAN_POINT('',(0.E+000,0.E+000,0.E+000));
#13 = DIRECTION('',(0.E+000,0.E+000,1.));
#14 = DIRECTION('',(1.,0.E+000,-0.E+000));
#15 = MANIFOLD_SOLID_BREP('',#16);
#16 = CLOSED_SHELL('',(#17,#59,#92,#123,#147,#180,#213,#246,#279,#312,
    #345,#378,#411,#444,#477,#510,#543,#576,#609,#642,#675,#708,#741,
    #774,#814,#845,#876,#898,#931,#964,#997,#1030,#1063,#1096,#1129,
    #1162,#1195,#1228,#1261,#1294,#1327,#1360,#1393,#1426,#1459,#1492,
    #1525,#1558,#1591,#1633,#1657,#1690,#1723,#1756,#1796,#1829,#1860,
    #1884,#1924,#1957,#1988,#2012,#2052,#2085,#2116,#2140,#2173,#2206,
    #2239,#2272,#2305,#2338,#2380,#2404,#2437,#2470,#2503,#2536,#2569,
    #2602,#2635,#2668,#2701,#2734,#2767,#2800,#2833,#2866,#2899,#2932,
    #2972,#3003,#3034,#3056,#3089,#3122,#3155,#3188,#3221,#3254,#3287,
    #3320,#3353,#3386,#3419,#3452,#3485,#3518,#3551,#3584,#3617,#3650,
    #3683,#3716,#3749,#3782,#3815,#3848,#3881,#3914,#3947,#3980,#4013,
    #4046,#4079,#4112,#4145,#4178,#4211,#4244,#4277,#4310,#4343,#4376,
    #4409,#4442,#4475,#4508,#4541,#4574,#4607,#4640,#4673,#4706,#4739,
    #4772,#4805,#4838,#4871,#4904,#4937,#4970,#5003,#5036,#5069,#5102,
    #5135,#5168,#5201,#5234,#5267,#5300,#5333,#5366,#5399,#5432,#5465,
    #5498,#5538,#5571,#5602,#5626,#5666,#5699,#5730,#5754,#5787,#5820,
    #5860,#5893,#5924,#5948,#5981,#6014,#6047,#6080,#6113,#6146,#6179,
    #6212,#6245,#6278,#6311,#6344,#6377,#6410,#6443,#6476,#6509,#6542,
    #6575,#6608,#6641,#6674,#6707,#6740,#6773,#6806,#6839,#6872,#6905,
    #6938,#6971,#7004,#7037,#7070,#7103,#7136,#7169,#7202,#7235,#7268,
    #7301,#7334,#7367,#7400,#7433,#7466,#7499,#7532,#7565,#7598,#7631,
    #7664,#7697,#7730,#7763,#7796,#7829,#7862,#7895,#7935,#7966,#7997,
    #8019,#8052,#8085,#8118,#8151,#8184,#8217,#8250,#8283,#8316,#8349,
    #8382,#8415,#8448,#8481,#8514,#8547,#8580,#8613,#8646,#8679,#8712,
    #8745,#8778,#8811,#8844,#8877,#8910,#8943,#8976,#9009,#9042,#9075,
    #9108,#9141,#9174,#9207,#9240,#9273,#9306,#9339,#9372,#9405,#9438,
    #9471,#9504,#9537,#9570,#9603,#9636,#9669,#9702,#9735,#9768,#9801,
    #9834,#9867,#9900,#9933,#9966,#9999,#10032,#10065,#10098,#10131,
    #10164,#10197,#10230,#10263,#10296,#10329,#10362,#10395,#10428,
    #10461,#10494,#10527,#10560,#10593,#11501));
#17 = ADVANCED_FACE('',(#18),#54,.T.);
#18 = FACE_BOUND('',#19,.F.);
#19 = EDGE_LOOP('',(#20,#30,#39,#47));
#20 = ORIENTED_EDGE('',*,*,#21,.T.);
#21 = EDGE_CURVE('',#22,#24,#26,.T.);
#22 = VERTEX_POINT('',#23);
#23 = CARTESIAN_POINT('',(-35.07300186157,60.751998901367,-0.41148));
#24 = VERTEX_POINT('',#25);
#25 = CARTESIAN_POINT('',(-35.07300186157,60.751998901367,0.E+000));
#26 = LINE('',#27,#28);
#27 = CARTESIAN_POINT('',(-35.07300186157,60.751998901367,-0.41148));
#28 = VECTOR('',#29,1.);
#29 = DIRECTION('',(0.E+000,0.E+000,1.));
#30 = ORIENTED_EDGE('',*,*,#31,.T.);
#31 = EDGE_CURVE('',#24,#32,#34,.T.);
#32 = VERTEX_POINT('',#33);
#33 = CARTESIAN_POINT('',(35.076999664307,60.751998901367,0.E+000));
#34 = CIRCLE('',#35,70.150147952026);
#35 = AXIS2_PLACEMENT_3D('',#36,#37,#38);
#36 = CARTESIAN_POINT('',(1.998901367182E-003,1.464261469803E-004,
    0.E+000));
#37 = DIRECTION('',(0.E+000,0.E+000,1.));
#38 = DIRECTION('',(-0.499998956338,0.866026006342,-0.E+000));
#39 = ORIENTED_EDGE('',*,*,#40,.F.);
#40 = EDGE_CURVE('',#41,#32,#43,.T.);
#41 = VERTEX_POINT('',#42);
#42 = CARTESIAN_POINT('',(35.076999664307,60.751998901367,-0.41148));
#43 = LINE('',#44,#45);
#44 = CARTESIAN_POINT('',(35.076999664307,60.751998901367,-0.41148));
#45 = VECTOR('',#46,1.);
#46 = DIRECTION('',(0.E+000,0.E+000,1.));
#47 = ORIENTED_EDGE('',*,*,#48,.F.);
#48 = EDGE_CURVE('',#22,#41,#49,.T.);
#49 = CIRCLE('',#50,70.150147952026);
#50 = AXIS2_PLACEMENT_3D('',#51,#52,#53);
#51 = CARTESIAN_POINT('',(1.998901367182E-003,1.464261469803E-004,
    -0.41148));
#52 = DIRECTION('',(0.E+000,0.E+000,1.));
#53 = DIRECTION('',(-0.499998956338,0.866026006342,-0.E+000));
#54 = CYLINDRICAL_SURFACE('',#55,70.150147952026);
#55 = AXIS2_PLACEMENT_3D('',#56,#57,#58);
#56 = CARTESIAN_POINT('',(1.998901367182E-003,1.464261469803E-004,
    -0.41148));
#57 = DIRECTION('',(-0.E+000,-0.E+000,-1.));
#58 = DIRECTION('',(-0.499998956338,0.866026006342,-0.E+000));
#59 = ADVANCED_FACE('',(#60),#87,.T.);
#60 = FACE_BOUND('',#61,.F.);
#61 = EDGE_LOOP('',(#62,#63,#72,#80));
#62 = ORIENTED_EDGE('',*,*,#40,.T.);
#63 = ORIENTED_EDGE('',*,*,#64,.T.);
#64 = EDGE_CURVE('',#32,#65,#67,.T.);
#65 = VERTEX_POINT('',#66);
#66 = CARTESIAN_POINT('',(35.001998901367,60.771999359131,0.E+000));
#67 = CIRCLE('',#68,0.146965297367);
#68 = AXIS2_PLACEMENT_3D('',#69,#70,#71);
#69 = CARTESIAN_POINT('',(35.002975665745,60.625037307697,0.E+000));
#70 = DIRECTION('',(0.E+000,0.E+000,1.));
#71 = DIRECTION('',(0.503683521807,0.863888250794,-0.E+000));
#72 = ORIENTED_EDGE('',*,*,#73,.F.);
#73 = EDGE_CURVE('',#74,#65,#76,.T.);
#74 = VERTEX_POINT('',#75);
#75 = CARTESIAN_POINT('',(35.001998901367,60.771999359131,-0.41148));
#76 = LINE('',#77,#78);
#77 = CARTESIAN_POINT('',(35.001998901367,60.771999359131,-0.41148));
#78 = VECTOR('',#79,1.);
#79 = DIRECTION('',(0.E+000,0.E+000,1.));
#80 = ORIENTED_EDGE('',*,*,#81,.F.);
#81 = EDGE_CURVE('',#41,#74,#82,.T.);
#82 = CIRCLE('',#83,0.146965297367);
#83 = AXIS2_PLACEMENT_3D('',#84,#85,#86);
#84 = CARTESIAN_POINT('',(35.002975665745,60.625037307697,-0.41148));
#85 = DIRECTION('',(0.E+000,0.E+000,1.));
#86 = DIRECTION('',(0.503683521807,0.863888250794,-0.E+000));
#87 = CYLINDRICAL_SURFACE('',#88,0.146965297367);
#88 = AXIS2_PLACEMENT_3D('',#89,#90,#91);
#89 = CARTESIAN_POINT('',(35.002975665745,60.625037307697,-0.41148));
#90 = DIRECTION('',(-0.E+000,-0.E+000,-1.));
#91 = DIRECTION('',(0.503683521807,0.863888250794,-0.E+000));
#92 = ADVANCED_FACE('',(#93),#118,.F.);
#93 = FACE_BOUND('',#94,.F.);
#94 = EDGE_LOOP('',(#95,#96,#104,#112));
#95 = ORIENTED_EDGE('',*,*,#73,.T.);
#96 = ORIENTED_EDGE('',*,*,#97,.T.);
#97 = EDGE_CURVE('',#65,#98,#100,.T.);
#98 = VERTEX_POINT('',#99);
#99 = CARTESIAN_POINT('',(-34.99800109863,60.771999359131,0.E+000));
#100 = LINE('',#101,#102);
#101 = CARTESIAN_POINT('',(35.001998901367,60.771999359131,0.E+000));
#102 = VECTOR('',#103,1.);
#103 = DIRECTION('',(-1.,0.E+000,0.E+000));
#104 = ORIENTED_EDGE('',*,*,#105,.F.);
#105 = EDGE_CURVE('',#106,#98,#108,.T.);
#106 = VERTEX_POINT('',#107);
#107 = CARTESIAN_POINT('',(-34.99800109863,60.771999359131,-0.41148));
#108 = LINE('',#109,#110);
#109 = CARTESIAN_POINT('',(-34.99800109863,60.771999359131,-0.41148));
#110 = VECTOR('',#111,1.);
#111 = DIRECTION('',(0.E+000,0.E+000,1.));
#112 = ORIENTED_EDGE('',*,*,#113,.F.);
#113 = EDGE_CURVE('',#74,#106,#114,.T.);
#114 = LINE('',#115,#116);
#115 = CARTESIAN_POINT('',(35.001998901367,60.771999359131,-0.41148));
#116 = VECTOR('',#117,1.);
#117 = DIRECTION('',(-1.,0.E+000,0.E+000));
#118 = PLANE('',#119);
#119 = AXIS2_PLACEMENT_3D('',#120,#121,#122);
#120 = CARTESIAN_POINT('',(35.001998901367,60.771999359131,-0.41148));
#121 = DIRECTION('',(0.E+000,-1.,0.E+000));
#122 = DIRECTION('',(-1.,0.E+000,0.E+000));
#123 = ADVANCED_FACE('',(#124),#142,.T.);
#124 = FACE_BOUND('',#125,.F.);
#125 = EDGE_LOOP('',(#126,#127,#134,#135));
#126 = ORIENTED_EDGE('',*,*,#105,.T.);
#127 = ORIENTED_EDGE('',*,*,#128,.T.);
#128 = EDGE_CURVE('',#98,#24,#129,.T.);
#129 = CIRCLE('',#130,0.14699211738);
#130 = AXIS2_PLACEMENT_3D('',#131,#132,#133);
#131 = CARTESIAN_POINT('',(-34.9989706981,60.625010439655,0.E+000));
#132 = DIRECTION('',(0.E+000,0.E+000,1.));
#133 = DIRECTION('',(6.596268514603E-003,0.999978244384,-0.E+000));
#134 = ORIENTED_EDGE('',*,*,#21,.F.);
#135 = ORIENTED_EDGE('',*,*,#136,.F.);
#136 = EDGE_CURVE('',#106,#22,#137,.T.);
#137 = CIRCLE('',#138,0.14699211738);
#138 = AXIS2_PLACEMENT_3D('',#139,#140,#141);
#139 = CARTESIAN_POINT('',(-34.9989706981,60.625010439655,-0.41148));
#140 = DIRECTION('',(0.E+000,0.E+000,1.));
#141 = DIRECTION('',(6.596268514603E-003,0.999978244384,-0.E+000));
#142 = CYLINDRICAL_SURFACE('',#143,0.14699211738);
#143 = AXIS2_PLACEMENT_3D('',#144,#145,#146);
#144 = CARTESIAN_POINT('',(-34.9989706981,60.625010439655,-0.41148));
#145 = DIRECTION('',(-0.E+000,-0.E+000,-1.));
#146 = DIRECTION('',(6.596268514603E-003,0.999978244384,-0.E+000));
#147 = ADVANCED_FACE('',(#148),#175,.F.);
#148 = FACE_BOUND('',#149,.T.);
#149 = EDGE_LOOP('',(#150,#160,#167,#168));
#150 = ORIENTED_EDGE('',*,*,#151,.T.);
#151 = EDGE_CURVE('',#152,#154,#156,.T.);
#152 = VERTEX_POINT('',#153);
#153 = CARTESIAN_POINT('',(-52.155,-24.003,-0.41148));
#154 = VERTEX_POINT('',#155);
#155 = CARTESIAN_POINT('',(-52.155,-24.003,0.E+000));
#156 = LINE('',#157,#158);
#157 = CARTESIAN_POINT('',(-52.155,-24.003,-0.41148));
#158 = VECTOR('',#159,1.);
#159 = DIRECTION('',(0.E+000,0.E+000,1.));
#160 = ORIENTED_EDGE('',*,*,#161,.T.);
#161 = EDGE_CURVE('',#154,#154,#162,.T.);
#162 = CIRCLE('',#163,0.55);
#163 = AXIS2_PLACEMENT_3D('',#164,#165,#166);
#164 = CARTESIAN_POINT('',(-52.705,-24.003,0.E+000));
#165 = DIRECTION('',(0.E+000,0.E+000,1.));
#166 = DIRECTION('',(1.,0.E+000,-0.E+000));
#167 = ORIENTED_EDGE('',*,*,#151,.F.);
#168 = ORIENTED_EDGE('',*,*,#169,.F.);
#169 = EDGE_CURVE('',#152,#152,#170,.T.);
#170 = CIRCLE('',#171,0.55);
#171 = AXIS2_PLACEMENT_3D('',#172,#173,#174);
#172 = CARTESIAN_POINT('',(-52.705,-24.003,-0.41148));
#173 = DIRECTION('',(0.E+000,0.E+000,1.));
#174 = DIRECTION('',(1.,0.E+000,-0.E+000));
#175 = CYLINDRICAL_SURFACE('',#176,0.55);
#176 = AXIS2_PLACEMENT_3D('',#177,#178,#179);
#177 = CARTESIAN_POINT('',(-52.705,-24.003,-0.41148));
#178 = DIRECTION('',(-0.E+000,-0.E+000,-1.));
#179 = DIRECTION('',(1.,0.E+000,-0.E+000));
#180 = ADVANCED_FACE('',(#181),#208,.F.);
#181 = FACE_BOUND('',#182,.T.);
#182 = EDGE_LOOP('',(#183,#193,#200,#201));
#183 = ORIENTED_EDGE('',*,*,#184,.T.);
#184 = EDGE_CURVE('',#185,#187,#189,.T.);
#185 = VERTEX_POINT('',#186);
#186 = CARTESIAN_POINT('',(-52.155,-21.463,-0.41148));
#187 = VERTEX_POINT('',#188);
#188 = CARTESIAN_POINT('',(-52.155,-21.463,0.E+000));
#189 = LINE('',#190,#191);
#190 = CARTESIAN_POINT('',(-52.155,-21.463,-0.41148));
#191 = VECTOR('',#192,1.);
#192 = DIRECTION('',(0.E+000,0.E+000,1.));
#193 = ORIENTED_EDGE('',*,*,#194,.T.);
#194 = EDGE_CURVE('',#187,#187,#195,.T.);
#195 = CIRCLE('',#196,0.55);
#196 = AXIS2_PLACEMENT_3D('',#197,#198,#199);
#197 = CARTESIAN_POINT('',(-52.705,-21.463,0.E+000));
#198 = DIRECTION('',(0.E+000,0.E+000,1.));
#199 = DIRECTION('',(1.,0.E+000,-0.E+000));
#200 = ORIENTED_EDGE('',*,*,#184,.F.);
#201 = ORIENTED_EDGE('',*,*,#202,.F.);
#202 = EDGE_CURVE('',#185,#185,#203,.T.);
#203 = CIRCLE('',#204,0.55);
#204 = AXIS2_PLACEMENT_3D('',#205,#206,#207);
#205 = CARTESIAN_POINT('',(-52.705,-21.463,-0.41148));
#206 = DIRECTION('',(0.E+000,0.E+000,1.));
#207 = DIRECTION('',(1.,0.E+000,-0.E+000));
#208 = CYLINDRICAL_SURFACE('',#209,0.55);
#209 = AXIS2_PLACEMENT_3D('',#210,#211,#212);
#210 = CARTESIAN_POINT('',(-52.705,-21.463,-0.41148));
#211 = DIRECTION('',(-0.E+000,-0.E+000,-1.));
#212 = DIRECTION('',(1.,0.E+000,-0.E+000));
#213 = ADVANCED_FACE('',(#214),#241,.F.);
#214 = FACE_BOUND('',#215,.T.);
#215 = EDGE_LOOP('',(#216,#226,#233,#234));
#216 = ORIENTED_EDGE('',*,*,#217,.T.);
#217 = EDGE_CURVE('',#218,#220,#222,.T.);
#218 = VERTEX_POINT('',#219);
#219 = CARTESIAN_POINT('',(-52.155,-31.623,-0.41148));
#220 = VERTEX_POINT('',#221);
#221 = CARTESIAN_POINT('',(-52.155,-31.623,0.E+000));
#222 = LINE('',#223,#224);
#223 = CARTESIAN_POINT('',(-52.155,-31.623,-0.41148));
#224 = VECTOR('',#225,1.);
#225 = DIRECTION('',(0.E+000,0.E+000,1.));
#226 = ORIENTED_EDGE('',*,*,#227,.T.);
#227 = EDGE_CURVE('',#220,#220,#228,.T.);
#228 = CIRCLE('',#229,0.55);
#229 = AXIS2_PLACEMENT_3D('',#230,#231,#232);
#230 = CARTESIAN_POINT('',(-52.705,-31.623,0.E+000));
#231 = DIRECTION('',(0.E+000,0.E+000,1.));
#232 = DIRECTION('',(1.,0.E+000,-0.E+000));
#233 = ORIENTED_EDGE('',*,*,#217,.F.);
#234 = ORIENTED_EDGE('',*,*,#235,.F.);
#235 = EDGE_CURVE('',#218,#218,#236,.T.);
#236 = CIRCLE('',#237,0.55);
#237 = AXIS2_PLACEMENT_3D('',#238,#239,#240);
#238 = CARTESIAN_POINT('',(-52.705,-31.623,-0.41148));
#239 = DIRECTION('',(0.E+000,0.E+000,1.));
#240 = DIRECTION('',(1.,0.E+000,-0.E+000));
#241 = CYLINDRICAL_SURFACE('',#242,0.55);
#242 = AXIS2_PLACEMENT_3D('',#243,#244,#245);
#243 = CARTESIAN_POINT('',(-52.705,-31.623,-0.41148));
#244 = DIRECTION('',(-0.E+000,-0.E+000,-1.));
#245 = DIRECTION('',(1.,0.E+000,-0.E+000));
#246 = ADVANCED_FACE('',(#247),#274,.F.);
#247 = FACE_BOUND('',#248,.T.);
#248 = EDGE_LOOP('',(#249,#259,#266,#267));
#249 = ORIENTED_EDGE('',*,*,#250,.T.);
#250 = EDGE_CURVE('',#251,#253,#255,.T.);
#251 = VERTEX_POINT('',#252);
#252 = CARTESIAN_POINT('',(-52.155,-29.083,-0.41148));
#253 = VERTEX_POINT('',#254);
#254 = CARTESIAN_POINT('',(-52.155,-29.083,0.E+000));
#255 = LINE('',#256,#257);
#256 = CARTESIAN_POINT('',(-52.155,-29.083,-0.41148));
#257 = VECTOR('',#258,1.);
#258 = DIRECTION('',(0.E+000,0.E+000,1.));
#259 = ORIENTED_EDGE('',*,*,#260,.T.);
#260 = EDGE_CURVE('',#253,#253,#261,.T.);
#261 = CIRCLE('',#262,0.55);
#262 = AXIS2_PLACEMENT_3D('',#263,#264,#265);
#263 = CARTESIAN_POINT('',(-52.705,-29.083,0.E+000));
#264 = DIRECTION('',(0.E+000,0.E+000,1.));
#265 = DIRECTION('',(1.,0.E+000,-0.E+000));
#266 = ORIENTED_EDGE('',*,*,#250,.F.);
#267 = ORIENTED_EDGE('',*,*,#268,.F.);
#268 = EDGE_CURVE('',#251,#251,#269,.T.);
#269 = CIRCLE('',#270,0.55);
#270 = AXIS2_PLACEMENT_3D('',#271,#272,#273);
#271 = CARTESIAN_POINT('',(-52.705,-29.083,-0.41148));
#272 = DIRECTION('',(0.E+000,0.E+000,1.));
#273 = DIRECTION('',(1.,0.E+000,-0.E+000));
#274 = CYLINDRICAL_SURFACE('',#275,0.55);
#275 = AXIS2_PLACEMENT_3D('',#276,#277,#278);
#276 = CARTESIAN_POINT('',(-52.705,-29.083,-0.41148));
#277 = DIRECTION('',(-0.E+000,-0.E+000,-1.));
#278 = DIRECTION('',(1.,0.E+000,-0.E+000));
#279 = ADVANCED_FACE('',(#280),#307,.F.);
#280 = FACE_BOUND('',#281,.T.);
#281 = EDGE_LOOP('',(#282,#292,#299,#300));
#282 = ORIENTED_EDGE('',*,*,#283,.T.);
#283 = EDGE_CURVE('',#284,#286,#288,.T.);
#284 = VERTEX_POINT('',#285);
#285 = CARTESIAN_POINT('',(-51.401,-16.397,-0.41148));
#286 = VERTEX_POINT('',#287);
#287 = CARTESIAN_POINT('',(-51.401,-16.397,0.E+000));
#288 = LINE('',#289,#290);
#289 = CARTESIAN_POINT('',(-51.401,-16.397,-0.41148));
#290 = VECTOR('',#291,1.);
#291 = DIRECTION('',(0.E+000,0.E+000,1.));
#292 = ORIENTED_EDGE('',*,*,#293,.T.);
#293 = EDGE_CURVE('',#286,#286,#294,.T.);
#294 = CIRCLE('',#295,0.25);
#295 = AXIS2_PLACEMENT_3D('',#296,#297,#298);
#296 = CARTESIAN_POINT('',(-51.651,-16.397,0.E+000));
#297 = DIRECTION('',(0.E+000,0.E+000,1.));
#298 = DIRECTION('',(1.,0.E+000,-0.E+000));
#299 = ORIENTED_EDGE('',*,*,#283,.F.);
#300 = ORIENTED_EDGE('',*,*,#301,.F.);
#301 = EDGE_CURVE('',#284,#284,#302,.T.);
#302 = CIRCLE('',#303,0.25);
#303 = AXIS2_PLACEMENT_3D('',#304,#305,#306);
#304 = CARTESIAN_POINT('',(-51.651,-16.397,-0.41148));
#305 = DIRECTION('',(0.E+000,0.E+000,1.));
#306 = DIRECTION('',(1.,0.E+000,-0.E+000));
#307 = CYLINDRICAL_SURFACE('',#308,0.25);
#308 = AXIS2_PLACEMENT_3D('',#309,#310,#311);
#309 = CARTESIAN_POINT('',(-51.651,-16.397,-0.41148));
#310 = DIRECTION('',(-0.E+000,-0.E+000,-1.));
#311 = DIRECTION('',(1.,0.E+000,-0.E+000));
#312 = ADVANCED_FACE('',(#313),#340,.F.);
#313 = FACE_BOUND('',#314,.T.);
#314 = EDGE_LOOP('',(#315,#325,#332,#333));
#315 = ORIENTED_EDGE('',*,*,#316,.T.);
#316 = EDGE_CURVE('',#317,#319,#321,.T.);
#317 = VERTEX_POINT('',#318);
#318 = CARTESIAN_POINT('',(-51.909,-15.,-0.41148));
#319 = VERTEX_POINT('',#320);
#320 = CARTESIAN_POINT('',(-51.909,-15.,0.E+000));
#321 = LINE('',#322,#323);
#322 = CARTESIAN_POINT('',(-51.909,-15.,-0.41148));
#323 = VECTOR('',#324,1.);
#324 = DIRECTION('',(0.E+000,0.E+000,1.));
#325 = ORIENTED_EDGE('',*,*,#326,.T.);
#326 = EDGE_CURVE('',#319,#319,#327,.T.);
#327 = CIRCLE('',#328,0.25);
#328 = AXIS2_PLACEMENT_3D('',#329,#330,#331);
#329 = CARTESIAN_POINT('',(-52.159,-15.,0.E+000));
#330 = DIRECTION('',(0.E+000,0.E+000,1.));
#331 = DIRECTION('',(1.,0.E+000,-0.E+000));
#332 = ORIENTED_EDGE('',*,*,#316,.F.);
#333 = ORIENTED_EDGE('',*,*,#334,.F.);
#334 = EDGE_CURVE('',#317,#317,#335,.T.);
#335 = CIRCLE('',#336,0.25);
#336 = AXIS2_PLACEMENT_3D('',#337,#338,#339);
#337 = CARTESIAN_POINT('',(-52.159,-15.,-0.41148));
#338 = DIRECTION('',(0.E+000,0.E+000,1.));
#339 = DIRECTION('',(1.,0.E+000,-0.E+000));
#340 = CYLINDRICAL_SURFACE('',#341,0.25);
#341 = AXIS2_PLACEMENT_3D('',#342,#343,#344);
#342 = CARTESIAN_POINT('',(-52.159,-15.,-0.41148));
#343 = DIRECTION('',(-0.E+000,-0.E+000,-1.));
#344 = DIRECTION('',(1.,0.E+000,-0.E+000));
#345 = ADVANCED_FACE('',(#346),#373,.F.);
#346 = FACE_BOUND('',#347,.T.);
#347 = EDGE_LOOP('',(#348,#358,#365,#366));
#348 = ORIENTED_EDGE('',*,*,#349,.T.);
#349 = EDGE_CURVE('',#350,#352,#354,.T.);
#350 = VERTEX_POINT('',#351);
#351 = CARTESIAN_POINT('',(-49.781,-17.11,-0.41148));
#352 = VERTEX_POINT('',#353);
#353 = CARTESIAN_POINT('',(-49.781,-17.11,0.E+000));
#354 = LINE('',#355,#356);
#355 = CARTESIAN_POINT('',(-49.781,-17.11,-0.41148));
#356 = VECTOR('',#357,1.);
#357 = DIRECTION('',(0.E+000,0.E+000,1.));
#358 = ORIENTED_EDGE('',*,*,#359,.T.);
#359 = EDGE_CURVE('',#352,#352,#360,.T.);
#360 = CIRCLE('',#361,0.25);
#361 = AXIS2_PLACEMENT_3D('',#362,#363,#364);
#362 = CARTESIAN_POINT('',(-50.031,-17.11,0.E+000));
#363 = DIRECTION('',(0.E+000,0.E+000,1.));
#364 = DIRECTION('',(1.,0.E+000,-0.E+000));
#365 = ORIENTED_EDGE('',*,*,#349,.F.);
#366 = ORIENTED_EDGE('',*,*,#367,.F.);
#367 = EDGE_CURVE('',#350,#350,#368,.T.);
#368 = CIRCLE('',#369,0.25);
#369 = AXIS2_PLACEMENT_3D('',#370,#371,#372);
#370 = CARTESIAN_POINT('',(-50.031,-17.11,-0.41148));
#371 = DIRECTION('',(0.E+000,0.E+000,1.));
#372 = DIRECTION('',(1.,0.E+000,-0.E+000));
#373 = CYLINDRICAL_SURFACE('',#374,0.25);
#374 = AXIS2_PLACEMENT_3D('',#375,#376,#377);
#375 = CARTESIAN_POINT('',(-50.031,-17.11,-0.41148));
#376 = DIRECTION('',(-0.E+000,-0.E+000,-1.));
#377 = DIRECTION('',(1.,0.E+000,-0.E+000));
#378 = ADVANCED_FACE('',(#379),#406,.F.);
#379 = FACE_BOUND('',#380,.T.);
#380 = EDGE_LOOP('',(#381,#391,#398,#399));
#381 = ORIENTED_EDGE('',*,*,#382,.T.);
#382 = EDGE_CURVE('',#383,#385,#387,.T.);
#383 = VERTEX_POINT('',#384);
#384 = CARTESIAN_POINT('',(-51.274,-13.603,-0.41148));
#385 = VERTEX_POINT('',#386);
#386 = CARTESIAN_POINT('',(-51.274,-13.603,0.E+000));
#387 = LINE('',#388,#389);
#388 = CARTESIAN_POINT('',(-51.274,-13.603,-0.41148));
#389 = VECTOR('',#390,1.);
#390 = DIRECTION('',(0.E+000,0.E+000,1.));
#391 = ORIENTED_EDGE('',*,*,#392,.T.);
#392 = EDGE_CURVE('',#385,#385,#393,.T.);
#393 = CIRCLE('',#394,0.25);
#394 = AXIS2_PLACEMENT_3D('',#395,#396,#397);
#395 = CARTESIAN_POINT('',(-51.524,-13.603,0.E+000));
#396 = DIRECTION('',(0.E+000,0.E+000,1.));
#397 = DIRECTION('',(1.,0.E+000,-0.E+000));
#398 = ORIENTED_EDGE('',*,*,#382,.F.);
#399 = ORIENTED_EDGE('',*,*,#400,.F.);
#400 = EDGE_CURVE('',#383,#383,#401,.T.);
#401 = CIRCLE('',#402,0.25);
#402 = AXIS2_PLACEMENT_3D('',#403,#404,#405);
#403 = CARTESIAN_POINT('',(-51.524,-13.603,-0.41148));
#404 = DIRECTION('',(0.E+000,0.E+000,1.));
#405 = DIRECTION('',(1.,0.E+000,-0.E+000));
#406 = CYLINDRICAL_SURFACE('',#407,0.25);
#407 = AXIS2_PLACEMENT_3D('',#408,#409,#410);
#408 = CARTESIAN_POINT('',(-51.524,-13.603,-0.41148));
#409 = DIRECTION('',(-0.E+000,-0.E+000,-1.));
#410 = DIRECTION('',(1.,0.E+000,-0.E+000));
#411 = ADVANCED_FACE('',(#412),#439,.F.);
#412 = FACE_BOUND('',#413,.T.);
#413 = EDGE_LOOP('',(#414,#424,#431,#432));
#414 = ORIENTED_EDGE('',*,*,#415,.T.);
#415 = EDGE_CURVE('',#416,#418,#420,.T.);
#416 = VERTEX_POINT('',#417);
#417 = CARTESIAN_POINT('',(-48.25,-15.,-0.41148));
#418 = VERTEX_POINT('',#419);
#419 = CARTESIAN_POINT('',(-48.25,-15.,0.E+000));
#420 = LINE('',#421,#422);
#421 = CARTESIAN_POINT('',(-48.25,-15.,-0.41148));
#422 = VECTOR('',#423,1.);
#423 = DIRECTION('',(0.E+000,0.E+000,1.));
#424 = ORIENTED_EDGE('',*,*,#425,.T.);
#425 = EDGE_CURVE('',#418,#418,#426,.T.);
#426 = CIRCLE('',#427,1.75);
#427 = AXIS2_PLACEMENT_3D('',#428,#429,#430);
#428 = CARTESIAN_POINT('',(-50.,-15.,0.E+000));
#429 = DIRECTION('',(0.E+000,0.E+000,1.));
#430 = DIRECTION('',(1.,0.E+000,-0.E+000));
#431 = ORIENTED_EDGE('',*,*,#415,.F.);
#432 = ORIENTED_EDGE('',*,*,#433,.F.);
#433 = EDGE_CURVE('',#416,#416,#434,.T.);
#434 = CIRCLE('',#435,1.75);
#435 = AXIS2_PLACEMENT_3D('',#436,#437,#438);
#436 = CARTESIAN_POINT('',(-50.,-15.,-0.41148));
#437 = DIRECTION('',(0.E+000,0.E+000,1.));
#438 = DIRECTION('',(1.,0.E+000,-0.E+000));
#439 = CYLINDRICAL_SURFACE('',#440,1.75);
#440 = AXIS2_PLACEMENT_3D('',#441,#442,#443);
#441 = CARTESIAN_POINT('',(-50.,-15.,-0.41148));
#442 = DIRECTION('',(-0.E+000,-0.E+000,-1.));
#443 = DIRECTION('',(1.,0.E+000,-0.E+000));
#444 = ADVANCED_FACE('',(#445),#472,.F.);
#445 = FACE_BOUND('',#446,.T.);
#446 = EDGE_LOOP('',(#447,#457,#464,#465));
#447 = ORIENTED_EDGE('',*,*,#448,.T.);
#448 = EDGE_CURVE('',#449,#451,#453,.T.);
#449 = VERTEX_POINT('',#450);
#450 = CARTESIAN_POINT('',(-48.168,-34.671,-0.41148));
#451 = VERTEX_POINT('',#452);
#452 = CARTESIAN_POINT('',(-48.168,-34.671,0.E+000));
#453 = LINE('',#454,#455);
#454 = CARTESIAN_POINT('',(-48.168,-34.671,-0.41148));
#455 = VECTOR('',#456,1.);
#456 = DIRECTION('',(0.E+000,0.E+000,1.));
#457 = ORIENTED_EDGE('',*,*,#458,.T.);
#458 = EDGE_CURVE('',#451,#451,#459,.T.);
#459 = CIRCLE('',#460,0.6);
#460 = AXIS2_PLACEMENT_3D('',#461,#462,#463);
#461 = CARTESIAN_POINT('',(-48.768,-34.671,0.E+000));
#462 = DIRECTION('',(0.E+000,0.E+000,1.));
#463 = DIRECTION('',(1.,0.E+000,-0.E+000));
#464 = ORIENTED_EDGE('',*,*,#448,.F.);
#465 = ORIENTED_EDGE('',*,*,#466,.F.);
#466 = EDGE_CURVE('',#449,#449,#467,.T.);
#467 = CIRCLE('',#468,0.6);
#468 = AXIS2_PLACEMENT_3D('',#469,#470,#471);
#469 = CARTESIAN_POINT('',(-48.768,-34.671,-0.41148));
#470 = DIRECTION('',(0.E+000,0.E+000,1.));
#471 = DIRECTION('',(1.,0.E+000,-0.E+000));
#472 = CYLINDRICAL_SURFACE('',#473,0.6);
#473 = AXIS2_PLACEMENT_3D('',#474,#475,#476);
#474 = CARTESIAN_POINT('',(-48.768,-34.671,-0.41148));
#475 = DIRECTION('',(-0.E+000,-0.E+000,-1.));
#476 = DIRECTION('',(1.,0.E+000,-0.E+000));
#477 = ADVANCED_FACE('',(#478),#505,.F.);
#478 = FACE_BOUND('',#479,.T.);
#479 = EDGE_LOOP('',(#480,#490,#497,#498));
#480 = ORIENTED_EDGE('',*,*,#481,.T.);
#481 = EDGE_CURVE('',#482,#484,#486,.T.);
#482 = VERTEX_POINT('',#483);
#483 = CARTESIAN_POINT('',(-48.168,-22.479,-0.41148));
#484 = VERTEX_POINT('',#485);
#485 = CARTESIAN_POINT('',(-48.168,-22.479,0.E+000));
#486 = LINE('',#487,#488);
#487 = CARTESIAN_POINT('',(-48.168,-22.479,-0.41148));
#488 = VECTOR('',#489,1.);
#489 = DIRECTION('',(0.E+000,0.E+000,1.));
#490 = ORIENTED_EDGE('',*,*,#491,.T.);
#491 = EDGE_CURVE('',#484,#484,#492,.T.);
#492 = CIRCLE('',#493,0.6);
#493 = AXIS2_PLACEMENT_3D('',#494,#495,#496);
#494 = CARTESIAN_POINT('',(-48.768,-22.479,0.E+000));
#495 = DIRECTION('',(0.E+000,0.E+000,1.));
#496 = DIRECTION('',(1.,0.E+000,-0.E+000));
#497 = ORIENTED_EDGE('',*,*,#481,.F.);
#498 = ORIENTED_EDGE('',*,*,#499,.F.);
#499 = EDGE_CURVE('',#482,#482,#500,.T.);
#500 = CIRCLE('',#501,0.6);
#501 = AXIS2_PLACEMENT_3D('',#502,#503,#504);
#502 = CARTESIAN_POINT('',(-48.768,-22.479,-0.41148));
#503 = DIRECTION('',(0.E+000,0.E+000,1.));
#504 = DIRECTION('',(1.,0.E+000,-0.E+000));
#505 = CYLINDRICAL_SURFACE('',#506,0.6);
#506 = AXIS2_PLACEMENT_3D('',#507,#508,#509);
#507 = CARTESIAN_POINT('',(-48.768,-22.479,-0.41148));
#508 = DIRECTION('',(-0.E+000,-0.E+000,-1.));
#509 = DIRECTION('',(1.,0.E+000,-0.E+000));
#510 = ADVANCED_FACE('',(#511),#538,.F.);
#511 = FACE_BOUND('',#512,.T.);
#512 = EDGE_LOOP('',(#513,#523,#530,#531));
#513 = ORIENTED_EDGE('',*,*,#514,.T.);
#514 = EDGE_CURVE('',#515,#517,#519,.T.);
#515 = VERTEX_POINT('',#516);
#516 = CARTESIAN_POINT('',(-42.199,-36.703,-0.41148));
#517 = VERTEX_POINT('',#518);
#518 = CARTESIAN_POINT('',(-42.199,-36.703,0.E+000));
#519 = LINE('',#520,#521);
#520 = CARTESIAN_POINT('',(-42.199,-36.703,-0.41148));
#521 = VECTOR('',#522,1.);
#522 = DIRECTION('',(0.E+000,0.E+000,1.));
#523 = ORIENTED_EDGE('',*,*,#524,.T.);
#524 = EDGE_CURVE('',#517,#517,#525,.T.);
#525 = CIRCLE('',#526,0.6);
#526 = AXIS2_PLACEMENT_3D('',#527,#528,#529);
#527 = CARTESIAN_POINT('',(-42.799,-36.703,0.E+000));
#528 = DIRECTION('',(0.E+000,0.E+000,1.));
#529 = DIRECTION('',(1.,0.E+000,-0.E+000));
#530 = ORIENTED_EDGE('',*,*,#514,.F.);
#531 = ORIENTED_EDGE('',*,*,#532,.F.);
#532 = EDGE_CURVE('',#515,#515,#533,.T.);
#533 = CIRCLE('',#534,0.6);
#534 = AXIS2_PLACEMENT_3D('',#535,#536,#537);
#535 = CARTESIAN_POINT('',(-42.799,-36.703,-0.41148));
#536 = DIRECTION('',(0.E+000,0.E+000,1.));
#537 = DIRECTION('',(1.,0.E+000,-0.E+000));
#538 = CYLINDRICAL_SURFACE('',#539,0.6);
#539 = AXIS2_PLACEMENT_3D('',#540,#541,#542);
#540 = CARTESIAN_POINT('',(-42.799,-36.703,-0.41148));
#541 = DIRECTION('',(-0.E+000,-0.E+000,-1.));
#542 = DIRECTION('',(1.,0.E+000,-0.E+000));
#543 = ADVANCED_FACE('',(#544),#571,.F.);
#544 = FACE_BOUND('',#545,.T.);
#545 = EDGE_LOOP('',(#546,#556,#563,#564));
#546 = ORIENTED_EDGE('',*,*,#547,.T.);
#547 = EDGE_CURVE('',#548,#550,#552,.T.);
#548 = VERTEX_POINT('',#549);
#549 = CARTESIAN_POINT('',(-36.23,-34.671,-0.41148));
#550 = VERTEX_POINT('',#551);
#551 = CARTESIAN_POINT('',(-36.23,-34.671,0.E+000));
#552 = LINE('',#553,#554);
#553 = CARTESIAN_POINT('',(-36.23,-34.671,-0.41148));
#554 = VECTOR('',#555,1.);
#555 = DIRECTION('',(0.E+000,0.E+000,1.));
#556 = ORIENTED_EDGE('',*,*,#557,.T.);
#557 = EDGE_CURVE('',#550,#550,#558,.T.);
#558 = CIRCLE('',#559,0.6);
#559 = AXIS2_PLACEMENT_3D('',#560,#561,#562);
#560 = CARTESIAN_POINT('',(-36.83,-34.671,0.E+000));
#561 = DIRECTION('',(0.E+000,0.E+000,1.));
#562 = DIRECTION('',(1.,0.E+000,-0.E+000));
#563 = ORIENTED_EDGE('',*,*,#547,.F.);
#564 = ORIENTED_EDGE('',*,*,#565,.F.);
#565 = EDGE_CURVE('',#548,#548,#566,.T.);
#566 = CIRCLE('',#567,0.6);
#567 = AXIS2_PLACEMENT_3D('',#568,#569,#570);
#568 = CARTESIAN_POINT('',(-36.83,-34.671,-0.41148));
#569 = DIRECTION('',(0.E+000,0.E+000,1.));
#570 = DIRECTION('',(1.,0.E+000,-0.E+000));
#571 = CYLINDRICAL_SURFACE('',#572,0.6);
#572 = AXIS2_PLACEMENT_3D('',#573,#574,#575);
#573 = CARTESIAN_POINT('',(-36.83,-34.671,-0.41148));
#574 = DIRECTION('',(-0.E+000,-0.E+000,-1.));
#575 = DIRECTION('',(1.,0.E+000,-0.E+000));
#576 = ADVANCED_FACE('',(#577),#604,.F.);
#577 = FACE_BOUND('',#578,.T.);
#578 = EDGE_LOOP('',(#579,#589,#596,#597));
#579 = ORIENTED_EDGE('',*,*,#580,.T.);
#580 = EDGE_CURVE('',#581,#583,#585,.T.);
#581 = VERTEX_POINT('',#582);
#582 = CARTESIAN_POINT('',(-48.353,-16.524,-0.41148));
#583 = VERTEX_POINT('',#584);
#584 = CARTESIAN_POINT('',(-48.353,-16.524,0.E+000));
#585 = LINE('',#586,#587);
#586 = CARTESIAN_POINT('',(-48.353,-16.524,-0.41148));
#587 = VECTOR('',#588,1.);
#588 = DIRECTION('',(0.E+000,0.E+000,1.));
#589 = ORIENTED_EDGE('',*,*,#590,.T.);
#590 = EDGE_CURVE('',#583,#583,#591,.T.);
#591 = CIRCLE('',#592,0.25);
#592 = AXIS2_PLACEMENT_3D('',#593,#594,#595);
#593 = CARTESIAN_POINT('',(-48.603,-16.524,0.E+000));
#594 = DIRECTION('',(0.E+000,0.E+000,1.));
#595 = DIRECTION('',(1.,0.E+000,-0.E+000));
#596 = ORIENTED_EDGE('',*,*,#580,.F.);
#597 = ORIENTED_EDGE('',*,*,#598,.F.);
#598 = EDGE_CURVE('',#581,#581,#599,.T.);
#599 = CIRCLE('',#600,0.25);
#600 = AXIS2_PLACEMENT_3D('',#601,#602,#603);
#601 = CARTESIAN_POINT('',(-48.603,-16.524,-0.41148));
#602 = DIRECTION('',(0.E+000,0.E+000,1.));
#603 = DIRECTION('',(1.,0.E+000,-0.E+000));
#604 = CYLINDRICAL_SURFACE('',#605,0.25);
#605 = AXIS2_PLACEMENT_3D('',#606,#607,#608);
#606 = CARTESIAN_POINT('',(-48.603,-16.524,-0.41148));
#607 = DIRECTION('',(-0.E+000,-0.E+000,-1.));
#608 = DIRECTION('',(1.,0.E+000,-0.E+000));
#609 = ADVANCED_FACE('',(#610),#637,.F.);
#610 = FACE_BOUND('',#611,.T.);
#611 = EDGE_LOOP('',(#612,#622,#629,#630));
#612 = ORIENTED_EDGE('',*,*,#613,.T.);
#613 = EDGE_CURVE('',#614,#616,#618,.T.);
#614 = VERTEX_POINT('',#615);
#615 = CARTESIAN_POINT('',(-49.75,-12.841,-0.41148));
#616 = VERTEX_POINT('',#617);
#617 = CARTESIAN_POINT('',(-49.75,-12.841,0.E+000));
#618 = LINE('',#619,#620);
#619 = CARTESIAN_POINT('',(-49.75,-12.841,-0.41148));
#620 = VECTOR('',#621,1.);
#621 = DIRECTION('',(0.E+000,0.E+000,1.));
#622 = ORIENTED_EDGE('',*,*,#623,.T.);
#623 = EDGE_CURVE('',#616,#616,#624,.T.);
#624 = CIRCLE('',#625,0.25);
#625 = AXIS2_PLACEMENT_3D('',#626,#627,#628);
#626 = CARTESIAN_POINT('',(-50.,-12.841,0.E+000));
#627 = DIRECTION('',(0.E+000,0.E+000,1.));
#628 = DIRECTION('',(1.,0.E+000,-0.E+000));
#629 = ORIENTED_EDGE('',*,*,#613,.F.);
#630 = ORIENTED_EDGE('',*,*,#631,.F.);
#631 = EDGE_CURVE('',#614,#614,#632,.T.);
#632 = CIRCLE('',#633,0.25);
#633 = AXIS2_PLACEMENT_3D('',#634,#635,#636);
#634 = CARTESIAN_POINT('',(-50.,-12.841,-0.41148));
#635 = DIRECTION('',(0.E+000,0.E+000,1.));
#636 = DIRECTION('',(1.,0.E+000,-0.E+000));
#637 = CYLINDRICAL_SURFACE('',#638,0.25);
#638 = AXIS2_PLACEMENT_3D('',#639,#640,#641);
#639 = CARTESIAN_POINT('',(-50.,-12.841,-0.41148));
#640 = DIRECTION('',(-0.E+000,-0.E+000,-1.));
#641 = DIRECTION('',(1.,0.E+000,-0.E+000));
#642 = ADVANCED_FACE('',(#643),#670,.F.);
#643 = FACE_BOUND('',#644,.T.);
#644 = EDGE_LOOP('',(#645,#655,#662,#663));
#645 = ORIENTED_EDGE('',*,*,#646,.T.);
#646 = EDGE_CURVE('',#647,#649,#651,.T.);
#647 = VERTEX_POINT('',#648);
#648 = CARTESIAN_POINT('',(-36.23,-22.479,-0.41148));
#649 = VERTEX_POINT('',#650);
#650 = CARTESIAN_POINT('',(-36.23,-22.479,0.E+000));
#651 = LINE('',#652,#653);
#652 = CARTESIAN_POINT('',(-36.23,-22.479,-0.41148));
#653 = VECTOR('',#654,1.);
#654 = DIRECTION('',(0.E+000,0.E+000,1.));
#655 = ORIENTED_EDGE('',*,*,#656,.T.);
#656 = EDGE_CURVE('',#649,#649,#657,.T.);
#657 = CIRCLE('',#658,0.6);
#658 = AXIS2_PLACEMENT_3D('',#659,#660,#661);
#659 = CARTESIAN_POINT('',(-36.83,-22.479,0.E+000));
#660 = DIRECTION('',(0.E+000,0.E+000,1.));
#661 = DIRECTION('',(1.,0.E+000,-0.E+000));
#662 = ORIENTED_EDGE('',*,*,#646,.F.);
#663 = ORIENTED_EDGE('',*,*,#664,.F.);
#664 = EDGE_CURVE('',#647,#647,#665,.T.);
#665 = CIRCLE('',#666,0.6);
#666 = AXIS2_PLACEMENT_3D('',#667,#668,#669);
#667 = CARTESIAN_POINT('',(-36.83,-22.479,-0.41148));
#668 = DIRECTION('',(0.E+000,0.E+000,1.));
#669 = DIRECTION('',(1.,0.E+000,-0.E+000));
#670 = CYLINDRICAL_SURFACE('',#671,0.6);
#671 = AXIS2_PLACEMENT_3D('',#672,#673,#674);
#672 = CARTESIAN_POINT('',(-36.83,-22.479,-0.41148));
#673 = DIRECTION('',(-0.E+000,-0.E+000,-1.));
#674 = DIRECTION('',(1.,0.E+000,-0.E+000));
#675 = ADVANCED_FACE('',(#676),#703,.F.);
#676 = FACE_BOUND('',#677,.T.);
#677 = EDGE_LOOP('',(#678,#688,#695,#696));
#678 = ORIENTED_EDGE('',*,*,#679,.T.);
#679 = EDGE_CURVE('',#680,#682,#684,.T.);
#680 = VERTEX_POINT('',#681);
#681 = CARTESIAN_POINT('',(-48.353,-13.476,-0.41148));
#682 = VERTEX_POINT('',#683);
#683 = CARTESIAN_POINT('',(-48.353,-13.476,0.E+000));
#684 = LINE('',#685,#686);
#685 = CARTESIAN_POINT('',(-48.353,-13.476,-0.41148));
#686 = VECTOR('',#687,1.);
#687 = DIRECTION('',(0.E+000,0.E+000,1.));
#688 = ORIENTED_EDGE('',*,*,#689,.T.);
#689 = EDGE_CURVE('',#682,#682,#690,.T.);
#690 = CIRCLE('',#691,0.25);
#691 = AXIS2_PLACEMENT_3D('',#692,#693,#694);
#692 = CARTESIAN_POINT('',(-48.603,-13.476,0.E+000));
#693 = DIRECTION('',(0.E+000,0.E+000,1.));
#694 = DIRECTION('',(1.,0.E+000,-0.E+000));
#695 = ORIENTED_EDGE('',*,*,#679,.F.);
#696 = ORIENTED_EDGE('',*,*,#697,.F.);
#697 = EDGE_CURVE('',#680,#680,#698,.T.);
#698 = CIRCLE('',#699,0.25);
#699 = AXIS2_PLACEMENT_3D('',#700,#701,#702);
#700 = CARTESIAN_POINT('',(-48.603,-13.476,-0.41148));
#701 = DIRECTION('',(0.E+000,0.E+000,1.));
#702 = DIRECTION('',(1.,0.E+000,-0.E+000));
#703 = CYLINDRICAL_SURFACE('',#704,0.25);
#704 = AXIS2_PLACEMENT_3D('',#705,#706,#707);
#705 = CARTESIAN_POINT('',(-48.603,-13.476,-0.41148));
#706 = DIRECTION('',(-0.E+000,-0.E+000,-1.));
#707 = DIRECTION('',(1.,0.E+000,-0.E+000));
#708 = ADVANCED_FACE('',(#709),#736,.F.);
#709 = FACE_BOUND('',#710,.T.);
#710 = EDGE_LOOP('',(#711,#721,#728,#729));
#711 = ORIENTED_EDGE('',*,*,#712,.T.);
#712 = EDGE_CURVE('',#713,#715,#717,.T.);
#713 = VERTEX_POINT('',#714);
#714 = CARTESIAN_POINT('',(-47.622,-14.941,-0.41148));
#715 = VERTEX_POINT('',#716);
#716 = CARTESIAN_POINT('',(-47.622,-14.941,0.E+000));
#717 = LINE('',#718,#719);
#718 = CARTESIAN_POINT('',(-47.622,-14.941,-0.41148));
#719 = VECTOR('',#720,1.);
#720 = DIRECTION('',(0.E+000,0.E+000,1.));
#721 = ORIENTED_EDGE('',*,*,#722,.T.);
#722 = EDGE_CURVE('',#715,#715,#723,.T.);
#723 = CIRCLE('',#724,0.25);
#724 = AXIS2_PLACEMENT_3D('',#725,#726,#727);
#725 = CARTESIAN_POINT('',(-47.872,-14.941,0.E+000));
#726 = DIRECTION('',(0.E+000,0.E+000,1.));
#727 = DIRECTION('',(1.,0.E+000,-0.E+000));
#728 = ORIENTED_EDGE('',*,*,#712,.F.);
#729 = ORIENTED_EDGE('',*,*,#730,.F.);
#730 = EDGE_CURVE('',#713,#713,#731,.T.);
#731 = CIRCLE('',#732,0.25);
#732 = AXIS2_PLACEMENT_3D('',#733,#734,#735);
#733 = CARTESIAN_POINT('',(-47.872,-14.941,-0.41148));
#734 = DIRECTION('',(0.E+000,0.E+000,1.));
#735 = DIRECTION('',(1.,0.E+000,-0.E+000));
#736 = CYLINDRICAL_SURFACE('',#737,0.25);
#737 = AXIS2_PLACEMENT_3D('',#738,#739,#740);
#738 = CARTESIAN_POINT('',(-47.872,-14.941,-0.41148));
#739 = DIRECTION('',(-0.E+000,-0.E+000,-1.));
#740 = DIRECTION('',(1.,0.E+000,-0.E+000));
#741 = ADVANCED_FACE('',(#742),#769,.F.);
#742 = FACE_BOUND('',#743,.T.);
#743 = EDGE_LOOP('',(#744,#754,#761,#762));
#744 = ORIENTED_EDGE('',*,*,#745,.T.);
#745 = EDGE_CURVE('',#746,#748,#750,.T.);
#746 = VERTEX_POINT('',#747);
#747 = CARTESIAN_POINT('',(-38.436,-10.383,-0.41148));
#748 = VERTEX_POINT('',#749);
#749 = CARTESIAN_POINT('',(-38.436,-10.383,0.E+000));
#750 = LINE('',#751,#752);
#751 = CARTESIAN_POINT('',(-38.436,-10.383,-0.41148));
#752 = VECTOR('',#753,1.);
#753 = DIRECTION('',(0.E+000,0.E+000,1.));
#754 = ORIENTED_EDGE('',*,*,#755,.T.);
#755 = EDGE_CURVE('',#748,#748,#756,.T.);
#756 = CIRCLE('',#757,0.25);
#757 = AXIS2_PLACEMENT_3D('',#758,#759,#760);
#758 = CARTESIAN_POINT('',(-38.686,-10.383,0.E+000));
#759 = DIRECTION('',(0.E+000,0.E+000,1.));
#760 = DIRECTION('',(1.,0.E+000,-0.E+000));
#761 = ORIENTED_EDGE('',*,*,#745,.F.);
#762 = ORIENTED_EDGE('',*,*,#763,.F.);
#763 = EDGE_CURVE('',#746,#746,#764,.T.);
#764 = CIRCLE('',#765,0.25);
#765 = AXIS2_PLACEMENT_3D('',#766,#767,#768);
#766 = CARTESIAN_POINT('',(-38.686,-10.383,-0.41148));
#767 = DIRECTION('',(0.E+000,0.E+000,1.));
#768 = DIRECTION('',(1.,0.E+000,-0.E+000));
#769 = CYLINDRICAL_SURFACE('',#770,0.25);
#770 = AXIS2_PLACEMENT_3D('',#771,#772,#773);
#771 = CARTESIAN_POINT('',(-38.686,-10.383,-0.41148));
#772 = DIRECTION('',(-0.E+000,-0.E+000,-1.));
#773 = DIRECTION('',(1.,0.E+000,-0.E+000));
#774 = ADVANCED_FACE('',(#775),#809,.F.);
#775 = FACE_BOUND('',#776,.F.);
#776 = EDGE_LOOP('',(#777,#787,#795,#803));
#777 = ORIENTED_EDGE('',*,*,#778,.T.);
#778 = EDGE_CURVE('',#779,#781,#783,.T.);
#779 = VERTEX_POINT('',#780);
#780 = CARTESIAN_POINT('',(-48.13299942016,-11.30300045013,-0.41148));
#781 = VERTEX_POINT('',#782);
#782 = CARTESIAN_POINT('',(-48.13299942016,-11.30300045013,0.E+000));
#783 = LINE('',#784,#785);
#784 = CARTESIAN_POINT('',(-48.13299942016,-11.30300045013,-0.41148));
#785 = VECTOR('',#786,1.);
#786 = DIRECTION('',(0.E+000,0.E+000,1.));
#787 = ORIENTED_EDGE('',*,*,#788,.T.);
#788 = EDGE_CURVE('',#781,#789,#791,.T.);
#789 = VERTEX_POINT('',#790);
#790 = CARTESIAN_POINT('',(-59.18199920654,-11.30300045013,0.E+000));
#791 = LINE('',#792,#793);
#792 = CARTESIAN_POINT('',(-48.13299942016,-11.30300045013,0.E+000));
#793 = VECTOR('',#794,1.);
#794 = DIRECTION('',(-1.,0.E+000,0.E+000));
#795 = ORIENTED_EDGE('',*,*,#796,.F.);
#796 = EDGE_CURVE('',#797,#789,#799,.T.);
#797 = VERTEX_POINT('',#798);
#798 = CARTESIAN_POINT('',(-59.18199920654,-11.30300045013,-0.41148));
#799 = LINE('',#800,#801);
#800 = CARTESIAN_POINT('',(-59.18199920654,-11.30300045013,-0.41148));
#801 = VECTOR('',#802,1.);
#802 = DIRECTION('',(0.E+000,0.E+000,1.));
#803 = ORIENTED_EDGE('',*,*,#804,.F.);
#804 = EDGE_CURVE('',#779,#797,#805,.T.);
#805 = LINE('',#806,#807);
#806 = CARTESIAN_POINT('',(-48.13299942016,-11.30300045013,-0.41148));
#807 = VECTOR('',#808,1.);
#808 = DIRECTION('',(-1.,0.E+000,0.E+000));
#809 = PLANE('',#810);
#810 = AXIS2_PLACEMENT_3D('',#811,#812,#813);
#811 = CARTESIAN_POINT('',(-48.13299942016,-11.30300045013,-0.41148));
#812 = DIRECTION('',(0.E+000,-1.,0.E+000));
#813 = DIRECTION('',(-1.,0.E+000,0.E+000));
#814 = ADVANCED_FACE('',(#815),#840,.F.);
#815 = FACE_BOUND('',#816,.F.);
#816 = EDGE_LOOP('',(#817,#827,#833,#834));
#817 = ORIENTED_EDGE('',*,*,#818,.T.);
#818 = EDGE_CURVE('',#819,#821,#823,.T.);
#819 = VERTEX_POINT('',#820);
#820 = CARTESIAN_POINT('',(-48.13299942016,11.175999641418,-0.41148));
#821 = VERTEX_POINT('',#822);
#822 = CARTESIAN_POINT('',(-48.13299942016,11.175999641418,0.E+000));
#823 = LINE('',#824,#825);
#824 = CARTESIAN_POINT('',(-48.13299942016,11.175999641418,-0.41148));
#825 = VECTOR('',#826,1.);
#826 = DIRECTION('',(0.E+000,0.E+000,1.));
#827 = ORIENTED_EDGE('',*,*,#828,.T.);
#828 = EDGE_CURVE('',#821,#781,#829,.T.);
#829 = LINE('',#830,#831);
#830 = CARTESIAN_POINT('',(-48.13299942016,11.175999641418,0.E+000));
#831 = VECTOR('',#832,1.);
#832 = DIRECTION('',(0.E+000,-1.,0.E+000));
#833 = ORIENTED_EDGE('',*,*,#778,.F.);
#834 = ORIENTED_EDGE('',*,*,#835,.F.);
#835 = EDGE_CURVE('',#819,#779,#836,.T.);
#836 = LINE('',#837,#838);
#837 = CARTESIAN_POINT('',(-48.13299942016,11.175999641418,-0.41148));
#838 = VECTOR('',#839,1.);
#839 = DIRECTION('',(0.E+000,-1.,0.E+000));
#840 = PLANE('',#841);
#841 = AXIS2_PLACEMENT_3D('',#842,#843,#844);
#842 = CARTESIAN_POINT('',(-48.13299942016,11.175999641418,-0.41148));
#843 = DIRECTION('',(1.,0.E+000,-0.E+000));
#844 = DIRECTION('',(0.E+000,-1.,0.E+000));
#845 = ADVANCED_FACE('',(#846),#871,.F.);
#846 = FACE_BOUND('',#847,.F.);
#847 = EDGE_LOOP('',(#848,#858,#864,#865));
#848 = ORIENTED_EDGE('',*,*,#849,.T.);
#849 = EDGE_CURVE('',#850,#852,#854,.T.);
#850 = VERTEX_POINT('',#851);
#851 = CARTESIAN_POINT('',(-59.18199920654,11.175999641418,-0.41148));
#852 = VERTEX_POINT('',#853);
#853 = CARTESIAN_POINT('',(-59.18199920654,11.175999641418,0.E+000));
#854 = LINE('',#855,#856);
#855 = CARTESIAN_POINT('',(-59.18199920654,11.175999641418,-0.41148));
#856 = VECTOR('',#857,1.);
#857 = DIRECTION('',(0.E+000,0.E+000,1.));
#858 = ORIENTED_EDGE('',*,*,#859,.T.);
#859 = EDGE_CURVE('',#852,#821,#860,.T.);
#860 = LINE('',#861,#862);
#861 = CARTESIAN_POINT('',(-59.18199920654,11.175999641418,0.E+000));
#862 = VECTOR('',#863,1.);
#863 = DIRECTION('',(1.,0.E+000,0.E+000));
#864 = ORIENTED_EDGE('',*,*,#818,.F.);
#865 = ORIENTED_EDGE('',*,*,#866,.F.);
#866 = EDGE_CURVE('',#850,#819,#867,.T.);
#867 = LINE('',#868,#869);
#868 = CARTESIAN_POINT('',(-59.18199920654,11.175999641418,-0.41148));
#869 = VECTOR('',#870,1.);
#870 = DIRECTION('',(1.,0.E+000,0.E+000));
#871 = PLANE('',#872);
#872 = AXIS2_PLACEMENT_3D('',#873,#874,#875);
#873 = CARTESIAN_POINT('',(-59.18199920654,11.175999641418,-0.41148));
#874 = DIRECTION('',(0.E+000,1.,0.E+000));
#875 = DIRECTION('',(1.,0.E+000,0.E+000));
#876 = ADVANCED_FACE('',(#877),#893,.F.);
#877 = FACE_BOUND('',#878,.F.);
#878 = EDGE_LOOP('',(#879,#880,#886,#887));
#879 = ORIENTED_EDGE('',*,*,#796,.T.);
#880 = ORIENTED_EDGE('',*,*,#881,.T.);
#881 = EDGE_CURVE('',#789,#852,#882,.T.);
#882 = LINE('',#883,#884);
#883 = CARTESIAN_POINT('',(-59.18199920654,-11.30300045013,0.E+000));
#884 = VECTOR('',#885,1.);
#885 = DIRECTION('',(0.E+000,1.,0.E+000));
#886 = ORIENTED_EDGE('',*,*,#849,.F.);
#887 = ORIENTED_EDGE('',*,*,#888,.F.);
#888 = EDGE_CURVE('',#797,#850,#889,.T.);
#889 = LINE('',#890,#891);
#890 = CARTESIAN_POINT('',(-59.18199920654,-11.30300045013,-0.41148));
#891 = VECTOR('',#892,1.);
#892 = DIRECTION('',(0.E+000,1.,0.E+000));
#893 = PLANE('',#894);
#894 = AXIS2_PLACEMENT_3D('',#895,#896,#897);
#895 = CARTESIAN_POINT('',(-59.18199920654,-11.30300045013,-0.41148));
#896 = DIRECTION('',(-1.,0.E+000,0.E+000));
#897 = DIRECTION('',(0.E+000,1.,0.E+000));
#898 = ADVANCED_FACE('',(#899),#926,.F.);
#899 = FACE_BOUND('',#900,.T.);
#900 = EDGE_LOOP('',(#901,#911,#918,#919));
#901 = ORIENTED_EDGE('',*,*,#902,.T.);
#902 = EDGE_CURVE('',#903,#905,#907,.T.);
#903 = VERTEX_POINT('',#904);
#904 = CARTESIAN_POINT('',(-37.85,-11.811,-0.41148));
#905 = VERTEX_POINT('',#906);
#906 = CARTESIAN_POINT('',(-37.85,-11.811,0.E+000));
#907 = LINE('',#908,#909);
#908 = CARTESIAN_POINT('',(-37.85,-11.811,-0.41148));
#909 = VECTOR('',#910,1.);
#910 = DIRECTION('',(0.E+000,0.E+000,1.));
#911 = ORIENTED_EDGE('',*,*,#912,.T.);
#912 = EDGE_CURVE('',#905,#905,#913,.T.);
#913 = CIRCLE('',#914,0.25);
#914 = AXIS2_PLACEMENT_3D('',#915,#916,#917);
#915 = CARTESIAN_POINT('',(-38.1,-11.811,0.E+000));
#916 = DIRECTION('',(0.E+000,0.E+000,1.));
#917 = DIRECTION('',(1.,0.E+000,-0.E+000));
#918 = ORIENTED_EDGE('',*,*,#902,.F.);
#919 = ORIENTED_EDGE('',*,*,#920,.F.);
#920 = EDGE_CURVE('',#903,#903,#921,.T.);
#921 = CIRCLE('',#922,0.25);
#922 = AXIS2_PLACEMENT_3D('',#923,#924,#925);
#923 = CARTESIAN_POINT('',(-38.1,-11.811,-0.41148));
#924 = DIRECTION('',(0.E+000,0.E+000,1.));
#925 = DIRECTION('',(1.,0.E+000,-0.E+000));
#926 = CYLINDRICAL_SURFACE('',#927,0.25);
#927 = AXIS2_PLACEMENT_3D('',#928,#929,#930);
#928 = CARTESIAN_POINT('',(-38.1,-11.811,-0.41148));
#929 = DIRECTION('',(-0.E+000,-0.E+000,-1.));
#930 = DIRECTION('',(1.,0.E+000,-0.E+000));
#931 = ADVANCED_FACE('',(#932),#959,.F.);
#932 = FACE_BOUND('',#933,.T.);
#933 = EDGE_LOOP('',(#934,#944,#951,#952));
#934 = ORIENTED_EDGE('',*,*,#935,.T.);
#935 = EDGE_CURVE('',#936,#938,#940,.T.);
#936 = VERTEX_POINT('',#937);
#937 = CARTESIAN_POINT('',(-34.826,-10.414,-0.41148));
#938 = VERTEX_POINT('',#939);
#939 = CARTESIAN_POINT('',(-34.826,-10.414,0.E+000));
#940 = LINE('',#941,#942);
#941 = CARTESIAN_POINT('',(-34.826,-10.414,-0.41148));
#942 = VECTOR('',#943,1.);
#943 = DIRECTION('',(0.E+000,0.E+000,1.));
#944 = ORIENTED_EDGE('',*,*,#945,.T.);
#945 = EDGE_CURVE('',#938,#938,#946,.T.);
#946 = CIRCLE('',#947,1.75);
#947 = AXIS2_PLACEMENT_3D('',#948,#949,#950);
#948 = CARTESIAN_POINT('',(-36.576,-10.414,0.E+000));
#949 = DIRECTION('',(0.E+000,0.E+000,1.));
#950 = DIRECTION('',(1.,0.E+000,-0.E+000));
#951 = ORIENTED_EDGE('',*,*,#935,.F.);
#952 = ORIENTED_EDGE('',*,*,#953,.F.);
#953 = EDGE_CURVE('',#936,#936,#954,.T.);
#954 = CIRCLE('',#955,1.75);
#955 = AXIS2_PLACEMENT_3D('',#956,#957,#958);
#956 = CARTESIAN_POINT('',(-36.576,-10.414,-0.41148));
#957 = DIRECTION('',(0.E+000,0.E+000,1.));
#958 = DIRECTION('',(1.,0.E+000,-0.E+000));
#959 = CYLINDRICAL_SURFACE('',#960,1.75);
#960 = AXIS2_PLACEMENT_3D('',#961,#962,#963);
#961 = CARTESIAN_POINT('',(-36.576,-10.414,-0.41148));
#962 = DIRECTION('',(-0.E+000,-0.E+000,-1.));
#963 = DIRECTION('',(1.,0.E+000,-0.E+000));
#964 = ADVANCED_FACE('',(#965),#992,.F.);
#965 = FACE_BOUND('',#966,.T.);
#966 = EDGE_LOOP('',(#967,#977,#984,#985));
#967 = ORIENTED_EDGE('',*,*,#968,.T.);
#968 = EDGE_CURVE('',#969,#971,#973,.T.);
#969 = VERTEX_POINT('',#970);
#970 = CARTESIAN_POINT('',(-61.73,-1.778,-0.41148));
#971 = VERTEX_POINT('',#972);
#972 = CARTESIAN_POINT('',(-61.73,-1.778,0.E+000));
#973 = LINE('',#974,#975);
#974 = CARTESIAN_POINT('',(-61.73,-1.778,-0.41148));
#975 = VECTOR('',#976,1.);
#976 = DIRECTION('',(0.E+000,0.E+000,1.));
#977 = ORIENTED_EDGE('',*,*,#978,.T.);
#978 = EDGE_CURVE('',#971,#971,#979,.T.);
#979 = CIRCLE('',#980,0.5);
#980 = AXIS2_PLACEMENT_3D('',#981,#982,#983);
#981 = CARTESIAN_POINT('',(-62.23,-1.778,0.E+000));
#982 = DIRECTION('',(0.E+000,0.E+000,1.));
#983 = DIRECTION('',(1.,0.E+000,-0.E+000));
#984 = ORIENTED_EDGE('',*,*,#968,.F.);
#985 = ORIENTED_EDGE('',*,*,#986,.F.);
#986 = EDGE_CURVE('',#969,#969,#987,.T.);
#987 = CIRCLE('',#988,0.5);
#988 = AXIS2_PLACEMENT_3D('',#989,#990,#991);
#989 = CARTESIAN_POINT('',(-62.23,-1.778,-0.41148));
#990 = DIRECTION('',(0.E+000,0.E+000,1.));
#991 = DIRECTION('',(1.,0.E+000,-0.E+000));
#992 = CYLINDRICAL_SURFACE('',#993,0.5);
#993 = AXIS2_PLACEMENT_3D('',#994,#995,#996);
#994 = CARTESIAN_POINT('',(-62.23,-1.778,-0.41148));
#995 = DIRECTION('',(-0.E+000,-0.E+000,-1.));
#996 = DIRECTION('',(1.,0.E+000,-0.E+000));
#997 = ADVANCED_FACE('',(#998),#1025,.F.);
#998 = FACE_BOUND('',#999,.T.);
#999 = EDGE_LOOP('',(#1000,#1010,#1017,#1018));
#1000 = ORIENTED_EDGE('',*,*,#1001,.T.);
#1001 = EDGE_CURVE('',#1002,#1004,#1006,.T.);
#1002 = VERTEX_POINT('',#1003);
#1003 = CARTESIAN_POINT('',(-66.81,-1.778,-0.41148));
#1004 = VERTEX_POINT('',#1005);
#1005 = CARTESIAN_POINT('',(-66.81,-1.778,0.E+000));
#1006 = LINE('',#1007,#1008);
#1007 = CARTESIAN_POINT('',(-66.81,-1.778,-0.41148));
#1008 = VECTOR('',#1009,1.);
#1009 = DIRECTION('',(0.E+000,0.E+000,1.));
#1010 = ORIENTED_EDGE('',*,*,#1011,.T.);
#1011 = EDGE_CURVE('',#1004,#1004,#1012,.T.);
#1012 = CIRCLE('',#1013,0.5);
#1013 = AXIS2_PLACEMENT_3D('',#1014,#1015,#1016);
#1014 = CARTESIAN_POINT('',(-67.31,-1.778,0.E+000));
#1015 = DIRECTION('',(0.E+000,0.E+000,1.));
#1016 = DIRECTION('',(1.,0.E+000,-0.E+000));
#1017 = ORIENTED_EDGE('',*,*,#1001,.F.);
#1018 = ORIENTED_EDGE('',*,*,#1019,.F.);
#1019 = EDGE_CURVE('',#1002,#1002,#1020,.T.);
#1020 = CIRCLE('',#1021,0.5);
#1021 = AXIS2_PLACEMENT_3D('',#1022,#1023,#1024);
#1022 = CARTESIAN_POINT('',(-67.31,-1.778,-0.41148));
#1023 = DIRECTION('',(0.E+000,0.E+000,1.));
#1024 = DIRECTION('',(1.,0.E+000,-0.E+000));
#1025 = CYLINDRICAL_SURFACE('',#1026,0.5);
#1026 = AXIS2_PLACEMENT_3D('',#1027,#1028,#1029);
#1027 = CARTESIAN_POINT('',(-67.31,-1.778,-0.41148));
#1028 = DIRECTION('',(-0.E+000,-0.E+000,-1.));
#1029 = DIRECTION('',(1.,0.E+000,-0.E+000));
#1030 = ADVANCED_FACE('',(#1031),#1058,.F.);
#1031 = FACE_BOUND('',#1032,.T.);
#1032 = EDGE_LOOP('',(#1033,#1043,#1050,#1051));
#1033 = ORIENTED_EDGE('',*,*,#1034,.T.);
#1034 = EDGE_CURVE('',#1035,#1037,#1039,.T.);
#1035 = VERTEX_POINT('',#1036);
#1036 = CARTESIAN_POINT('',(-43.646,-7.921,-0.41148));
#1037 = VERTEX_POINT('',#1038);
#1038 = CARTESIAN_POINT('',(-43.646,-7.921,0.E+000));
#1039 = LINE('',#1040,#1041);
#1040 = CARTESIAN_POINT('',(-43.646,-7.921,-0.41148));
#1041 = VECTOR('',#1042,1.);
#1042 = DIRECTION('',(0.E+000,0.E+000,1.));
#1043 = ORIENTED_EDGE('',*,*,#1044,.T.);
#1044 = EDGE_CURVE('',#1037,#1037,#1045,.T.);
#1045 = CIRCLE('',#1046,0.55);
#1046 = AXIS2_PLACEMENT_3D('',#1047,#1048,#1049);
#1047 = CARTESIAN_POINT('',(-44.196,-7.921,0.E+000));
#1048 = DIRECTION('',(0.E+000,0.E+000,1.));
#1049 = DIRECTION('',(1.,0.E+000,-0.E+000));
#1050 = ORIENTED_EDGE('',*,*,#1034,.F.);
#1051 = ORIENTED_EDGE('',*,*,#1052,.F.);
#1052 = EDGE_CURVE('',#1035,#1035,#1053,.T.);
#1053 = CIRCLE('',#1054,0.55);
#1054 = AXIS2_PLACEMENT_3D('',#1055,#1056,#1057);
#1055 = CARTESIAN_POINT('',(-44.196,-7.921,-0.41148));
#1056 = DIRECTION('',(0.E+000,0.E+000,1.));
#1057 = DIRECTION('',(1.,0.E+000,-0.E+000));
#1058 = CYLINDRICAL_SURFACE('',#1059,0.55);
#1059 = AXIS2_PLACEMENT_3D('',#1060,#1061,#1062);
#1060 = CARTESIAN_POINT('',(-44.196,-7.921,-0.41148));
#1061 = DIRECTION('',(-0.E+000,-0.E+000,-1.));
#1062 = DIRECTION('',(1.,0.E+000,-0.E+000));
#1063 = ADVANCED_FACE('',(#1064),#1091,.F.);
#1064 = FACE_BOUND('',#1065,.T.);
#1065 = EDGE_LOOP('',(#1066,#1076,#1083,#1084));
#1066 = ORIENTED_EDGE('',*,*,#1067,.T.);
#1067 = EDGE_CURVE('',#1068,#1070,#1072,.T.);
#1068 = VERTEX_POINT('',#1069);
#1069 = CARTESIAN_POINT('',(-43.646,-2.921,-0.41148));
#1070 = VERTEX_POINT('',#1071);
#1071 = CARTESIAN_POINT('',(-43.646,-2.921,0.E+000));
#1072 = LINE('',#1073,#1074);
#1073 = CARTESIAN_POINT('',(-43.646,-2.921,-0.41148));
#1074 = VECTOR('',#1075,1.);
#1075 = DIRECTION('',(0.E+000,0.E+000,1.));
#1076 = ORIENTED_EDGE('',*,*,#1077,.T.);
#1077 = EDGE_CURVE('',#1070,#1070,#1078,.T.);
#1078 = CIRCLE('',#1079,0.55);
#1079 = AXIS2_PLACEMENT_3D('',#1080,#1081,#1082);
#1080 = CARTESIAN_POINT('',(-44.196,-2.921,0.E+000));
#1081 = DIRECTION('',(0.E+000,0.E+000,1.));
#1082 = DIRECTION('',(1.,0.E+000,-0.E+000));
#1083 = ORIENTED_EDGE('',*,*,#1067,.F.);
#1084 = ORIENTED_EDGE('',*,*,#1085,.F.);
#1085 = EDGE_CURVE('',#1068,#1068,#1086,.T.);
#1086 = CIRCLE('',#1087,0.55);
#1087 = AXIS2_PLACEMENT_3D('',#1088,#1089,#1090);
#1088 = CARTESIAN_POINT('',(-44.196,-2.921,-0.41148));
#1089 = DIRECTION('',(0.E+000,0.E+000,1.));
#1090 = DIRECTION('',(1.,0.E+000,-0.E+000));
#1091 = CYLINDRICAL_SURFACE('',#1092,0.55);
#1092 = AXIS2_PLACEMENT_3D('',#1093,#1094,#1095);
#1093 = CARTESIAN_POINT('',(-44.196,-2.921,-0.41148));
#1094 = DIRECTION('',(-0.E+000,-0.E+000,-1.));
#1095 = DIRECTION('',(1.,0.E+000,-0.E+000));
#1096 = ADVANCED_FACE('',(#1097),#1124,.F.);
#1097 = FACE_BOUND('',#1098,.T.);
#1098 = EDGE_LOOP('',(#1099,#1109,#1116,#1117));
#1099 = ORIENTED_EDGE('',*,*,#1100,.T.);
#1100 = EDGE_CURVE('',#1101,#1103,#1105,.T.);
#1101 = VERTEX_POINT('',#1102);
#1102 = CARTESIAN_POINT('',(-43.646,-5.421,-0.41148));
#1103 = VERTEX_POINT('',#1104);
#1104 = CARTESIAN_POINT('',(-43.646,-5.421,0.E+000));
#1105 = LINE('',#1106,#1107);
#1106 = CARTESIAN_POINT('',(-43.646,-5.421,-0.41148));
#1107 = VECTOR('',#1108,1.);
#1108 = DIRECTION('',(0.E+000,0.E+000,1.));
#1109 = ORIENTED_EDGE('',*,*,#1110,.T.);
#1110 = EDGE_CURVE('',#1103,#1103,#1111,.T.);
#1111 = CIRCLE('',#1112,0.55);
#1112 = AXIS2_PLACEMENT_3D('',#1113,#1114,#1115);
#1113 = CARTESIAN_POINT('',(-44.196,-5.421,0.E+000));
#1114 = DIRECTION('',(0.E+000,0.E+000,1.));
#1115 = DIRECTION('',(1.,0.E+000,-0.E+000));
#1116 = ORIENTED_EDGE('',*,*,#1100,.F.);
#1117 = ORIENTED_EDGE('',*,*,#1118,.F.);
#1118 = EDGE_CURVE('',#1101,#1101,#1119,.T.);
#1119 = CIRCLE('',#1120,0.55);
#1120 = AXIS2_PLACEMENT_3D('',#1121,#1122,#1123);
#1121 = CARTESIAN_POINT('',(-44.196,-5.421,-0.41148));
#1122 = DIRECTION('',(0.E+000,0.E+000,1.));
#1123 = DIRECTION('',(1.,0.E+000,-0.E+000));
#1124 = CYLINDRICAL_SURFACE('',#1125,0.55);
#1125 = AXIS2_PLACEMENT_3D('',#1126,#1127,#1128);
#1126 = CARTESIAN_POINT('',(-44.196,-5.421,-0.41148));
#1127 = DIRECTION('',(-0.E+000,-0.E+000,-1.));
#1128 = DIRECTION('',(1.,0.E+000,-0.E+000));
#1129 = ADVANCED_FACE('',(#1130),#1157,.F.);
#1130 = FACE_BOUND('',#1131,.T.);
#1131 = EDGE_LOOP('',(#1132,#1142,#1149,#1150));
#1132 = ORIENTED_EDGE('',*,*,#1133,.T.);
#1133 = EDGE_CURVE('',#1134,#1136,#1138,.T.);
#1134 = VERTEX_POINT('',#1135);
#1135 = CARTESIAN_POINT('',(-36.267,-12.542,-0.41148));
#1136 = VERTEX_POINT('',#1137);
#1137 = CARTESIAN_POINT('',(-36.267,-12.542,0.E+000));
#1138 = LINE('',#1139,#1140);
#1139 = CARTESIAN_POINT('',(-36.267,-12.542,-0.41148));
#1140 = VECTOR('',#1141,1.);
#1141 = DIRECTION('',(0.E+000,0.E+000,1.));
#1142 = ORIENTED_EDGE('',*,*,#1143,.T.);
#1143 = EDGE_CURVE('',#1136,#1136,#1144,.T.);
#1144 = CIRCLE('',#1145,0.25);
#1145 = AXIS2_PLACEMENT_3D('',#1146,#1147,#1148);
#1146 = CARTESIAN_POINT('',(-36.517,-12.542,0.E+000));
#1147 = DIRECTION('',(0.E+000,0.E+000,1.));
#1148 = DIRECTION('',(1.,0.E+000,-0.E+000));
#1149 = ORIENTED_EDGE('',*,*,#1133,.F.);
#1150 = ORIENTED_EDGE('',*,*,#1151,.F.);
#1151 = EDGE_CURVE('',#1134,#1134,#1152,.T.);
#1152 = CIRCLE('',#1153,0.25);
#1153 = AXIS2_PLACEMENT_3D('',#1154,#1155,#1156);
#1154 = CARTESIAN_POINT('',(-36.517,-12.542,-0.41148));
#1155 = DIRECTION('',(0.E+000,0.E+000,1.));
#1156 = DIRECTION('',(1.,0.E+000,-0.E+000));
#1157 = CYLINDRICAL_SURFACE('',#1158,0.25);
#1158 = AXIS2_PLACEMENT_3D('',#1159,#1160,#1161);
#1159 = CARTESIAN_POINT('',(-36.517,-12.542,-0.41148));
#1160 = DIRECTION('',(-0.E+000,-0.E+000,-1.));
#1161 = DIRECTION('',(1.,0.E+000,-0.E+000));
#1162 = ADVANCED_FACE('',(#1163),#1190,.F.);
#1163 = FACE_BOUND('',#1164,.T.);
#1164 = EDGE_LOOP('',(#1165,#1175,#1182,#1183));
#1165 = ORIENTED_EDGE('',*,*,#1166,.T.);
#1166 = EDGE_CURVE('',#1167,#1169,#1171,.T.);
#1167 = VERTEX_POINT('',#1168);
#1168 = CARTESIAN_POINT('',(-34.929,-8.89,-0.41148));
#1169 = VERTEX_POINT('',#1170);
#1170 = CARTESIAN_POINT('',(-34.929,-8.89,0.E+000));
#1171 = LINE('',#1172,#1173);
#1172 = CARTESIAN_POINT('',(-34.929,-8.89,-0.41148));
#1173 = VECTOR('',#1174,1.);
#1174 = DIRECTION('',(0.E+000,0.E+000,1.));
#1175 = ORIENTED_EDGE('',*,*,#1176,.T.);
#1176 = EDGE_CURVE('',#1169,#1169,#1177,.T.);
#1177 = CIRCLE('',#1178,0.25);
#1178 = AXIS2_PLACEMENT_3D('',#1179,#1180,#1181);
#1179 = CARTESIAN_POINT('',(-35.179,-8.89,0.E+000));
#1180 = DIRECTION('',(0.E+000,0.E+000,1.));
#1181 = DIRECTION('',(1.,0.E+000,-0.E+000));
#1182 = ORIENTED_EDGE('',*,*,#1166,.F.);
#1183 = ORIENTED_EDGE('',*,*,#1184,.F.);
#1184 = EDGE_CURVE('',#1167,#1167,#1185,.T.);
#1185 = CIRCLE('',#1186,0.25);
#1186 = AXIS2_PLACEMENT_3D('',#1187,#1188,#1189);
#1187 = CARTESIAN_POINT('',(-35.179,-8.89,-0.41148));
#1188 = DIRECTION('',(0.E+000,0.E+000,1.));
#1189 = DIRECTION('',(1.,0.E+000,-0.E+000));
#1190 = CYLINDRICAL_SURFACE('',#1191,0.25);
#1191 = AXIS2_PLACEMENT_3D('',#1192,#1193,#1194);
#1192 = CARTESIAN_POINT('',(-35.179,-8.89,-0.41148));
#1193 = DIRECTION('',(-0.E+000,-0.E+000,-1.));
#1194 = DIRECTION('',(1.,0.E+000,-0.E+000));
#1195 = ADVANCED_FACE('',(#1196),#1223,.F.);
#1196 = FACE_BOUND('',#1197,.T.);
#1197 = EDGE_LOOP('',(#1198,#1208,#1215,#1216));
#1198 = ORIENTED_EDGE('',*,*,#1199,.T.);
#1199 = EDGE_CURVE('',#1200,#1202,#1204,.T.);
#1200 = VERTEX_POINT('',#1201);
#1201 = CARTESIAN_POINT('',(-34.802,-11.811,-0.41148));
#1202 = VERTEX_POINT('',#1203);
#1203 = CARTESIAN_POINT('',(-34.802,-11.811,0.E+000));
#1204 = LINE('',#1205,#1206);
#1205 = CARTESIAN_POINT('',(-34.802,-11.811,-0.41148));
#1206 = VECTOR('',#1207,1.);
#1207 = DIRECTION('',(0.E+000,0.E+000,1.));
#1208 = ORIENTED_EDGE('',*,*,#1209,.T.);
#1209 = EDGE_CURVE('',#1202,#1202,#1210,.T.);
#1210 = CIRCLE('',#1211,0.25);
#1211 = AXIS2_PLACEMENT_3D('',#1212,#1213,#1214);
#1212 = CARTESIAN_POINT('',(-35.052,-11.811,0.E+000));
#1213 = DIRECTION('',(0.E+000,0.E+000,1.));
#1214 = DIRECTION('',(1.,0.E+000,-0.E+000));
#1215 = ORIENTED_EDGE('',*,*,#1199,.F.);
#1216 = ORIENTED_EDGE('',*,*,#1217,.F.);
#1217 = EDGE_CURVE('',#1200,#1200,#1218,.T.);
#1218 = CIRCLE('',#1219,0.25);
#1219 = AXIS2_PLACEMENT_3D('',#1220,#1221,#1222);
#1220 = CARTESIAN_POINT('',(-35.052,-11.811,-0.41148));
#1221 = DIRECTION('',(0.E+000,0.E+000,1.));
#1222 = DIRECTION('',(1.,0.E+000,-0.E+000));
#1223 = CYLINDRICAL_SURFACE('',#1224,0.25);
#1224 = AXIS2_PLACEMENT_3D('',#1225,#1226,#1227);
#1225 = CARTESIAN_POINT('',(-35.052,-11.811,-0.41148));
#1226 = DIRECTION('',(-0.E+000,-0.E+000,-1.));
#1227 = DIRECTION('',(1.,0.E+000,-0.E+000));
#1228 = ADVANCED_FACE('',(#1229),#1256,.F.);
#1229 = FACE_BOUND('',#1230,.T.);
#1230 = EDGE_LOOP('',(#1231,#1241,#1248,#1249));
#1231 = ORIENTED_EDGE('',*,*,#1232,.T.);
#1232 = EDGE_CURVE('',#1233,#1235,#1237,.T.);
#1233 = VERTEX_POINT('',#1234);
#1234 = CARTESIAN_POINT('',(-34.167,-10.414,-0.41148));
#1235 = VERTEX_POINT('',#1236);
#1236 = CARTESIAN_POINT('',(-34.167,-10.414,0.E+000));
#1237 = LINE('',#1238,#1239);
#1238 = CARTESIAN_POINT('',(-34.167,-10.414,-0.41148));
#1239 = VECTOR('',#1240,1.);
#1240 = DIRECTION('',(0.E+000,0.E+000,1.));
#1241 = ORIENTED_EDGE('',*,*,#1242,.T.);
#1242 = EDGE_CURVE('',#1235,#1235,#1243,.T.);
#1243 = CIRCLE('',#1244,0.25);
#1244 = AXIS2_PLACEMENT_3D('',#1245,#1246,#1247);
#1245 = CARTESIAN_POINT('',(-34.417,-10.414,0.E+000));
#1246 = DIRECTION('',(0.E+000,0.E+000,1.));
#1247 = DIRECTION('',(1.,0.E+000,-0.E+000));
#1248 = ORIENTED_EDGE('',*,*,#1232,.F.);
#1249 = ORIENTED_EDGE('',*,*,#1250,.F.);
#1250 = EDGE_CURVE('',#1233,#1233,#1251,.T.);
#1251 = CIRCLE('',#1252,0.25);
#1252 = AXIS2_PLACEMENT_3D('',#1253,#1254,#1255);
#1253 = CARTESIAN_POINT('',(-34.417,-10.414,-0.41148));
#1254 = DIRECTION('',(0.E+000,0.E+000,1.));
#1255 = DIRECTION('',(1.,0.E+000,-0.E+000));
#1256 = CYLINDRICAL_SURFACE('',#1257,0.25);
#1257 = AXIS2_PLACEMENT_3D('',#1258,#1259,#1260);
#1258 = CARTESIAN_POINT('',(-34.417,-10.414,-0.41148));
#1259 = DIRECTION('',(-0.E+000,-0.E+000,-1.));
#1260 = DIRECTION('',(1.,0.E+000,-0.E+000));
#1261 = ADVANCED_FACE('',(#1262),#1289,.F.);
#1262 = FACE_BOUND('',#1263,.T.);
#1263 = EDGE_LOOP('',(#1264,#1274,#1281,#1282));
#1264 = ORIENTED_EDGE('',*,*,#1265,.T.);
#1265 = EDGE_CURVE('',#1266,#1268,#1270,.T.);
#1266 = VERTEX_POINT('',#1267);
#1267 = CARTESIAN_POINT('',(-37.723,-8.763,-0.41148));
#1268 = VERTEX_POINT('',#1269);
#1269 = CARTESIAN_POINT('',(-37.723,-8.763,0.E+000));
#1270 = LINE('',#1271,#1272);
#1271 = CARTESIAN_POINT('',(-37.723,-8.763,-0.41148));
#1272 = VECTOR('',#1273,1.);
#1273 = DIRECTION('',(0.E+000,0.E+000,1.));
#1274 = ORIENTED_EDGE('',*,*,#1275,.T.);
#1275 = EDGE_CURVE('',#1268,#1268,#1276,.T.);
#1276 = CIRCLE('',#1277,0.25);
#1277 = AXIS2_PLACEMENT_3D('',#1278,#1279,#1280);
#1278 = CARTESIAN_POINT('',(-37.973,-8.763,0.E+000));
#1279 = DIRECTION('',(0.E+000,0.E+000,1.));
#1280 = DIRECTION('',(1.,0.E+000,-0.E+000));
#1281 = ORIENTED_EDGE('',*,*,#1265,.F.);
#1282 = ORIENTED_EDGE('',*,*,#1283,.F.);
#1283 = EDGE_CURVE('',#1266,#1266,#1284,.T.);
#1284 = CIRCLE('',#1285,0.25);
#1285 = AXIS2_PLACEMENT_3D('',#1286,#1287,#1288);
#1286 = CARTESIAN_POINT('',(-37.973,-8.763,-0.41148));
#1287 = DIRECTION('',(0.E+000,0.E+000,1.));
#1288 = DIRECTION('',(1.,0.E+000,-0.E+000));
#1289 = CYLINDRICAL_SURFACE('',#1290,0.25);
#1290 = AXIS2_PLACEMENT_3D('',#1291,#1292,#1293);
#1291 = CARTESIAN_POINT('',(-37.973,-8.763,-0.41148));
#1292 = DIRECTION('',(-0.E+000,-0.E+000,-1.));
#1293 = DIRECTION('',(1.,0.E+000,-0.E+000));
#1294 = ADVANCED_FACE('',(#1295),#1322,.F.);
#1295 = FACE_BOUND('',#1296,.T.);
#1296 = EDGE_LOOP('',(#1297,#1307,#1314,#1315));
#1297 = ORIENTED_EDGE('',*,*,#1298,.T.);
#1298 = EDGE_CURVE('',#1299,#1301,#1303,.T.);
#1299 = VERTEX_POINT('',#1300);
#1300 = CARTESIAN_POINT('',(-36.326,-8.255,-0.41148));
#1301 = VERTEX_POINT('',#1302);
#1302 = CARTESIAN_POINT('',(-36.326,-8.255,0.E+000));
#1303 = LINE('',#1304,#1305);
#1304 = CARTESIAN_POINT('',(-36.326,-8.255,-0.41148));
#1305 = VECTOR('',#1306,1.);
#1306 = DIRECTION('',(0.E+000,0.E+000,1.));
#1307 = ORIENTED_EDGE('',*,*,#1308,.T.);
#1308 = EDGE_CURVE('',#1301,#1301,#1309,.T.);
#1309 = CIRCLE('',#1310,0.25);
#1310 = AXIS2_PLACEMENT_3D('',#1311,#1312,#1313);
#1311 = CARTESIAN_POINT('',(-36.576,-8.255,0.E+000));
#1312 = DIRECTION('',(0.E+000,0.E+000,1.));
#1313 = DIRECTION('',(1.,0.E+000,-0.E+000));
#1314 = ORIENTED_EDGE('',*,*,#1298,.F.);
#1315 = ORIENTED_EDGE('',*,*,#1316,.F.);
#1316 = EDGE_CURVE('',#1299,#1299,#1317,.T.);
#1317 = CIRCLE('',#1318,0.25);
#1318 = AXIS2_PLACEMENT_3D('',#1319,#1320,#1321);
#1319 = CARTESIAN_POINT('',(-36.576,-8.255,-0.41148));
#1320 = DIRECTION('',(0.E+000,0.E+000,1.));
#1321 = DIRECTION('',(1.,0.E+000,-0.E+000));
#1322 = CYLINDRICAL_SURFACE('',#1323,0.25);
#1323 = AXIS2_PLACEMENT_3D('',#1324,#1325,#1326);
#1324 = CARTESIAN_POINT('',(-36.576,-8.255,-0.41148));
#1325 = DIRECTION('',(-0.E+000,-0.E+000,-1.));
#1326 = DIRECTION('',(1.,0.E+000,-0.E+000));
#1327 = ADVANCED_FACE('',(#1328),#1355,.F.);
#1328 = FACE_BOUND('',#1329,.T.);
#1329 = EDGE_LOOP('',(#1330,#1340,#1347,#1348));
#1330 = ORIENTED_EDGE('',*,*,#1331,.T.);
#1331 = EDGE_CURVE('',#1332,#1334,#1336,.T.);
#1332 = VERTEX_POINT('',#1333);
#1333 = CARTESIAN_POINT('',(-35.437,-4.572,-0.41148));
#1334 = VERTEX_POINT('',#1335);
#1335 = CARTESIAN_POINT('',(-35.437,-4.572,0.E+000));
#1336 = LINE('',#1337,#1338);
#1337 = CARTESIAN_POINT('',(-35.437,-4.572,-0.41148));
#1338 = VECTOR('',#1339,1.);
#1339 = DIRECTION('',(0.E+000,0.E+000,1.));
#1340 = ORIENTED_EDGE('',*,*,#1341,.T.);
#1341 = EDGE_CURVE('',#1334,#1334,#1342,.T.);
#1342 = CIRCLE('',#1343,0.25);
#1343 = AXIS2_PLACEMENT_3D('',#1344,#1345,#1346);
#1344 = CARTESIAN_POINT('',(-35.687,-4.572,0.E+000));
#1345 = DIRECTION('',(0.E+000,0.E+000,1.));
#1346 = DIRECTION('',(1.,0.E+000,-0.E+000));
#1347 = ORIENTED_EDGE('',*,*,#1331,.F.);
#1348 = ORIENTED_EDGE('',*,*,#1349,.F.);
#1349 = EDGE_CURVE('',#1332,#1332,#1350,.T.);
#1350 = CIRCLE('',#1351,0.25);
#1351 = AXIS2_PLACEMENT_3D('',#1352,#1353,#1354);
#1352 = CARTESIAN_POINT('',(-35.687,-4.572,-0.41148));
#1353 = DIRECTION('',(0.E+000,0.E+000,1.));
#1354 = DIRECTION('',(1.,0.E+000,-0.E+000));
#1355 = CYLINDRICAL_SURFACE('',#1356,0.25);
#1356 = AXIS2_PLACEMENT_3D('',#1357,#1358,#1359);
#1357 = CARTESIAN_POINT('',(-35.687,-4.572,-0.41148));
#1358 = DIRECTION('',(-0.E+000,-0.E+000,-1.));
#1359 = DIRECTION('',(1.,0.E+000,-0.E+000));
#1360 = ADVANCED_FACE('',(#1361),#1388,.F.);
#1361 = FACE_BOUND('',#1362,.T.);
#1362 = EDGE_LOOP('',(#1363,#1373,#1380,#1381));
#1363 = ORIENTED_EDGE('',*,*,#1364,.T.);
#1364 = EDGE_CURVE('',#1365,#1367,#1369,.T.);
#1365 = VERTEX_POINT('',#1366);
#1366 = CARTESIAN_POINT('',(-36.023,-3.144,-0.41148));
#1367 = VERTEX_POINT('',#1368);
#1368 = CARTESIAN_POINT('',(-36.023,-3.144,0.E+000));
#1369 = LINE('',#1370,#1371);
#1370 = CARTESIAN_POINT('',(-36.023,-3.144,-0.41148));
#1371 = VECTOR('',#1372,1.);
#1372 = DIRECTION('',(0.E+000,0.E+000,1.));
#1373 = ORIENTED_EDGE('',*,*,#1374,.T.);
#1374 = EDGE_CURVE('',#1367,#1367,#1375,.T.);
#1375 = CIRCLE('',#1376,0.25);
#1376 = AXIS2_PLACEMENT_3D('',#1377,#1378,#1379);
#1377 = CARTESIAN_POINT('',(-36.273,-3.144,0.E+000));
#1378 = DIRECTION('',(0.E+000,0.E+000,1.));
#1379 = DIRECTION('',(1.,0.E+000,-0.E+000));
#1380 = ORIENTED_EDGE('',*,*,#1364,.F.);
#1381 = ORIENTED_EDGE('',*,*,#1382,.F.);
#1382 = EDGE_CURVE('',#1365,#1365,#1383,.T.);
#1383 = CIRCLE('',#1384,0.25);
#1384 = AXIS2_PLACEMENT_3D('',#1385,#1386,#1387);
#1385 = CARTESIAN_POINT('',(-36.273,-3.144,-0.41148));
#1386 = DIRECTION('',(0.E+000,0.E+000,1.));
#1387 = DIRECTION('',(1.,0.E+000,-0.E+000));
#1388 = CYLINDRICAL_SURFACE('',#1389,0.25);
#1389 = AXIS2_PLACEMENT_3D('',#1390,#1391,#1392);
#1390 = CARTESIAN_POINT('',(-36.273,-3.144,-0.41148));
#1391 = DIRECTION('',(-0.E+000,-0.E+000,-1.));
#1392 = DIRECTION('',(1.,0.E+000,-0.E+000));
#1393 = ADVANCED_FACE('',(#1394),#1421,.F.);
#1394 = FACE_BOUND('',#1395,.T.);
#1395 = EDGE_LOOP('',(#1396,#1406,#1413,#1414));
#1396 = ORIENTED_EDGE('',*,*,#1397,.T.);
#1397 = EDGE_CURVE('',#1398,#1400,#1402,.T.);
#1398 = VERTEX_POINT('',#1399);
#1399 = CARTESIAN_POINT('',(-35.31,-1.524,-0.41148));
#1400 = VERTEX_POINT('',#1401);
#1401 = CARTESIAN_POINT('',(-35.31,-1.524,0.E+000));
#1402 = LINE('',#1403,#1404);
#1403 = CARTESIAN_POINT('',(-35.31,-1.524,-0.41148));
#1404 = VECTOR('',#1405,1.);
#1405 = DIRECTION('',(0.E+000,0.E+000,1.));
#1406 = ORIENTED_EDGE('',*,*,#1407,.T.);
#1407 = EDGE_CURVE('',#1400,#1400,#1408,.T.);
#1408 = CIRCLE('',#1409,0.25);
#1409 = AXIS2_PLACEMENT_3D('',#1410,#1411,#1412);
#1410 = CARTESIAN_POINT('',(-35.56,-1.524,0.E+000));
#1411 = DIRECTION('',(0.E+000,0.E+000,1.));
#1412 = DIRECTION('',(1.,0.E+000,-0.E+000));
#1413 = ORIENTED_EDGE('',*,*,#1397,.F.);
#1414 = ORIENTED_EDGE('',*,*,#1415,.F.);
#1415 = EDGE_CURVE('',#1398,#1398,#1416,.T.);
#1416 = CIRCLE('',#1417,0.25);
#1417 = AXIS2_PLACEMENT_3D('',#1418,#1419,#1420);
#1418 = CARTESIAN_POINT('',(-35.56,-1.524,-0.41148));
#1419 = DIRECTION('',(0.E+000,0.E+000,1.));
#1420 = DIRECTION('',(1.,0.E+000,-0.E+000));
#1421 = CYLINDRICAL_SURFACE('',#1422,0.25);
#1422 = AXIS2_PLACEMENT_3D('',#1423,#1424,#1425);
#1423 = CARTESIAN_POINT('',(-35.56,-1.524,-0.41148));
#1424 = DIRECTION('',(-0.E+000,-0.E+000,-1.));
#1425 = DIRECTION('',(1.,0.E+000,-0.E+000));
#1426 = ADVANCED_FACE('',(#1427),#1454,.F.);
#1427 = FACE_BOUND('',#1428,.T.);
#1428 = EDGE_LOOP('',(#1429,#1439,#1446,#1447));
#1429 = ORIENTED_EDGE('',*,*,#1430,.T.);
#1430 = EDGE_CURVE('',#1431,#1433,#1435,.T.);
#1431 = VERTEX_POINT('',#1432);
#1432 = CARTESIAN_POINT('',(-32.978,-58.801,-0.41148));
#1433 = VERTEX_POINT('',#1434);
#1434 = CARTESIAN_POINT('',(-32.978,-58.801,0.E+000));
#1435 = LINE('',#1436,#1437);
#1436 = CARTESIAN_POINT('',(-32.978,-58.801,-0.41148));
#1437 = VECTOR('',#1438,1.);
#1438 = DIRECTION('',(0.E+000,0.E+000,1.));
#1439 = ORIENTED_EDGE('',*,*,#1440,.T.);
#1440 = EDGE_CURVE('',#1433,#1433,#1441,.T.);
#1441 = CIRCLE('',#1442,0.55);
#1442 = AXIS2_PLACEMENT_3D('',#1443,#1444,#1445);
#1443 = CARTESIAN_POINT('',(-33.528,-58.801,0.E+000));
#1444 = DIRECTION('',(0.E+000,0.E+000,1.));
#1445 = DIRECTION('',(1.,0.E+000,-0.E+000));
#1446 = ORIENTED_EDGE('',*,*,#1430,.F.);
#1447 = ORIENTED_EDGE('',*,*,#1448,.F.);
#1448 = EDGE_CURVE('',#1431,#1431,#1449,.T.);
#1449 = CIRCLE('',#1450,0.55);
#1450 = AXIS2_PLACEMENT_3D('',#1451,#1452,#1453);
#1451 = CARTESIAN_POINT('',(-33.528,-58.801,-0.41148));
#1452 = DIRECTION('',(0.E+000,0.E+000,1.));
#1453 = DIRECTION('',(1.,0.E+000,-0.E+000));
#1454 = CYLINDRICAL_SURFACE('',#1455,0.55);
#1455 = AXIS2_PLACEMENT_3D('',#1456,#1457,#1458);
#1456 = CARTESIAN_POINT('',(-33.528,-58.801,-0.41148));
#1457 = DIRECTION('',(-0.E+000,-0.E+000,-1.));
#1458 = DIRECTION('',(1.,0.E+000,-0.E+000));
#1459 = ADVANCED_FACE('',(#1460),#1487,.F.);
#1460 = FACE_BOUND('',#1461,.T.);
#1461 = EDGE_LOOP('',(#1462,#1472,#1479,#1480));
#1462 = ORIENTED_EDGE('',*,*,#1463,.T.);
#1463 = EDGE_CURVE('',#1464,#1466,#1468,.T.);
#1464 = VERTEX_POINT('',#1465);
#1465 = CARTESIAN_POINT('',(-32.978,-56.261,-0.41148));
#1466 = VERTEX_POINT('',#1467);
#1467 = CARTESIAN_POINT('',(-32.978,-56.261,0.E+000));
#1468 = LINE('',#1469,#1470);
#1469 = CARTESIAN_POINT('',(-32.978,-56.261,-0.41148));
#1470 = VECTOR('',#1471,1.);
#1471 = DIRECTION('',(0.E+000,0.E+000,1.));
#1472 = ORIENTED_EDGE('',*,*,#1473,.T.);
#1473 = EDGE_CURVE('',#1466,#1466,#1474,.T.);
#1474 = CIRCLE('',#1475,0.55);
#1475 = AXIS2_PLACEMENT_3D('',#1476,#1477,#1478);
#1476 = CARTESIAN_POINT('',(-33.528,-56.261,0.E+000));
#1477 = DIRECTION('',(0.E+000,0.E+000,1.));
#1478 = DIRECTION('',(1.,0.E+000,-0.E+000));
#1479 = ORIENTED_EDGE('',*,*,#1463,.F.);
#1480 = ORIENTED_EDGE('',*,*,#1481,.F.);
#1481 = EDGE_CURVE('',#1464,#1464,#1482,.T.);
#1482 = CIRCLE('',#1483,0.55);
#1483 = AXIS2_PLACEMENT_3D('',#1484,#1485,#1486);
#1484 = CARTESIAN_POINT('',(-33.528,-56.261,-0.41148));
#1485 = DIRECTION('',(0.E+000,0.E+000,1.));
#1486 = DIRECTION('',(1.,0.E+000,-0.E+000));
#1487 = CYLINDRICAL_SURFACE('',#1488,0.55);
#1488 = AXIS2_PLACEMENT_3D('',#1489,#1490,#1491);
#1489 = CARTESIAN_POINT('',(-33.528,-56.261,-0.41148));
#1490 = DIRECTION('',(-0.E+000,-0.E+000,-1.));
#1491 = DIRECTION('',(1.,0.E+000,-0.E+000));
#1492 = ADVANCED_FACE('',(#1493),#1520,.F.);
#1493 = FACE_BOUND('',#1494,.T.);
#1494 = EDGE_LOOP('',(#1495,#1505,#1512,#1513));
#1495 = ORIENTED_EDGE('',*,*,#1496,.T.);
#1496 = EDGE_CURVE('',#1497,#1499,#1501,.T.);
#1497 = VERTEX_POINT('',#1498);
#1498 = CARTESIAN_POINT('',(-26.882,-58.801,-0.41148));
#1499 = VERTEX_POINT('',#1500);
#1500 = CARTESIAN_POINT('',(-26.882,-58.801,0.E+000));
#1501 = LINE('',#1502,#1503);
#1502 = CARTESIAN_POINT('',(-26.882,-58.801,-0.41148));
#1503 = VECTOR('',#1504,1.);
#1504 = DIRECTION('',(0.E+000,0.E+000,1.));
#1505 = ORIENTED_EDGE('',*,*,#1506,.T.);
#1506 = EDGE_CURVE('',#1499,#1499,#1507,.T.);
#1507 = CIRCLE('',#1508,0.55);
#1508 = AXIS2_PLACEMENT_3D('',#1509,#1510,#1511);
#1509 = CARTESIAN_POINT('',(-27.432,-58.801,0.E+000));
#1510 = DIRECTION('',(0.E+000,0.E+000,1.));
#1511 = DIRECTION('',(1.,0.E+000,-0.E+000));
#1512 = ORIENTED_EDGE('',*,*,#1496,.F.);
#1513 = ORIENTED_EDGE('',*,*,#1514,.F.);
#1514 = EDGE_CURVE('',#1497,#1497,#1515,.T.);
#1515 = CIRCLE('',#1516,0.55);
#1516 = AXIS2_PLACEMENT_3D('',#1517,#1518,#1519);
#1517 = CARTESIAN_POINT('',(-27.432,-58.801,-0.41148));
#1518 = DIRECTION('',(0.E+000,0.E+000,1.));
#1519 = DIRECTION('',(1.,0.E+000,-0.E+000));
#1520 = CYLINDRICAL_SURFACE('',#1521,0.55);
#1521 = AXIS2_PLACEMENT_3D('',#1522,#1523,#1524);
#1522 = CARTESIAN_POINT('',(-27.432,-58.801,-0.41148));
#1523 = DIRECTION('',(-0.E+000,-0.E+000,-1.));
#1524 = DIRECTION('',(1.,0.E+000,-0.E+000));
#1525 = ADVANCED_FACE('',(#1526),#1553,.F.);
#1526 = FACE_BOUND('',#1527,.T.);
#1527 = EDGE_LOOP('',(#1528,#1538,#1545,#1546));
#1528 = ORIENTED_EDGE('',*,*,#1529,.T.);
#1529 = EDGE_CURVE('',#1530,#1532,#1534,.T.);
#1530 = VERTEX_POINT('',#1531);
#1531 = CARTESIAN_POINT('',(-26.882,-56.261,-0.41148));
#1532 = VERTEX_POINT('',#1533);
#1533 = CARTESIAN_POINT('',(-26.882,-56.261,0.E+000));
#1534 = LINE('',#1535,#1536);
#1535 = CARTESIAN_POINT('',(-26.882,-56.261,-0.41148));
#1536 = VECTOR('',#1537,1.);
#1537 = DIRECTION('',(0.E+000,0.E+000,1.));
#1538 = ORIENTED_EDGE('',*,*,#1539,.T.);
#1539 = EDGE_CURVE('',#1532,#1532,#1540,.T.);
#1540 = CIRCLE('',#1541,0.55);
#1541 = AXIS2_PLACEMENT_3D('',#1542,#1543,#1544);
#1542 = CARTESIAN_POINT('',(-27.432,-56.261,0.E+000));
#1543 = DIRECTION('',(0.E+000,0.E+000,1.));
#1544 = DIRECTION('',(1.,0.E+000,-0.E+000));
#1545 = ORIENTED_EDGE('',*,*,#1529,.F.);
#1546 = ORIENTED_EDGE('',*,*,#1547,.F.);
#1547 = EDGE_CURVE('',#1530,#1530,#1548,.T.);
#1548 = CIRCLE('',#1549,0.55);
#1549 = AXIS2_PLACEMENT_3D('',#1550,#1551,#1552);
#1550 = CARTESIAN_POINT('',(-27.432,-56.261,-0.41148));
#1551 = DIRECTION('',(0.E+000,0.E+000,1.));
#1552 = DIRECTION('',(1.,0.E+000,-0.E+000));
#1553 = CYLINDRICAL_SURFACE('',#1554,0.55);
#1554 = AXIS2_PLACEMENT_3D('',#1555,#1556,#1557);
#1555 = CARTESIAN_POINT('',(-27.432,-56.261,-0.41148));
#1556 = DIRECTION('',(-0.E+000,-0.E+000,-1.));
#1557 = DIRECTION('',(1.,0.E+000,-0.E+000));
#1558 = ADVANCED_FACE('',(#1559),#1586,.F.);
#1559 = FACE_BOUND('',#1560,.T.);
#1560 = EDGE_LOOP('',(#1561,#1571,#1578,#1579));
#1561 = ORIENTED_EDGE('',*,*,#1562,.T.);
#1562 = EDGE_CURVE('',#1563,#1565,#1567,.T.);
#1563 = VERTEX_POINT('',#1564);
#1564 = CARTESIAN_POINT('',(-16.909,-50.,-0.41148));
#1565 = VERTEX_POINT('',#1566);
#1566 = CARTESIAN_POINT('',(-16.909,-50.,0.E+000));
#1567 = LINE('',#1568,#1569);
#1568 = CARTESIAN_POINT('',(-16.909,-50.,-0.41148));
#1569 = VECTOR('',#1570,1.);
#1570 = DIRECTION('',(0.E+000,0.E+000,1.));
#1571 = ORIENTED_EDGE('',*,*,#1572,.T.);
#1572 = EDGE_CURVE('',#1565,#1565,#1573,.T.);
#1573 = CIRCLE('',#1574,0.25);
#1574 = AXIS2_PLACEMENT_3D('',#1575,#1576,#1577);
#1575 = CARTESIAN_POINT('',(-17.159,-50.,0.E+000));
#1576 = DIRECTION('',(0.E+000,0.E+000,1.));
#1577 = DIRECTION('',(1.,0.E+000,-0.E+000));
#1578 = ORIENTED_EDGE('',*,*,#1562,.F.);
#1579 = ORIENTED_EDGE('',*,*,#1580,.F.);
#1580 = EDGE_CURVE('',#1563,#1563,#1581,.T.);
#1581 = CIRCLE('',#1582,0.25);
#1582 = AXIS2_PLACEMENT_3D('',#1583,#1584,#1585);
#1583 = CARTESIAN_POINT('',(-17.159,-50.,-0.41148));
#1584 = DIRECTION('',(0.E+000,0.E+000,1.));
#1585 = DIRECTION('',(1.,0.E+000,-0.E+000));
#1586 = CYLINDRICAL_SURFACE('',#1587,0.25);
#1587 = AXIS2_PLACEMENT_3D('',#1588,#1589,#1590);
#1588 = CARTESIAN_POINT('',(-17.159,-50.,-0.41148));
#1589 = DIRECTION('',(-0.E+000,-0.E+000,-1.));
#1590 = DIRECTION('',(1.,0.E+000,-0.E+000));
#1591 = ADVANCED_FACE('',(#1592),#1628,.F.);
#1592 = FACE_BOUND('',#1593,.T.);
#1593 = EDGE_LOOP('',(#1594,#1604,#1613,#1621));
#1594 = ORIENTED_EDGE('',*,*,#1595,.T.);
#1595 = EDGE_CURVE('',#1596,#1598,#1600,.T.);
#1596 = VERTEX_POINT('',#1597);
#1597 = CARTESIAN_POINT('',(-30.44000008,-48.768,-0.41148));
#1598 = VERTEX_POINT('',#1599);
#1599 = CARTESIAN_POINT('',(-30.44000008,-48.768,0.E+000));
#1600 = LINE('',#1601,#1602);
#1601 = CARTESIAN_POINT('',(-30.44000008,-48.768,-0.41148));
#1602 = VECTOR('',#1603,1.);
#1603 = DIRECTION('',(0.E+000,0.E+000,1.));
#1604 = ORIENTED_EDGE('',*,*,#1605,.T.);
#1605 = EDGE_CURVE('',#1598,#1606,#1608,.T.);
#1606 = VERTEX_POINT('',#1607);
#1607 = CARTESIAN_POINT('',(-25.43999992,-48.768,0.E+000));
#1608 = CIRCLE('',#1609,2.50000008);
#1609 = AXIS2_PLACEMENT_3D('',#1610,#1611,#1612);
#1610 = CARTESIAN_POINT('',(-27.94,-48.768,0.E+000));
#1611 = DIRECTION('',(0.E+000,0.E+000,1.));
#1612 = DIRECTION('',(-1.,0.E+000,-0.E+000));
#1613 = ORIENTED_EDGE('',*,*,#1614,.F.);
#1614 = EDGE_CURVE('',#1615,#1606,#1617,.T.);
#1615 = VERTEX_POINT('',#1616);
#1616 = CARTESIAN_POINT('',(-25.43999992,-48.768,-0.41148));
#1617 = LINE('',#1618,#1619);
#1618 = CARTESIAN_POINT('',(-25.43999992,-48.768,-0.41148));
#1619 = VECTOR('',#1620,1.);
#1620 = DIRECTION('',(0.E+000,0.E+000,1.));
#1621 = ORIENTED_EDGE('',*,*,#1622,.F.);
#1622 = EDGE_CURVE('',#1596,#1615,#1623,.T.);
#1623 = CIRCLE('',#1624,2.50000008);
#1624 = AXIS2_PLACEMENT_3D('',#1625,#1626,#1627);
#1625 = CARTESIAN_POINT('',(-27.94,-48.768,-0.41148));
#1626 = DIRECTION('',(0.E+000,0.E+000,1.));
#1627 = DIRECTION('',(-1.,0.E+000,-0.E+000));
#1628 = CYLINDRICAL_SURFACE('',#1629,2.50000008);
#1629 = AXIS2_PLACEMENT_3D('',#1630,#1631,#1632);
#1630 = CARTESIAN_POINT('',(-27.94,-48.768,-0.41148));
#1631 = DIRECTION('',(-0.E+000,-0.E+000,-1.));
#1632 = DIRECTION('',(-1.,0.E+000,-0.E+000));
#1633 = ADVANCED_FACE('',(#1634),#1652,.F.);
#1634 = FACE_BOUND('',#1635,.T.);
#1635 = EDGE_LOOP('',(#1636,#1637,#1644,#1645));
#1636 = ORIENTED_EDGE('',*,*,#1614,.T.);
#1637 = ORIENTED_EDGE('',*,*,#1638,.T.);
#1638 = EDGE_CURVE('',#1606,#1598,#1639,.T.);
#1639 = CIRCLE('',#1640,2.50000008);
#1640 = AXIS2_PLACEMENT_3D('',#1641,#1642,#1643);
#1641 = CARTESIAN_POINT('',(-27.94,-48.768,0.E+000));
#1642 = DIRECTION('',(0.E+000,0.E+000,1.));
#1643 = DIRECTION('',(1.,0.E+000,-0.E+000));
#1644 = ORIENTED_EDGE('',*,*,#1595,.F.);
#1645 = ORIENTED_EDGE('',*,*,#1646,.F.);
#1646 = EDGE_CURVE('',#1615,#1596,#1647,.T.);
#1647 = CIRCLE('',#1648,2.50000008);
#1648 = AXIS2_PLACEMENT_3D('',#1649,#1650,#1651);
#1649 = CARTESIAN_POINT('',(-27.94,-48.768,-0.41148));
#1650 = DIRECTION('',(0.E+000,0.E+000,1.));
#1651 = DIRECTION('',(1.,0.E+000,-0.E+000));
#1652 = CYLINDRICAL_SURFACE('',#1653,2.50000008);
#1653 = AXIS2_PLACEMENT_3D('',#1654,#1655,#1656);
#1654 = CARTESIAN_POINT('',(-27.94,-48.768,-0.41148));
#1655 = DIRECTION('',(-0.E+000,-0.E+000,-1.));
#1656 = DIRECTION('',(1.,0.E+000,-0.E+000));
#1657 = ADVANCED_FACE('',(#1658),#1685,.F.);
#1658 = FACE_BOUND('',#1659,.T.);
#1659 = EDGE_LOOP('',(#1660,#1670,#1677,#1678));
#1660 = ORIENTED_EDGE('',*,*,#1661,.T.);
#1661 = EDGE_CURVE('',#1662,#1664,#1666,.T.);
#1662 = VERTEX_POINT('',#1663);
#1663 = CARTESIAN_POINT('',(-16.401,-51.397,-0.41148));
#1664 = VERTEX_POINT('',#1665);
#1665 = CARTESIAN_POINT('',(-16.401,-51.397,0.E+000));
#1666 = LINE('',#1667,#1668);
#1667 = CARTESIAN_POINT('',(-16.401,-51.397,-0.41148));
#1668 = VECTOR('',#1669,1.);
#1669 = DIRECTION('',(0.E+000,0.E+000,1.));
#1670 = ORIENTED_EDGE('',*,*,#1671,.T.);
#1671 = EDGE_CURVE('',#1664,#1664,#1672,.T.);
#1672 = CIRCLE('',#1673,0.25);
#1673 = AXIS2_PLACEMENT_3D('',#1674,#1675,#1676);
#1674 = CARTESIAN_POINT('',(-16.651,-51.397,0.E+000));
#1675 = DIRECTION('',(0.E+000,0.E+000,1.));
#1676 = DIRECTION('',(1.,0.E+000,-0.E+000));
#1677 = ORIENTED_EDGE('',*,*,#1661,.F.);
#1678 = ORIENTED_EDGE('',*,*,#1679,.F.);
#1679 = EDGE_CURVE('',#1662,#1662,#1680,.T.);
#1680 = CIRCLE('',#1681,0.25);
#1681 = AXIS2_PLACEMENT_3D('',#1682,#1683,#1684);
#1682 = CARTESIAN_POINT('',(-16.651,-51.397,-0.41148));
#1683 = DIRECTION('',(0.E+000,0.E+000,1.));
#1684 = DIRECTION('',(1.,0.E+000,-0.E+000));
#1685 = CYLINDRICAL_SURFACE('',#1686,0.25);
#1686 = AXIS2_PLACEMENT_3D('',#1687,#1688,#1689);
#1687 = CARTESIAN_POINT('',(-16.651,-51.397,-0.41148));
#1688 = DIRECTION('',(-0.E+000,-0.E+000,-1.));
#1689 = DIRECTION('',(1.,0.E+000,-0.E+000));
#1690 = ADVANCED_FACE('',(#1691),#1718,.F.);
#1691 = FACE_BOUND('',#1692,.T.);
#1692 = EDGE_LOOP('',(#1693,#1703,#1710,#1711));
#1693 = ORIENTED_EDGE('',*,*,#1694,.T.);
#1694 = EDGE_CURVE('',#1695,#1697,#1699,.T.);
#1695 = VERTEX_POINT('',#1696);
#1696 = CARTESIAN_POINT('',(-16.274,-48.603,-0.41148));
#1697 = VERTEX_POINT('',#1698);
#1698 = CARTESIAN_POINT('',(-16.274,-48.603,0.E+000));
#1699 = LINE('',#1700,#1701);
#1700 = CARTESIAN_POINT('',(-16.274,-48.603,-0.41148));
#1701 = VECTOR('',#1702,1.);
#1702 = DIRECTION('',(0.E+000,0.E+000,1.));
#1703 = ORIENTED_EDGE('',*,*,#1704,.T.);
#1704 = EDGE_CURVE('',#1697,#1697,#1705,.T.);
#1705 = CIRCLE('',#1706,0.25);
#1706 = AXIS2_PLACEMENT_3D('',#1707,#1708,#1709);
#1707 = CARTESIAN_POINT('',(-16.524,-48.603,0.E+000));
#1708 = DIRECTION('',(0.E+000,0.E+000,1.));
#1709 = DIRECTION('',(1.,0.E+000,-0.E+000));
#1710 = ORIENTED_EDGE('',*,*,#1694,.F.);
#1711 = ORIENTED_EDGE('',*,*,#1712,.F.);
#1712 = EDGE_CURVE('',#1695,#1695,#1713,.T.);
#1713 = CIRCLE('',#1714,0.25);
#1714 = AXIS2_PLACEMENT_3D('',#1715,#1716,#1717);
#1715 = CARTESIAN_POINT('',(-16.524,-48.603,-0.41148));
#1716 = DIRECTION('',(0.E+000,0.E+000,1.));
#1717 = DIRECTION('',(1.,0.E+000,-0.E+000));
#1718 = CYLINDRICAL_SURFACE('',#1719,0.25);
#1719 = AXIS2_PLACEMENT_3D('',#1720,#1721,#1722);
#1720 = CARTESIAN_POINT('',(-16.524,-48.603,-0.41148));
#1721 = DIRECTION('',(-0.E+000,-0.E+000,-1.));
#1722 = DIRECTION('',(1.,0.E+000,-0.E+000));
#1723 = ADVANCED_FACE('',(#1724),#1751,.F.);
#1724 = FACE_BOUND('',#1725,.T.);
#1725 = EDGE_LOOP('',(#1726,#1736,#1743,#1744));
#1726 = ORIENTED_EDGE('',*,*,#1727,.T.);
#1727 = EDGE_CURVE('',#1728,#1730,#1732,.T.);
#1728 = VERTEX_POINT('',#1729);
#1729 = CARTESIAN_POINT('',(-13.25,-50.,-0.41148));
#1730 = VERTEX_POINT('',#1731);
#1731 = CARTESIAN_POINT('',(-13.25,-50.,0.E+000));
#1732 = LINE('',#1733,#1734);
#1733 = CARTESIAN_POINT('',(-13.25,-50.,-0.41148));
#1734 = VECTOR('',#1735,1.);
#1735 = DIRECTION('',(0.E+000,0.E+000,1.));
#1736 = ORIENTED_EDGE('',*,*,#1737,.T.);
#1737 = EDGE_CURVE('',#1730,#1730,#1738,.T.);
#1738 = CIRCLE('',#1739,1.75);
#1739 = AXIS2_PLACEMENT_3D('',#1740,#1741,#1742);
#1740 = CARTESIAN_POINT('',(-15.,-50.,0.E+000));
#1741 = DIRECTION('',(0.E+000,0.E+000,1.));
#1742 = DIRECTION('',(1.,0.E+000,-0.E+000));
#1743 = ORIENTED_EDGE('',*,*,#1727,.F.);
#1744 = ORIENTED_EDGE('',*,*,#1745,.F.);
#1745 = EDGE_CURVE('',#1728,#1728,#1746,.T.);
#1746 = CIRCLE('',#1747,1.75);
#1747 = AXIS2_PLACEMENT_3D('',#1748,#1749,#1750);
#1748 = CARTESIAN_POINT('',(-15.,-50.,-0.41148));
#1749 = DIRECTION('',(0.E+000,0.E+000,1.));
#1750 = DIRECTION('',(1.,0.E+000,-0.E+000));
#1751 = CYLINDRICAL_SURFACE('',#1752,1.75);
#1752 = AXIS2_PLACEMENT_3D('',#1753,#1754,#1755);
#1753 = CARTESIAN_POINT('',(-15.,-50.,-0.41148));
#1754 = DIRECTION('',(-0.E+000,-0.E+000,-1.));
#1755 = DIRECTION('',(1.,0.E+000,-0.E+000));
#1756 = ADVANCED_FACE('',(#1757),#1791,.T.);
#1757 = FACE_BOUND('',#1758,.T.);
#1758 = EDGE_LOOP('',(#1759,#1769,#1777,#1785));
#1759 = ORIENTED_EDGE('',*,*,#1760,.T.);
#1760 = EDGE_CURVE('',#1761,#1763,#1765,.T.);
#1761 = VERTEX_POINT('',#1762);
#1762 = CARTESIAN_POINT('',(-11.64100034,-67.3249987,-0.41148));
#1763 = VERTEX_POINT('',#1764);
#1764 = CARTESIAN_POINT('',(-11.64100034,-67.3249987,0.E+000));
#1765 = LINE('',#1766,#1767);
#1766 = CARTESIAN_POINT('',(-11.64100034,-67.3249987,-0.41148));
#1767 = VECTOR('',#1768,1.);
#1768 = DIRECTION('',(0.E+000,0.E+000,1.));
#1769 = ORIENTED_EDGE('',*,*,#1770,.T.);
#1770 = EDGE_CURVE('',#1763,#1771,#1773,.T.);
#1771 = VERTEX_POINT('',#1772);
#1772 = CARTESIAN_POINT('',(-9.44099966,-67.3249987,0.E+000));
#1773 = LINE('',#1774,#1775);
#1774 = CARTESIAN_POINT('',(-11.64100034,-67.3249987,0.E+000));
#1775 = VECTOR('',#1776,1.);
#1776 = DIRECTION('',(1.,0.E+000,0.E+000));
#1777 = ORIENTED_EDGE('',*,*,#1778,.F.);
#1778 = EDGE_CURVE('',#1779,#1771,#1781,.T.);
#1779 = VERTEX_POINT('',#1780);
#1780 = CARTESIAN_POINT('',(-9.44099966,-67.3249987,-0.41148));
#1781 = LINE('',#1782,#1783);
#1782 = CARTESIAN_POINT('',(-9.44099966,-67.3249987,-0.41148));
#1783 = VECTOR('',#1784,1.);
#1784 = DIRECTION('',(0.E+000,0.E+000,1.));
#1785 = ORIENTED_EDGE('',*,*,#1786,.F.);
#1786 = EDGE_CURVE('',#1761,#1779,#1787,.T.);
#1787 = LINE('',#1788,#1789);
#1788 = CARTESIAN_POINT('',(-11.64100034,-67.3249987,-0.41148));
#1789 = VECTOR('',#1790,1.);
#1790 = DIRECTION('',(1.,0.E+000,0.E+000));
#1791 = PLANE('',#1792);
#1792 = AXIS2_PLACEMENT_3D('',#1793,#1794,#1795);
#1793 = CARTESIAN_POINT('',(-11.64100034,-67.3249987,-0.41148));
#1794 = DIRECTION('',(0.E+000,1.,0.E+000));
#1795 = DIRECTION('',(1.,0.E+000,0.E+000));
#1796 = ADVANCED_FACE('',(#1797),#1824,.F.);
#1797 = FACE_BOUND('',#1798,.T.);
#1798 = EDGE_LOOP('',(#1799,#1800,#1809,#1817));
#1799 = ORIENTED_EDGE('',*,*,#1778,.T.);
#1800 = ORIENTED_EDGE('',*,*,#1801,.T.);
#1801 = EDGE_CURVE('',#1771,#1802,#1804,.T.);
#1802 = VERTEX_POINT('',#1803);
#1803 = CARTESIAN_POINT('',(-9.44099966,-66.0250013,0.E+000));
#1804 = CIRCLE('',#1805,0.6499987);
#1805 = AXIS2_PLACEMENT_3D('',#1806,#1807,#1808);
#1806 = CARTESIAN_POINT('',(-9.44099966,-66.675,0.E+000));
#1807 = DIRECTION('',(0.E+000,0.E+000,1.));
#1808 = DIRECTION('',(-0.E+000,-1.,0.E+000));
#1809 = ORIENTED_EDGE('',*,*,#1810,.F.);
#1810 = EDGE_CURVE('',#1811,#1802,#1813,.T.);
#1811 = VERTEX_POINT('',#1812);
#1812 = CARTESIAN_POINT('',(-9.44099966,-66.0250013,-0.41148));
#1813 = LINE('',#1814,#1815);
#1814 = CARTESIAN_POINT('',(-9.44099966,-66.0250013,-0.41148));
#1815 = VECTOR('',#1816,1.);
#1816 = DIRECTION('',(0.E+000,0.E+000,1.));
#1817 = ORIENTED_EDGE('',*,*,#1818,.F.);
#1818 = EDGE_CURVE('',#1779,#1811,#1819,.T.);
#1819 = CIRCLE('',#1820,0.6499987);
#1820 = AXIS2_PLACEMENT_3D('',#1821,#1822,#1823);
#1821 = CARTESIAN_POINT('',(-9.44099966,-66.675,-0.41148));
#1822 = DIRECTION('',(0.E+000,0.E+000,1.));
#1823 = DIRECTION('',(-0.E+000,-1.,0.E+000));
#1824 = CYLINDRICAL_SURFACE('',#1825,0.6499987);
#1825 = AXIS2_PLACEMENT_3D('',#1826,#1827,#1828);
#1826 = CARTESIAN_POINT('',(-9.44099966,-66.675,-0.41148));
#1827 = DIRECTION('',(-0.E+000,-0.E+000,-1.));
#1828 = DIRECTION('',(-0.E+000,-1.,0.E+000));
#1829 = ADVANCED_FACE('',(#1830),#1855,.T.);
#1830 = FACE_BOUND('',#1831,.T.);
#1831 = EDGE_LOOP('',(#1832,#1833,#1841,#1849));
#1832 = ORIENTED_EDGE('',*,*,#1810,.T.);
#1833 = ORIENTED_EDGE('',*,*,#1834,.T.);
#1834 = EDGE_CURVE('',#1802,#1835,#1837,.T.);
#1835 = VERTEX_POINT('',#1836);
#1836 = CARTESIAN_POINT('',(-11.64100034,-66.0250013,0.E+000));
#1837 = LINE('',#1838,#1839);
#1838 = CARTESIAN_POINT('',(-9.44099966,-66.0250013,0.E+000));
#1839 = VECTOR('',#1840,1.);
#1840 = DIRECTION('',(-1.,0.E+000,0.E+000));
#1841 = ORIENTED_EDGE('',*,*,#1842,.F.);
#1842 = EDGE_CURVE('',#1843,#1835,#1845,.T.);
#1843 = VERTEX_POINT('',#1844);
#1844 = CARTESIAN_POINT('',(-11.64100034,-66.0250013,-0.41148));
#1845 = LINE('',#1846,#1847);
#1846 = CARTESIAN_POINT('',(-11.64100034,-66.0250013,-0.41148));
#1847 = VECTOR('',#1848,1.);
#1848 = DIRECTION('',(0.E+000,0.E+000,1.));
#1849 = ORIENTED_EDGE('',*,*,#1850,.F.);
#1850 = EDGE_CURVE('',#1811,#1843,#1851,.T.);
#1851 = LINE('',#1852,#1853);
#1852 = CARTESIAN_POINT('',(-9.44099966,-66.0250013,-0.41148));
#1853 = VECTOR('',#1854,1.);
#1854 = DIRECTION('',(-1.,0.E+000,0.E+000));
#1855 = PLANE('',#1856);
#1856 = AXIS2_PLACEMENT_3D('',#1857,#1858,#1859);
#1857 = CARTESIAN_POINT('',(-9.44099966,-66.0250013,-0.41148));
#1858 = DIRECTION('',(0.E+000,-1.,0.E+000));
#1859 = DIRECTION('',(-1.,0.E+000,0.E+000));
#1860 = ADVANCED_FACE('',(#1861),#1879,.F.);
#1861 = FACE_BOUND('',#1862,.T.);
#1862 = EDGE_LOOP('',(#1863,#1864,#1871,#1872));
#1863 = ORIENTED_EDGE('',*,*,#1842,.T.);
#1864 = ORIENTED_EDGE('',*,*,#1865,.T.);
#1865 = EDGE_CURVE('',#1835,#1763,#1866,.T.);
#1866 = CIRCLE('',#1867,0.6499987);
#1867 = AXIS2_PLACEMENT_3D('',#1868,#1869,#1870);
#1868 = CARTESIAN_POINT('',(-11.64100034,-66.675,0.E+000));
#1869 = DIRECTION('',(0.E+000,-0.E+000,1.));
#1870 = DIRECTION('',(0.E+000,1.,0.E+000));
#1871 = ORIENTED_EDGE('',*,*,#1760,.F.);
#1872 = ORIENTED_EDGE('',*,*,#1873,.F.);
#1873 = EDGE_CURVE('',#1843,#1761,#1874,.T.);
#1874 = CIRCLE('',#1875,0.6499987);
#1875 = AXIS2_PLACEMENT_3D('',#1876,#1877,#1878);
#1876 = CARTESIAN_POINT('',(-11.64100034,-66.675,-0.41148));
#1877 = DIRECTION('',(0.E+000,-0.E+000,1.));
#1878 = DIRECTION('',(0.E+000,1.,0.E+000));
#1879 = CYLINDRICAL_SURFACE('',#1880,0.6499987);
#1880 = AXIS2_PLACEMENT_3D('',#1881,#1882,#1883);
#1881 = CARTESIAN_POINT('',(-11.64100034,-66.675,-0.41148));
#1882 = DIRECTION('',(-0.E+000,0.E+000,-1.));
#1883 = DIRECTION('',(0.E+000,1.,0.E+000));
#1884 = ADVANCED_FACE('',(#1885),#1919,.T.);
#1885 = FACE_BOUND('',#1886,.T.);
#1886 = EDGE_LOOP('',(#1887,#1897,#1905,#1913));
#1887 = ORIENTED_EDGE('',*,*,#1888,.T.);
#1888 = EDGE_CURVE('',#1889,#1891,#1893,.T.);
#1889 = VERTEX_POINT('',#1890);
#1890 = CARTESIAN_POINT('',(-11.64100034,-62.6259987,-0.41148));
#1891 = VERTEX_POINT('',#1892);
#1892 = CARTESIAN_POINT('',(-11.64100034,-62.6259987,0.E+000));
#1893 = LINE('',#1894,#1895);
#1894 = CARTESIAN_POINT('',(-11.64100034,-62.6259987,-0.41148));
#1895 = VECTOR('',#1896,1.);
#1896 = DIRECTION('',(0.E+000,0.E+000,1.));
#1897 = ORIENTED_EDGE('',*,*,#1898,.T.);
#1898 = EDGE_CURVE('',#1891,#1899,#1901,.T.);
#1899 = VERTEX_POINT('',#1900);
#1900 = CARTESIAN_POINT('',(-9.44099966,-62.6259987,0.E+000));
#1901 = LINE('',#1902,#1903);
#1902 = CARTESIAN_POINT('',(-11.64100034,-62.6259987,0.E+000));
#1903 = VECTOR('',#1904,1.);
#1904 = DIRECTION('',(1.,0.E+000,0.E+000));
#1905 = ORIENTED_EDGE('',*,*,#1906,.F.);
#1906 = EDGE_CURVE('',#1907,#1899,#1909,.T.);
#1907 = VERTEX_POINT('',#1908);
#1908 = CARTESIAN_POINT('',(-9.44099966,-62.6259987,-0.41148));
#1909 = LINE('',#1910,#1911);
#1910 = CARTESIAN_POINT('',(-9.44099966,-62.6259987,-0.41148));
#1911 = VECTOR('',#1912,1.);
#1912 = DIRECTION('',(0.E+000,0.E+000,1.));
#1913 = ORIENTED_EDGE('',*,*,#1914,.F.);
#1914 = EDGE_CURVE('',#1889,#1907,#1915,.T.);
#1915 = LINE('',#1916,#1917);
#1916 = CARTESIAN_POINT('',(-11.64100034,-62.6259987,-0.41148));
#1917 = VECTOR('',#1918,1.);
#1918 = DIRECTION('',(1.,0.E+000,0.E+000));
#1919 = PLANE('',#1920);
#1920 = AXIS2_PLACEMENT_3D('',#1921,#1922,#1923);
#1921 = CARTESIAN_POINT('',(-11.64100034,-62.6259987,-0.41148));
#1922 = DIRECTION('',(0.E+000,1.,0.E+000));
#1923 = DIRECTION('',(1.,0.E+000,0.E+000));
#1924 = ADVANCED_FACE('',(#1925),#1952,.F.);
#1925 = FACE_BOUND('',#1926,.T.);
#1926 = EDGE_LOOP('',(#1927,#1928,#1937,#1945));
#1927 = ORIENTED_EDGE('',*,*,#1906,.T.);
#1928 = ORIENTED_EDGE('',*,*,#1929,.T.);
#1929 = EDGE_CURVE('',#1899,#1930,#1932,.T.);
#1930 = VERTEX_POINT('',#1931);
#1931 = CARTESIAN_POINT('',(-9.44099966,-61.3260013,0.E+000));
#1932 = CIRCLE('',#1933,0.6499987);
#1933 = AXIS2_PLACEMENT_3D('',#1934,#1935,#1936);
#1934 = CARTESIAN_POINT('',(-9.44099966,-61.976,0.E+000));
#1935 = DIRECTION('',(0.E+000,0.E+000,1.));
#1936 = DIRECTION('',(-0.E+000,-1.,0.E+000));
#1937 = ORIENTED_EDGE('',*,*,#1938,.F.);
#1938 = EDGE_CURVE('',#1939,#1930,#1941,.T.);
#1939 = VERTEX_POINT('',#1940);
#1940 = CARTESIAN_POINT('',(-9.44099966,-61.3260013,-0.41148));
#1941 = LINE('',#1942,#1943);
#1942 = CARTESIAN_POINT('',(-9.44099966,-61.3260013,-0.41148));
#1943 = VECTOR('',#1944,1.);
#1944 = DIRECTION('',(0.E+000,0.E+000,1.));
#1945 = ORIENTED_EDGE('',*,*,#1946,.F.);
#1946 = EDGE_CURVE('',#1907,#1939,#1947,.T.);
#1947 = CIRCLE('',#1948,0.6499987);
#1948 = AXIS2_PLACEMENT_3D('',#1949,#1950,#1951);
#1949 = CARTESIAN_POINT('',(-9.44099966,-61.976,-0.41148));
#1950 = DIRECTION('',(0.E+000,0.E+000,1.));
#1951 = DIRECTION('',(-0.E+000,-1.,0.E+000));
#1952 = CYLINDRICAL_SURFACE('',#1953,0.6499987);
#1953 = AXIS2_PLACEMENT_3D('',#1954,#1955,#1956);
#1954 = CARTESIAN_POINT('',(-9.44099966,-61.976,-0.41148));
#1955 = DIRECTION('',(-0.E+000,-0.E+000,-1.));
#1956 = DIRECTION('',(-0.E+000,-1.,0.E+000));
#1957 = ADVANCED_FACE('',(#1958),#1983,.T.);
#1958 = FACE_BOUND('',#1959,.T.);
#1959 = EDGE_LOOP('',(#1960,#1961,#1969,#1977));
#1960 = ORIENTED_EDGE('',*,*,#1938,.T.);
#1961 = ORIENTED_EDGE('',*,*,#1962,.T.);
#1962 = EDGE_CURVE('',#1930,#1963,#1965,.T.);
#1963 = VERTEX_POINT('',#1964);
#1964 = CARTESIAN_POINT('',(-11.64100034,-61.3260013,0.E+000));
#1965 = LINE('',#1966,#1967);
#1966 = CARTESIAN_POINT('',(-9.44099966,-61.3260013,0.E+000));
#1967 = VECTOR('',#1968,1.);
#1968 = DIRECTION('',(-1.,0.E+000,0.E+000));
#1969 = ORIENTED_EDGE('',*,*,#1970,.F.);
#1970 = EDGE_CURVE('',#1971,#1963,#1973,.T.);
#1971 = VERTEX_POINT('',#1972);
#1972 = CARTESIAN_POINT('',(-11.64100034,-61.3260013,-0.41148));
#1973 = LINE('',#1974,#1975);
#1974 = CARTESIAN_POINT('',(-11.64100034,-61.3260013,-0.41148));
#1975 = VECTOR('',#1976,1.);
#1976 = DIRECTION('',(0.E+000,0.E+000,1.));
#1977 = ORIENTED_EDGE('',*,*,#1978,.F.);
#1978 = EDGE_CURVE('',#1939,#1971,#1979,.T.);
#1979 = LINE('',#1980,#1981);
#1980 = CARTESIAN_POINT('',(-9.44099966,-61.3260013,-0.41148));
#1981 = VECTOR('',#1982,1.);
#1982 = DIRECTION('',(-1.,0.E+000,0.E+000));
#1983 = PLANE('',#1984);
#1984 = AXIS2_PLACEMENT_3D('',#1985,#1986,#1987);
#1985 = CARTESIAN_POINT('',(-9.44099966,-61.3260013,-0.41148));
#1986 = DIRECTION('',(0.E+000,-1.,0.E+000));
#1987 = DIRECTION('',(-1.,0.E+000,0.E+000));
#1988 = ADVANCED_FACE('',(#1989),#2007,.F.);
#1989 = FACE_BOUND('',#1990,.T.);
#1990 = EDGE_LOOP('',(#1991,#1992,#1999,#2000));
#1991 = ORIENTED_EDGE('',*,*,#1970,.T.);
#1992 = ORIENTED_EDGE('',*,*,#1993,.T.);
#1993 = EDGE_CURVE('',#1963,#1891,#1994,.T.);
#1994 = CIRCLE('',#1995,0.6499987);
#1995 = AXIS2_PLACEMENT_3D('',#1996,#1997,#1998);
#1996 = CARTESIAN_POINT('',(-11.64100034,-61.976,0.E+000));
#1997 = DIRECTION('',(0.E+000,-0.E+000,1.));
#1998 = DIRECTION('',(0.E+000,1.,0.E+000));
#1999 = ORIENTED_EDGE('',*,*,#1888,.F.);
#2000 = ORIENTED_EDGE('',*,*,#2001,.F.);
#2001 = EDGE_CURVE('',#1971,#1889,#2002,.T.);
#2002 = CIRCLE('',#2003,0.6499987);
#2003 = AXIS2_PLACEMENT_3D('',#2004,#2005,#2006);
#2004 = CARTESIAN_POINT('',(-11.64100034,-61.976,-0.41148));
#2005 = DIRECTION('',(0.E+000,-0.E+000,1.));
#2006 = DIRECTION('',(0.E+000,1.,0.E+000));
#2007 = CYLINDRICAL_SURFACE('',#2008,0.6499987);
#2008 = AXIS2_PLACEMENT_3D('',#2009,#2010,#2011);
#2009 = CARTESIAN_POINT('',(-11.64100034,-61.976,-0.41148));
#2010 = DIRECTION('',(-0.E+000,0.E+000,-1.));
#2011 = DIRECTION('',(0.E+000,1.,0.E+000));
#2012 = ADVANCED_FACE('',(#2013),#2047,.T.);
#2013 = FACE_BOUND('',#2014,.T.);
#2014 = EDGE_LOOP('',(#2015,#2025,#2033,#2041));
#2015 = ORIENTED_EDGE('',*,*,#2016,.T.);
#2016 = EDGE_CURVE('',#2017,#2019,#2021,.T.);
#2017 = VERTEX_POINT('',#2018);
#2018 = CARTESIAN_POINT('',(-11.64100034,-57.9269987,-0.41148));
#2019 = VERTEX_POINT('',#2020);
#2020 = CARTESIAN_POINT('',(-11.64100034,-57.9269987,0.E+000));
#2021 = LINE('',#2022,#2023);
#2022 = CARTESIAN_POINT('',(-11.64100034,-57.9269987,-0.41148));
#2023 = VECTOR('',#2024,1.);
#2024 = DIRECTION('',(0.E+000,0.E+000,1.));
#2025 = ORIENTED_EDGE('',*,*,#2026,.T.);
#2026 = EDGE_CURVE('',#2019,#2027,#2029,.T.);
#2027 = VERTEX_POINT('',#2028);
#2028 = CARTESIAN_POINT('',(-9.44099966,-57.9269987,0.E+000));
#2029 = LINE('',#2030,#2031);
#2030 = CARTESIAN_POINT('',(-11.64100034,-57.9269987,0.E+000));
#2031 = VECTOR('',#2032,1.);
#2032 = DIRECTION('',(1.,0.E+000,0.E+000));
#2033 = ORIENTED_EDGE('',*,*,#2034,.F.);
#2034 = EDGE_CURVE('',#2035,#2027,#2037,.T.);
#2035 = VERTEX_POINT('',#2036);
#2036 = CARTESIAN_POINT('',(-9.44099966,-57.9269987,-0.41148));
#2037 = LINE('',#2038,#2039);
#2038 = CARTESIAN_POINT('',(-9.44099966,-57.9269987,-0.41148));
#2039 = VECTOR('',#2040,1.);
#2040 = DIRECTION('',(0.E+000,0.E+000,1.));
#2041 = ORIENTED_EDGE('',*,*,#2042,.F.);
#2042 = EDGE_CURVE('',#2017,#2035,#2043,.T.);
#2043 = LINE('',#2044,#2045);
#2044 = CARTESIAN_POINT('',(-11.64100034,-57.9269987,-0.41148));
#2045 = VECTOR('',#2046,1.);
#2046 = DIRECTION('',(1.,0.E+000,0.E+000));
#2047 = PLANE('',#2048);
#2048 = AXIS2_PLACEMENT_3D('',#2049,#2050,#2051);
#2049 = CARTESIAN_POINT('',(-11.64100034,-57.9269987,-0.41148));
#2050 = DIRECTION('',(0.E+000,1.,0.E+000));
#2051 = DIRECTION('',(1.,0.E+000,0.E+000));
#2052 = ADVANCED_FACE('',(#2053),#2080,.F.);
#2053 = FACE_BOUND('',#2054,.T.);
#2054 = EDGE_LOOP('',(#2055,#2056,#2065,#2073));
#2055 = ORIENTED_EDGE('',*,*,#2034,.T.);
#2056 = ORIENTED_EDGE('',*,*,#2057,.T.);
#2057 = EDGE_CURVE('',#2027,#2058,#2060,.T.);
#2058 = VERTEX_POINT('',#2059);
#2059 = CARTESIAN_POINT('',(-9.44099966,-56.6270013,0.E+000));
#2060 = CIRCLE('',#2061,0.6499987);
#2061 = AXIS2_PLACEMENT_3D('',#2062,#2063,#2064);
#2062 = CARTESIAN_POINT('',(-9.44099966,-57.277,0.E+000));
#2063 = DIRECTION('',(0.E+000,0.E+000,1.));
#2064 = DIRECTION('',(-0.E+000,-1.,0.E+000));
#2065 = ORIENTED_EDGE('',*,*,#2066,.F.);
#2066 = EDGE_CURVE('',#2067,#2058,#2069,.T.);
#2067 = VERTEX_POINT('',#2068);
#2068 = CARTESIAN_POINT('',(-9.44099966,-56.6270013,-0.41148));
#2069 = LINE('',#2070,#2071);
#2070 = CARTESIAN_POINT('',(-9.44099966,-56.6270013,-0.41148));
#2071 = VECTOR('',#2072,1.);
#2072 = DIRECTION('',(0.E+000,0.E+000,1.));
#2073 = ORIENTED_EDGE('',*,*,#2074,.F.);
#2074 = EDGE_CURVE('',#2035,#2067,#2075,.T.);
#2075 = CIRCLE('',#2076,0.6499987);
#2076 = AXIS2_PLACEMENT_3D('',#2077,#2078,#2079);
#2077 = CARTESIAN_POINT('',(-9.44099966,-57.277,-0.41148));
#2078 = DIRECTION('',(0.E+000,0.E+000,1.));
#2079 = DIRECTION('',(-0.E+000,-1.,0.E+000));
#2080 = CYLINDRICAL_SURFACE('',#2081,0.6499987);
#2081 = AXIS2_PLACEMENT_3D('',#2082,#2083,#2084);
#2082 = CARTESIAN_POINT('',(-9.44099966,-57.277,-0.41148));
#2083 = DIRECTION('',(-0.E+000,-0.E+000,-1.));
#2084 = DIRECTION('',(-0.E+000,-1.,0.E+000));
#2085 = ADVANCED_FACE('',(#2086),#2111,.T.);
#2086 = FACE_BOUND('',#2087,.T.);
#2087 = EDGE_LOOP('',(#2088,#2089,#2097,#2105));
#2088 = ORIENTED_EDGE('',*,*,#2066,.T.);
#2089 = ORIENTED_EDGE('',*,*,#2090,.T.);
#2090 = EDGE_CURVE('',#2058,#2091,#2093,.T.);
#2091 = VERTEX_POINT('',#2092);
#2092 = CARTESIAN_POINT('',(-11.64100034,-56.6270013,0.E+000));
#2093 = LINE('',#2094,#2095);
#2094 = CARTESIAN_POINT('',(-9.44099966,-56.6270013,0.E+000));
#2095 = VECTOR('',#2096,1.);
#2096 = DIRECTION('',(-1.,0.E+000,0.E+000));
#2097 = ORIENTED_EDGE('',*,*,#2098,.F.);
#2098 = EDGE_CURVE('',#2099,#2091,#2101,.T.);
#2099 = VERTEX_POINT('',#2100);
#2100 = CARTESIAN_POINT('',(-11.64100034,-56.6270013,-0.41148));
#2101 = LINE('',#2102,#2103);
#2102 = CARTESIAN_POINT('',(-11.64100034,-56.6270013,-0.41148));
#2103 = VECTOR('',#2104,1.);
#2104 = DIRECTION('',(0.E+000,0.E+000,1.));
#2105 = ORIENTED_EDGE('',*,*,#2106,.F.);
#2106 = EDGE_CURVE('',#2067,#2099,#2107,.T.);
#2107 = LINE('',#2108,#2109);
#2108 = CARTESIAN_POINT('',(-9.44099966,-56.6270013,-0.41148));
#2109 = VECTOR('',#2110,1.);
#2110 = DIRECTION('',(-1.,0.E+000,0.E+000));
#2111 = PLANE('',#2112);
#2112 = AXIS2_PLACEMENT_3D('',#2113,#2114,#2115);
#2113 = CARTESIAN_POINT('',(-9.44099966,-56.6270013,-0.41148));
#2114 = DIRECTION('',(0.E+000,-1.,0.E+000));
#2115 = DIRECTION('',(-1.,0.E+000,0.E+000));
#2116 = ADVANCED_FACE('',(#2117),#2135,.F.);
#2117 = FACE_BOUND('',#2118,.T.);
#2118 = EDGE_LOOP('',(#2119,#2120,#2127,#2128));
#2119 = ORIENTED_EDGE('',*,*,#2098,.T.);
#2120 = ORIENTED_EDGE('',*,*,#2121,.T.);
#2121 = EDGE_CURVE('',#2091,#2019,#2122,.T.);
#2122 = CIRCLE('',#2123,0.6499987);
#2123 = AXIS2_PLACEMENT_3D('',#2124,#2125,#2126);
#2124 = CARTESIAN_POINT('',(-11.64100034,-57.277,0.E+000));
#2125 = DIRECTION('',(0.E+000,-0.E+000,1.));
#2126 = DIRECTION('',(0.E+000,1.,0.E+000));
#2127 = ORIENTED_EDGE('',*,*,#2016,.F.);
#2128 = ORIENTED_EDGE('',*,*,#2129,.F.);
#2129 = EDGE_CURVE('',#2099,#2017,#2130,.T.);
#2130 = CIRCLE('',#2131,0.6499987);
#2131 = AXIS2_PLACEMENT_3D('',#2132,#2133,#2134);
#2132 = CARTESIAN_POINT('',(-11.64100034,-57.277,-0.41148));
#2133 = DIRECTION('',(0.E+000,-0.E+000,1.));
#2134 = DIRECTION('',(0.E+000,1.,0.E+000));
#2135 = CYLINDRICAL_SURFACE('',#2136,0.6499987);
#2136 = AXIS2_PLACEMENT_3D('',#2137,#2138,#2139);
#2137 = CARTESIAN_POINT('',(-11.64100034,-57.277,-0.41148));
#2138 = DIRECTION('',(-0.E+000,0.E+000,-1.));
#2139 = DIRECTION('',(0.E+000,1.,0.E+000));
#2140 = ADVANCED_FACE('',(#2141),#2168,.F.);
#2141 = FACE_BOUND('',#2142,.T.);
#2142 = EDGE_LOOP('',(#2143,#2153,#2160,#2161));
#2143 = ORIENTED_EDGE('',*,*,#2144,.T.);
#2144 = EDGE_CURVE('',#2145,#2147,#2149,.T.);
#2145 = VERTEX_POINT('',#2146);
#2146 = CARTESIAN_POINT('',(-3.31,-55.88,-0.41148));
#2147 = VERTEX_POINT('',#2148);
#2148 = CARTESIAN_POINT('',(-3.31,-55.88,0.E+000));
#2149 = LINE('',#2150,#2151);
#2150 = CARTESIAN_POINT('',(-3.31,-55.88,-0.41148));
#2151 = VECTOR('',#2152,1.);
#2152 = DIRECTION('',(0.E+000,0.E+000,1.));
#2153 = ORIENTED_EDGE('',*,*,#2154,.T.);
#2154 = EDGE_CURVE('',#2147,#2147,#2155,.T.);
#2155 = CIRCLE('',#2156,0.5);
#2156 = AXIS2_PLACEMENT_3D('',#2157,#2158,#2159);
#2157 = CARTESIAN_POINT('',(-3.81,-55.88,0.E+000));
#2158 = DIRECTION('',(0.E+000,0.E+000,1.));
#2159 = DIRECTION('',(1.,0.E+000,-0.E+000));
#2160 = ORIENTED_EDGE('',*,*,#2144,.F.);
#2161 = ORIENTED_EDGE('',*,*,#2162,.F.);
#2162 = EDGE_CURVE('',#2145,#2145,#2163,.T.);
#2163 = CIRCLE('',#2164,0.5);
#2164 = AXIS2_PLACEMENT_3D('',#2165,#2166,#2167);
#2165 = CARTESIAN_POINT('',(-3.81,-55.88,-0.41148));
#2166 = DIRECTION('',(0.E+000,0.E+000,1.));
#2167 = DIRECTION('',(1.,0.E+000,-0.E+000));
#2168 = CYLINDRICAL_SURFACE('',#2169,0.5);
#2169 = AXIS2_PLACEMENT_3D('',#2170,#2171,#2172);
#2170 = CARTESIAN_POINT('',(-3.81,-55.88,-0.41148));
#2171 = DIRECTION('',(-0.E+000,-0.E+000,-1.));
#2172 = DIRECTION('',(1.,0.E+000,-0.E+000));
#2173 = ADVANCED_FACE('',(#2174),#2201,.F.);
#2174 = FACE_BOUND('',#2175,.T.);
#2175 = EDGE_LOOP('',(#2176,#2186,#2193,#2194));
#2176 = ORIENTED_EDGE('',*,*,#2177,.T.);
#2177 = EDGE_CURVE('',#2178,#2180,#2182,.T.);
#2178 = VERTEX_POINT('',#2179);
#2179 = CARTESIAN_POINT('',(-14.781,-52.11,-0.41148));
#2180 = VERTEX_POINT('',#2181);
#2181 = CARTESIAN_POINT('',(-14.781,-52.11,0.E+000));
#2182 = LINE('',#2183,#2184);
#2183 = CARTESIAN_POINT('',(-14.781,-52.11,-0.41148));
#2184 = VECTOR('',#2185,1.);
#2185 = DIRECTION('',(0.E+000,0.E+000,1.));
#2186 = ORIENTED_EDGE('',*,*,#2187,.T.);
#2187 = EDGE_CURVE('',#2180,#2180,#2188,.T.);
#2188 = CIRCLE('',#2189,0.25);
#2189 = AXIS2_PLACEMENT_3D('',#2190,#2191,#2192);
#2190 = CARTESIAN_POINT('',(-15.031,-52.11,0.E+000));
#2191 = DIRECTION('',(0.E+000,0.E+000,1.));
#2192 = DIRECTION('',(1.,0.E+000,-0.E+000));
#2193 = ORIENTED_EDGE('',*,*,#2177,.F.);
#2194 = ORIENTED_EDGE('',*,*,#2195,.F.);
#2195 = EDGE_CURVE('',#2178,#2178,#2196,.T.);
#2196 = CIRCLE('',#2197,0.25);
#2197 = AXIS2_PLACEMENT_3D('',#2198,#2199,#2200);
#2198 = CARTESIAN_POINT('',(-15.031,-52.11,-0.41148));
#2199 = DIRECTION('',(0.E+000,0.E+000,1.));
#2200 = DIRECTION('',(1.,0.E+000,-0.E+000));
#2201 = CYLINDRICAL_SURFACE('',#2202,0.25);
#2202 = AXIS2_PLACEMENT_3D('',#2203,#2204,#2205);
#2203 = CARTESIAN_POINT('',(-15.031,-52.11,-0.41148));
#2204 = DIRECTION('',(-0.E+000,-0.E+000,-1.));
#2205 = DIRECTION('',(1.,0.E+000,-0.E+000));
#2206 = ADVANCED_FACE('',(#2207),#2234,.F.);
#2207 = FACE_BOUND('',#2208,.T.);
#2208 = EDGE_LOOP('',(#2209,#2219,#2226,#2227));
#2209 = ORIENTED_EDGE('',*,*,#2210,.T.);
#2210 = EDGE_CURVE('',#2211,#2213,#2215,.T.);
#2211 = VERTEX_POINT('',#2212);
#2212 = CARTESIAN_POINT('',(-14.75,-47.841,-0.41148));
#2213 = VERTEX_POINT('',#2214);
#2214 = CARTESIAN_POINT('',(-14.75,-47.841,0.E+000));
#2215 = LINE('',#2216,#2217);
#2216 = CARTESIAN_POINT('',(-14.75,-47.841,-0.41148));
#2217 = VECTOR('',#2218,1.);
#2218 = DIRECTION('',(0.E+000,0.E+000,1.));
#2219 = ORIENTED_EDGE('',*,*,#2220,.T.);
#2220 = EDGE_CURVE('',#2213,#2213,#2221,.T.);
#2221 = CIRCLE('',#2222,0.25);
#2222 = AXIS2_PLACEMENT_3D('',#2223,#2224,#2225);
#2223 = CARTESIAN_POINT('',(-15.,-47.841,0.E+000));
#2224 = DIRECTION('',(0.E+000,0.E+000,1.));
#2225 = DIRECTION('',(1.,0.E+000,-0.E+000));
#2226 = ORIENTED_EDGE('',*,*,#2210,.F.);
#2227 = ORIENTED_EDGE('',*,*,#2228,.F.);
#2228 = EDGE_CURVE('',#2211,#2211,#2229,.T.);
#2229 = CIRCLE('',#2230,0.25);
#2230 = AXIS2_PLACEMENT_3D('',#2231,#2232,#2233);
#2231 = CARTESIAN_POINT('',(-15.,-47.841,-0.41148));
#2232 = DIRECTION('',(0.E+000,0.E+000,1.));
#2233 = DIRECTION('',(1.,0.E+000,-0.E+000));
#2234 = CYLINDRICAL_SURFACE('',#2235,0.25);
#2235 = AXIS2_PLACEMENT_3D('',#2236,#2237,#2238);
#2236 = CARTESIAN_POINT('',(-15.,-47.841,-0.41148));
#2237 = DIRECTION('',(-0.E+000,-0.E+000,-1.));
#2238 = DIRECTION('',(1.,0.E+000,-0.E+000));
#2239 = ADVANCED_FACE('',(#2240),#2267,.F.);
#2240 = FACE_BOUND('',#2241,.T.);
#2241 = EDGE_LOOP('',(#2242,#2252,#2259,#2260));
#2242 = ORIENTED_EDGE('',*,*,#2243,.T.);
#2243 = EDGE_CURVE('',#2244,#2246,#2248,.T.);
#2244 = VERTEX_POINT('',#2245);
#2245 = CARTESIAN_POINT('',(-13.353,-51.524,-0.41148));
#2246 = VERTEX_POINT('',#2247);
#2247 = CARTESIAN_POINT('',(-13.353,-51.524,0.E+000));
#2248 = LINE('',#2249,#2250);
#2249 = CARTESIAN_POINT('',(-13.353,-51.524,-0.41148));
#2250 = VECTOR('',#2251,1.);
#2251 = DIRECTION('',(0.E+000,0.E+000,1.));
#2252 = ORIENTED_EDGE('',*,*,#2253,.T.);
#2253 = EDGE_CURVE('',#2246,#2246,#2254,.T.);
#2254 = CIRCLE('',#2255,0.25);
#2255 = AXIS2_PLACEMENT_3D('',#2256,#2257,#2258);
#2256 = CARTESIAN_POINT('',(-13.603,-51.524,0.E+000));
#2257 = DIRECTION('',(0.E+000,0.E+000,1.));
#2258 = DIRECTION('',(1.,0.E+000,-0.E+000));
#2259 = ORIENTED_EDGE('',*,*,#2243,.F.);
#2260 = ORIENTED_EDGE('',*,*,#2261,.F.);
#2261 = EDGE_CURVE('',#2244,#2244,#2262,.T.);
#2262 = CIRCLE('',#2263,0.25);
#2263 = AXIS2_PLACEMENT_3D('',#2264,#2265,#2266);
#2264 = CARTESIAN_POINT('',(-13.603,-51.524,-0.41148));
#2265 = DIRECTION('',(0.E+000,0.E+000,1.));
#2266 = DIRECTION('',(1.,0.E+000,-0.E+000));
#2267 = CYLINDRICAL_SURFACE('',#2268,0.25);
#2268 = AXIS2_PLACEMENT_3D('',#2269,#2270,#2271);
#2269 = CARTESIAN_POINT('',(-13.603,-51.524,-0.41148));
#2270 = DIRECTION('',(-0.E+000,-0.E+000,-1.));
#2271 = DIRECTION('',(1.,0.E+000,-0.E+000));
#2272 = ADVANCED_FACE('',(#2273),#2300,.F.);
#2273 = FACE_BOUND('',#2274,.T.);
#2274 = EDGE_LOOP('',(#2275,#2285,#2292,#2293));
#2275 = ORIENTED_EDGE('',*,*,#2276,.T.);
#2276 = EDGE_CURVE('',#2277,#2279,#2281,.T.);
#2277 = VERTEX_POINT('',#2278);
#2278 = CARTESIAN_POINT('',(-13.353,-48.476,-0.41148));
#2279 = VERTEX_POINT('',#2280);
#2280 = CARTESIAN_POINT('',(-13.353,-48.476,0.E+000));
#2281 = LINE('',#2282,#2283);
#2282 = CARTESIAN_POINT('',(-13.353,-48.476,-0.41148));
#2283 = VECTOR('',#2284,1.);
#2284 = DIRECTION('',(0.E+000,0.E+000,1.));
#2285 = ORIENTED_EDGE('',*,*,#2286,.T.);
#2286 = EDGE_CURVE('',#2279,#2279,#2287,.T.);
#2287 = CIRCLE('',#2288,0.25);
#2288 = AXIS2_PLACEMENT_3D('',#2289,#2290,#2291);
#2289 = CARTESIAN_POINT('',(-13.603,-48.476,0.E+000));
#2290 = DIRECTION('',(0.E+000,0.E+000,1.));
#2291 = DIRECTION('',(1.,0.E+000,-0.E+000));
#2292 = ORIENTED_EDGE('',*,*,#2276,.F.);
#2293 = ORIENTED_EDGE('',*,*,#2294,.F.);
#2294 = EDGE_CURVE('',#2277,#2277,#2295,.T.);
#2295 = CIRCLE('',#2296,0.25);
#2296 = AXIS2_PLACEMENT_3D('',#2297,#2298,#2299);
#2297 = CARTESIAN_POINT('',(-13.603,-48.476,-0.41148));
#2298 = DIRECTION('',(0.E+000,0.E+000,1.));
#2299 = DIRECTION('',(1.,0.E+000,-0.E+000));
#2300 = CYLINDRICAL_SURFACE('',#2301,0.25);
#2301 = AXIS2_PLACEMENT_3D('',#2302,#2303,#2304);
#2302 = CARTESIAN_POINT('',(-13.603,-48.476,-0.41148));
#2303 = DIRECTION('',(-0.E+000,-0.E+000,-1.));
#2304 = DIRECTION('',(1.,0.E+000,-0.E+000));
#2305 = ADVANCED_FACE('',(#2306),#2333,.F.);
#2306 = FACE_BOUND('',#2307,.T.);
#2307 = EDGE_LOOP('',(#2308,#2318,#2325,#2326));
#2308 = ORIENTED_EDGE('',*,*,#2309,.T.);
#2309 = EDGE_CURVE('',#2310,#2312,#2314,.T.);
#2310 = VERTEX_POINT('',#2311);
#2311 = CARTESIAN_POINT('',(-12.622,-49.941,-0.41148));
#2312 = VERTEX_POINT('',#2313);
#2313 = CARTESIAN_POINT('',(-12.622,-49.941,0.E+000));
#2314 = LINE('',#2315,#2316);
#2315 = CARTESIAN_POINT('',(-12.622,-49.941,-0.41148));
#2316 = VECTOR('',#2317,1.);
#2317 = DIRECTION('',(0.E+000,0.E+000,1.));
#2318 = ORIENTED_EDGE('',*,*,#2319,.T.);
#2319 = EDGE_CURVE('',#2312,#2312,#2320,.T.);
#2320 = CIRCLE('',#2321,0.25);
#2321 = AXIS2_PLACEMENT_3D('',#2322,#2323,#2324);
#2322 = CARTESIAN_POINT('',(-12.872,-49.941,0.E+000));
#2323 = DIRECTION('',(0.E+000,0.E+000,1.));
#2324 = DIRECTION('',(1.,0.E+000,-0.E+000));
#2325 = ORIENTED_EDGE('',*,*,#2309,.F.);
#2326 = ORIENTED_EDGE('',*,*,#2327,.F.);
#2327 = EDGE_CURVE('',#2310,#2310,#2328,.T.);
#2328 = CIRCLE('',#2329,0.25);
#2329 = AXIS2_PLACEMENT_3D('',#2330,#2331,#2332);
#2330 = CARTESIAN_POINT('',(-12.872,-49.941,-0.41148));
#2331 = DIRECTION('',(0.E+000,0.E+000,1.));
#2332 = DIRECTION('',(1.,0.E+000,-0.E+000));
#2333 = CYLINDRICAL_SURFACE('',#2334,0.25);
#2334 = AXIS2_PLACEMENT_3D('',#2335,#2336,#2337);
#2335 = CARTESIAN_POINT('',(-12.872,-49.941,-0.41148));
#2336 = DIRECTION('',(-0.E+000,-0.E+000,-1.));
#2337 = DIRECTION('',(1.,0.E+000,-0.E+000));
#2338 = ADVANCED_FACE('',(#2339),#2375,.F.);
#2339 = FACE_BOUND('',#2340,.T.);
#2340 = EDGE_LOOP('',(#2341,#2351,#2360,#2368));
#2341 = ORIENTED_EDGE('',*,*,#2342,.T.);
#2342 = EDGE_CURVE('',#2343,#2345,#2347,.T.);
#2343 = VERTEX_POINT('',#2344);
#2344 = CARTESIAN_POINT('',(-37.80600008,-48.768,-0.41148));
#2345 = VERTEX_POINT('',#2346);
#2346 = CARTESIAN_POINT('',(-37.80600008,-48.768,0.E+000));
#2347 = LINE('',#2348,#2349);
#2348 = CARTESIAN_POINT('',(-37.80600008,-48.768,-0.41148));
#2349 = VECTOR('',#2350,1.);
#2350 = DIRECTION('',(0.E+000,0.E+000,1.));
#2351 = ORIENTED_EDGE('',*,*,#2352,.T.);
#2352 = EDGE_CURVE('',#2345,#2353,#2355,.T.);
#2353 = VERTEX_POINT('',#2354);
#2354 = CARTESIAN_POINT('',(-32.80599992,-48.768,0.E+000));
#2355 = CIRCLE('',#2356,2.50000008);
#2356 = AXIS2_PLACEMENT_3D('',#2357,#2358,#2359);
#2357 = CARTESIAN_POINT('',(-35.306,-48.768,0.E+000));
#2358 = DIRECTION('',(0.E+000,0.E+000,1.));
#2359 = DIRECTION('',(-1.,0.E+000,-0.E+000));
#2360 = ORIENTED_EDGE('',*,*,#2361,.F.);
#2361 = EDGE_CURVE('',#2362,#2353,#2364,.T.);
#2362 = VERTEX_POINT('',#2363);
#2363 = CARTESIAN_POINT('',(-32.80599992,-48.768,-0.41148));
#2364 = LINE('',#2365,#2366);
#2365 = CARTESIAN_POINT('',(-32.80599992,-48.768,-0.41148));
#2366 = VECTOR('',#2367,1.);
#2367 = DIRECTION('',(0.E+000,0.E+000,1.));
#2368 = ORIENTED_EDGE('',*,*,#2369,.F.);
#2369 = EDGE_CURVE('',#2343,#2362,#2370,.T.);
#2370 = CIRCLE('',#2371,2.50000008);
#2371 = AXIS2_PLACEMENT_3D('',#2372,#2373,#2374);
#2372 = CARTESIAN_POINT('',(-35.306,-48.768,-0.41148));
#2373 = DIRECTION('',(0.E+000,0.E+000,1.));
#2374 = DIRECTION('',(-1.,0.E+000,-0.E+000));
#2375 = CYLINDRICAL_SURFACE('',#2376,2.50000008);
#2376 = AXIS2_PLACEMENT_3D('',#2377,#2378,#2379);
#2377 = CARTESIAN_POINT('',(-35.306,-48.768,-0.41148));
#2378 = DIRECTION('',(-0.E+000,-0.E+000,-1.));
#2379 = DIRECTION('',(-1.,0.E+000,-0.E+000));
#2380 = ADVANCED_FACE('',(#2381),#2399,.F.);
#2381 = FACE_BOUND('',#2382,.T.);
#2382 = EDGE_LOOP('',(#2383,#2384,#2391,#2392));
#2383 = ORIENTED_EDGE('',*,*,#2361,.T.);
#2384 = ORIENTED_EDGE('',*,*,#2385,.T.);
#2385 = EDGE_CURVE('',#2353,#2345,#2386,.T.);
#2386 = CIRCLE('',#2387,2.50000008);
#2387 = AXIS2_PLACEMENT_3D('',#2388,#2389,#2390);
#2388 = CARTESIAN_POINT('',(-35.306,-48.768,0.E+000));
#2389 = DIRECTION('',(0.E+000,0.E+000,1.));
#2390 = DIRECTION('',(1.,0.E+000,-0.E+000));
#2391 = ORIENTED_EDGE('',*,*,#2342,.F.);
#2392 = ORIENTED_EDGE('',*,*,#2393,.F.);
#2393 = EDGE_CURVE('',#2362,#2343,#2394,.T.);
#2394 = CIRCLE('',#2395,2.50000008);
#2395 = AXIS2_PLACEMENT_3D('',#2396,#2397,#2398);
#2396 = CARTESIAN_POINT('',(-35.306,-48.768,-0.41148));
#2397 = DIRECTION('',(0.E+000,0.E+000,1.));
#2398 = DIRECTION('',(1.,0.E+000,-0.E+000));
#2399 = CYLINDRICAL_SURFACE('',#2400,2.50000008);
#2400 = AXIS2_PLACEMENT_3D('',#2401,#2402,#2403);
#2401 = CARTESIAN_POINT('',(-35.306,-48.768,-0.41148));
#2402 = DIRECTION('',(-0.E+000,-0.E+000,-1.));
#2403 = DIRECTION('',(1.,0.E+000,-0.E+000));
#2404 = ADVANCED_FACE('',(#2405),#2432,.F.);
#2405 = FACE_BOUND('',#2406,.T.);
#2406 = EDGE_LOOP('',(#2407,#2417,#2424,#2425));
#2407 = ORIENTED_EDGE('',*,*,#2408,.T.);
#2408 = EDGE_CURVE('',#2409,#2411,#2413,.T.);
#2409 = VERTEX_POINT('',#2410);
#2410 = CARTESIAN_POINT('',(-33.854,-5.303,-0.41148));
#2411 = VERTEX_POINT('',#2412);
#2412 = CARTESIAN_POINT('',(-33.854,-5.303,0.E+000));
#2413 = LINE('',#2414,#2415);
#2414 = CARTESIAN_POINT('',(-33.854,-5.303,-0.41148));
#2415 = VECTOR('',#2416,1.);
#2416 = DIRECTION('',(0.E+000,0.E+000,1.));
#2417 = ORIENTED_EDGE('',*,*,#2418,.T.);
#2418 = EDGE_CURVE('',#2411,#2411,#2419,.T.);
#2419 = CIRCLE('',#2420,0.25);
#2420 = AXIS2_PLACEMENT_3D('',#2421,#2422,#2423);
#2421 = CARTESIAN_POINT('',(-34.104,-5.303,0.E+000));
#2422 = DIRECTION('',(0.E+000,0.E+000,1.));
#2423 = DIRECTION('',(1.,0.E+000,-0.E+000));
#2424 = ORIENTED_EDGE('',*,*,#2408,.F.);
#2425 = ORIENTED_EDGE('',*,*,#2426,.F.);
#2426 = EDGE_CURVE('',#2409,#2409,#2427,.T.);
#2427 = CIRCLE('',#2428,0.25);
#2428 = AXIS2_PLACEMENT_3D('',#2429,#2430,#2431);
#2429 = CARTESIAN_POINT('',(-34.104,-5.303,-0.41148));
#2430 = DIRECTION('',(0.E+000,0.E+000,1.));
#2431 = DIRECTION('',(1.,0.E+000,-0.E+000));
#2432 = CYLINDRICAL_SURFACE('',#2433,0.25);
#2433 = AXIS2_PLACEMENT_3D('',#2434,#2435,#2436);
#2434 = CARTESIAN_POINT('',(-34.104,-5.303,-0.41148));
#2435 = DIRECTION('',(-0.E+000,-0.E+000,-1.));
#2436 = DIRECTION('',(1.,0.E+000,-0.E+000));
#2437 = ADVANCED_FACE('',(#2438),#2465,.F.);
#2438 = FACE_BOUND('',#2439,.T.);
#2439 = EDGE_LOOP('',(#2440,#2450,#2457,#2458));
#2440 = ORIENTED_EDGE('',*,*,#2441,.T.);
#2441 = EDGE_CURVE('',#2442,#2444,#2446,.T.);
#2442 = VERTEX_POINT('',#2443);
#2443 = CARTESIAN_POINT('',(-25.866,-35.941,-0.41148));
#2444 = VERTEX_POINT('',#2445);
#2445 = CARTESIAN_POINT('',(-25.866,-35.941,0.E+000));
#2446 = LINE('',#2447,#2448);
#2447 = CARTESIAN_POINT('',(-25.866,-35.941,-0.41148));
#2448 = VECTOR('',#2449,1.);
#2449 = DIRECTION('',(0.E+000,0.E+000,1.));
#2450 = ORIENTED_EDGE('',*,*,#2451,.T.);
#2451 = EDGE_CURVE('',#2444,#2444,#2452,.T.);
#2452 = CIRCLE('',#2453,0.55);
#2453 = AXIS2_PLACEMENT_3D('',#2454,#2455,#2456);
#2454 = CARTESIAN_POINT('',(-26.416,-35.941,0.E+000));
#2455 = DIRECTION('',(0.E+000,0.E+000,1.));
#2456 = DIRECTION('',(1.,0.E+000,-0.E+000));
#2457 = ORIENTED_EDGE('',*,*,#2441,.F.);
#2458 = ORIENTED_EDGE('',*,*,#2459,.F.);
#2459 = EDGE_CURVE('',#2442,#2442,#2460,.T.);
#2460 = CIRCLE('',#2461,0.55);
#2461 = AXIS2_PLACEMENT_3D('',#2462,#2463,#2464);
#2462 = CARTESIAN_POINT('',(-26.416,-35.941,-0.41148));
#2463 = DIRECTION('',(0.E+000,0.E+000,1.));
#2464 = DIRECTION('',(1.,0.E+000,-0.E+000));
#2465 = CYLINDRICAL_SURFACE('',#2466,0.55);
#2466 = AXIS2_PLACEMENT_3D('',#2467,#2468,#2469);
#2467 = CARTESIAN_POINT('',(-26.416,-35.941,-0.41148));
#2468 = DIRECTION('',(-0.E+000,-0.E+000,-1.));
#2469 = DIRECTION('',(1.,0.E+000,-0.E+000));
#2470 = ADVANCED_FACE('',(#2471),#2498,.F.);
#2471 = FACE_BOUND('',#2472,.T.);
#2472 = EDGE_LOOP('',(#2473,#2483,#2490,#2491));
#2473 = ORIENTED_EDGE('',*,*,#2474,.T.);
#2474 = EDGE_CURVE('',#2475,#2477,#2479,.T.);
#2475 = VERTEX_POINT('',#2476);
#2476 = CARTESIAN_POINT('',(-25.866,-28.829,-0.41148));
#2477 = VERTEX_POINT('',#2478);
#2478 = CARTESIAN_POINT('',(-25.866,-28.829,0.E+000));
#2479 = LINE('',#2480,#2481);
#2480 = CARTESIAN_POINT('',(-25.866,-28.829,-0.41148));
#2481 = VECTOR('',#2482,1.);
#2482 = DIRECTION('',(0.E+000,0.E+000,1.));
#2483 = ORIENTED_EDGE('',*,*,#2484,.T.);
#2484 = EDGE_CURVE('',#2477,#2477,#2485,.T.);
#2485 = CIRCLE('',#2486,0.55);
#2486 = AXIS2_PLACEMENT_3D('',#2487,#2488,#2489);
#2487 = CARTESIAN_POINT('',(-26.416,-28.829,0.E+000));
#2488 = DIRECTION('',(0.E+000,0.E+000,1.));
#2489 = DIRECTION('',(1.,0.E+000,-0.E+000));
#2490 = ORIENTED_EDGE('',*,*,#2474,.F.);
#2491 = ORIENTED_EDGE('',*,*,#2492,.F.);
#2492 = EDGE_CURVE('',#2475,#2475,#2493,.T.);
#2493 = CIRCLE('',#2494,0.55);
#2494 = AXIS2_PLACEMENT_3D('',#2495,#2496,#2497);
#2495 = CARTESIAN_POINT('',(-26.416,-28.829,-0.41148));
#2496 = DIRECTION('',(0.E+000,0.E+000,1.));
#2497 = DIRECTION('',(1.,0.E+000,-0.E+000));
#2498 = CYLINDRICAL_SURFACE('',#2499,0.55);
#2499 = AXIS2_PLACEMENT_3D('',#2500,#2501,#2502);
#2500 = CARTESIAN_POINT('',(-26.416,-28.829,-0.41148));
#2501 = DIRECTION('',(-0.E+000,-0.E+000,-1.));
#2502 = DIRECTION('',(1.,0.E+000,-0.E+000));
#2503 = ADVANCED_FACE('',(#2504),#2531,.F.);
#2504 = FACE_BOUND('',#2505,.T.);
#2505 = EDGE_LOOP('',(#2506,#2516,#2523,#2524));
#2506 = ORIENTED_EDGE('',*,*,#2507,.T.);
#2507 = EDGE_CURVE('',#2508,#2510,#2512,.T.);
#2508 = VERTEX_POINT('',#2509);
#2509 = CARTESIAN_POINT('',(-32.516,-1.651,-0.41148));
#2510 = VERTEX_POINT('',#2511);
#2511 = CARTESIAN_POINT('',(-32.516,-1.651,0.E+000));
#2512 = LINE('',#2513,#2514);
#2513 = CARTESIAN_POINT('',(-32.516,-1.651,-0.41148));
#2514 = VECTOR('',#2515,1.);
#2515 = DIRECTION('',(0.E+000,0.E+000,1.));
#2516 = ORIENTED_EDGE('',*,*,#2517,.T.);
#2517 = EDGE_CURVE('',#2510,#2510,#2518,.T.);
#2518 = CIRCLE('',#2519,0.25);
#2519 = AXIS2_PLACEMENT_3D('',#2520,#2521,#2522);
#2520 = CARTESIAN_POINT('',(-32.766,-1.651,0.E+000));
#2521 = DIRECTION('',(0.E+000,0.E+000,1.));
#2522 = DIRECTION('',(1.,0.E+000,-0.E+000));
#2523 = ORIENTED_EDGE('',*,*,#2507,.F.);
#2524 = ORIENTED_EDGE('',*,*,#2525,.F.);
#2525 = EDGE_CURVE('',#2508,#2508,#2526,.T.);
#2526 = CIRCLE('',#2527,0.25);
#2527 = AXIS2_PLACEMENT_3D('',#2528,#2529,#2530);
#2528 = CARTESIAN_POINT('',(-32.766,-1.651,-0.41148));
#2529 = DIRECTION('',(0.E+000,0.E+000,1.));
#2530 = DIRECTION('',(1.,0.E+000,-0.E+000));
#2531 = CYLINDRICAL_SURFACE('',#2532,0.25);
#2532 = AXIS2_PLACEMENT_3D('',#2533,#2534,#2535);
#2533 = CARTESIAN_POINT('',(-32.766,-1.651,-0.41148));
#2534 = DIRECTION('',(-0.E+000,-0.E+000,-1.));
#2535 = DIRECTION('',(1.,0.E+000,-0.E+000));
#2536 = ADVANCED_FACE('',(#2537),#2564,.F.);
#2537 = FACE_BOUND('',#2538,.T.);
#2538 = EDGE_LOOP('',(#2539,#2549,#2556,#2557));
#2539 = ORIENTED_EDGE('',*,*,#2540,.T.);
#2540 = EDGE_CURVE('',#2541,#2543,#2545,.T.);
#2541 = VERTEX_POINT('',#2542);
#2542 = CARTESIAN_POINT('',(-33.913,-1.016,-0.41148));
#2543 = VERTEX_POINT('',#2544);
#2544 = CARTESIAN_POINT('',(-33.913,-1.016,0.E+000));
#2545 = LINE('',#2546,#2547);
#2546 = CARTESIAN_POINT('',(-33.913,-1.016,-0.41148));
#2547 = VECTOR('',#2548,1.);
#2548 = DIRECTION('',(0.E+000,0.E+000,1.));
#2549 = ORIENTED_EDGE('',*,*,#2550,.T.);
#2550 = EDGE_CURVE('',#2543,#2543,#2551,.T.);
#2551 = CIRCLE('',#2552,0.25);
#2552 = AXIS2_PLACEMENT_3D('',#2553,#2554,#2555);
#2553 = CARTESIAN_POINT('',(-34.163,-1.016,0.E+000));
#2554 = DIRECTION('',(0.E+000,0.E+000,1.));
#2555 = DIRECTION('',(1.,0.E+000,-0.E+000));
#2556 = ORIENTED_EDGE('',*,*,#2540,.F.);
#2557 = ORIENTED_EDGE('',*,*,#2558,.F.);
#2558 = EDGE_CURVE('',#2541,#2541,#2559,.T.);
#2559 = CIRCLE('',#2560,0.25);
#2560 = AXIS2_PLACEMENT_3D('',#2561,#2562,#2563);
#2561 = CARTESIAN_POINT('',(-34.163,-1.016,-0.41148));
#2562 = DIRECTION('',(0.E+000,0.E+000,1.));
#2563 = DIRECTION('',(1.,0.E+000,-0.E+000));
#2564 = CYLINDRICAL_SURFACE('',#2565,0.25);
#2565 = AXIS2_PLACEMENT_3D('',#2566,#2567,#2568);
#2566 = CARTESIAN_POINT('',(-34.163,-1.016,-0.41148));
#2567 = DIRECTION('',(-0.E+000,-0.E+000,-1.));
#2568 = DIRECTION('',(1.,0.E+000,-0.E+000));
#2569 = ADVANCED_FACE('',(#2570),#2597,.F.);
#2570 = FACE_BOUND('',#2571,.T.);
#2571 = EDGE_LOOP('',(#2572,#2582,#2589,#2590));
#2572 = ORIENTED_EDGE('',*,*,#2573,.T.);
#2573 = EDGE_CURVE('',#2574,#2576,#2578,.T.);
#2574 = VERTEX_POINT('',#2575);
#2575 = CARTESIAN_POINT('',(-32.389,-4.572,-0.41148));
#2576 = VERTEX_POINT('',#2577);
#2577 = CARTESIAN_POINT('',(-32.389,-4.572,0.E+000));
#2578 = LINE('',#2579,#2580);
#2579 = CARTESIAN_POINT('',(-32.389,-4.572,-0.41148));
#2580 = VECTOR('',#2581,1.);
#2581 = DIRECTION('',(0.E+000,0.E+000,1.));
#2582 = ORIENTED_EDGE('',*,*,#2583,.T.);
#2583 = EDGE_CURVE('',#2576,#2576,#2584,.T.);
#2584 = CIRCLE('',#2585,0.25);
#2585 = AXIS2_PLACEMENT_3D('',#2586,#2587,#2588);
#2586 = CARTESIAN_POINT('',(-32.639,-4.572,0.E+000));
#2587 = DIRECTION('',(0.E+000,0.E+000,1.));
#2588 = DIRECTION('',(1.,0.E+000,-0.E+000));
#2589 = ORIENTED_EDGE('',*,*,#2573,.F.);
#2590 = ORIENTED_EDGE('',*,*,#2591,.F.);
#2591 = EDGE_CURVE('',#2574,#2574,#2592,.T.);
#2592 = CIRCLE('',#2593,0.25);
#2593 = AXIS2_PLACEMENT_3D('',#2594,#2595,#2596);
#2594 = CARTESIAN_POINT('',(-32.639,-4.572,-0.41148));
#2595 = DIRECTION('',(0.E+000,0.E+000,1.));
#2596 = DIRECTION('',(1.,0.E+000,-0.E+000));
#2597 = CYLINDRICAL_SURFACE('',#2598,0.25);
#2598 = AXIS2_PLACEMENT_3D('',#2599,#2600,#2601);
#2599 = CARTESIAN_POINT('',(-32.639,-4.572,-0.41148));
#2600 = DIRECTION('',(-0.E+000,-0.E+000,-1.));
#2601 = DIRECTION('',(1.,0.E+000,-0.E+000));
#2602 = ADVANCED_FACE('',(#2603),#2630,.F.);
#2603 = FACE_BOUND('',#2604,.T.);
#2604 = EDGE_LOOP('',(#2605,#2615,#2622,#2623));
#2605 = ORIENTED_EDGE('',*,*,#2606,.T.);
#2606 = EDGE_CURVE('',#2607,#2609,#2611,.T.);
#2607 = VERTEX_POINT('',#2608);
#2608 = CARTESIAN_POINT('',(-32.413,-3.175,-0.41148));
#2609 = VERTEX_POINT('',#2610);
#2610 = CARTESIAN_POINT('',(-32.413,-3.175,0.E+000));
#2611 = LINE('',#2612,#2613);
#2612 = CARTESIAN_POINT('',(-32.413,-3.175,-0.41148));
#2613 = VECTOR('',#2614,1.);
#2614 = DIRECTION('',(0.E+000,0.E+000,1.));
#2615 = ORIENTED_EDGE('',*,*,#2616,.T.);
#2616 = EDGE_CURVE('',#2609,#2609,#2617,.T.);
#2617 = CIRCLE('',#2618,1.75);
#2618 = AXIS2_PLACEMENT_3D('',#2619,#2620,#2621);
#2619 = CARTESIAN_POINT('',(-34.163,-3.175,0.E+000));
#2620 = DIRECTION('',(0.E+000,0.E+000,1.));
#2621 = DIRECTION('',(1.,0.E+000,-0.E+000));
#2622 = ORIENTED_EDGE('',*,*,#2606,.F.);
#2623 = ORIENTED_EDGE('',*,*,#2624,.F.);
#2624 = EDGE_CURVE('',#2607,#2607,#2625,.T.);
#2625 = CIRCLE('',#2626,1.75);
#2626 = AXIS2_PLACEMENT_3D('',#2627,#2628,#2629);
#2627 = CARTESIAN_POINT('',(-34.163,-3.175,-0.41148));
#2628 = DIRECTION('',(0.E+000,0.E+000,1.));
#2629 = DIRECTION('',(1.,0.E+000,-0.E+000));
#2630 = CYLINDRICAL_SURFACE('',#2631,1.75);
#2631 = AXIS2_PLACEMENT_3D('',#2632,#2633,#2634);
#2632 = CARTESIAN_POINT('',(-34.163,-3.175,-0.41148));
#2633 = DIRECTION('',(-0.E+000,-0.E+000,-1.));
#2634 = DIRECTION('',(1.,0.E+000,-0.E+000));
#2635 = ADVANCED_FACE('',(#2636),#2663,.F.);
#2636 = FACE_BOUND('',#2637,.T.);
#2637 = EDGE_LOOP('',(#2638,#2648,#2655,#2656));
#2638 = ORIENTED_EDGE('',*,*,#2639,.T.);
#2639 = EDGE_CURVE('',#2640,#2642,#2644,.T.);
#2640 = VERTEX_POINT('',#2641);
#2641 = CARTESIAN_POINT('',(-31.754,-3.175,-0.41148));
#2642 = VERTEX_POINT('',#2643);
#2643 = CARTESIAN_POINT('',(-31.754,-3.175,0.E+000));
#2644 = LINE('',#2645,#2646);
#2645 = CARTESIAN_POINT('',(-31.754,-3.175,-0.41148));
#2646 = VECTOR('',#2647,1.);
#2647 = DIRECTION('',(0.E+000,0.E+000,1.));
#2648 = ORIENTED_EDGE('',*,*,#2649,.T.);
#2649 = EDGE_CURVE('',#2642,#2642,#2650,.T.);
#2650 = CIRCLE('',#2651,0.25);
#2651 = AXIS2_PLACEMENT_3D('',#2652,#2653,#2654);
#2652 = CARTESIAN_POINT('',(-32.004,-3.175,0.E+000));
#2653 = DIRECTION('',(0.E+000,0.E+000,1.));
#2654 = DIRECTION('',(1.,0.E+000,-0.E+000));
#2655 = ORIENTED_EDGE('',*,*,#2639,.F.);
#2656 = ORIENTED_EDGE('',*,*,#2657,.F.);
#2657 = EDGE_CURVE('',#2640,#2640,#2658,.T.);
#2658 = CIRCLE('',#2659,0.25);
#2659 = AXIS2_PLACEMENT_3D('',#2660,#2661,#2662);
#2660 = CARTESIAN_POINT('',(-32.004,-3.175,-0.41148));
#2661 = DIRECTION('',(0.E+000,0.E+000,1.));
#2662 = DIRECTION('',(1.,0.E+000,-0.E+000));
#2663 = CYLINDRICAL_SURFACE('',#2664,0.25);
#2664 = AXIS2_PLACEMENT_3D('',#2665,#2666,#2667);
#2665 = CARTESIAN_POINT('',(-32.004,-3.175,-0.41148));
#2666 = DIRECTION('',(-0.E+000,-0.E+000,-1.));
#2667 = DIRECTION('',(1.,0.E+000,-0.E+000));
#2668 = ADVANCED_FACE('',(#2669),#2696,.F.);
#2669 = FACE_BOUND('',#2670,.T.);
#2670 = EDGE_LOOP('',(#2671,#2681,#2688,#2689));
#2671 = ORIENTED_EDGE('',*,*,#2672,.T.);
#2672 = EDGE_CURVE('',#2673,#2675,#2677,.T.);
#2673 = VERTEX_POINT('',#2674);
#2674 = CARTESIAN_POINT('',(-15.756,-29.351,-0.41148));
#2675 = VERTEX_POINT('',#2676);
#2676 = CARTESIAN_POINT('',(-15.756,-29.351,0.E+000));
#2677 = LINE('',#2678,#2679);
#2678 = CARTESIAN_POINT('',(-15.756,-29.351,-0.41148));
#2679 = VECTOR('',#2680,1.);
#2680 = DIRECTION('',(0.E+000,0.E+000,1.));
#2681 = ORIENTED_EDGE('',*,*,#2682,.T.);
#2682 = EDGE_CURVE('',#2675,#2675,#2683,.T.);
#2683 = CIRCLE('',#2684,0.5);
#2684 = AXIS2_PLACEMENT_3D('',#2685,#2686,#2687);
#2685 = CARTESIAN_POINT('',(-16.256,-29.351,0.E+000));
#2686 = DIRECTION('',(0.E+000,0.E+000,1.));
#2687 = DIRECTION('',(1.,0.E+000,-0.E+000));
#2688 = ORIENTED_EDGE('',*,*,#2672,.F.);
#2689 = ORIENTED_EDGE('',*,*,#2690,.F.);
#2690 = EDGE_CURVE('',#2673,#2673,#2691,.T.);
#2691 = CIRCLE('',#2692,0.5);
#2692 = AXIS2_PLACEMENT_3D('',#2693,#2694,#2695);
#2693 = CARTESIAN_POINT('',(-16.256,-29.351,-0.41148));
#2694 = DIRECTION('',(0.E+000,0.E+000,1.));
#2695 = DIRECTION('',(1.,0.E+000,-0.E+000));
#2696 = CYLINDRICAL_SURFACE('',#2697,0.5);
#2697 = AXIS2_PLACEMENT_3D('',#2698,#2699,#2700);
#2698 = CARTESIAN_POINT('',(-16.256,-29.351,-0.41148));
#2699 = DIRECTION('',(-0.E+000,-0.E+000,-1.));
#2700 = DIRECTION('',(1.,0.E+000,-0.E+000));
#2701 = ADVANCED_FACE('',(#2702),#2729,.F.);
#2702 = FACE_BOUND('',#2703,.T.);
#2703 = EDGE_LOOP('',(#2704,#2714,#2721,#2722));
#2704 = ORIENTED_EDGE('',*,*,#2705,.T.);
#2705 = EDGE_CURVE('',#2706,#2708,#2710,.T.);
#2706 = VERTEX_POINT('',#2707);
#2707 = CARTESIAN_POINT('',(-15.756,-26.811,-0.41148));
#2708 = VERTEX_POINT('',#2709);
#2709 = CARTESIAN_POINT('',(-15.756,-26.811,0.E+000));
#2710 = LINE('',#2711,#2712);
#2711 = CARTESIAN_POINT('',(-15.756,-26.811,-0.41148));
#2712 = VECTOR('',#2713,1.);
#2713 = DIRECTION('',(0.E+000,0.E+000,1.));
#2714 = ORIENTED_EDGE('',*,*,#2715,.T.);
#2715 = EDGE_CURVE('',#2708,#2708,#2716,.T.);
#2716 = CIRCLE('',#2717,0.5);
#2717 = AXIS2_PLACEMENT_3D('',#2718,#2719,#2720);
#2718 = CARTESIAN_POINT('',(-16.256,-26.811,0.E+000));
#2719 = DIRECTION('',(0.E+000,0.E+000,1.));
#2720 = DIRECTION('',(1.,0.E+000,-0.E+000));
#2721 = ORIENTED_EDGE('',*,*,#2705,.F.);
#2722 = ORIENTED_EDGE('',*,*,#2723,.F.);
#2723 = EDGE_CURVE('',#2706,#2706,#2724,.T.);
#2724 = CIRCLE('',#2725,0.5);
#2725 = AXIS2_PLACEMENT_3D('',#2726,#2727,#2728);
#2726 = CARTESIAN_POINT('',(-16.256,-26.811,-0.41148));
#2727 = DIRECTION('',(0.E+000,0.E+000,1.));
#2728 = DIRECTION('',(1.,0.E+000,-0.E+000));
#2729 = CYLINDRICAL_SURFACE('',#2730,0.5);
#2730 = AXIS2_PLACEMENT_3D('',#2731,#2732,#2733);
#2731 = CARTESIAN_POINT('',(-16.256,-26.811,-0.41148));
#2732 = DIRECTION('',(-0.E+000,-0.E+000,-1.));
#2733 = DIRECTION('',(1.,0.E+000,-0.E+000));
#2734 = ADVANCED_FACE('',(#2735),#2762,.F.);
#2735 = FACE_BOUND('',#2736,.T.);
#2736 = EDGE_LOOP('',(#2737,#2747,#2754,#2755));
#2737 = ORIENTED_EDGE('',*,*,#2738,.T.);
#2738 = EDGE_CURVE('',#2739,#2741,#2743,.T.);
#2739 = VERTEX_POINT('',#2740);
#2740 = CARTESIAN_POINT('',(-15.756,-34.431,-0.41148));
#2741 = VERTEX_POINT('',#2742);
#2742 = CARTESIAN_POINT('',(-15.756,-34.431,0.E+000));
#2743 = LINE('',#2744,#2745);
#2744 = CARTESIAN_POINT('',(-15.756,-34.431,-0.41148));
#2745 = VECTOR('',#2746,1.);
#2746 = DIRECTION('',(0.E+000,0.E+000,1.));
#2747 = ORIENTED_EDGE('',*,*,#2748,.T.);
#2748 = EDGE_CURVE('',#2741,#2741,#2749,.T.);
#2749 = CIRCLE('',#2750,0.5);
#2750 = AXIS2_PLACEMENT_3D('',#2751,#2752,#2753);
#2751 = CARTESIAN_POINT('',(-16.256,-34.431,0.E+000));
#2752 = DIRECTION('',(0.E+000,0.E+000,1.));
#2753 = DIRECTION('',(1.,0.E+000,-0.E+000));
#2754 = ORIENTED_EDGE('',*,*,#2738,.F.);
#2755 = ORIENTED_EDGE('',*,*,#2756,.F.);
#2756 = EDGE_CURVE('',#2739,#2739,#2757,.T.);
#2757 = CIRCLE('',#2758,0.5);
#2758 = AXIS2_PLACEMENT_3D('',#2759,#2760,#2761);
#2759 = CARTESIAN_POINT('',(-16.256,-34.431,-0.41148));
#2760 = DIRECTION('',(0.E+000,0.E+000,1.));
#2761 = DIRECTION('',(1.,0.E+000,-0.E+000));
#2762 = CYLINDRICAL_SURFACE('',#2763,0.5);
#2763 = AXIS2_PLACEMENT_3D('',#2764,#2765,#2766);
#2764 = CARTESIAN_POINT('',(-16.256,-34.431,-0.41148));
#2765 = DIRECTION('',(-0.E+000,-0.E+000,-1.));
#2766 = DIRECTION('',(1.,0.E+000,-0.E+000));
#2767 = ADVANCED_FACE('',(#2768),#2795,.F.);
#2768 = FACE_BOUND('',#2769,.T.);
#2769 = EDGE_LOOP('',(#2770,#2780,#2787,#2788));
#2770 = ORIENTED_EDGE('',*,*,#2771,.T.);
#2771 = EDGE_CURVE('',#2772,#2774,#2776,.T.);
#2772 = VERTEX_POINT('',#2773);
#2773 = CARTESIAN_POINT('',(-15.756,-31.891,-0.41148));
#2774 = VERTEX_POINT('',#2775);
#2775 = CARTESIAN_POINT('',(-15.756,-31.891,0.E+000));
#2776 = LINE('',#2777,#2778);
#2777 = CARTESIAN_POINT('',(-15.756,-31.891,-0.41148));
#2778 = VECTOR('',#2779,1.);
#2779 = DIRECTION('',(0.E+000,0.E+000,1.));
#2780 = ORIENTED_EDGE('',*,*,#2781,.T.);
#2781 = EDGE_CURVE('',#2774,#2774,#2782,.T.);
#2782 = CIRCLE('',#2783,0.5);
#2783 = AXIS2_PLACEMENT_3D('',#2784,#2785,#2786);
#2784 = CARTESIAN_POINT('',(-16.256,-31.891,0.E+000));
#2785 = DIRECTION('',(0.E+000,0.E+000,1.));
#2786 = DIRECTION('',(1.,0.E+000,-0.E+000));
#2787 = ORIENTED_EDGE('',*,*,#2771,.F.);
#2788 = ORIENTED_EDGE('',*,*,#2789,.F.);
#2789 = EDGE_CURVE('',#2772,#2772,#2790,.T.);
#2790 = CIRCLE('',#2791,0.5);
#2791 = AXIS2_PLACEMENT_3D('',#2792,#2793,#2794);
#2792 = CARTESIAN_POINT('',(-16.256,-31.891,-0.41148));
#2793 = DIRECTION('',(0.E+000,0.E+000,1.));
#2794 = DIRECTION('',(1.,0.E+000,-0.E+000));
#2795 = CYLINDRICAL_SURFACE('',#2796,0.5);
#2796 = AXIS2_PLACEMENT_3D('',#2797,#2798,#2799);
#2797 = CARTESIAN_POINT('',(-16.256,-31.891,-0.41148));
#2798 = DIRECTION('',(-0.E+000,-0.E+000,-1.));
#2799 = DIRECTION('',(1.,0.E+000,-0.E+000));
#2800 = ADVANCED_FACE('',(#2801),#2828,.F.);
#2801 = FACE_BOUND('',#2802,.T.);
#2802 = EDGE_LOOP('',(#2803,#2813,#2820,#2821));
#2803 = ORIENTED_EDGE('',*,*,#2804,.T.);
#2804 = EDGE_CURVE('',#2805,#2807,#2809,.T.);
#2805 = VERTEX_POINT('',#2806);
#2806 = CARTESIAN_POINT('',(-15.756,-24.271,-0.41148));
#2807 = VERTEX_POINT('',#2808);
#2808 = CARTESIAN_POINT('',(-15.756,-24.271,0.E+000));
#2809 = LINE('',#2810,#2811);
#2810 = CARTESIAN_POINT('',(-15.756,-24.271,-0.41148));
#2811 = VECTOR('',#2812,1.);
#2812 = DIRECTION('',(0.E+000,0.E+000,1.));
#2813 = ORIENTED_EDGE('',*,*,#2814,.T.);
#2814 = EDGE_CURVE('',#2807,#2807,#2815,.T.);
#2815 = CIRCLE('',#2816,0.5);
#2816 = AXIS2_PLACEMENT_3D('',#2817,#2818,#2819);
#2817 = CARTESIAN_POINT('',(-16.256,-24.271,0.E+000));
#2818 = DIRECTION('',(0.E+000,0.E+000,1.));
#2819 = DIRECTION('',(1.,0.E+000,-0.E+000));
#2820 = ORIENTED_EDGE('',*,*,#2804,.F.);
#2821 = ORIENTED_EDGE('',*,*,#2822,.F.);
#2822 = EDGE_CURVE('',#2805,#2805,#2823,.T.);
#2823 = CIRCLE('',#2824,0.5);
#2824 = AXIS2_PLACEMENT_3D('',#2825,#2826,#2827);
#2825 = CARTESIAN_POINT('',(-16.256,-24.271,-0.41148));
#2826 = DIRECTION('',(0.E+000,0.E+000,1.));
#2827 = DIRECTION('',(1.,0.E+000,-0.E+000));
#2828 = CYLINDRICAL_SURFACE('',#2829,0.5);
#2829 = AXIS2_PLACEMENT_3D('',#2830,#2831,#2832);
#2830 = CARTESIAN_POINT('',(-16.256,-24.271,-0.41148));
#2831 = DIRECTION('',(-0.E+000,-0.E+000,-1.));
#2832 = DIRECTION('',(1.,0.E+000,-0.E+000));
#2833 = ADVANCED_FACE('',(#2834),#2861,.F.);
#2834 = FACE_BOUND('',#2835,.T.);
#2835 = EDGE_LOOP('',(#2836,#2846,#2853,#2854));
#2836 = ORIENTED_EDGE('',*,*,#2837,.T.);
#2837 = EDGE_CURVE('',#2838,#2840,#2842,.T.);
#2838 = VERTEX_POINT('',#2839);
#2839 = CARTESIAN_POINT('',(-15.756,-21.731,-0.41148));
#2840 = VERTEX_POINT('',#2841);
#2841 = CARTESIAN_POINT('',(-15.756,-21.731,0.E+000));
#2842 = LINE('',#2843,#2844);
#2843 = CARTESIAN_POINT('',(-15.756,-21.731,-0.41148));
#2844 = VECTOR('',#2845,1.);
#2845 = DIRECTION('',(0.E+000,0.E+000,1.));
#2846 = ORIENTED_EDGE('',*,*,#2847,.T.);
#2847 = EDGE_CURVE('',#2840,#2840,#2848,.T.);
#2848 = CIRCLE('',#2849,0.5);
#2849 = AXIS2_PLACEMENT_3D('',#2850,#2851,#2852);
#2850 = CARTESIAN_POINT('',(-16.256,-21.731,0.E+000));
#2851 = DIRECTION('',(0.E+000,0.E+000,1.));
#2852 = DIRECTION('',(1.,0.E+000,-0.E+000));
#2853 = ORIENTED_EDGE('',*,*,#2837,.F.);
#2854 = ORIENTED_EDGE('',*,*,#2855,.F.);
#2855 = EDGE_CURVE('',#2838,#2838,#2856,.T.);
#2856 = CIRCLE('',#2857,0.5);
#2857 = AXIS2_PLACEMENT_3D('',#2858,#2859,#2860);
#2858 = CARTESIAN_POINT('',(-16.256,-21.731,-0.41148));
#2859 = DIRECTION('',(0.E+000,0.E+000,1.));
#2860 = DIRECTION('',(1.,0.E+000,-0.E+000));
#2861 = CYLINDRICAL_SURFACE('',#2862,0.5);
#2862 = AXIS2_PLACEMENT_3D('',#2863,#2864,#2865);
#2863 = CARTESIAN_POINT('',(-16.256,-21.731,-0.41148));
#2864 = DIRECTION('',(-0.E+000,-0.E+000,-1.));
#2865 = DIRECTION('',(1.,0.E+000,-0.E+000));
#2866 = ADVANCED_FACE('',(#2867),#2894,.F.);
#2867 = FACE_BOUND('',#2868,.T.);
#2868 = EDGE_LOOP('',(#2869,#2879,#2886,#2887));
#2869 = ORIENTED_EDGE('',*,*,#2870,.T.);
#2870 = EDGE_CURVE('',#2871,#2873,#2875,.T.);
#2871 = VERTEX_POINT('',#2872);
#2872 = CARTESIAN_POINT('',(-15.756,-19.191,-0.41148));
#2873 = VERTEX_POINT('',#2874);
#2874 = CARTESIAN_POINT('',(-15.756,-19.191,0.E+000));
#2875 = LINE('',#2876,#2877);
#2876 = CARTESIAN_POINT('',(-15.756,-19.191,-0.41148));
#2877 = VECTOR('',#2878,1.);
#2878 = DIRECTION('',(0.E+000,0.E+000,1.));
#2879 = ORIENTED_EDGE('',*,*,#2880,.T.);
#2880 = EDGE_CURVE('',#2873,#2873,#2881,.T.);
#2881 = CIRCLE('',#2882,0.5);
#2882 = AXIS2_PLACEMENT_3D('',#2883,#2884,#2885);
#2883 = CARTESIAN_POINT('',(-16.256,-19.191,0.E+000));
#2884 = DIRECTION('',(0.E+000,0.E+000,1.));
#2885 = DIRECTION('',(1.,0.E+000,-0.E+000));
#2886 = ORIENTED_EDGE('',*,*,#2870,.F.);
#2887 = ORIENTED_EDGE('',*,*,#2888,.F.);
#2888 = EDGE_CURVE('',#2871,#2871,#2889,.T.);
#2889 = CIRCLE('',#2890,0.5);
#2890 = AXIS2_PLACEMENT_3D('',#2891,#2892,#2893);
#2891 = CARTESIAN_POINT('',(-16.256,-19.191,-0.41148));
#2892 = DIRECTION('',(0.E+000,0.E+000,1.));
#2893 = DIRECTION('',(1.,0.E+000,-0.E+000));
#2894 = CYLINDRICAL_SURFACE('',#2895,0.5);
#2895 = AXIS2_PLACEMENT_3D('',#2896,#2897,#2898);
#2896 = CARTESIAN_POINT('',(-16.256,-19.191,-0.41148));
#2897 = DIRECTION('',(-0.E+000,-0.E+000,-1.));
#2898 = DIRECTION('',(1.,0.E+000,-0.E+000));
#2899 = ADVANCED_FACE('',(#2900),#2927,.F.);
#2900 = FACE_BOUND('',#2901,.T.);
#2901 = EDGE_LOOP('',(#2902,#2912,#2919,#2920));
#2902 = ORIENTED_EDGE('',*,*,#2903,.T.);
#2903 = EDGE_CURVE('',#2904,#2906,#2908,.T.);
#2904 = VERTEX_POINT('',#2905);
#2905 = CARTESIAN_POINT('',(-15.756,-16.651,-0.41148));
#2906 = VERTEX_POINT('',#2907);
#2907 = CARTESIAN_POINT('',(-15.756,-16.651,0.E+000));
#2908 = LINE('',#2909,#2910);
#2909 = CARTESIAN_POINT('',(-15.756,-16.651,-0.41148));
#2910 = VECTOR('',#2911,1.);
#2911 = DIRECTION('',(0.E+000,0.E+000,1.));
#2912 = ORIENTED_EDGE('',*,*,#2913,.T.);
#2913 = EDGE_CURVE('',#2906,#2906,#2914,.T.);
#2914 = CIRCLE('',#2915,0.5);
#2915 = AXIS2_PLACEMENT_3D('',#2916,#2917,#2918);
#2916 = CARTESIAN_POINT('',(-16.256,-16.651,0.E+000));
#2917 = DIRECTION('',(0.E+000,0.E+000,1.));
#2918 = DIRECTION('',(1.,0.E+000,-0.E+000));
#2919 = ORIENTED_EDGE('',*,*,#2903,.F.);
#2920 = ORIENTED_EDGE('',*,*,#2921,.F.);
#2921 = EDGE_CURVE('',#2904,#2904,#2922,.T.);
#2922 = CIRCLE('',#2923,0.5);
#2923 = AXIS2_PLACEMENT_3D('',#2924,#2925,#2926);
#2924 = CARTESIAN_POINT('',(-16.256,-16.651,-0.41148));
#2925 = DIRECTION('',(0.E+000,0.E+000,1.));
#2926 = DIRECTION('',(1.,0.E+000,-0.E+000));
#2927 = CYLINDRICAL_SURFACE('',#2928,0.5);
#2928 = AXIS2_PLACEMENT_3D('',#2929,#2930,#2931);
#2929 = CARTESIAN_POINT('',(-16.256,-16.651,-0.41148));
#2930 = DIRECTION('',(-0.E+000,-0.E+000,-1.));
#2931 = DIRECTION('',(1.,0.E+000,-0.E+000));
#2932 = ADVANCED_FACE('',(#2933),#2967,.F.);
#2933 = FACE_BOUND('',#2934,.F.);
#2934 = EDGE_LOOP('',(#2935,#2945,#2953,#2961));
#2935 = ORIENTED_EDGE('',*,*,#2936,.T.);
#2936 = EDGE_CURVE('',#2937,#2939,#2941,.T.);
#2937 = VERTEX_POINT('',#2938);
#2938 = CARTESIAN_POINT('',(4.698999881744,-24.00300025939,-0.41148));
#2939 = VERTEX_POINT('',#2940);
#2940 = CARTESIAN_POINT('',(4.698999881744,-24.00300025939,0.E+000));
#2941 = LINE('',#2942,#2943);
#2942 = CARTESIAN_POINT('',(4.698999881744,-24.00300025939,-0.41148));
#2943 = VECTOR('',#2944,1.);
#2944 = DIRECTION('',(0.E+000,0.E+000,1.));
#2945 = ORIENTED_EDGE('',*,*,#2946,.T.);
#2946 = EDGE_CURVE('',#2939,#2947,#2949,.T.);
#2947 = VERTEX_POINT('',#2948);
#2948 = CARTESIAN_POINT('',(-6.349999904633,-24.00300025939,0.E+000));
#2949 = LINE('',#2950,#2951);
#2950 = CARTESIAN_POINT('',(4.698999881744,-24.00300025939,0.E+000));
#2951 = VECTOR('',#2952,1.);
#2952 = DIRECTION('',(-1.,0.E+000,0.E+000));
#2953 = ORIENTED_EDGE('',*,*,#2954,.F.);
#2954 = EDGE_CURVE('',#2955,#2947,#2957,.T.);
#2955 = VERTEX_POINT('',#2956);
#2956 = CARTESIAN_POINT('',(-6.349999904633,-24.00300025939,-0.41148));
#2957 = LINE('',#2958,#2959);
#2958 = CARTESIAN_POINT('',(-6.349999904633,-24.00300025939,-0.41148));
#2959 = VECTOR('',#2960,1.);
#2960 = DIRECTION('',(0.E+000,0.E+000,1.));
#2961 = ORIENTED_EDGE('',*,*,#2962,.F.);
#2962 = EDGE_CURVE('',#2937,#2955,#2963,.T.);
#2963 = LINE('',#2964,#2965);
#2964 = CARTESIAN_POINT('',(4.698999881744,-24.00300025939,-0.41148));
#2965 = VECTOR('',#2966,1.);
#2966 = DIRECTION('',(-1.,0.E+000,0.E+000));
#2967 = PLANE('',#2968);
#2968 = AXIS2_PLACEMENT_3D('',#2969,#2970,#2971);
#2969 = CARTESIAN_POINT('',(4.698999881744,-24.00300025939,-0.41148));
#2970 = DIRECTION('',(0.E+000,-1.,0.E+000));
#2971 = DIRECTION('',(-1.,0.E+000,0.E+000));
#2972 = ADVANCED_FACE('',(#2973),#2998,.F.);
#2973 = FACE_BOUND('',#2974,.F.);
#2974 = EDGE_LOOP('',(#2975,#2985,#2991,#2992));
#2975 = ORIENTED_EDGE('',*,*,#2976,.T.);
#2976 = EDGE_CURVE('',#2977,#2979,#2981,.T.);
#2977 = VERTEX_POINT('',#2978);
#2978 = CARTESIAN_POINT('',(4.698999881744,-16.89100074768,-0.41148));
#2979 = VERTEX_POINT('',#2980);
#2980 = CARTESIAN_POINT('',(4.698999881744,-16.89100074768,0.E+000));
#2981 = LINE('',#2982,#2983);
#2982 = CARTESIAN_POINT('',(4.698999881744,-16.89100074768,-0.41148));
#2983 = VECTOR('',#2984,1.);
#2984 = DIRECTION('',(0.E+000,0.E+000,1.));
#2985 = ORIENTED_EDGE('',*,*,#2986,.T.);
#2986 = EDGE_CURVE('',#2979,#2939,#2987,.T.);
#2987 = LINE('',#2988,#2989);
#2988 = CARTESIAN_POINT('',(4.698999881744,-16.89100074768,0.E+000));
#2989 = VECTOR('',#2990,1.);
#2990 = DIRECTION('',(0.E+000,-1.,0.E+000));
#2991 = ORIENTED_EDGE('',*,*,#2936,.F.);
#2992 = ORIENTED_EDGE('',*,*,#2993,.F.);
#2993 = EDGE_CURVE('',#2977,#2937,#2994,.T.);
#2994 = LINE('',#2995,#2996);
#2995 = CARTESIAN_POINT('',(4.698999881744,-16.89100074768,-0.41148));
#2996 = VECTOR('',#2997,1.);
#2997 = DIRECTION('',(0.E+000,-1.,0.E+000));
#2998 = PLANE('',#2999);
#2999 = AXIS2_PLACEMENT_3D('',#3000,#3001,#3002);
#3000 = CARTESIAN_POINT('',(4.698999881744,-16.89100074768,-0.41148));
#3001 = DIRECTION('',(1.,0.E+000,-0.E+000));
#3002 = DIRECTION('',(0.E+000,-1.,0.E+000));
#3003 = ADVANCED_FACE('',(#3004),#3029,.F.);
#3004 = FACE_BOUND('',#3005,.F.);
#3005 = EDGE_LOOP('',(#3006,#3016,#3022,#3023));
#3006 = ORIENTED_EDGE('',*,*,#3007,.T.);
#3007 = EDGE_CURVE('',#3008,#3010,#3012,.T.);
#3008 = VERTEX_POINT('',#3009);
#3009 = CARTESIAN_POINT('',(-6.349999904633,-16.89100074768,-0.41148));
#3010 = VERTEX_POINT('',#3011);
#3011 = CARTESIAN_POINT('',(-6.349999904633,-16.89100074768,0.E+000));
#3012 = LINE('',#3013,#3014);
#3013 = CARTESIAN_POINT('',(-6.349999904633,-16.89100074768,-0.41148));
#3014 = VECTOR('',#3015,1.);
#3015 = DIRECTION('',(0.E+000,0.E+000,1.));
#3016 = ORIENTED_EDGE('',*,*,#3017,.T.);
#3017 = EDGE_CURVE('',#3010,#2979,#3018,.T.);
#3018 = LINE('',#3019,#3020);
#3019 = CARTESIAN_POINT('',(-6.349999904633,-16.89100074768,0.E+000));
#3020 = VECTOR('',#3021,1.);
#3021 = DIRECTION('',(1.,0.E+000,0.E+000));
#3022 = ORIENTED_EDGE('',*,*,#2976,.F.);
#3023 = ORIENTED_EDGE('',*,*,#3024,.F.);
#3024 = EDGE_CURVE('',#3008,#2977,#3025,.T.);
#3025 = LINE('',#3026,#3027);
#3026 = CARTESIAN_POINT('',(-6.349999904633,-16.89100074768,-0.41148));
#3027 = VECTOR('',#3028,1.);
#3028 = DIRECTION('',(1.,0.E+000,0.E+000));
#3029 = PLANE('',#3030);
#3030 = AXIS2_PLACEMENT_3D('',#3031,#3032,#3033);
#3031 = CARTESIAN_POINT('',(-6.349999904633,-16.89100074768,-0.41148));
#3032 = DIRECTION('',(0.E+000,1.,0.E+000));
#3033 = DIRECTION('',(1.,0.E+000,0.E+000));
#3034 = ADVANCED_FACE('',(#3035),#3051,.F.);
#3035 = FACE_BOUND('',#3036,.F.);
#3036 = EDGE_LOOP('',(#3037,#3038,#3044,#3045));
#3037 = ORIENTED_EDGE('',*,*,#2954,.T.);
#3038 = ORIENTED_EDGE('',*,*,#3039,.T.);
#3039 = EDGE_CURVE('',#2947,#3010,#3040,.T.);
#3040 = LINE('',#3041,#3042);
#3041 = CARTESIAN_POINT('',(-6.349999904633,-24.00300025939,0.E+000));
#3042 = VECTOR('',#3043,1.);
#3043 = DIRECTION('',(0.E+000,1.,0.E+000));
#3044 = ORIENTED_EDGE('',*,*,#3007,.F.);
#3045 = ORIENTED_EDGE('',*,*,#3046,.F.);
#3046 = EDGE_CURVE('',#2955,#3008,#3047,.T.);
#3047 = LINE('',#3048,#3049);
#3048 = CARTESIAN_POINT('',(-6.349999904633,-24.00300025939,-0.41148));
#3049 = VECTOR('',#3050,1.);
#3050 = DIRECTION('',(0.E+000,1.,0.E+000));
#3051 = PLANE('',#3052);
#3052 = AXIS2_PLACEMENT_3D('',#3053,#3054,#3055);
#3053 = CARTESIAN_POINT('',(-6.349999904633,-24.00300025939,-0.41148));
#3054 = DIRECTION('',(-1.,0.E+000,0.E+000));
#3055 = DIRECTION('',(0.E+000,1.,0.E+000));
#3056 = ADVANCED_FACE('',(#3057),#3084,.F.);
#3057 = FACE_BOUND('',#3058,.T.);
#3058 = EDGE_LOOP('',(#3059,#3069,#3076,#3077));
#3059 = ORIENTED_EDGE('',*,*,#3060,.T.);
#3060 = EDGE_CURVE('',#3061,#3063,#3065,.T.);
#3061 = VERTEX_POINT('',#3062);
#3062 = CARTESIAN_POINT('',(-61.095,8.509,-0.41148));
#3063 = VERTEX_POINT('',#3064);
#3064 = CARTESIAN_POINT('',(-61.095,8.509,0.E+000));
#3065 = LINE('',#3066,#3067);
#3066 = CARTESIAN_POINT('',(-61.095,8.509,-0.41148));
#3067 = VECTOR('',#3068,1.);
#3068 = DIRECTION('',(0.E+000,0.E+000,1.));
#3069 = ORIENTED_EDGE('',*,*,#3070,.T.);
#3070 = EDGE_CURVE('',#3063,#3063,#3071,.T.);
#3071 = CIRCLE('',#3072,0.5);
#3072 = AXIS2_PLACEMENT_3D('',#3073,#3074,#3075);
#3073 = CARTESIAN_POINT('',(-61.595,8.509,0.E+000));
#3074 = DIRECTION('',(0.E+000,0.E+000,1.));
#3075 = DIRECTION('',(1.,0.E+000,-0.E+000));
#3076 = ORIENTED_EDGE('',*,*,#3060,.F.);
#3077 = ORIENTED_EDGE('',*,*,#3078,.F.);
#3078 = EDGE_CURVE('',#3061,#3061,#3079,.T.);
#3079 = CIRCLE('',#3080,0.5);
#3080 = AXIS2_PLACEMENT_3D('',#3081,#3082,#3083);
#3081 = CARTESIAN_POINT('',(-61.595,8.509,-0.41148));
#3082 = DIRECTION('',(0.E+000,0.E+000,1.));
#3083 = DIRECTION('',(1.,0.E+000,-0.E+000));
#3084 = CYLINDRICAL_SURFACE('',#3085,0.5);
#3085 = AXIS2_PLACEMENT_3D('',#3086,#3087,#3088);
#3086 = CARTESIAN_POINT('',(-61.595,8.509,-0.41148));
#3087 = DIRECTION('',(-0.E+000,-0.E+000,-1.));
#3088 = DIRECTION('',(1.,0.E+000,-0.E+000));
#3089 = ADVANCED_FACE('',(#3090),#3117,.F.);
#3090 = FACE_BOUND('',#3091,.T.);
#3091 = EDGE_LOOP('',(#3092,#3102,#3109,#3110));
#3092 = ORIENTED_EDGE('',*,*,#3093,.T.);
#3093 = EDGE_CURVE('',#3094,#3096,#3098,.T.);
#3094 = VERTEX_POINT('',#3095);
#3095 = CARTESIAN_POINT('',(-66.175,8.509,-0.41148));
#3096 = VERTEX_POINT('',#3097);
#3097 = CARTESIAN_POINT('',(-66.175,8.509,0.E+000));
#3098 = LINE('',#3099,#3100);
#3099 = CARTESIAN_POINT('',(-66.175,8.509,-0.41148));
#3100 = VECTOR('',#3101,1.);
#3101 = DIRECTION('',(0.E+000,0.E+000,1.));
#3102 = ORIENTED_EDGE('',*,*,#3103,.T.);
#3103 = EDGE_CURVE('',#3096,#3096,#3104,.T.);
#3104 = CIRCLE('',#3105,0.5);
#3105 = AXIS2_PLACEMENT_3D('',#3106,#3107,#3108);
#3106 = CARTESIAN_POINT('',(-66.675,8.509,0.E+000));
#3107 = DIRECTION('',(0.E+000,0.E+000,1.));
#3108 = DIRECTION('',(1.,0.E+000,-0.E+000));
#3109 = ORIENTED_EDGE('',*,*,#3093,.F.);
#3110 = ORIENTED_EDGE('',*,*,#3111,.F.);
#3111 = EDGE_CURVE('',#3094,#3094,#3112,.T.);
#3112 = CIRCLE('',#3113,0.5);
#3113 = AXIS2_PLACEMENT_3D('',#3114,#3115,#3116);
#3114 = CARTESIAN_POINT('',(-66.675,8.509,-0.41148));
#3115 = DIRECTION('',(0.E+000,0.E+000,1.));
#3116 = DIRECTION('',(1.,0.E+000,-0.E+000));
#3117 = CYLINDRICAL_SURFACE('',#3118,0.5);
#3118 = AXIS2_PLACEMENT_3D('',#3119,#3120,#3121);
#3119 = CARTESIAN_POINT('',(-66.675,8.509,-0.41148));
#3120 = DIRECTION('',(-0.E+000,-0.E+000,-1.));
#3121 = DIRECTION('',(1.,0.E+000,-0.E+000));
#3122 = ADVANCED_FACE('',(#3123),#3150,.F.);
#3123 = FACE_BOUND('',#3124,.T.);
#3124 = EDGE_LOOP('',(#3125,#3135,#3142,#3143));
#3125 = ORIENTED_EDGE('',*,*,#3126,.T.);
#3126 = EDGE_CURVE('',#3127,#3129,#3131,.T.);
#3127 = VERTEX_POINT('',#3128);
#3128 = CARTESIAN_POINT('',(-43.646,4.579,-0.41148));
#3129 = VERTEX_POINT('',#3130);
#3130 = CARTESIAN_POINT('',(-43.646,4.579,0.E+000));
#3131 = LINE('',#3132,#3133);
#3132 = CARTESIAN_POINT('',(-43.646,4.579,-0.41148));
#3133 = VECTOR('',#3134,1.);
#3134 = DIRECTION('',(0.E+000,0.E+000,1.));
#3135 = ORIENTED_EDGE('',*,*,#3136,.T.);
#3136 = EDGE_CURVE('',#3129,#3129,#3137,.T.);
#3137 = CIRCLE('',#3138,0.55);
#3138 = AXIS2_PLACEMENT_3D('',#3139,#3140,#3141);
#3139 = CARTESIAN_POINT('',(-44.196,4.579,0.E+000));
#3140 = DIRECTION('',(0.E+000,0.E+000,1.));
#3141 = DIRECTION('',(1.,0.E+000,-0.E+000));
#3142 = ORIENTED_EDGE('',*,*,#3126,.F.);
#3143 = ORIENTED_EDGE('',*,*,#3144,.F.);
#3144 = EDGE_CURVE('',#3127,#3127,#3145,.T.);
#3145 = CIRCLE('',#3146,0.55);
#3146 = AXIS2_PLACEMENT_3D('',#3147,#3148,#3149);
#3147 = CARTESIAN_POINT('',(-44.196,4.579,-0.41148));
#3148 = DIRECTION('',(0.E+000,0.E+000,1.));
#3149 = DIRECTION('',(1.,0.E+000,-0.E+000));
#3150 = CYLINDRICAL_SURFACE('',#3151,0.55);
#3151 = AXIS2_PLACEMENT_3D('',#3152,#3153,#3154);
#3152 = CARTESIAN_POINT('',(-44.196,4.579,-0.41148));
#3153 = DIRECTION('',(-0.E+000,-0.E+000,-1.));
#3154 = DIRECTION('',(1.,0.E+000,-0.E+000));
#3155 = ADVANCED_FACE('',(#3156),#3183,.F.);
#3156 = FACE_BOUND('',#3157,.T.);
#3157 = EDGE_LOOP('',(#3158,#3168,#3175,#3176));
#3158 = ORIENTED_EDGE('',*,*,#3159,.T.);
#3159 = EDGE_CURVE('',#3160,#3162,#3164,.T.);
#3160 = VERTEX_POINT('',#3161);
#3161 = CARTESIAN_POINT('',(-43.646,7.079,-0.41148));
#3162 = VERTEX_POINT('',#3163);
#3163 = CARTESIAN_POINT('',(-43.646,7.079,0.E+000));
#3164 = LINE('',#3165,#3166);
#3165 = CARTESIAN_POINT('',(-43.646,7.079,-0.41148));
#3166 = VECTOR('',#3167,1.);
#3167 = DIRECTION('',(0.E+000,0.E+000,1.));
#3168 = ORIENTED_EDGE('',*,*,#3169,.T.);
#3169 = EDGE_CURVE('',#3162,#3162,#3170,.T.);
#3170 = CIRCLE('',#3171,0.55);
#3171 = AXIS2_PLACEMENT_3D('',#3172,#3173,#3174);
#3172 = CARTESIAN_POINT('',(-44.196,7.079,0.E+000));
#3173 = DIRECTION('',(0.E+000,0.E+000,1.));
#3174 = DIRECTION('',(1.,0.E+000,-0.E+000));
#3175 = ORIENTED_EDGE('',*,*,#3159,.F.);
#3176 = ORIENTED_EDGE('',*,*,#3177,.F.);
#3177 = EDGE_CURVE('',#3160,#3160,#3178,.T.);
#3178 = CIRCLE('',#3179,0.55);
#3179 = AXIS2_PLACEMENT_3D('',#3180,#3181,#3182);
#3180 = CARTESIAN_POINT('',(-44.196,7.079,-0.41148));
#3181 = DIRECTION('',(0.E+000,0.E+000,1.));
#3182 = DIRECTION('',(1.,0.E+000,-0.E+000));
#3183 = CYLINDRICAL_SURFACE('',#3184,0.55);
#3184 = AXIS2_PLACEMENT_3D('',#3185,#3186,#3187);
#3185 = CARTESIAN_POINT('',(-44.196,7.079,-0.41148));
#3186 = DIRECTION('',(-0.E+000,-0.E+000,-1.));
#3187 = DIRECTION('',(1.,0.E+000,-0.E+000));
#3188 = ADVANCED_FACE('',(#3189),#3216,.F.);
#3189 = FACE_BOUND('',#3190,.T.);
#3190 = EDGE_LOOP('',(#3191,#3201,#3208,#3209));
#3191 = ORIENTED_EDGE('',*,*,#3192,.T.);
#3192 = EDGE_CURVE('',#3193,#3195,#3197,.T.);
#3193 = VERTEX_POINT('',#3194);
#3194 = CARTESIAN_POINT('',(-51.401,13.603,-0.41148));
#3195 = VERTEX_POINT('',#3196);
#3196 = CARTESIAN_POINT('',(-51.401,13.603,0.E+000));
#3197 = LINE('',#3198,#3199);
#3198 = CARTESIAN_POINT('',(-51.401,13.603,-0.41148));
#3199 = VECTOR('',#3200,1.);
#3200 = DIRECTION('',(0.E+000,0.E+000,1.));
#3201 = ORIENTED_EDGE('',*,*,#3202,.T.);
#3202 = EDGE_CURVE('',#3195,#3195,#3203,.T.);
#3203 = CIRCLE('',#3204,0.25);
#3204 = AXIS2_PLACEMENT_3D('',#3205,#3206,#3207);
#3205 = CARTESIAN_POINT('',(-51.651,13.603,0.E+000));
#3206 = DIRECTION('',(0.E+000,0.E+000,1.));
#3207 = DIRECTION('',(1.,0.E+000,-0.E+000));
#3208 = ORIENTED_EDGE('',*,*,#3192,.F.);
#3209 = ORIENTED_EDGE('',*,*,#3210,.F.);
#3210 = EDGE_CURVE('',#3193,#3193,#3211,.T.);
#3211 = CIRCLE('',#3212,0.25);
#3212 = AXIS2_PLACEMENT_3D('',#3213,#3214,#3215);
#3213 = CARTESIAN_POINT('',(-51.651,13.603,-0.41148));
#3214 = DIRECTION('',(0.E+000,0.E+000,1.));
#3215 = DIRECTION('',(1.,0.E+000,-0.E+000));
#3216 = CYLINDRICAL_SURFACE('',#3217,0.25);
#3217 = AXIS2_PLACEMENT_3D('',#3218,#3219,#3220);
#3218 = CARTESIAN_POINT('',(-51.651,13.603,-0.41148));
#3219 = DIRECTION('',(-0.E+000,-0.E+000,-1.));
#3220 = DIRECTION('',(1.,0.E+000,-0.E+000));
#3221 = ADVANCED_FACE('',(#3222),#3249,.F.);
#3222 = FACE_BOUND('',#3223,.T.);
#3223 = EDGE_LOOP('',(#3224,#3234,#3241,#3242));
#3224 = ORIENTED_EDGE('',*,*,#3225,.T.);
#3225 = EDGE_CURVE('',#3226,#3228,#3230,.T.);
#3226 = VERTEX_POINT('',#3227);
#3227 = CARTESIAN_POINT('',(-51.909,15.,-0.41148));
#3228 = VERTEX_POINT('',#3229);
#3229 = CARTESIAN_POINT('',(-51.909,15.,0.E+000));
#3230 = LINE('',#3231,#3232);
#3231 = CARTESIAN_POINT('',(-51.909,15.,-0.41148));
#3232 = VECTOR('',#3233,1.);
#3233 = DIRECTION('',(0.E+000,0.E+000,1.));
#3234 = ORIENTED_EDGE('',*,*,#3235,.T.);
#3235 = EDGE_CURVE('',#3228,#3228,#3236,.T.);
#3236 = CIRCLE('',#3237,0.25);
#3237 = AXIS2_PLACEMENT_3D('',#3238,#3239,#3240);
#3238 = CARTESIAN_POINT('',(-52.159,15.,0.E+000));
#3239 = DIRECTION('',(0.E+000,0.E+000,1.));
#3240 = DIRECTION('',(1.,0.E+000,-0.E+000));
#3241 = ORIENTED_EDGE('',*,*,#3225,.F.);
#3242 = ORIENTED_EDGE('',*,*,#3243,.F.);
#3243 = EDGE_CURVE('',#3226,#3226,#3244,.T.);
#3244 = CIRCLE('',#3245,0.25);
#3245 = AXIS2_PLACEMENT_3D('',#3246,#3247,#3248);
#3246 = CARTESIAN_POINT('',(-52.159,15.,-0.41148));
#3247 = DIRECTION('',(0.E+000,0.E+000,1.));
#3248 = DIRECTION('',(1.,0.E+000,-0.E+000));
#3249 = CYLINDRICAL_SURFACE('',#3250,0.25);
#3250 = AXIS2_PLACEMENT_3D('',#3251,#3252,#3253);
#3251 = CARTESIAN_POINT('',(-52.159,15.,-0.41148));
#3252 = DIRECTION('',(-0.E+000,-0.E+000,-1.));
#3253 = DIRECTION('',(1.,0.E+000,-0.E+000));
#3254 = ADVANCED_FACE('',(#3255),#3282,.F.);
#3255 = FACE_BOUND('',#3256,.T.);
#3256 = EDGE_LOOP('',(#3257,#3267,#3274,#3275));
#3257 = ORIENTED_EDGE('',*,*,#3258,.T.);
#3258 = EDGE_CURVE('',#3259,#3261,#3263,.T.);
#3259 = VERTEX_POINT('',#3260);
#3260 = CARTESIAN_POINT('',(-49.781,12.89,-0.41148));
#3261 = VERTEX_POINT('',#3262);
#3262 = CARTESIAN_POINT('',(-49.781,12.89,0.E+000));
#3263 = LINE('',#3264,#3265);
#3264 = CARTESIAN_POINT('',(-49.781,12.89,-0.41148));
#3265 = VECTOR('',#3266,1.);
#3266 = DIRECTION('',(0.E+000,0.E+000,1.));
#3267 = ORIENTED_EDGE('',*,*,#3268,.T.);
#3268 = EDGE_CURVE('',#3261,#3261,#3269,.T.);
#3269 = CIRCLE('',#3270,0.25);
#3270 = AXIS2_PLACEMENT_3D('',#3271,#3272,#3273);
#3271 = CARTESIAN_POINT('',(-50.031,12.89,0.E+000));
#3272 = DIRECTION('',(0.E+000,0.E+000,1.));
#3273 = DIRECTION('',(1.,0.E+000,-0.E+000));
#3274 = ORIENTED_EDGE('',*,*,#3258,.F.);
#3275 = ORIENTED_EDGE('',*,*,#3276,.F.);
#3276 = EDGE_CURVE('',#3259,#3259,#3277,.T.);
#3277 = CIRCLE('',#3278,0.25);
#3278 = AXIS2_PLACEMENT_3D('',#3279,#3280,#3281);
#3279 = CARTESIAN_POINT('',(-50.031,12.89,-0.41148));
#3280 = DIRECTION('',(0.E+000,0.E+000,1.));
#3281 = DIRECTION('',(1.,0.E+000,-0.E+000));
#3282 = CYLINDRICAL_SURFACE('',#3283,0.25);
#3283 = AXIS2_PLACEMENT_3D('',#3284,#3285,#3286);
#3284 = CARTESIAN_POINT('',(-50.031,12.89,-0.41148));
#3285 = DIRECTION('',(-0.E+000,-0.E+000,-1.));
#3286 = DIRECTION('',(1.,0.E+000,-0.E+000));
#3287 = ADVANCED_FACE('',(#3288),#3315,.F.);
#3288 = FACE_BOUND('',#3289,.T.);
#3289 = EDGE_LOOP('',(#3290,#3300,#3307,#3308));
#3290 = ORIENTED_EDGE('',*,*,#3291,.T.);
#3291 = EDGE_CURVE('',#3292,#3294,#3296,.T.);
#3292 = VERTEX_POINT('',#3293);
#3293 = CARTESIAN_POINT('',(-48.353,13.476,-0.41148));
#3294 = VERTEX_POINT('',#3295);
#3295 = CARTESIAN_POINT('',(-48.353,13.476,0.E+000));
#3296 = LINE('',#3297,#3298);
#3297 = CARTESIAN_POINT('',(-48.353,13.476,-0.41148));
#3298 = VECTOR('',#3299,1.);
#3299 = DIRECTION('',(0.E+000,0.E+000,1.));
#3300 = ORIENTED_EDGE('',*,*,#3301,.T.);
#3301 = EDGE_CURVE('',#3294,#3294,#3302,.T.);
#3302 = CIRCLE('',#3303,0.25);
#3303 = AXIS2_PLACEMENT_3D('',#3304,#3305,#3306);
#3304 = CARTESIAN_POINT('',(-48.603,13.476,0.E+000));
#3305 = DIRECTION('',(0.E+000,0.E+000,1.));
#3306 = DIRECTION('',(1.,0.E+000,-0.E+000));
#3307 = ORIENTED_EDGE('',*,*,#3291,.F.);
#3308 = ORIENTED_EDGE('',*,*,#3309,.F.);
#3309 = EDGE_CURVE('',#3292,#3292,#3310,.T.);
#3310 = CIRCLE('',#3311,0.25);
#3311 = AXIS2_PLACEMENT_3D('',#3312,#3313,#3314);
#3312 = CARTESIAN_POINT('',(-48.603,13.476,-0.41148));
#3313 = DIRECTION('',(0.E+000,0.E+000,1.));
#3314 = DIRECTION('',(1.,0.E+000,-0.E+000));
#3315 = CYLINDRICAL_SURFACE('',#3316,0.25);
#3316 = AXIS2_PLACEMENT_3D('',#3317,#3318,#3319);
#3317 = CARTESIAN_POINT('',(-48.603,13.476,-0.41148));
#3318 = DIRECTION('',(-0.E+000,-0.E+000,-1.));
#3319 = DIRECTION('',(1.,0.E+000,-0.E+000));
#3320 = ADVANCED_FACE('',(#3321),#3348,.F.);
#3321 = FACE_BOUND('',#3322,.T.);
#3322 = EDGE_LOOP('',(#3323,#3333,#3340,#3341));
#3323 = ORIENTED_EDGE('',*,*,#3324,.T.);
#3324 = EDGE_CURVE('',#3325,#3327,#3329,.T.);
#3325 = VERTEX_POINT('',#3326);
#3326 = CARTESIAN_POINT('',(-47.622,15.059,-0.41148));
#3327 = VERTEX_POINT('',#3328);
#3328 = CARTESIAN_POINT('',(-47.622,15.059,0.E+000));
#3329 = LINE('',#3330,#3331);
#3330 = CARTESIAN_POINT('',(-47.622,15.059,-0.41148));
#3331 = VECTOR('',#3332,1.);
#3332 = DIRECTION('',(0.E+000,0.E+000,1.));
#3333 = ORIENTED_EDGE('',*,*,#3334,.T.);
#3334 = EDGE_CURVE('',#3327,#3327,#3335,.T.);
#3335 = CIRCLE('',#3336,0.25);
#3336 = AXIS2_PLACEMENT_3D('',#3337,#3338,#3339);
#3337 = CARTESIAN_POINT('',(-47.872,15.059,0.E+000));
#3338 = DIRECTION('',(0.E+000,0.E+000,1.));
#3339 = DIRECTION('',(1.,0.E+000,-0.E+000));
#3340 = ORIENTED_EDGE('',*,*,#3324,.F.);
#3341 = ORIENTED_EDGE('',*,*,#3342,.F.);
#3342 = EDGE_CURVE('',#3325,#3325,#3343,.T.);
#3343 = CIRCLE('',#3344,0.25);
#3344 = AXIS2_PLACEMENT_3D('',#3345,#3346,#3347);
#3345 = CARTESIAN_POINT('',(-47.872,15.059,-0.41148));
#3346 = DIRECTION('',(0.E+000,0.E+000,1.));
#3347 = DIRECTION('',(1.,0.E+000,-0.E+000));
#3348 = CYLINDRICAL_SURFACE('',#3349,0.25);
#3349 = AXIS2_PLACEMENT_3D('',#3350,#3351,#3352);
#3350 = CARTESIAN_POINT('',(-47.872,15.059,-0.41148));
#3351 = DIRECTION('',(-0.E+000,-0.E+000,-1.));
#3352 = DIRECTION('',(1.,0.E+000,-0.E+000));
#3353 = ADVANCED_FACE('',(#3354),#3381,.F.);
#3354 = FACE_BOUND('',#3355,.T.);
#3355 = EDGE_LOOP('',(#3356,#3366,#3373,#3374));
#3356 = ORIENTED_EDGE('',*,*,#3357,.T.);
#3357 = EDGE_CURVE('',#3358,#3360,#3362,.T.);
#3358 = VERTEX_POINT('',#3359);
#3359 = CARTESIAN_POINT('',(-43.646,-0.421,-0.41148));
#3360 = VERTEX_POINT('',#3361);
#3361 = CARTESIAN_POINT('',(-43.646,-0.421,0.E+000));
#3362 = LINE('',#3363,#3364);
#3363 = CARTESIAN_POINT('',(-43.646,-0.421,-0.41148));
#3364 = VECTOR('',#3365,1.);
#3365 = DIRECTION('',(0.E+000,0.E+000,1.));
#3366 = ORIENTED_EDGE('',*,*,#3367,.T.);
#3367 = EDGE_CURVE('',#3360,#3360,#3368,.T.);
#3368 = CIRCLE('',#3369,0.55);
#3369 = AXIS2_PLACEMENT_3D('',#3370,#3371,#3372);
#3370 = CARTESIAN_POINT('',(-44.196,-0.421,0.E+000));
#3371 = DIRECTION('',(0.E+000,0.E+000,1.));
#3372 = DIRECTION('',(1.,0.E+000,-0.E+000));
#3373 = ORIENTED_EDGE('',*,*,#3357,.F.);
#3374 = ORIENTED_EDGE('',*,*,#3375,.F.);
#3375 = EDGE_CURVE('',#3358,#3358,#3376,.T.);
#3376 = CIRCLE('',#3377,0.55);
#3377 = AXIS2_PLACEMENT_3D('',#3378,#3379,#3380);
#3378 = CARTESIAN_POINT('',(-44.196,-0.421,-0.41148));
#3379 = DIRECTION('',(0.E+000,0.E+000,1.));
#3380 = DIRECTION('',(1.,0.E+000,-0.E+000));
#3381 = CYLINDRICAL_SURFACE('',#3382,0.55);
#3382 = AXIS2_PLACEMENT_3D('',#3383,#3384,#3385);
#3383 = CARTESIAN_POINT('',(-44.196,-0.421,-0.41148));
#3384 = DIRECTION('',(-0.E+000,-0.E+000,-1.));
#3385 = DIRECTION('',(1.,0.E+000,-0.E+000));
#3386 = ADVANCED_FACE('',(#3387),#3414,.F.);
#3387 = FACE_BOUND('',#3388,.T.);
#3388 = EDGE_LOOP('',(#3389,#3399,#3406,#3407));
#3389 = ORIENTED_EDGE('',*,*,#3390,.T.);
#3390 = EDGE_CURVE('',#3391,#3393,#3395,.T.);
#3391 = VERTEX_POINT('',#3392);
#3392 = CARTESIAN_POINT('',(-43.646,2.079,-0.41148));
#3393 = VERTEX_POINT('',#3394);
#3394 = CARTESIAN_POINT('',(-43.646,2.079,0.E+000));
#3395 = LINE('',#3396,#3397);
#3396 = CARTESIAN_POINT('',(-43.646,2.079,-0.41148));
#3397 = VECTOR('',#3398,1.);
#3398 = DIRECTION('',(0.E+000,0.E+000,1.));
#3399 = ORIENTED_EDGE('',*,*,#3400,.T.);
#3400 = EDGE_CURVE('',#3393,#3393,#3401,.T.);
#3401 = CIRCLE('',#3402,0.55);
#3402 = AXIS2_PLACEMENT_3D('',#3403,#3404,#3405);
#3403 = CARTESIAN_POINT('',(-44.196,2.079,0.E+000));
#3404 = DIRECTION('',(0.E+000,0.E+000,1.));
#3405 = DIRECTION('',(1.,0.E+000,-0.E+000));
#3406 = ORIENTED_EDGE('',*,*,#3390,.F.);
#3407 = ORIENTED_EDGE('',*,*,#3408,.F.);
#3408 = EDGE_CURVE('',#3391,#3391,#3409,.T.);
#3409 = CIRCLE('',#3410,0.55);
#3410 = AXIS2_PLACEMENT_3D('',#3411,#3412,#3413);
#3411 = CARTESIAN_POINT('',(-44.196,2.079,-0.41148));
#3412 = DIRECTION('',(0.E+000,0.E+000,1.));
#3413 = DIRECTION('',(1.,0.E+000,-0.E+000));
#3414 = CYLINDRICAL_SURFACE('',#3415,0.55);
#3415 = AXIS2_PLACEMENT_3D('',#3416,#3417,#3418);
#3416 = CARTESIAN_POINT('',(-44.196,2.079,-0.41148));
#3417 = DIRECTION('',(-0.E+000,-0.E+000,-1.));
#3418 = DIRECTION('',(1.,0.E+000,-0.E+000));
#3419 = ADVANCED_FACE('',(#3420),#3447,.F.);
#3420 = FACE_BOUND('',#3421,.T.);
#3421 = EDGE_LOOP('',(#3422,#3432,#3439,#3440));
#3422 = ORIENTED_EDGE('',*,*,#3423,.T.);
#3423 = EDGE_CURVE('',#3424,#3426,#3428,.T.);
#3424 = VERTEX_POINT('',#3425);
#3425 = CARTESIAN_POINT('',(-35.437,1.778,-0.41148));
#3426 = VERTEX_POINT('',#3427);
#3427 = CARTESIAN_POINT('',(-35.437,1.778,0.E+000));
#3428 = LINE('',#3429,#3430);
#3429 = CARTESIAN_POINT('',(-35.437,1.778,-0.41148));
#3430 = VECTOR('',#3431,1.);
#3431 = DIRECTION('',(0.E+000,0.E+000,1.));
#3432 = ORIENTED_EDGE('',*,*,#3433,.T.);
#3433 = EDGE_CURVE('',#3426,#3426,#3434,.T.);
#3434 = CIRCLE('',#3435,0.25);
#3435 = AXIS2_PLACEMENT_3D('',#3436,#3437,#3438);
#3436 = CARTESIAN_POINT('',(-35.687,1.778,0.E+000));
#3437 = DIRECTION('',(0.E+000,0.E+000,1.));
#3438 = DIRECTION('',(1.,0.E+000,-0.E+000));
#3439 = ORIENTED_EDGE('',*,*,#3423,.F.);
#3440 = ORIENTED_EDGE('',*,*,#3441,.F.);
#3441 = EDGE_CURVE('',#3424,#3424,#3442,.T.);
#3442 = CIRCLE('',#3443,0.25);
#3443 = AXIS2_PLACEMENT_3D('',#3444,#3445,#3446);
#3444 = CARTESIAN_POINT('',(-35.687,1.778,-0.41148));
#3445 = DIRECTION('',(0.E+000,0.E+000,1.));
#3446 = DIRECTION('',(1.,0.E+000,-0.E+000));
#3447 = CYLINDRICAL_SURFACE('',#3448,0.25);
#3448 = AXIS2_PLACEMENT_3D('',#3449,#3450,#3451);
#3449 = CARTESIAN_POINT('',(-35.687,1.778,-0.41148));
#3450 = DIRECTION('',(-0.E+000,-0.E+000,-1.));
#3451 = DIRECTION('',(1.,0.E+000,-0.E+000));
#3452 = ADVANCED_FACE('',(#3453),#3480,.F.);
#3453 = FACE_BOUND('',#3454,.T.);
#3454 = EDGE_LOOP('',(#3455,#3465,#3472,#3473));
#3455 = ORIENTED_EDGE('',*,*,#3456,.T.);
#3456 = EDGE_CURVE('',#3457,#3459,#3461,.T.);
#3457 = VERTEX_POINT('',#3458);
#3458 = CARTESIAN_POINT('',(-36.023,3.206,-0.41148));
#3459 = VERTEX_POINT('',#3460);
#3460 = CARTESIAN_POINT('',(-36.023,3.206,0.E+000));
#3461 = LINE('',#3462,#3463);
#3462 = CARTESIAN_POINT('',(-36.023,3.206,-0.41148));
#3463 = VECTOR('',#3464,1.);
#3464 = DIRECTION('',(0.E+000,0.E+000,1.));
#3465 = ORIENTED_EDGE('',*,*,#3466,.T.);
#3466 = EDGE_CURVE('',#3459,#3459,#3467,.T.);
#3467 = CIRCLE('',#3468,0.25);
#3468 = AXIS2_PLACEMENT_3D('',#3469,#3470,#3471);
#3469 = CARTESIAN_POINT('',(-36.273,3.206,0.E+000));
#3470 = DIRECTION('',(0.E+000,0.E+000,1.));
#3471 = DIRECTION('',(1.,0.E+000,-0.E+000));
#3472 = ORIENTED_EDGE('',*,*,#3456,.F.);
#3473 = ORIENTED_EDGE('',*,*,#3474,.F.);
#3474 = EDGE_CURVE('',#3457,#3457,#3475,.T.);
#3475 = CIRCLE('',#3476,0.25);
#3476 = AXIS2_PLACEMENT_3D('',#3477,#3478,#3479);
#3477 = CARTESIAN_POINT('',(-36.273,3.206,-0.41148));
#3478 = DIRECTION('',(0.E+000,0.E+000,1.));
#3479 = DIRECTION('',(1.,0.E+000,-0.E+000));
#3480 = CYLINDRICAL_SURFACE('',#3481,0.25);
#3481 = AXIS2_PLACEMENT_3D('',#3482,#3483,#3484);
#3482 = CARTESIAN_POINT('',(-36.273,3.206,-0.41148));
#3483 = DIRECTION('',(-0.E+000,-0.E+000,-1.));
#3484 = DIRECTION('',(1.,0.E+000,-0.E+000));
#3485 = ADVANCED_FACE('',(#3486),#3513,.F.);
#3486 = FACE_BOUND('',#3487,.T.);
#3487 = EDGE_LOOP('',(#3488,#3498,#3505,#3506));
#3488 = ORIENTED_EDGE('',*,*,#3489,.T.);
#3489 = EDGE_CURVE('',#3490,#3492,#3494,.T.);
#3490 = VERTEX_POINT('',#3491);
#3491 = CARTESIAN_POINT('',(-37.85,9.017,-0.41148));
#3492 = VERTEX_POINT('',#3493);
#3493 = CARTESIAN_POINT('',(-37.85,9.017,0.E+000));
#3494 = LINE('',#3495,#3496);
#3495 = CARTESIAN_POINT('',(-37.85,9.017,-0.41148));
#3496 = VECTOR('',#3497,1.);
#3497 = DIRECTION('',(0.E+000,0.E+000,1.));
#3498 = ORIENTED_EDGE('',*,*,#3499,.T.);
#3499 = EDGE_CURVE('',#3492,#3492,#3500,.T.);
#3500 = CIRCLE('',#3501,0.25);
#3501 = AXIS2_PLACEMENT_3D('',#3502,#3503,#3504);
#3502 = CARTESIAN_POINT('',(-38.1,9.017,0.E+000));
#3503 = DIRECTION('',(0.E+000,0.E+000,1.));
#3504 = DIRECTION('',(1.,0.E+000,-0.E+000));
#3505 = ORIENTED_EDGE('',*,*,#3489,.F.);
#3506 = ORIENTED_EDGE('',*,*,#3507,.F.);
#3507 = EDGE_CURVE('',#3490,#3490,#3508,.T.);
#3508 = CIRCLE('',#3509,0.25);
#3509 = AXIS2_PLACEMENT_3D('',#3510,#3511,#3512);
#3510 = CARTESIAN_POINT('',(-38.1,9.017,-0.41148));
#3511 = DIRECTION('',(0.E+000,0.E+000,1.));
#3512 = DIRECTION('',(1.,0.E+000,-0.E+000));
#3513 = CYLINDRICAL_SURFACE('',#3514,0.25);
#3514 = AXIS2_PLACEMENT_3D('',#3515,#3516,#3517);
#3515 = CARTESIAN_POINT('',(-38.1,9.017,-0.41148));
#3516 = DIRECTION('',(-0.E+000,-0.E+000,-1.));
#3517 = DIRECTION('',(1.,0.E+000,-0.E+000));
#3518 = ADVANCED_FACE('',(#3519),#3546,.F.);
#3519 = FACE_BOUND('',#3520,.T.);
#3520 = EDGE_LOOP('',(#3521,#3531,#3538,#3539));
#3521 = ORIENTED_EDGE('',*,*,#3522,.T.);
#3522 = EDGE_CURVE('',#3523,#3525,#3527,.T.);
#3523 = VERTEX_POINT('',#3524);
#3524 = CARTESIAN_POINT('',(-38.436,10.445,-0.41148));
#3525 = VERTEX_POINT('',#3526);
#3526 = CARTESIAN_POINT('',(-38.436,10.445,0.E+000));
#3527 = LINE('',#3528,#3529);
#3528 = CARTESIAN_POINT('',(-38.436,10.445,-0.41148));
#3529 = VECTOR('',#3530,1.);
#3530 = DIRECTION('',(0.E+000,0.E+000,1.));
#3531 = ORIENTED_EDGE('',*,*,#3532,.T.);
#3532 = EDGE_CURVE('',#3525,#3525,#3533,.T.);
#3533 = CIRCLE('',#3534,0.25);
#3534 = AXIS2_PLACEMENT_3D('',#3535,#3536,#3537);
#3535 = CARTESIAN_POINT('',(-38.686,10.445,0.E+000));
#3536 = DIRECTION('',(0.E+000,0.E+000,1.));
#3537 = DIRECTION('',(1.,0.E+000,-0.E+000));
#3538 = ORIENTED_EDGE('',*,*,#3522,.F.);
#3539 = ORIENTED_EDGE('',*,*,#3540,.F.);
#3540 = EDGE_CURVE('',#3523,#3523,#3541,.T.);
#3541 = CIRCLE('',#3542,0.25);
#3542 = AXIS2_PLACEMENT_3D('',#3543,#3544,#3545);
#3543 = CARTESIAN_POINT('',(-38.686,10.445,-0.41148));
#3544 = DIRECTION('',(0.E+000,0.E+000,1.));
#3545 = DIRECTION('',(1.,0.E+000,-0.E+000));
#3546 = CYLINDRICAL_SURFACE('',#3547,0.25);
#3547 = AXIS2_PLACEMENT_3D('',#3548,#3549,#3550);
#3548 = CARTESIAN_POINT('',(-38.686,10.445,-0.41148));
#3549 = DIRECTION('',(-0.E+000,-0.E+000,-1.));
#3550 = DIRECTION('',(1.,0.E+000,-0.E+000));
#3551 = ADVANCED_FACE('',(#3552),#3579,.F.);
#3552 = FACE_BOUND('',#3553,.T.);
#3553 = EDGE_LOOP('',(#3554,#3564,#3571,#3572));
#3554 = ORIENTED_EDGE('',*,*,#3555,.T.);
#3555 = EDGE_CURVE('',#3556,#3558,#3560,.T.);
#3556 = VERTEX_POINT('',#3557);
#3557 = CARTESIAN_POINT('',(-36.267,8.286,-0.41148));
#3558 = VERTEX_POINT('',#3559);
#3559 = CARTESIAN_POINT('',(-36.267,8.286,0.E+000));
#3560 = LINE('',#3561,#3562);
#3561 = CARTESIAN_POINT('',(-36.267,8.286,-0.41148));
#3562 = VECTOR('',#3563,1.);
#3563 = DIRECTION('',(0.E+000,0.E+000,1.));
#3564 = ORIENTED_EDGE('',*,*,#3565,.T.);
#3565 = EDGE_CURVE('',#3558,#3558,#3566,.T.);
#3566 = CIRCLE('',#3567,0.25);
#3567 = AXIS2_PLACEMENT_3D('',#3568,#3569,#3570);
#3568 = CARTESIAN_POINT('',(-36.517,8.286,0.E+000));
#3569 = DIRECTION('',(0.E+000,0.E+000,1.));
#3570 = DIRECTION('',(1.,0.E+000,-0.E+000));
#3571 = ORIENTED_EDGE('',*,*,#3555,.F.);
#3572 = ORIENTED_EDGE('',*,*,#3573,.F.);
#3573 = EDGE_CURVE('',#3556,#3556,#3574,.T.);
#3574 = CIRCLE('',#3575,0.25);
#3575 = AXIS2_PLACEMENT_3D('',#3576,#3577,#3578);
#3576 = CARTESIAN_POINT('',(-36.517,8.286,-0.41148));
#3577 = DIRECTION('',(0.E+000,0.E+000,1.));
#3578 = DIRECTION('',(1.,0.E+000,-0.E+000));
#3579 = CYLINDRICAL_SURFACE('',#3580,0.25);
#3580 = AXIS2_PLACEMENT_3D('',#3581,#3582,#3583);
#3581 = CARTESIAN_POINT('',(-36.517,8.286,-0.41148));
#3582 = DIRECTION('',(-0.E+000,-0.E+000,-1.));
#3583 = DIRECTION('',(1.,0.E+000,-0.E+000));
#3584 = ADVANCED_FACE('',(#3585),#3612,.F.);
#3585 = FACE_BOUND('',#3586,.T.);
#3586 = EDGE_LOOP('',(#3587,#3597,#3604,#3605));
#3587 = ORIENTED_EDGE('',*,*,#3588,.T.);
#3588 = EDGE_CURVE('',#3589,#3591,#3593,.T.);
#3589 = VERTEX_POINT('',#3590);
#3590 = CARTESIAN_POINT('',(-37.723,12.065,-0.41148));
#3591 = VERTEX_POINT('',#3592);
#3592 = CARTESIAN_POINT('',(-37.723,12.065,0.E+000));
#3593 = LINE('',#3594,#3595);
#3594 = CARTESIAN_POINT('',(-37.723,12.065,-0.41148));
#3595 = VECTOR('',#3596,1.);
#3596 = DIRECTION('',(0.E+000,0.E+000,1.));
#3597 = ORIENTED_EDGE('',*,*,#3598,.T.);
#3598 = EDGE_CURVE('',#3591,#3591,#3599,.T.);
#3599 = CIRCLE('',#3600,0.25);
#3600 = AXIS2_PLACEMENT_3D('',#3601,#3602,#3603);
#3601 = CARTESIAN_POINT('',(-37.973,12.065,0.E+000));
#3602 = DIRECTION('',(0.E+000,0.E+000,1.));
#3603 = DIRECTION('',(1.,0.E+000,-0.E+000));
#3604 = ORIENTED_EDGE('',*,*,#3588,.F.);
#3605 = ORIENTED_EDGE('',*,*,#3606,.F.);
#3606 = EDGE_CURVE('',#3589,#3589,#3607,.T.);
#3607 = CIRCLE('',#3608,0.25);
#3608 = AXIS2_PLACEMENT_3D('',#3609,#3610,#3611);
#3609 = CARTESIAN_POINT('',(-37.973,12.065,-0.41148));
#3610 = DIRECTION('',(0.E+000,0.E+000,1.));
#3611 = DIRECTION('',(1.,0.E+000,-0.E+000));
#3612 = CYLINDRICAL_SURFACE('',#3613,0.25);
#3613 = AXIS2_PLACEMENT_3D('',#3614,#3615,#3616);
#3614 = CARTESIAN_POINT('',(-37.973,12.065,-0.41148));
#3615 = DIRECTION('',(-0.E+000,-0.E+000,-1.));
#3616 = DIRECTION('',(1.,0.E+000,-0.E+000));
#3617 = ADVANCED_FACE('',(#3618),#3645,.F.);
#3618 = FACE_BOUND('',#3619,.T.);
#3619 = EDGE_LOOP('',(#3620,#3630,#3637,#3638));
#3620 = ORIENTED_EDGE('',*,*,#3621,.T.);
#3621 = EDGE_CURVE('',#3622,#3624,#3626,.T.);
#3622 = VERTEX_POINT('',#3623);
#3623 = CARTESIAN_POINT('',(-36.326,12.573,-0.41148));
#3624 = VERTEX_POINT('',#3625);
#3625 = CARTESIAN_POINT('',(-36.326,12.573,0.E+000));
#3626 = LINE('',#3627,#3628);
#3627 = CARTESIAN_POINT('',(-36.326,12.573,-0.41148));
#3628 = VECTOR('',#3629,1.);
#3629 = DIRECTION('',(0.E+000,0.E+000,1.));
#3630 = ORIENTED_EDGE('',*,*,#3631,.T.);
#3631 = EDGE_CURVE('',#3624,#3624,#3632,.T.);
#3632 = CIRCLE('',#3633,0.25);
#3633 = AXIS2_PLACEMENT_3D('',#3634,#3635,#3636);
#3634 = CARTESIAN_POINT('',(-36.576,12.573,0.E+000));
#3635 = DIRECTION('',(0.E+000,0.E+000,1.));
#3636 = DIRECTION('',(1.,0.E+000,-0.E+000));
#3637 = ORIENTED_EDGE('',*,*,#3621,.F.);
#3638 = ORIENTED_EDGE('',*,*,#3639,.F.);
#3639 = EDGE_CURVE('',#3622,#3622,#3640,.T.);
#3640 = CIRCLE('',#3641,0.25);
#3641 = AXIS2_PLACEMENT_3D('',#3642,#3643,#3644);
#3642 = CARTESIAN_POINT('',(-36.576,12.573,-0.41148));
#3643 = DIRECTION('',(0.E+000,0.E+000,1.));
#3644 = DIRECTION('',(1.,0.E+000,-0.E+000));
#3645 = CYLINDRICAL_SURFACE('',#3646,0.25);
#3646 = AXIS2_PLACEMENT_3D('',#3647,#3648,#3649);
#3647 = CARTESIAN_POINT('',(-36.576,12.573,-0.41148));
#3648 = DIRECTION('',(-0.E+000,-0.E+000,-1.));
#3649 = DIRECTION('',(1.,0.E+000,-0.E+000));
#3650 = ADVANCED_FACE('',(#3651),#3678,.F.);
#3651 = FACE_BOUND('',#3652,.T.);
#3652 = EDGE_LOOP('',(#3653,#3663,#3670,#3671));
#3653 = ORIENTED_EDGE('',*,*,#3654,.T.);
#3654 = EDGE_CURVE('',#3655,#3657,#3659,.T.);
#3655 = VERTEX_POINT('',#3656);
#3656 = CARTESIAN_POINT('',(-51.274,16.397,-0.41148));
#3657 = VERTEX_POINT('',#3658);
#3658 = CARTESIAN_POINT('',(-51.274,16.397,0.E+000));
#3659 = LINE('',#3660,#3661);
#3660 = CARTESIAN_POINT('',(-51.274,16.397,-0.41148));
#3661 = VECTOR('',#3662,1.);
#3662 = DIRECTION('',(0.E+000,0.E+000,1.));
#3663 = ORIENTED_EDGE('',*,*,#3664,.T.);
#3664 = EDGE_CURVE('',#3657,#3657,#3665,.T.);
#3665 = CIRCLE('',#3666,0.25);
#3666 = AXIS2_PLACEMENT_3D('',#3667,#3668,#3669);
#3667 = CARTESIAN_POINT('',(-51.524,16.397,0.E+000));
#3668 = DIRECTION('',(0.E+000,0.E+000,1.));
#3669 = DIRECTION('',(1.,0.E+000,-0.E+000));
#3670 = ORIENTED_EDGE('',*,*,#3654,.F.);
#3671 = ORIENTED_EDGE('',*,*,#3672,.F.);
#3672 = EDGE_CURVE('',#3655,#3655,#3673,.T.);
#3673 = CIRCLE('',#3674,0.25);
#3674 = AXIS2_PLACEMENT_3D('',#3675,#3676,#3677);
#3675 = CARTESIAN_POINT('',(-51.524,16.397,-0.41148));
#3676 = DIRECTION('',(0.E+000,0.E+000,1.));
#3677 = DIRECTION('',(1.,0.E+000,-0.E+000));
#3678 = CYLINDRICAL_SURFACE('',#3679,0.25);
#3679 = AXIS2_PLACEMENT_3D('',#3680,#3681,#3682);
#3680 = CARTESIAN_POINT('',(-51.524,16.397,-0.41148));
#3681 = DIRECTION('',(-0.E+000,-0.E+000,-1.));
#3682 = DIRECTION('',(1.,0.E+000,-0.E+000));
#3683 = ADVANCED_FACE('',(#3684),#3711,.F.);
#3684 = FACE_BOUND('',#3685,.T.);
#3685 = EDGE_LOOP('',(#3686,#3696,#3703,#3704));
#3686 = ORIENTED_EDGE('',*,*,#3687,.T.);
#3687 = EDGE_CURVE('',#3688,#3690,#3692,.T.);
#3688 = VERTEX_POINT('',#3689);
#3689 = CARTESIAN_POINT('',(-58.936,18.669,-0.41148));
#3690 = VERTEX_POINT('',#3691);
#3691 = CARTESIAN_POINT('',(-58.936,18.669,0.E+000));
#3692 = LINE('',#3693,#3694);
#3693 = CARTESIAN_POINT('',(-58.936,18.669,-0.41148));
#3694 = VECTOR('',#3695,1.);
#3695 = DIRECTION('',(0.E+000,0.E+000,1.));
#3696 = ORIENTED_EDGE('',*,*,#3697,.T.);
#3697 = EDGE_CURVE('',#3690,#3690,#3698,.T.);
#3698 = CIRCLE('',#3699,0.5);
#3699 = AXIS2_PLACEMENT_3D('',#3700,#3701,#3702);
#3700 = CARTESIAN_POINT('',(-59.436,18.669,0.E+000));
#3701 = DIRECTION('',(0.E+000,0.E+000,1.));
#3702 = DIRECTION('',(1.,0.E+000,-0.E+000));
#3703 = ORIENTED_EDGE('',*,*,#3687,.F.);
#3704 = ORIENTED_EDGE('',*,*,#3705,.F.);
#3705 = EDGE_CURVE('',#3688,#3688,#3706,.T.);
#3706 = CIRCLE('',#3707,0.5);
#3707 = AXIS2_PLACEMENT_3D('',#3708,#3709,#3710);
#3708 = CARTESIAN_POINT('',(-59.436,18.669,-0.41148));
#3709 = DIRECTION('',(0.E+000,0.E+000,1.));
#3710 = DIRECTION('',(1.,0.E+000,-0.E+000));
#3711 = CYLINDRICAL_SURFACE('',#3712,0.5);
#3712 = AXIS2_PLACEMENT_3D('',#3713,#3714,#3715);
#3713 = CARTESIAN_POINT('',(-59.436,18.669,-0.41148));
#3714 = DIRECTION('',(-0.E+000,-0.E+000,-1.));
#3715 = DIRECTION('',(1.,0.E+000,-0.E+000));
#3716 = ADVANCED_FACE('',(#3717),#3744,.F.);
#3717 = FACE_BOUND('',#3718,.T.);
#3718 = EDGE_LOOP('',(#3719,#3729,#3736,#3737));
#3719 = ORIENTED_EDGE('',*,*,#3720,.T.);
#3720 = EDGE_CURVE('',#3721,#3723,#3725,.T.);
#3721 = VERTEX_POINT('',#3722);
#3722 = CARTESIAN_POINT('',(-48.25,15.,-0.41148));
#3723 = VERTEX_POINT('',#3724);
#3724 = CARTESIAN_POINT('',(-48.25,15.,0.E+000));
#3725 = LINE('',#3726,#3727);
#3726 = CARTESIAN_POINT('',(-48.25,15.,-0.41148));
#3727 = VECTOR('',#3728,1.);
#3728 = DIRECTION('',(0.E+000,0.E+000,1.));
#3729 = ORIENTED_EDGE('',*,*,#3730,.T.);
#3730 = EDGE_CURVE('',#3723,#3723,#3731,.T.);
#3731 = CIRCLE('',#3732,1.75);
#3732 = AXIS2_PLACEMENT_3D('',#3733,#3734,#3735);
#3733 = CARTESIAN_POINT('',(-50.,15.,0.E+000));
#3734 = DIRECTION('',(0.E+000,0.E+000,1.));
#3735 = DIRECTION('',(1.,0.E+000,-0.E+000));
#3736 = ORIENTED_EDGE('',*,*,#3720,.F.);
#3737 = ORIENTED_EDGE('',*,*,#3738,.F.);
#3738 = EDGE_CURVE('',#3721,#3721,#3739,.T.);
#3739 = CIRCLE('',#3740,1.75);
#3740 = AXIS2_PLACEMENT_3D('',#3741,#3742,#3743);
#3741 = CARTESIAN_POINT('',(-50.,15.,-0.41148));
#3742 = DIRECTION('',(0.E+000,0.E+000,1.));
#3743 = DIRECTION('',(1.,0.E+000,-0.E+000));
#3744 = CYLINDRICAL_SURFACE('',#3745,1.75);
#3745 = AXIS2_PLACEMENT_3D('',#3746,#3747,#3748);
#3746 = CARTESIAN_POINT('',(-50.,15.,-0.41148));
#3747 = DIRECTION('',(-0.E+000,-0.E+000,-1.));
#3748 = DIRECTION('',(1.,0.E+000,-0.E+000));
#3749 = ADVANCED_FACE('',(#3750),#3777,.F.);
#3750 = FACE_BOUND('',#3751,.T.);
#3751 = EDGE_LOOP('',(#3752,#3762,#3769,#3770));
#3752 = ORIENTED_EDGE('',*,*,#3753,.T.);
#3753 = EDGE_CURVE('',#3754,#3756,#3758,.T.);
#3754 = VERTEX_POINT('',#3755);
#3755 = CARTESIAN_POINT('',(-49.75,17.159,-0.41148));
#3756 = VERTEX_POINT('',#3757);
#3757 = CARTESIAN_POINT('',(-49.75,17.159,0.E+000));
#3758 = LINE('',#3759,#3760);
#3759 = CARTESIAN_POINT('',(-49.75,17.159,-0.41148));
#3760 = VECTOR('',#3761,1.);
#3761 = DIRECTION('',(0.E+000,0.E+000,1.));
#3762 = ORIENTED_EDGE('',*,*,#3763,.T.);
#3763 = EDGE_CURVE('',#3756,#3756,#3764,.T.);
#3764 = CIRCLE('',#3765,0.25);
#3765 = AXIS2_PLACEMENT_3D('',#3766,#3767,#3768);
#3766 = CARTESIAN_POINT('',(-50.,17.159,0.E+000));
#3767 = DIRECTION('',(0.E+000,0.E+000,1.));
#3768 = DIRECTION('',(1.,0.E+000,-0.E+000));
#3769 = ORIENTED_EDGE('',*,*,#3753,.F.);
#3770 = ORIENTED_EDGE('',*,*,#3771,.F.);
#3771 = EDGE_CURVE('',#3754,#3754,#3772,.T.);
#3772 = CIRCLE('',#3773,0.25);
#3773 = AXIS2_PLACEMENT_3D('',#3774,#3775,#3776);
#3774 = CARTESIAN_POINT('',(-50.,17.159,-0.41148));
#3775 = DIRECTION('',(0.E+000,0.E+000,1.));
#3776 = DIRECTION('',(1.,0.E+000,-0.E+000));
#3777 = CYLINDRICAL_SURFACE('',#3778,0.25);
#3778 = AXIS2_PLACEMENT_3D('',#3779,#3780,#3781);
#3779 = CARTESIAN_POINT('',(-50.,17.159,-0.41148));
#3780 = DIRECTION('',(-0.E+000,-0.E+000,-1.));
#3781 = DIRECTION('',(1.,0.E+000,-0.E+000));
#3782 = ADVANCED_FACE('',(#3783),#3810,.F.);
#3783 = FACE_BOUND('',#3784,.T.);
#3784 = EDGE_LOOP('',(#3785,#3795,#3802,#3803));
#3785 = ORIENTED_EDGE('',*,*,#3786,.T.);
#3786 = EDGE_CURVE('',#3787,#3789,#3791,.T.);
#3787 = VERTEX_POINT('',#3788);
#3788 = CARTESIAN_POINT('',(-64.016,18.669,-0.41148));
#3789 = VERTEX_POINT('',#3790);
#3790 = CARTESIAN_POINT('',(-64.016,18.669,0.E+000));
#3791 = LINE('',#3792,#3793);
#3792 = CARTESIAN_POINT('',(-64.016,18.669,-0.41148));
#3793 = VECTOR('',#3794,1.);
#3794 = DIRECTION('',(0.E+000,0.E+000,1.));
#3795 = ORIENTED_EDGE('',*,*,#3796,.T.);
#3796 = EDGE_CURVE('',#3789,#3789,#3797,.T.);
#3797 = CIRCLE('',#3798,0.5);
#3798 = AXIS2_PLACEMENT_3D('',#3799,#3800,#3801);
#3799 = CARTESIAN_POINT('',(-64.516,18.669,0.E+000));
#3800 = DIRECTION('',(0.E+000,0.E+000,1.));
#3801 = DIRECTION('',(1.,0.E+000,-0.E+000));
#3802 = ORIENTED_EDGE('',*,*,#3786,.F.);
#3803 = ORIENTED_EDGE('',*,*,#3804,.F.);
#3804 = EDGE_CURVE('',#3787,#3787,#3805,.T.);
#3805 = CIRCLE('',#3806,0.5);
#3806 = AXIS2_PLACEMENT_3D('',#3807,#3808,#3809);
#3807 = CARTESIAN_POINT('',(-64.516,18.669,-0.41148));
#3808 = DIRECTION('',(0.E+000,0.E+000,1.));
#3809 = DIRECTION('',(1.,0.E+000,-0.E+000));
#3810 = CYLINDRICAL_SURFACE('',#3811,0.5);
#3811 = AXIS2_PLACEMENT_3D('',#3812,#3813,#3814);
#3812 = CARTESIAN_POINT('',(-64.516,18.669,-0.41148));
#3813 = DIRECTION('',(-0.E+000,-0.E+000,-1.));
#3814 = DIRECTION('',(1.,0.E+000,-0.E+000));
#3815 = ADVANCED_FACE('',(#3816),#3843,.F.);
#3816 = FACE_BOUND('',#3817,.T.);
#3817 = EDGE_LOOP('',(#3818,#3828,#3835,#3836));
#3818 = ORIENTED_EDGE('',*,*,#3819,.T.);
#3819 = EDGE_CURVE('',#3820,#3822,#3824,.T.);
#3820 = VERTEX_POINT('',#3821);
#3821 = CARTESIAN_POINT('',(-60.333,28.321,-0.41148));
#3822 = VERTEX_POINT('',#3823);
#3823 = CARTESIAN_POINT('',(-60.333,28.321,0.E+000));
#3824 = LINE('',#3825,#3826);
#3825 = CARTESIAN_POINT('',(-60.333,28.321,-0.41148));
#3826 = VECTOR('',#3827,1.);
#3827 = DIRECTION('',(0.E+000,0.E+000,1.));
#3828 = ORIENTED_EDGE('',*,*,#3829,.T.);
#3829 = EDGE_CURVE('',#3822,#3822,#3830,.T.);
#3830 = CIRCLE('',#3831,0.5);
#3831 = AXIS2_PLACEMENT_3D('',#3832,#3833,#3834);
#3832 = CARTESIAN_POINT('',(-60.833,28.321,0.E+000));
#3833 = DIRECTION('',(0.E+000,0.E+000,1.));
#3834 = DIRECTION('',(1.,0.E+000,-0.E+000));
#3835 = ORIENTED_EDGE('',*,*,#3819,.F.);
#3836 = ORIENTED_EDGE('',*,*,#3837,.F.);
#3837 = EDGE_CURVE('',#3820,#3820,#3838,.T.);
#3838 = CIRCLE('',#3839,0.5);
#3839 = AXIS2_PLACEMENT_3D('',#3840,#3841,#3842);
#3840 = CARTESIAN_POINT('',(-60.833,28.321,-0.41148));
#3841 = DIRECTION('',(0.E+000,0.E+000,1.));
#3842 = DIRECTION('',(1.,0.E+000,-0.E+000));
#3843 = CYLINDRICAL_SURFACE('',#3844,0.5);
#3844 = AXIS2_PLACEMENT_3D('',#3845,#3846,#3847);
#3845 = CARTESIAN_POINT('',(-60.833,28.321,-0.41148));
#3846 = DIRECTION('',(-0.E+000,-0.E+000,-1.));
#3847 = DIRECTION('',(1.,0.E+000,-0.E+000));
#3848 = ADVANCED_FACE('',(#3849),#3876,.F.);
#3849 = FACE_BOUND('',#3850,.T.);
#3850 = EDGE_LOOP('',(#3851,#3861,#3868,#3869));
#3851 = ORIENTED_EDGE('',*,*,#3852,.T.);
#3852 = EDGE_CURVE('',#3853,#3855,#3857,.T.);
#3853 = VERTEX_POINT('',#3854);
#3854 = CARTESIAN_POINT('',(-55.253,28.321,-0.41148));
#3855 = VERTEX_POINT('',#3856);
#3856 = CARTESIAN_POINT('',(-55.253,28.321,0.E+000));
#3857 = LINE('',#3858,#3859);
#3858 = CARTESIAN_POINT('',(-55.253,28.321,-0.41148));
#3859 = VECTOR('',#3860,1.);
#3860 = DIRECTION('',(0.E+000,0.E+000,1.));
#3861 = ORIENTED_EDGE('',*,*,#3862,.T.);
#3862 = EDGE_CURVE('',#3855,#3855,#3863,.T.);
#3863 = CIRCLE('',#3864,0.5);
#3864 = AXIS2_PLACEMENT_3D('',#3865,#3866,#3867);
#3865 = CARTESIAN_POINT('',(-55.753,28.321,0.E+000));
#3866 = DIRECTION('',(0.E+000,0.E+000,1.));
#3867 = DIRECTION('',(1.,0.E+000,-0.E+000));
#3868 = ORIENTED_EDGE('',*,*,#3852,.F.);
#3869 = ORIENTED_EDGE('',*,*,#3870,.F.);
#3870 = EDGE_CURVE('',#3853,#3853,#3871,.T.);
#3871 = CIRCLE('',#3872,0.5);
#3872 = AXIS2_PLACEMENT_3D('',#3873,#3874,#3875);
#3873 = CARTESIAN_POINT('',(-55.753,28.321,-0.41148));
#3874 = DIRECTION('',(0.E+000,0.E+000,1.));
#3875 = DIRECTION('',(1.,0.E+000,-0.E+000));
#3876 = CYLINDRICAL_SURFACE('',#3877,0.5);
#3877 = AXIS2_PLACEMENT_3D('',#3878,#3879,#3880);
#3878 = CARTESIAN_POINT('',(-55.753,28.321,-0.41148));
#3879 = DIRECTION('',(-0.E+000,-0.E+000,-1.));
#3880 = DIRECTION('',(1.,0.E+000,-0.E+000));
#3881 = ADVANCED_FACE('',(#3882),#3909,.F.);
#3882 = FACE_BOUND('',#3883,.T.);
#3883 = EDGE_LOOP('',(#3884,#3894,#3901,#3902));
#3884 = ORIENTED_EDGE('',*,*,#3885,.T.);
#3885 = EDGE_CURVE('',#3886,#3888,#3890,.T.);
#3886 = VERTEX_POINT('',#3887);
#3887 = CARTESIAN_POINT('',(-54.872,37.465,-0.41148));
#3888 = VERTEX_POINT('',#3889);
#3889 = CARTESIAN_POINT('',(-54.872,37.465,0.E+000));
#3890 = LINE('',#3891,#3892);
#3891 = CARTESIAN_POINT('',(-54.872,37.465,-0.41148));
#3892 = VECTOR('',#3893,1.);
#3893 = DIRECTION('',(0.E+000,0.E+000,1.));
#3894 = ORIENTED_EDGE('',*,*,#3895,.T.);
#3895 = EDGE_CURVE('',#3888,#3888,#3896,.T.);
#3896 = CIRCLE('',#3897,0.5);
#3897 = AXIS2_PLACEMENT_3D('',#3898,#3899,#3900);
#3898 = CARTESIAN_POINT('',(-55.372,37.465,0.E+000));
#3899 = DIRECTION('',(0.E+000,0.E+000,1.));
#3900 = DIRECTION('',(1.,0.E+000,-0.E+000));
#3901 = ORIENTED_EDGE('',*,*,#3885,.F.);
#3902 = ORIENTED_EDGE('',*,*,#3903,.F.);
#3903 = EDGE_CURVE('',#3886,#3886,#3904,.T.);
#3904 = CIRCLE('',#3905,0.5);
#3905 = AXIS2_PLACEMENT_3D('',#3906,#3907,#3908);
#3906 = CARTESIAN_POINT('',(-55.372,37.465,-0.41148));
#3907 = DIRECTION('',(0.E+000,0.E+000,1.));
#3908 = DIRECTION('',(1.,0.E+000,-0.E+000));
#3909 = CYLINDRICAL_SURFACE('',#3910,0.5);
#3910 = AXIS2_PLACEMENT_3D('',#3911,#3912,#3913);
#3911 = CARTESIAN_POINT('',(-55.372,37.465,-0.41148));
#3912 = DIRECTION('',(-0.E+000,-0.E+000,-1.));
#3913 = DIRECTION('',(1.,0.E+000,-0.E+000));
#3914 = ADVANCED_FACE('',(#3915),#3942,.F.);
#3915 = FACE_BOUND('',#3916,.T.);
#3916 = EDGE_LOOP('',(#3917,#3927,#3934,#3935));
#3917 = ORIENTED_EDGE('',*,*,#3918,.T.);
#3918 = EDGE_CURVE('',#3919,#3921,#3923,.T.);
#3919 = VERTEX_POINT('',#3920);
#3920 = CARTESIAN_POINT('',(-49.792,37.465,-0.41148));
#3921 = VERTEX_POINT('',#3922);
#3922 = CARTESIAN_POINT('',(-49.792,37.465,0.E+000));
#3923 = LINE('',#3924,#3925);
#3924 = CARTESIAN_POINT('',(-49.792,37.465,-0.41148));
#3925 = VECTOR('',#3926,1.);
#3926 = DIRECTION('',(0.E+000,0.E+000,1.));
#3927 = ORIENTED_EDGE('',*,*,#3928,.T.);
#3928 = EDGE_CURVE('',#3921,#3921,#3929,.T.);
#3929 = CIRCLE('',#3930,0.5);
#3930 = AXIS2_PLACEMENT_3D('',#3931,#3932,#3933);
#3931 = CARTESIAN_POINT('',(-50.292,37.465,0.E+000));
#3932 = DIRECTION('',(0.E+000,0.E+000,1.));
#3933 = DIRECTION('',(1.,0.E+000,-0.E+000));
#3934 = ORIENTED_EDGE('',*,*,#3918,.F.);
#3935 = ORIENTED_EDGE('',*,*,#3936,.F.);
#3936 = EDGE_CURVE('',#3919,#3919,#3937,.T.);
#3937 = CIRCLE('',#3938,0.5);
#3938 = AXIS2_PLACEMENT_3D('',#3939,#3940,#3941);
#3939 = CARTESIAN_POINT('',(-50.292,37.465,-0.41148));
#3940 = DIRECTION('',(0.E+000,0.E+000,1.));
#3941 = DIRECTION('',(1.,0.E+000,-0.E+000));
#3942 = CYLINDRICAL_SURFACE('',#3943,0.5);
#3943 = AXIS2_PLACEMENT_3D('',#3944,#3945,#3946);
#3944 = CARTESIAN_POINT('',(-50.292,37.465,-0.41148));
#3945 = DIRECTION('',(-0.E+000,-0.E+000,-1.));
#3946 = DIRECTION('',(1.,0.E+000,-0.E+000));
#3947 = ADVANCED_FACE('',(#3948),#3975,.F.);
#3948 = FACE_BOUND('',#3949,.T.);
#3949 = EDGE_LOOP('',(#3950,#3960,#3967,#3968));
#3950 = ORIENTED_EDGE('',*,*,#3951,.T.);
#3951 = EDGE_CURVE('',#3952,#3954,#3956,.T.);
#3952 = VERTEX_POINT('',#3953);
#3953 = CARTESIAN_POINT('',(-48.353,16.524,-0.41148));
#3954 = VERTEX_POINT('',#3955);
#3955 = CARTESIAN_POINT('',(-48.353,16.524,0.E+000));
#3956 = LINE('',#3957,#3958);
#3957 = CARTESIAN_POINT('',(-48.353,16.524,-0.41148));
#3958 = VECTOR('',#3959,1.);
#3959 = DIRECTION('',(0.E+000,0.E+000,1.));
#3960 = ORIENTED_EDGE('',*,*,#3961,.T.);
#3961 = EDGE_CURVE('',#3954,#3954,#3962,.T.);
#3962 = CIRCLE('',#3963,0.25);
#3963 = AXIS2_PLACEMENT_3D('',#3964,#3965,#3966);
#3964 = CARTESIAN_POINT('',(-48.603,16.524,0.E+000));
#3965 = DIRECTION('',(0.E+000,0.E+000,1.));
#3966 = DIRECTION('',(1.,0.E+000,-0.E+000));
#3967 = ORIENTED_EDGE('',*,*,#3951,.F.);
#3968 = ORIENTED_EDGE('',*,*,#3969,.F.);
#3969 = EDGE_CURVE('',#3952,#3952,#3970,.T.);
#3970 = CIRCLE('',#3971,0.25);
#3971 = AXIS2_PLACEMENT_3D('',#3972,#3973,#3974);
#3972 = CARTESIAN_POINT('',(-48.603,16.524,-0.41148));
#3973 = DIRECTION('',(0.E+000,0.E+000,1.));
#3974 = DIRECTION('',(1.,0.E+000,-0.E+000));
#3975 = CYLINDRICAL_SURFACE('',#3976,0.25);
#3976 = AXIS2_PLACEMENT_3D('',#3977,#3978,#3979);
#3977 = CARTESIAN_POINT('',(-48.603,16.524,-0.41148));
#3978 = DIRECTION('',(-0.E+000,-0.E+000,-1.));
#3979 = DIRECTION('',(1.,0.E+000,-0.E+000));
#3980 = ADVANCED_FACE('',(#3981),#4008,.F.);
#3981 = FACE_BOUND('',#3982,.T.);
#3982 = EDGE_LOOP('',(#3983,#3993,#4000,#4001));
#3983 = ORIENTED_EDGE('',*,*,#3984,.T.);
#3984 = EDGE_CURVE('',#3985,#3987,#3989,.T.);
#3985 = VERTEX_POINT('',#3986);
#3986 = CARTESIAN_POINT('',(-44.027,19.892,-0.41148));
#3987 = VERTEX_POINT('',#3988);
#3988 = CARTESIAN_POINT('',(-44.027,19.892,0.E+000));
#3989 = LINE('',#3990,#3991);
#3990 = CARTESIAN_POINT('',(-44.027,19.892,-0.41148));
#3991 = VECTOR('',#3992,1.);
#3992 = DIRECTION('',(0.E+000,0.E+000,1.));
#3993 = ORIENTED_EDGE('',*,*,#3994,.T.);
#3994 = EDGE_CURVE('',#3987,#3987,#3995,.T.);
#3995 = CIRCLE('',#3996,0.55);
#3996 = AXIS2_PLACEMENT_3D('',#3997,#3998,#3999);
#3997 = CARTESIAN_POINT('',(-44.577,19.892,0.E+000));
#3998 = DIRECTION('',(0.E+000,0.E+000,1.));
#3999 = DIRECTION('',(1.,0.E+000,-0.E+000));
#4000 = ORIENTED_EDGE('',*,*,#3984,.F.);
#4001 = ORIENTED_EDGE('',*,*,#4002,.F.);
#4002 = EDGE_CURVE('',#3985,#3985,#4003,.T.);
#4003 = CIRCLE('',#4004,0.55);
#4004 = AXIS2_PLACEMENT_3D('',#4005,#4006,#4007);
#4005 = CARTESIAN_POINT('',(-44.577,19.892,-0.41148));
#4006 = DIRECTION('',(0.E+000,0.E+000,1.));
#4007 = DIRECTION('',(1.,0.E+000,-0.E+000));
#4008 = CYLINDRICAL_SURFACE('',#4009,0.55);
#4009 = AXIS2_PLACEMENT_3D('',#4010,#4011,#4012);
#4010 = CARTESIAN_POINT('',(-44.577,19.892,-0.41148));
#4011 = DIRECTION('',(-0.E+000,-0.E+000,-1.));
#4012 = DIRECTION('',(1.,0.E+000,-0.E+000));
#4013 = ADVANCED_FACE('',(#4014),#4041,.F.);
#4014 = FACE_BOUND('',#4015,.T.);
#4015 = EDGE_LOOP('',(#4016,#4026,#4033,#4034));
#4016 = ORIENTED_EDGE('',*,*,#4017,.T.);
#4017 = EDGE_CURVE('',#4018,#4020,#4022,.T.);
#4018 = VERTEX_POINT('',#4019);
#4019 = CARTESIAN_POINT('',(-37.931,19.869,-0.41148));
#4020 = VERTEX_POINT('',#4021);
#4021 = CARTESIAN_POINT('',(-37.931,19.869,0.E+000));
#4022 = LINE('',#4023,#4024);
#4023 = CARTESIAN_POINT('',(-37.931,19.869,-0.41148));
#4024 = VECTOR('',#4025,1.);
#4025 = DIRECTION('',(0.E+000,0.E+000,1.));
#4026 = ORIENTED_EDGE('',*,*,#4027,.T.);
#4027 = EDGE_CURVE('',#4020,#4020,#4028,.T.);
#4028 = CIRCLE('',#4029,0.55);
#4029 = AXIS2_PLACEMENT_3D('',#4030,#4031,#4032);
#4030 = CARTESIAN_POINT('',(-38.481,19.869,0.E+000));
#4031 = DIRECTION('',(0.E+000,0.E+000,1.));
#4032 = DIRECTION('',(1.,0.E+000,-0.E+000));
#4033 = ORIENTED_EDGE('',*,*,#4017,.F.);
#4034 = ORIENTED_EDGE('',*,*,#4035,.F.);
#4035 = EDGE_CURVE('',#4018,#4018,#4036,.T.);
#4036 = CIRCLE('',#4037,0.55);
#4037 = AXIS2_PLACEMENT_3D('',#4038,#4039,#4040);
#4038 = CARTESIAN_POINT('',(-38.481,19.869,-0.41148));
#4039 = DIRECTION('',(0.E+000,0.E+000,1.));
#4040 = DIRECTION('',(1.,0.E+000,-0.E+000));
#4041 = CYLINDRICAL_SURFACE('',#4042,0.55);
#4042 = AXIS2_PLACEMENT_3D('',#4043,#4044,#4045);
#4043 = CARTESIAN_POINT('',(-38.481,19.869,-0.41148));
#4044 = DIRECTION('',(-0.E+000,-0.E+000,-1.));
#4045 = DIRECTION('',(1.,0.E+000,-0.E+000));
#4046 = ADVANCED_FACE('',(#4047),#4074,.F.);
#4047 = FACE_BOUND('',#4048,.T.);
#4048 = EDGE_LOOP('',(#4049,#4059,#4066,#4067));
#4049 = ORIENTED_EDGE('',*,*,#4050,.T.);
#4050 = EDGE_CURVE('',#4051,#4053,#4055,.T.);
#4051 = VERTEX_POINT('',#4052);
#4052 = CARTESIAN_POINT('',(-37.931,22.369,-0.41148));
#4053 = VERTEX_POINT('',#4054);
#4054 = CARTESIAN_POINT('',(-37.931,22.369,0.E+000));
#4055 = LINE('',#4056,#4057);
#4056 = CARTESIAN_POINT('',(-37.931,22.369,-0.41148));
#4057 = VECTOR('',#4058,1.);
#4058 = DIRECTION('',(0.E+000,0.E+000,1.));
#4059 = ORIENTED_EDGE('',*,*,#4060,.T.);
#4060 = EDGE_CURVE('',#4053,#4053,#4061,.T.);
#4061 = CIRCLE('',#4062,0.55);
#4062 = AXIS2_PLACEMENT_3D('',#4063,#4064,#4065);
#4063 = CARTESIAN_POINT('',(-38.481,22.369,0.E+000));
#4064 = DIRECTION('',(0.E+000,0.E+000,1.));
#4065 = DIRECTION('',(1.,0.E+000,-0.E+000));
#4066 = ORIENTED_EDGE('',*,*,#4050,.F.);
#4067 = ORIENTED_EDGE('',*,*,#4068,.F.);
#4068 = EDGE_CURVE('',#4051,#4051,#4069,.T.);
#4069 = CIRCLE('',#4070,0.55);
#4070 = AXIS2_PLACEMENT_3D('',#4071,#4072,#4073);
#4071 = CARTESIAN_POINT('',(-38.481,22.369,-0.41148));
#4072 = DIRECTION('',(0.E+000,0.E+000,1.));
#4073 = DIRECTION('',(1.,0.E+000,-0.E+000));
#4074 = CYLINDRICAL_SURFACE('',#4075,0.55);
#4075 = AXIS2_PLACEMENT_3D('',#4076,#4077,#4078);
#4076 = CARTESIAN_POINT('',(-38.481,22.369,-0.41148));
#4077 = DIRECTION('',(-0.E+000,-0.E+000,-1.));
#4078 = DIRECTION('',(1.,0.E+000,-0.E+000));
#4079 = ADVANCED_FACE('',(#4080),#4107,.F.);
#4080 = FACE_BOUND('',#4081,.T.);
#4081 = EDGE_LOOP('',(#4082,#4092,#4099,#4100));
#4082 = ORIENTED_EDGE('',*,*,#4083,.T.);
#4083 = EDGE_CURVE('',#4084,#4086,#4088,.T.);
#4084 = VERTEX_POINT('',#4085);
#4085 = CARTESIAN_POINT('',(-44.027,22.392,-0.41148));
#4086 = VERTEX_POINT('',#4087);
#4087 = CARTESIAN_POINT('',(-44.027,22.392,0.E+000));
#4088 = LINE('',#4089,#4090);
#4089 = CARTESIAN_POINT('',(-44.027,22.392,-0.41148));
#4090 = VECTOR('',#4091,1.);
#4091 = DIRECTION('',(0.E+000,0.E+000,1.));
#4092 = ORIENTED_EDGE('',*,*,#4093,.T.);
#4093 = EDGE_CURVE('',#4086,#4086,#4094,.T.);
#4094 = CIRCLE('',#4095,0.55);
#4095 = AXIS2_PLACEMENT_3D('',#4096,#4097,#4098);
#4096 = CARTESIAN_POINT('',(-44.577,22.392,0.E+000));
#4097 = DIRECTION('',(0.E+000,0.E+000,1.));
#4098 = DIRECTION('',(1.,0.E+000,-0.E+000));
#4099 = ORIENTED_EDGE('',*,*,#4083,.F.);
#4100 = ORIENTED_EDGE('',*,*,#4101,.F.);
#4101 = EDGE_CURVE('',#4084,#4084,#4102,.T.);
#4102 = CIRCLE('',#4103,0.55);
#4103 = AXIS2_PLACEMENT_3D('',#4104,#4105,#4106);
#4104 = CARTESIAN_POINT('',(-44.577,22.392,-0.41148));
#4105 = DIRECTION('',(0.E+000,0.E+000,1.));
#4106 = DIRECTION('',(1.,0.E+000,-0.E+000));
#4107 = CYLINDRICAL_SURFACE('',#4108,0.55);
#4108 = AXIS2_PLACEMENT_3D('',#4109,#4110,#4111);
#4109 = CARTESIAN_POINT('',(-44.577,22.392,-0.41148));
#4110 = DIRECTION('',(-0.E+000,-0.E+000,-1.));
#4111 = DIRECTION('',(1.,0.E+000,-0.E+000));
#4112 = ADVANCED_FACE('',(#4113),#4140,.F.);
#4113 = FACE_BOUND('',#4114,.T.);
#4114 = EDGE_LOOP('',(#4115,#4125,#4132,#4133));
#4115 = ORIENTED_EDGE('',*,*,#4116,.T.);
#4116 = EDGE_CURVE('',#4117,#4119,#4121,.T.);
#4117 = VERTEX_POINT('',#4118);
#4118 = CARTESIAN_POINT('',(-44.027,24.892,-0.41148));
#4119 = VERTEX_POINT('',#4120);
#4120 = CARTESIAN_POINT('',(-44.027,24.892,0.E+000));
#4121 = LINE('',#4122,#4123);
#4122 = CARTESIAN_POINT('',(-44.027,24.892,-0.41148));
#4123 = VECTOR('',#4124,1.);
#4124 = DIRECTION('',(0.E+000,0.E+000,1.));
#4125 = ORIENTED_EDGE('',*,*,#4126,.T.);
#4126 = EDGE_CURVE('',#4119,#4119,#4127,.T.);
#4127 = CIRCLE('',#4128,0.55);
#4128 = AXIS2_PLACEMENT_3D('',#4129,#4130,#4131);
#4129 = CARTESIAN_POINT('',(-44.577,24.892,0.E+000));
#4130 = DIRECTION('',(0.E+000,0.E+000,1.));
#4131 = DIRECTION('',(1.,0.E+000,-0.E+000));
#4132 = ORIENTED_EDGE('',*,*,#4116,.F.);
#4133 = ORIENTED_EDGE('',*,*,#4134,.F.);
#4134 = EDGE_CURVE('',#4117,#4117,#4135,.T.);
#4135 = CIRCLE('',#4136,0.55);
#4136 = AXIS2_PLACEMENT_3D('',#4137,#4138,#4139);
#4137 = CARTESIAN_POINT('',(-44.577,24.892,-0.41148));
#4138 = DIRECTION('',(0.E+000,0.E+000,1.));
#4139 = DIRECTION('',(1.,0.E+000,-0.E+000));
#4140 = CYLINDRICAL_SURFACE('',#4141,0.55);
#4141 = AXIS2_PLACEMENT_3D('',#4142,#4143,#4144);
#4142 = CARTESIAN_POINT('',(-44.577,24.892,-0.41148));
#4143 = DIRECTION('',(-0.E+000,-0.E+000,-1.));
#4144 = DIRECTION('',(1.,0.E+000,-0.E+000));
#4145 = ADVANCED_FACE('',(#4146),#4173,.F.);
#4146 = FACE_BOUND('',#4147,.T.);
#4147 = EDGE_LOOP('',(#4148,#4158,#4165,#4166));
#4148 = ORIENTED_EDGE('',*,*,#4149,.T.);
#4149 = EDGE_CURVE('',#4150,#4152,#4154,.T.);
#4150 = VERTEX_POINT('',#4151);
#4151 = CARTESIAN_POINT('',(-37.931,24.869,-0.41148));
#4152 = VERTEX_POINT('',#4153);
#4153 = CARTESIAN_POINT('',(-37.931,24.869,0.E+000));
#4154 = LINE('',#4155,#4156);
#4155 = CARTESIAN_POINT('',(-37.931,24.869,-0.41148));
#4156 = VECTOR('',#4157,1.);
#4157 = DIRECTION('',(0.E+000,0.E+000,1.));
#4158 = ORIENTED_EDGE('',*,*,#4159,.T.);
#4159 = EDGE_CURVE('',#4152,#4152,#4160,.T.);
#4160 = CIRCLE('',#4161,0.55);
#4161 = AXIS2_PLACEMENT_3D('',#4162,#4163,#4164);
#4162 = CARTESIAN_POINT('',(-38.481,24.869,0.E+000));
#4163 = DIRECTION('',(0.E+000,0.E+000,1.));
#4164 = DIRECTION('',(1.,0.E+000,-0.E+000));
#4165 = ORIENTED_EDGE('',*,*,#4149,.F.);
#4166 = ORIENTED_EDGE('',*,*,#4167,.F.);
#4167 = EDGE_CURVE('',#4150,#4150,#4168,.T.);
#4168 = CIRCLE('',#4169,0.55);
#4169 = AXIS2_PLACEMENT_3D('',#4170,#4171,#4172);
#4170 = CARTESIAN_POINT('',(-38.481,24.869,-0.41148));
#4171 = DIRECTION('',(0.E+000,0.E+000,1.));
#4172 = DIRECTION('',(1.,0.E+000,-0.E+000));
#4173 = CYLINDRICAL_SURFACE('',#4174,0.55);
#4174 = AXIS2_PLACEMENT_3D('',#4175,#4176,#4177);
#4175 = CARTESIAN_POINT('',(-38.481,24.869,-0.41148));
#4176 = DIRECTION('',(-0.E+000,-0.E+000,-1.));
#4177 = DIRECTION('',(1.,0.E+000,-0.E+000));
#4178 = ADVANCED_FACE('',(#4179),#4206,.F.);
#4179 = FACE_BOUND('',#4180,.T.);
#4180 = EDGE_LOOP('',(#4181,#4191,#4198,#4199));
#4181 = ORIENTED_EDGE('',*,*,#4182,.T.);
#4182 = EDGE_CURVE('',#4183,#4185,#4187,.T.);
#4183 = VERTEX_POINT('',#4184);
#4184 = CARTESIAN_POINT('',(-44.027,27.392,-0.41148));
#4185 = VERTEX_POINT('',#4186);
#4186 = CARTESIAN_POINT('',(-44.027,27.392,0.E+000));
#4187 = LINE('',#4188,#4189);
#4188 = CARTESIAN_POINT('',(-44.027,27.392,-0.41148));
#4189 = VECTOR('',#4190,1.);
#4190 = DIRECTION('',(0.E+000,0.E+000,1.));
#4191 = ORIENTED_EDGE('',*,*,#4192,.T.);
#4192 = EDGE_CURVE('',#4185,#4185,#4193,.T.);
#4193 = CIRCLE('',#4194,0.55);
#4194 = AXIS2_PLACEMENT_3D('',#4195,#4196,#4197);
#4195 = CARTESIAN_POINT('',(-44.577,27.392,0.E+000));
#4196 = DIRECTION('',(0.E+000,0.E+000,1.));
#4197 = DIRECTION('',(1.,0.E+000,-0.E+000));
#4198 = ORIENTED_EDGE('',*,*,#4182,.F.);
#4199 = ORIENTED_EDGE('',*,*,#4200,.F.);
#4200 = EDGE_CURVE('',#4183,#4183,#4201,.T.);
#4201 = CIRCLE('',#4202,0.55);
#4202 = AXIS2_PLACEMENT_3D('',#4203,#4204,#4205);
#4203 = CARTESIAN_POINT('',(-44.577,27.392,-0.41148));
#4204 = DIRECTION('',(0.E+000,0.E+000,1.));
#4205 = DIRECTION('',(1.,0.E+000,-0.E+000));
#4206 = CYLINDRICAL_SURFACE('',#4207,0.55);
#4207 = AXIS2_PLACEMENT_3D('',#4208,#4209,#4210);
#4208 = CARTESIAN_POINT('',(-44.577,27.392,-0.41148));
#4209 = DIRECTION('',(-0.E+000,-0.E+000,-1.));
#4210 = DIRECTION('',(1.,0.E+000,-0.E+000));
#4211 = ADVANCED_FACE('',(#4212),#4239,.F.);
#4212 = FACE_BOUND('',#4213,.T.);
#4213 = EDGE_LOOP('',(#4214,#4224,#4231,#4232));
#4214 = ORIENTED_EDGE('',*,*,#4215,.T.);
#4215 = EDGE_CURVE('',#4216,#4218,#4220,.T.);
#4216 = VERTEX_POINT('',#4217);
#4217 = CARTESIAN_POINT('',(-37.931,27.369,-0.41148));
#4218 = VERTEX_POINT('',#4219);
#4219 = CARTESIAN_POINT('',(-37.931,27.369,0.E+000));
#4220 = LINE('',#4221,#4222);
#4221 = CARTESIAN_POINT('',(-37.931,27.369,-0.41148));
#4222 = VECTOR('',#4223,1.);
#4223 = DIRECTION('',(0.E+000,0.E+000,1.));
#4224 = ORIENTED_EDGE('',*,*,#4225,.T.);
#4225 = EDGE_CURVE('',#4218,#4218,#4226,.T.);
#4226 = CIRCLE('',#4227,0.55);
#4227 = AXIS2_PLACEMENT_3D('',#4228,#4229,#4230);
#4228 = CARTESIAN_POINT('',(-38.481,27.369,0.E+000));
#4229 = DIRECTION('',(0.E+000,0.E+000,1.));
#4230 = DIRECTION('',(1.,0.E+000,-0.E+000));
#4231 = ORIENTED_EDGE('',*,*,#4215,.F.);
#4232 = ORIENTED_EDGE('',*,*,#4233,.F.);
#4233 = EDGE_CURVE('',#4216,#4216,#4234,.T.);
#4234 = CIRCLE('',#4235,0.55);
#4235 = AXIS2_PLACEMENT_3D('',#4236,#4237,#4238);
#4236 = CARTESIAN_POINT('',(-38.481,27.369,-0.41148));
#4237 = DIRECTION('',(0.E+000,0.E+000,1.));
#4238 = DIRECTION('',(1.,0.E+000,-0.E+000));
#4239 = CYLINDRICAL_SURFACE('',#4240,0.55);
#4240 = AXIS2_PLACEMENT_3D('',#4241,#4242,#4243);
#4241 = CARTESIAN_POINT('',(-38.481,27.369,-0.41148));
#4242 = DIRECTION('',(-0.E+000,-0.E+000,-1.));
#4243 = DIRECTION('',(1.,0.E+000,-0.E+000));
#4244 = ADVANCED_FACE('',(#4245),#4272,.F.);
#4245 = FACE_BOUND('',#4246,.T.);
#4246 = EDGE_LOOP('',(#4247,#4257,#4264,#4265));
#4247 = ORIENTED_EDGE('',*,*,#4248,.T.);
#4248 = EDGE_CURVE('',#4249,#4251,#4253,.T.);
#4249 = VERTEX_POINT('',#4250);
#4250 = CARTESIAN_POINT('',(-33.854,1.047,-0.41148));
#4251 = VERTEX_POINT('',#4252);
#4252 = CARTESIAN_POINT('',(-33.854,1.047,0.E+000));
#4253 = LINE('',#4254,#4255);
#4254 = CARTESIAN_POINT('',(-33.854,1.047,-0.41148));
#4255 = VECTOR('',#4256,1.);
#4256 = DIRECTION('',(0.E+000,0.E+000,1.));
#4257 = ORIENTED_EDGE('',*,*,#4258,.T.);
#4258 = EDGE_CURVE('',#4251,#4251,#4259,.T.);
#4259 = CIRCLE('',#4260,0.25);
#4260 = AXIS2_PLACEMENT_3D('',#4261,#4262,#4263);
#4261 = CARTESIAN_POINT('',(-34.104,1.047,0.E+000));
#4262 = DIRECTION('',(0.E+000,0.E+000,1.));
#4263 = DIRECTION('',(1.,0.E+000,-0.E+000));
#4264 = ORIENTED_EDGE('',*,*,#4248,.F.);
#4265 = ORIENTED_EDGE('',*,*,#4266,.F.);
#4266 = EDGE_CURVE('',#4249,#4249,#4267,.T.);
#4267 = CIRCLE('',#4268,0.25);
#4268 = AXIS2_PLACEMENT_3D('',#4269,#4270,#4271);
#4269 = CARTESIAN_POINT('',(-34.104,1.047,-0.41148));
#4270 = DIRECTION('',(0.E+000,0.E+000,1.));
#4271 = DIRECTION('',(1.,0.E+000,-0.E+000));
#4272 = CYLINDRICAL_SURFACE('',#4273,0.25);
#4273 = AXIS2_PLACEMENT_3D('',#4274,#4275,#4276);
#4274 = CARTESIAN_POINT('',(-34.104,1.047,-0.41148));
#4275 = DIRECTION('',(-0.E+000,-0.E+000,-1.));
#4276 = DIRECTION('',(1.,0.E+000,-0.E+000));
#4277 = ADVANCED_FACE('',(#4278),#4305,.F.);
#4278 = FACE_BOUND('',#4279,.T.);
#4279 = EDGE_LOOP('',(#4280,#4290,#4297,#4298));
#4280 = ORIENTED_EDGE('',*,*,#4281,.T.);
#4281 = EDGE_CURVE('',#4282,#4284,#4286,.T.);
#4282 = VERTEX_POINT('',#4283);
#4283 = CARTESIAN_POINT('',(-35.31,4.826,-0.41148));
#4284 = VERTEX_POINT('',#4285);
#4285 = CARTESIAN_POINT('',(-35.31,4.826,0.E+000));
#4286 = LINE('',#4287,#4288);
#4287 = CARTESIAN_POINT('',(-35.31,4.826,-0.41148));
#4288 = VECTOR('',#4289,1.);
#4289 = DIRECTION('',(0.E+000,0.E+000,1.));
#4290 = ORIENTED_EDGE('',*,*,#4291,.T.);
#4291 = EDGE_CURVE('',#4284,#4284,#4292,.T.);
#4292 = CIRCLE('',#4293,0.25);
#4293 = AXIS2_PLACEMENT_3D('',#4294,#4295,#4296);
#4294 = CARTESIAN_POINT('',(-35.56,4.826,0.E+000));
#4295 = DIRECTION('',(0.E+000,0.E+000,1.));
#4296 = DIRECTION('',(1.,0.E+000,-0.E+000));
#4297 = ORIENTED_EDGE('',*,*,#4281,.F.);
#4298 = ORIENTED_EDGE('',*,*,#4299,.F.);
#4299 = EDGE_CURVE('',#4282,#4282,#4300,.T.);
#4300 = CIRCLE('',#4301,0.25);
#4301 = AXIS2_PLACEMENT_3D('',#4302,#4303,#4304);
#4302 = CARTESIAN_POINT('',(-35.56,4.826,-0.41148));
#4303 = DIRECTION('',(0.E+000,0.E+000,1.));
#4304 = DIRECTION('',(1.,0.E+000,-0.E+000));
#4305 = CYLINDRICAL_SURFACE('',#4306,0.25);
#4306 = AXIS2_PLACEMENT_3D('',#4307,#4308,#4309);
#4307 = CARTESIAN_POINT('',(-35.56,4.826,-0.41148));
#4308 = DIRECTION('',(-0.E+000,-0.E+000,-1.));
#4309 = DIRECTION('',(1.,0.E+000,-0.E+000));
#4310 = ADVANCED_FACE('',(#4311),#4338,.F.);
#4311 = FACE_BOUND('',#4312,.T.);
#4312 = EDGE_LOOP('',(#4313,#4323,#4330,#4331));
#4313 = ORIENTED_EDGE('',*,*,#4314,.T.);
#4314 = EDGE_CURVE('',#4315,#4317,#4319,.T.);
#4315 = VERTEX_POINT('',#4316);
#4316 = CARTESIAN_POINT('',(-32.413,3.175,-0.41148));
#4317 = VERTEX_POINT('',#4318);
#4318 = CARTESIAN_POINT('',(-32.413,3.175,0.E+000));
#4319 = LINE('',#4320,#4321);
#4320 = CARTESIAN_POINT('',(-32.413,3.175,-0.41148));
#4321 = VECTOR('',#4322,1.);
#4322 = DIRECTION('',(0.E+000,0.E+000,1.));
#4323 = ORIENTED_EDGE('',*,*,#4324,.T.);
#4324 = EDGE_CURVE('',#4317,#4317,#4325,.T.);
#4325 = CIRCLE('',#4326,1.75);
#4326 = AXIS2_PLACEMENT_3D('',#4327,#4328,#4329);
#4327 = CARTESIAN_POINT('',(-34.163,3.175,0.E+000));
#4328 = DIRECTION('',(0.E+000,0.E+000,1.));
#4329 = DIRECTION('',(1.,0.E+000,-0.E+000));
#4330 = ORIENTED_EDGE('',*,*,#4314,.F.);
#4331 = ORIENTED_EDGE('',*,*,#4332,.F.);
#4332 = EDGE_CURVE('',#4315,#4315,#4333,.T.);
#4333 = CIRCLE('',#4334,1.75);
#4334 = AXIS2_PLACEMENT_3D('',#4335,#4336,#4337);
#4335 = CARTESIAN_POINT('',(-34.163,3.175,-0.41148));
#4336 = DIRECTION('',(0.E+000,0.E+000,1.));
#4337 = DIRECTION('',(1.,0.E+000,-0.E+000));
#4338 = CYLINDRICAL_SURFACE('',#4339,1.75);
#4339 = AXIS2_PLACEMENT_3D('',#4340,#4341,#4342);
#4340 = CARTESIAN_POINT('',(-34.163,3.175,-0.41148));
#4341 = DIRECTION('',(-0.E+000,-0.E+000,-1.));
#4342 = DIRECTION('',(1.,0.E+000,-0.E+000));
#4343 = ADVANCED_FACE('',(#4344),#4371,.F.);
#4344 = FACE_BOUND('',#4345,.T.);
#4345 = EDGE_LOOP('',(#4346,#4356,#4363,#4364));
#4346 = ORIENTED_EDGE('',*,*,#4347,.T.);
#4347 = EDGE_CURVE('',#4348,#4350,#4352,.T.);
#4348 = VERTEX_POINT('',#4349);
#4349 = CARTESIAN_POINT('',(-32.516,4.699,-0.41148));
#4350 = VERTEX_POINT('',#4351);
#4351 = CARTESIAN_POINT('',(-32.516,4.699,0.E+000));
#4352 = LINE('',#4353,#4354);
#4353 = CARTESIAN_POINT('',(-32.516,4.699,-0.41148));
#4354 = VECTOR('',#4355,1.);
#4355 = DIRECTION('',(0.E+000,0.E+000,1.));
#4356 = ORIENTED_EDGE('',*,*,#4357,.T.);
#4357 = EDGE_CURVE('',#4350,#4350,#4358,.T.);
#4358 = CIRCLE('',#4359,0.25);
#4359 = AXIS2_PLACEMENT_3D('',#4360,#4361,#4362);
#4360 = CARTESIAN_POINT('',(-32.766,4.699,0.E+000));
#4361 = DIRECTION('',(0.E+000,0.E+000,1.));
#4362 = DIRECTION('',(1.,0.E+000,-0.E+000));
#4363 = ORIENTED_EDGE('',*,*,#4347,.F.);
#4364 = ORIENTED_EDGE('',*,*,#4365,.F.);
#4365 = EDGE_CURVE('',#4348,#4348,#4366,.T.);
#4366 = CIRCLE('',#4367,0.25);
#4367 = AXIS2_PLACEMENT_3D('',#4368,#4369,#4370);
#4368 = CARTESIAN_POINT('',(-32.766,4.699,-0.41148));
#4369 = DIRECTION('',(0.E+000,0.E+000,1.));
#4370 = DIRECTION('',(1.,0.E+000,-0.E+000));
#4371 = CYLINDRICAL_SURFACE('',#4372,0.25);
#4372 = AXIS2_PLACEMENT_3D('',#4373,#4374,#4375);
#4373 = CARTESIAN_POINT('',(-32.766,4.699,-0.41148));
#4374 = DIRECTION('',(-0.E+000,-0.E+000,-1.));
#4375 = DIRECTION('',(1.,0.E+000,-0.E+000));
#4376 = ADVANCED_FACE('',(#4377),#4404,.F.);
#4377 = FACE_BOUND('',#4378,.T.);
#4378 = EDGE_LOOP('',(#4379,#4389,#4396,#4397));
#4379 = ORIENTED_EDGE('',*,*,#4380,.T.);
#4380 = EDGE_CURVE('',#4381,#4383,#4385,.T.);
#4381 = VERTEX_POINT('',#4382);
#4382 = CARTESIAN_POINT('',(-34.826,10.414,-0.41148));
#4383 = VERTEX_POINT('',#4384);
#4384 = CARTESIAN_POINT('',(-34.826,10.414,0.E+000));
#4385 = LINE('',#4386,#4387);
#4386 = CARTESIAN_POINT('',(-34.826,10.414,-0.41148));
#4387 = VECTOR('',#4388,1.);
#4388 = DIRECTION('',(0.E+000,0.E+000,1.));
#4389 = ORIENTED_EDGE('',*,*,#4390,.T.);
#4390 = EDGE_CURVE('',#4383,#4383,#4391,.T.);
#4391 = CIRCLE('',#4392,1.75);
#4392 = AXIS2_PLACEMENT_3D('',#4393,#4394,#4395);
#4393 = CARTESIAN_POINT('',(-36.576,10.414,0.E+000));
#4394 = DIRECTION('',(0.E+000,0.E+000,1.));
#4395 = DIRECTION('',(1.,0.E+000,-0.E+000));
#4396 = ORIENTED_EDGE('',*,*,#4380,.F.);
#4397 = ORIENTED_EDGE('',*,*,#4398,.F.);
#4398 = EDGE_CURVE('',#4381,#4381,#4399,.T.);
#4399 = CIRCLE('',#4400,1.75);
#4400 = AXIS2_PLACEMENT_3D('',#4401,#4402,#4403);
#4401 = CARTESIAN_POINT('',(-36.576,10.414,-0.41148));
#4402 = DIRECTION('',(0.E+000,0.E+000,1.));
#4403 = DIRECTION('',(1.,0.E+000,-0.E+000));
#4404 = CYLINDRICAL_SURFACE('',#4405,1.75);
#4405 = AXIS2_PLACEMENT_3D('',#4406,#4407,#4408);
#4406 = CARTESIAN_POINT('',(-36.576,10.414,-0.41148));
#4407 = DIRECTION('',(-0.E+000,-0.E+000,-1.));
#4408 = DIRECTION('',(1.,0.E+000,-0.E+000));
#4409 = ADVANCED_FACE('',(#4410),#4437,.F.);
#4410 = FACE_BOUND('',#4411,.T.);
#4411 = EDGE_LOOP('',(#4412,#4422,#4429,#4430));
#4412 = ORIENTED_EDGE('',*,*,#4413,.T.);
#4413 = EDGE_CURVE('',#4414,#4416,#4418,.T.);
#4414 = VERTEX_POINT('',#4415);
#4415 = CARTESIAN_POINT('',(-34.929,11.938,-0.41148));
#4416 = VERTEX_POINT('',#4417);
#4417 = CARTESIAN_POINT('',(-34.929,11.938,0.E+000));
#4418 = LINE('',#4419,#4420);
#4419 = CARTESIAN_POINT('',(-34.929,11.938,-0.41148));
#4420 = VECTOR('',#4421,1.);
#4421 = DIRECTION('',(0.E+000,0.E+000,1.));
#4422 = ORIENTED_EDGE('',*,*,#4423,.T.);
#4423 = EDGE_CURVE('',#4416,#4416,#4424,.T.);
#4424 = CIRCLE('',#4425,0.25);
#4425 = AXIS2_PLACEMENT_3D('',#4426,#4427,#4428);
#4426 = CARTESIAN_POINT('',(-35.179,11.938,0.E+000));
#4427 = DIRECTION('',(0.E+000,0.E+000,1.));
#4428 = DIRECTION('',(1.,0.E+000,-0.E+000));
#4429 = ORIENTED_EDGE('',*,*,#4413,.F.);
#4430 = ORIENTED_EDGE('',*,*,#4431,.F.);
#4431 = EDGE_CURVE('',#4414,#4414,#4432,.T.);
#4432 = CIRCLE('',#4433,0.25);
#4433 = AXIS2_PLACEMENT_3D('',#4434,#4435,#4436);
#4434 = CARTESIAN_POINT('',(-35.179,11.938,-0.41148));
#4435 = DIRECTION('',(0.E+000,0.E+000,1.));
#4436 = DIRECTION('',(1.,0.E+000,-0.E+000));
#4437 = CYLINDRICAL_SURFACE('',#4438,0.25);
#4438 = AXIS2_PLACEMENT_3D('',#4439,#4440,#4441);
#4439 = CARTESIAN_POINT('',(-35.179,11.938,-0.41148));
#4440 = DIRECTION('',(-0.E+000,-0.E+000,-1.));
#4441 = DIRECTION('',(1.,0.E+000,-0.E+000));
#4442 = ADVANCED_FACE('',(#4443),#4470,.F.);
#4443 = FACE_BOUND('',#4444,.T.);
#4444 = EDGE_LOOP('',(#4445,#4455,#4462,#4463));
#4445 = ORIENTED_EDGE('',*,*,#4446,.T.);
#4446 = EDGE_CURVE('',#4447,#4449,#4451,.T.);
#4447 = VERTEX_POINT('',#4448);
#4448 = CARTESIAN_POINT('',(-33.913,5.334,-0.41148));
#4449 = VERTEX_POINT('',#4450);
#4450 = CARTESIAN_POINT('',(-33.913,5.334,0.E+000));
#4451 = LINE('',#4452,#4453);
#4452 = CARTESIAN_POINT('',(-33.913,5.334,-0.41148));
#4453 = VECTOR('',#4454,1.);
#4454 = DIRECTION('',(0.E+000,0.E+000,1.));
#4455 = ORIENTED_EDGE('',*,*,#4456,.T.);
#4456 = EDGE_CURVE('',#4449,#4449,#4457,.T.);
#4457 = CIRCLE('',#4458,0.25);
#4458 = AXIS2_PLACEMENT_3D('',#4459,#4460,#4461);
#4459 = CARTESIAN_POINT('',(-34.163,5.334,0.E+000));
#4460 = DIRECTION('',(0.E+000,0.E+000,1.));
#4461 = DIRECTION('',(1.,0.E+000,-0.E+000));
#4462 = ORIENTED_EDGE('',*,*,#4446,.F.);
#4463 = ORIENTED_EDGE('',*,*,#4464,.F.);
#4464 = EDGE_CURVE('',#4447,#4447,#4465,.T.);
#4465 = CIRCLE('',#4466,0.25);
#4466 = AXIS2_PLACEMENT_3D('',#4467,#4468,#4469);
#4467 = CARTESIAN_POINT('',(-34.163,5.334,-0.41148));
#4468 = DIRECTION('',(0.E+000,0.E+000,1.));
#4469 = DIRECTION('',(1.,0.E+000,-0.E+000));
#4470 = CYLINDRICAL_SURFACE('',#4471,0.25);
#4471 = AXIS2_PLACEMENT_3D('',#4472,#4473,#4474);
#4472 = CARTESIAN_POINT('',(-34.163,5.334,-0.41148));
#4473 = DIRECTION('',(-0.E+000,-0.E+000,-1.));
#4474 = DIRECTION('',(1.,0.E+000,-0.E+000));
#4475 = ADVANCED_FACE('',(#4476),#4503,.F.);
#4476 = FACE_BOUND('',#4477,.T.);
#4477 = EDGE_LOOP('',(#4478,#4488,#4495,#4496));
#4478 = ORIENTED_EDGE('',*,*,#4479,.T.);
#4479 = EDGE_CURVE('',#4480,#4482,#4484,.T.);
#4480 = VERTEX_POINT('',#4481);
#4481 = CARTESIAN_POINT('',(-34.802,9.017,-0.41148));
#4482 = VERTEX_POINT('',#4483);
#4483 = CARTESIAN_POINT('',(-34.802,9.017,0.E+000));
#4484 = LINE('',#4485,#4486);
#4485 = CARTESIAN_POINT('',(-34.802,9.017,-0.41148));
#4486 = VECTOR('',#4487,1.);
#4487 = DIRECTION('',(0.E+000,0.E+000,1.));
#4488 = ORIENTED_EDGE('',*,*,#4489,.T.);
#4489 = EDGE_CURVE('',#4482,#4482,#4490,.T.);
#4490 = CIRCLE('',#4491,0.25);
#4491 = AXIS2_PLACEMENT_3D('',#4492,#4493,#4494);
#4492 = CARTESIAN_POINT('',(-35.052,9.017,0.E+000));
#4493 = DIRECTION('',(0.E+000,0.E+000,1.));
#4494 = DIRECTION('',(1.,0.E+000,-0.E+000));
#4495 = ORIENTED_EDGE('',*,*,#4479,.F.);
#4496 = ORIENTED_EDGE('',*,*,#4497,.F.);
#4497 = EDGE_CURVE('',#4480,#4480,#4498,.T.);
#4498 = CIRCLE('',#4499,0.25);
#4499 = AXIS2_PLACEMENT_3D('',#4500,#4501,#4502);
#4500 = CARTESIAN_POINT('',(-35.052,9.017,-0.41148));
#4501 = DIRECTION('',(0.E+000,0.E+000,1.));
#4502 = DIRECTION('',(1.,0.E+000,-0.E+000));
#4503 = CYLINDRICAL_SURFACE('',#4504,0.25);
#4504 = AXIS2_PLACEMENT_3D('',#4505,#4506,#4507);
#4505 = CARTESIAN_POINT('',(-35.052,9.017,-0.41148));
#4506 = DIRECTION('',(-0.E+000,-0.E+000,-1.));
#4507 = DIRECTION('',(1.,0.E+000,-0.E+000));
#4508 = ADVANCED_FACE('',(#4509),#4536,.F.);
#4509 = FACE_BOUND('',#4510,.T.);
#4510 = EDGE_LOOP('',(#4511,#4521,#4528,#4529));
#4511 = ORIENTED_EDGE('',*,*,#4512,.T.);
#4512 = EDGE_CURVE('',#4513,#4515,#4517,.T.);
#4513 = VERTEX_POINT('',#4514);
#4514 = CARTESIAN_POINT('',(-34.167,10.414,-0.41148));
#4515 = VERTEX_POINT('',#4516);
#4516 = CARTESIAN_POINT('',(-34.167,10.414,0.E+000));
#4517 = LINE('',#4518,#4519);
#4518 = CARTESIAN_POINT('',(-34.167,10.414,-0.41148));
#4519 = VECTOR('',#4520,1.);
#4520 = DIRECTION('',(0.E+000,0.E+000,1.));
#4521 = ORIENTED_EDGE('',*,*,#4522,.T.);
#4522 = EDGE_CURVE('',#4515,#4515,#4523,.T.);
#4523 = CIRCLE('',#4524,0.25);
#4524 = AXIS2_PLACEMENT_3D('',#4525,#4526,#4527);
#4525 = CARTESIAN_POINT('',(-34.417,10.414,0.E+000));
#4526 = DIRECTION('',(0.E+000,0.E+000,1.));
#4527 = DIRECTION('',(1.,0.E+000,-0.E+000));
#4528 = ORIENTED_EDGE('',*,*,#4512,.F.);
#4529 = ORIENTED_EDGE('',*,*,#4530,.F.);
#4530 = EDGE_CURVE('',#4513,#4513,#4531,.T.);
#4531 = CIRCLE('',#4532,0.25);
#4532 = AXIS2_PLACEMENT_3D('',#4533,#4534,#4535);
#4533 = CARTESIAN_POINT('',(-34.417,10.414,-0.41148));
#4534 = DIRECTION('',(0.E+000,0.E+000,1.));
#4535 = DIRECTION('',(1.,0.E+000,-0.E+000));
#4536 = CYLINDRICAL_SURFACE('',#4537,0.25);
#4537 = AXIS2_PLACEMENT_3D('',#4538,#4539,#4540);
#4538 = CARTESIAN_POINT('',(-34.417,10.414,-0.41148));
#4539 = DIRECTION('',(-0.E+000,-0.E+000,-1.));
#4540 = DIRECTION('',(1.,0.E+000,-0.E+000));
#4541 = ADVANCED_FACE('',(#4542),#4569,.F.);
#4542 = FACE_BOUND('',#4543,.T.);
#4543 = EDGE_LOOP('',(#4544,#4554,#4561,#4562));
#4544 = ORIENTED_EDGE('',*,*,#4545,.T.);
#4545 = EDGE_CURVE('',#4546,#4548,#4550,.T.);
#4546 = VERTEX_POINT('',#4547);
#4547 = CARTESIAN_POINT('',(-32.389,1.778,-0.41148));
#4548 = VERTEX_POINT('',#4549);
#4549 = CARTESIAN_POINT('',(-32.389,1.778,0.E+000));
#4550 = LINE('',#4551,#4552);
#4551 = CARTESIAN_POINT('',(-32.389,1.778,-0.41148));
#4552 = VECTOR('',#4553,1.);
#4553 = DIRECTION('',(0.E+000,0.E+000,1.));
#4554 = ORIENTED_EDGE('',*,*,#4555,.T.);
#4555 = EDGE_CURVE('',#4548,#4548,#4556,.T.);
#4556 = CIRCLE('',#4557,0.25);
#4557 = AXIS2_PLACEMENT_3D('',#4558,#4559,#4560);
#4558 = CARTESIAN_POINT('',(-32.639,1.778,0.E+000));
#4559 = DIRECTION('',(0.E+000,0.E+000,1.));
#4560 = DIRECTION('',(1.,0.E+000,-0.E+000));
#4561 = ORIENTED_EDGE('',*,*,#4545,.F.);
#4562 = ORIENTED_EDGE('',*,*,#4563,.F.);
#4563 = EDGE_CURVE('',#4546,#4546,#4564,.T.);
#4564 = CIRCLE('',#4565,0.25);
#4565 = AXIS2_PLACEMENT_3D('',#4566,#4567,#4568);
#4566 = CARTESIAN_POINT('',(-32.639,1.778,-0.41148));
#4567 = DIRECTION('',(0.E+000,0.E+000,1.));
#4568 = DIRECTION('',(1.,0.E+000,-0.E+000));
#4569 = CYLINDRICAL_SURFACE('',#4570,0.25);
#4570 = AXIS2_PLACEMENT_3D('',#4571,#4572,#4573);
#4571 = CARTESIAN_POINT('',(-32.639,1.778,-0.41148));
#4572 = DIRECTION('',(-0.E+000,-0.E+000,-1.));
#4573 = DIRECTION('',(1.,0.E+000,-0.E+000));
#4574 = ADVANCED_FACE('',(#4575),#4602,.F.);
#4575 = FACE_BOUND('',#4576,.T.);
#4576 = EDGE_LOOP('',(#4577,#4587,#4594,#4595));
#4577 = ORIENTED_EDGE('',*,*,#4578,.T.);
#4578 = EDGE_CURVE('',#4579,#4581,#4583,.T.);
#4579 = VERTEX_POINT('',#4580);
#4580 = CARTESIAN_POINT('',(-31.754,3.175,-0.41148));
#4581 = VERTEX_POINT('',#4582);
#4582 = CARTESIAN_POINT('',(-31.754,3.175,0.E+000));
#4583 = LINE('',#4584,#4585);
#4584 = CARTESIAN_POINT('',(-31.754,3.175,-0.41148));
#4585 = VECTOR('',#4586,1.);
#4586 = DIRECTION('',(0.E+000,0.E+000,1.));
#4587 = ORIENTED_EDGE('',*,*,#4588,.T.);
#4588 = EDGE_CURVE('',#4581,#4581,#4589,.T.);
#4589 = CIRCLE('',#4590,0.25);
#4590 = AXIS2_PLACEMENT_3D('',#4591,#4592,#4593);
#4591 = CARTESIAN_POINT('',(-32.004,3.175,0.E+000));
#4592 = DIRECTION('',(0.E+000,0.E+000,1.));
#4593 = DIRECTION('',(1.,0.E+000,-0.E+000));
#4594 = ORIENTED_EDGE('',*,*,#4578,.F.);
#4595 = ORIENTED_EDGE('',*,*,#4596,.F.);
#4596 = EDGE_CURVE('',#4579,#4579,#4597,.T.);
#4597 = CIRCLE('',#4598,0.25);
#4598 = AXIS2_PLACEMENT_3D('',#4599,#4600,#4601);
#4599 = CARTESIAN_POINT('',(-32.004,3.175,-0.41148));
#4600 = DIRECTION('',(0.E+000,0.E+000,1.));
#4601 = DIRECTION('',(1.,0.E+000,-0.E+000));
#4602 = CYLINDRICAL_SURFACE('',#4603,0.25);
#4603 = AXIS2_PLACEMENT_3D('',#4604,#4605,#4606);
#4604 = CARTESIAN_POINT('',(-32.004,3.175,-0.41148));
#4605 = DIRECTION('',(-0.E+000,-0.E+000,-1.));
#4606 = DIRECTION('',(1.,0.E+000,-0.E+000));
#4607 = ADVANCED_FACE('',(#4608),#4635,.F.);
#4608 = FACE_BOUND('',#4609,.T.);
#4609 = EDGE_LOOP('',(#4610,#4620,#4627,#4628));
#4610 = ORIENTED_EDGE('',*,*,#4611,.T.);
#4611 = EDGE_CURVE('',#4612,#4614,#4616,.T.);
#4612 = VERTEX_POINT('',#4613);
#4613 = CARTESIAN_POINT('',(-13.109,5.447,-0.41148));
#4614 = VERTEX_POINT('',#4615);
#4615 = CARTESIAN_POINT('',(-13.109,5.447,0.E+000));
#4616 = LINE('',#4617,#4618);
#4617 = CARTESIAN_POINT('',(-13.109,5.447,-0.41148));
#4618 = VECTOR('',#4619,1.);
#4619 = DIRECTION('',(0.E+000,0.E+000,1.));
#4620 = ORIENTED_EDGE('',*,*,#4621,.T.);
#4621 = EDGE_CURVE('',#4614,#4614,#4622,.T.);
#4622 = CIRCLE('',#4623,1.75);
#4623 = AXIS2_PLACEMENT_3D('',#4624,#4625,#4626);
#4624 = CARTESIAN_POINT('',(-14.859,5.447,0.E+000));
#4625 = DIRECTION('',(0.E+000,0.E+000,1.));
#4626 = DIRECTION('',(1.,0.E+000,-0.E+000));
#4627 = ORIENTED_EDGE('',*,*,#4611,.F.);
#4628 = ORIENTED_EDGE('',*,*,#4629,.F.);
#4629 = EDGE_CURVE('',#4612,#4612,#4630,.T.);
#4630 = CIRCLE('',#4631,1.75);
#4631 = AXIS2_PLACEMENT_3D('',#4632,#4633,#4634);
#4632 = CARTESIAN_POINT('',(-14.859,5.447,-0.41148));
#4633 = DIRECTION('',(0.E+000,0.E+000,1.));
#4634 = DIRECTION('',(1.,0.E+000,-0.E+000));
#4635 = CYLINDRICAL_SURFACE('',#4636,1.75);
#4636 = AXIS2_PLACEMENT_3D('',#4637,#4638,#4639);
#4637 = CARTESIAN_POINT('',(-14.859,5.447,-0.41148));
#4638 = DIRECTION('',(-0.E+000,-0.E+000,-1.));
#4639 = DIRECTION('',(1.,0.E+000,-0.E+000));
#4640 = ADVANCED_FACE('',(#4641),#4668,.F.);
#4641 = FACE_BOUND('',#4642,.T.);
#4642 = EDGE_LOOP('',(#4643,#4653,#4660,#4661));
#4643 = ORIENTED_EDGE('',*,*,#4644,.T.);
#4644 = EDGE_CURVE('',#4645,#4647,#4649,.T.);
#4645 = VERTEX_POINT('',#4646);
#4646 = CARTESIAN_POINT('',(-26.331,12.052,-0.41148));
#4647 = VERTEX_POINT('',#4648);
#4648 = CARTESIAN_POINT('',(-26.331,12.052,0.E+000));
#4649 = LINE('',#4650,#4651);
#4650 = CARTESIAN_POINT('',(-26.331,12.052,-0.41148));
#4651 = VECTOR('',#4652,1.);
#4652 = DIRECTION('',(0.E+000,0.E+000,1.));
#4653 = ORIENTED_EDGE('',*,*,#4654,.T.);
#4654 = EDGE_CURVE('',#4647,#4647,#4655,.T.);
#4655 = CIRCLE('',#4656,0.25);
#4656 = AXIS2_PLACEMENT_3D('',#4657,#4658,#4659);
#4657 = CARTESIAN_POINT('',(-26.581,12.052,0.E+000));
#4658 = DIRECTION('',(0.E+000,0.E+000,1.));
#4659 = DIRECTION('',(1.,0.E+000,-0.E+000));
#4660 = ORIENTED_EDGE('',*,*,#4644,.F.);
#4661 = ORIENTED_EDGE('',*,*,#4662,.F.);
#4662 = EDGE_CURVE('',#4645,#4645,#4663,.T.);
#4663 = CIRCLE('',#4664,0.25);
#4664 = AXIS2_PLACEMENT_3D('',#4665,#4666,#4667);
#4665 = CARTESIAN_POINT('',(-26.581,12.052,-0.41148));
#4666 = DIRECTION('',(0.E+000,0.E+000,1.));
#4667 = DIRECTION('',(1.,0.E+000,-0.E+000));
#4668 = CYLINDRICAL_SURFACE('',#4669,0.25);
#4669 = AXIS2_PLACEMENT_3D('',#4670,#4671,#4672);
#4670 = CARTESIAN_POINT('',(-26.581,12.052,-0.41148));
#4671 = DIRECTION('',(-0.E+000,-0.E+000,-1.));
#4672 = DIRECTION('',(1.,0.E+000,-0.E+000));
#4673 = ADVANCED_FACE('',(#4674),#4701,.F.);
#4674 = FACE_BOUND('',#4675,.T.);
#4675 = EDGE_LOOP('',(#4676,#4686,#4693,#4694));
#4676 = ORIENTED_EDGE('',*,*,#4677,.T.);
#4677 = EDGE_CURVE('',#4678,#4680,#4682,.T.);
#4678 = VERTEX_POINT('',#4679);
#4679 = CARTESIAN_POINT('',(-27.913,12.782,-0.41148));
#4680 = VERTEX_POINT('',#4681);
#4681 = CARTESIAN_POINT('',(-27.913,12.782,0.E+000));
#4682 = LINE('',#4683,#4684);
#4683 = CARTESIAN_POINT('',(-27.913,12.782,-0.41148));
#4684 = VECTOR('',#4685,1.);
#4685 = DIRECTION('',(0.E+000,0.E+000,1.));
#4686 = ORIENTED_EDGE('',*,*,#4687,.T.);
#4687 = EDGE_CURVE('',#4680,#4680,#4688,.T.);
#4688 = CIRCLE('',#4689,0.25);
#4689 = AXIS2_PLACEMENT_3D('',#4690,#4691,#4692);
#4690 = CARTESIAN_POINT('',(-28.163,12.782,0.E+000));
#4691 = DIRECTION('',(0.E+000,0.E+000,1.));
#4692 = DIRECTION('',(1.,0.E+000,-0.E+000));
#4693 = ORIENTED_EDGE('',*,*,#4677,.F.);
#4694 = ORIENTED_EDGE('',*,*,#4695,.F.);
#4695 = EDGE_CURVE('',#4678,#4678,#4696,.T.);
#4696 = CIRCLE('',#4697,0.25);
#4697 = AXIS2_PLACEMENT_3D('',#4698,#4699,#4700);
#4698 = CARTESIAN_POINT('',(-28.163,12.782,-0.41148));
#4699 = DIRECTION('',(0.E+000,0.E+000,1.));
#4700 = DIRECTION('',(1.,0.E+000,-0.E+000));
#4701 = CYLINDRICAL_SURFACE('',#4702,0.25);
#4702 = AXIS2_PLACEMENT_3D('',#4703,#4704,#4705);
#4703 = CARTESIAN_POINT('',(-28.163,12.782,-0.41148));
#4704 = DIRECTION('',(-0.E+000,-0.E+000,-1.));
#4705 = DIRECTION('',(1.,0.E+000,-0.E+000));
#4706 = ADVANCED_FACE('',(#4707),#4734,.F.);
#4707 = FACE_BOUND('',#4708,.T.);
#4708 = EDGE_LOOP('',(#4709,#4719,#4726,#4727));
#4709 = ORIENTED_EDGE('',*,*,#4710,.T.);
#4710 = EDGE_CURVE('',#4711,#4713,#4715,.T.);
#4711 = VERTEX_POINT('',#4712);
#4712 = CARTESIAN_POINT('',(-28.499,14.211,-0.41148));
#4713 = VERTEX_POINT('',#4714);
#4714 = CARTESIAN_POINT('',(-28.499,14.211,0.E+000));
#4715 = LINE('',#4716,#4717);
#4716 = CARTESIAN_POINT('',(-28.499,14.211,-0.41148));
#4717 = VECTOR('',#4718,1.);
#4718 = DIRECTION('',(0.E+000,0.E+000,1.));
#4719 = ORIENTED_EDGE('',*,*,#4720,.T.);
#4720 = EDGE_CURVE('',#4713,#4713,#4721,.T.);
#4721 = CIRCLE('',#4722,0.25);
#4722 = AXIS2_PLACEMENT_3D('',#4723,#4724,#4725);
#4723 = CARTESIAN_POINT('',(-28.749,14.211,0.E+000));
#4724 = DIRECTION('',(0.E+000,0.E+000,1.));
#4725 = DIRECTION('',(1.,0.E+000,-0.E+000));
#4726 = ORIENTED_EDGE('',*,*,#4710,.F.);
#4727 = ORIENTED_EDGE('',*,*,#4728,.F.);
#4728 = EDGE_CURVE('',#4711,#4711,#4729,.T.);
#4729 = CIRCLE('',#4730,0.25);
#4730 = AXIS2_PLACEMENT_3D('',#4731,#4732,#4733);
#4731 = CARTESIAN_POINT('',(-28.749,14.211,-0.41148));
#4732 = DIRECTION('',(0.E+000,0.E+000,1.));
#4733 = DIRECTION('',(1.,0.E+000,-0.E+000));
#4734 = CYLINDRICAL_SURFACE('',#4735,0.25);
#4735 = AXIS2_PLACEMENT_3D('',#4736,#4737,#4738);
#4736 = CARTESIAN_POINT('',(-28.749,14.211,-0.41148));
#4737 = DIRECTION('',(-0.E+000,-0.E+000,-1.));
#4738 = DIRECTION('',(1.,0.E+000,-0.E+000));
#4739 = ADVANCED_FACE('',(#4740),#4767,.F.);
#4740 = FACE_BOUND('',#4741,.T.);
#4741 = EDGE_LOOP('',(#4742,#4752,#4759,#4760));
#4742 = ORIENTED_EDGE('',*,*,#4743,.T.);
#4743 = EDGE_CURVE('',#4744,#4746,#4748,.T.);
#4744 = VERTEX_POINT('',#4745);
#4745 = CARTESIAN_POINT('',(-24.865,12.782,-0.41148));
#4746 = VERTEX_POINT('',#4747);
#4747 = CARTESIAN_POINT('',(-24.865,12.782,0.E+000));
#4748 = LINE('',#4749,#4750);
#4749 = CARTESIAN_POINT('',(-24.865,12.782,-0.41148));
#4750 = VECTOR('',#4751,1.);
#4751 = DIRECTION('',(0.E+000,0.E+000,1.));
#4752 = ORIENTED_EDGE('',*,*,#4753,.T.);
#4753 = EDGE_CURVE('',#4746,#4746,#4754,.T.);
#4754 = CIRCLE('',#4755,0.25);
#4755 = AXIS2_PLACEMENT_3D('',#4756,#4757,#4758);
#4756 = CARTESIAN_POINT('',(-25.115,12.782,0.E+000));
#4757 = DIRECTION('',(0.E+000,0.E+000,1.));
#4758 = DIRECTION('',(1.,0.E+000,-0.E+000));
#4759 = ORIENTED_EDGE('',*,*,#4743,.F.);
#4760 = ORIENTED_EDGE('',*,*,#4761,.F.);
#4761 = EDGE_CURVE('',#4744,#4744,#4762,.T.);
#4762 = CIRCLE('',#4763,0.25);
#4763 = AXIS2_PLACEMENT_3D('',#4764,#4765,#4766);
#4764 = CARTESIAN_POINT('',(-25.115,12.782,-0.41148));
#4765 = DIRECTION('',(0.E+000,0.E+000,1.));
#4766 = DIRECTION('',(1.,0.E+000,-0.E+000));
#4767 = CYLINDRICAL_SURFACE('',#4768,0.25);
#4768 = AXIS2_PLACEMENT_3D('',#4769,#4770,#4771);
#4769 = CARTESIAN_POINT('',(-25.115,12.782,-0.41148));
#4770 = DIRECTION('',(-0.E+000,-0.E+000,-1.));
#4771 = DIRECTION('',(1.,0.E+000,-0.E+000));
#4772 = ADVANCED_FACE('',(#4773),#4800,.F.);
#4773 = FACE_BOUND('',#4774,.T.);
#4774 = EDGE_LOOP('',(#4775,#4785,#4792,#4793));
#4775 = ORIENTED_EDGE('',*,*,#4776,.T.);
#4776 = EDGE_CURVE('',#4777,#4779,#4781,.T.);
#4777 = VERTEX_POINT('',#4778);
#4778 = CARTESIAN_POINT('',(-24.889,14.179,-0.41148));
#4779 = VERTEX_POINT('',#4780);
#4780 = CARTESIAN_POINT('',(-24.889,14.179,0.E+000));
#4781 = LINE('',#4782,#4783);
#4782 = CARTESIAN_POINT('',(-24.889,14.179,-0.41148));
#4783 = VECTOR('',#4784,1.);
#4784 = DIRECTION('',(0.E+000,0.E+000,1.));
#4785 = ORIENTED_EDGE('',*,*,#4786,.T.);
#4786 = EDGE_CURVE('',#4779,#4779,#4787,.T.);
#4787 = CIRCLE('',#4788,1.75);
#4788 = AXIS2_PLACEMENT_3D('',#4789,#4790,#4791);
#4789 = CARTESIAN_POINT('',(-26.639,14.179,0.E+000));
#4790 = DIRECTION('',(0.E+000,0.E+000,1.));
#4791 = DIRECTION('',(1.,0.E+000,-0.E+000));
#4792 = ORIENTED_EDGE('',*,*,#4776,.F.);
#4793 = ORIENTED_EDGE('',*,*,#4794,.F.);
#4794 = EDGE_CURVE('',#4777,#4777,#4795,.T.);
#4795 = CIRCLE('',#4796,1.75);
#4796 = AXIS2_PLACEMENT_3D('',#4797,#4798,#4799);
#4797 = CARTESIAN_POINT('',(-26.639,14.179,-0.41148));
#4798 = DIRECTION('',(0.E+000,0.E+000,1.));
#4799 = DIRECTION('',(1.,0.E+000,-0.E+000));
#4800 = CYLINDRICAL_SURFACE('',#4801,1.75);
#4801 = AXIS2_PLACEMENT_3D('',#4802,#4803,#4804);
#4802 = CARTESIAN_POINT('',(-26.639,14.179,-0.41148));
#4803 = DIRECTION('',(-0.E+000,-0.E+000,-1.));
#4804 = DIRECTION('',(1.,0.E+000,-0.E+000));
#4805 = ADVANCED_FACE('',(#4806),#4833,.F.);
#4806 = FACE_BOUND('',#4807,.T.);
#4807 = EDGE_LOOP('',(#4808,#4818,#4825,#4826));
#4808 = ORIENTED_EDGE('',*,*,#4809,.T.);
#4809 = EDGE_CURVE('',#4810,#4812,#4814,.T.);
#4810 = VERTEX_POINT('',#4811);
#4811 = CARTESIAN_POINT('',(-24.23,14.179,-0.41148));
#4812 = VERTEX_POINT('',#4813);
#4813 = CARTESIAN_POINT('',(-24.23,14.179,0.E+000));
#4814 = LINE('',#4815,#4816);
#4815 = CARTESIAN_POINT('',(-24.23,14.179,-0.41148));
#4816 = VECTOR('',#4817,1.);
#4817 = DIRECTION('',(0.E+000,0.E+000,1.));
#4818 = ORIENTED_EDGE('',*,*,#4819,.T.);
#4819 = EDGE_CURVE('',#4812,#4812,#4820,.T.);
#4820 = CIRCLE('',#4821,0.25);
#4821 = AXIS2_PLACEMENT_3D('',#4822,#4823,#4824);
#4822 = CARTESIAN_POINT('',(-24.48,14.179,0.E+000));
#4823 = DIRECTION('',(0.E+000,0.E+000,1.));
#4824 = DIRECTION('',(1.,0.E+000,-0.E+000));
#4825 = ORIENTED_EDGE('',*,*,#4809,.F.);
#4826 = ORIENTED_EDGE('',*,*,#4827,.F.);
#4827 = EDGE_CURVE('',#4810,#4810,#4828,.T.);
#4828 = CIRCLE('',#4829,0.25);
#4829 = AXIS2_PLACEMENT_3D('',#4830,#4831,#4832);
#4830 = CARTESIAN_POINT('',(-24.48,14.179,-0.41148));
#4831 = DIRECTION('',(0.E+000,0.E+000,1.));
#4832 = DIRECTION('',(1.,0.E+000,-0.E+000));
#4833 = CYLINDRICAL_SURFACE('',#4834,0.25);
#4834 = AXIS2_PLACEMENT_3D('',#4835,#4836,#4837);
#4835 = CARTESIAN_POINT('',(-24.48,14.179,-0.41148));
#4836 = DIRECTION('',(-0.E+000,-0.E+000,-1.));
#4837 = DIRECTION('',(1.,0.E+000,-0.E+000));
#4838 = ADVANCED_FACE('',(#4839),#4866,.F.);
#4839 = FACE_BOUND('',#4840,.T.);
#4840 = EDGE_LOOP('',(#4841,#4851,#4858,#4859));
#4841 = ORIENTED_EDGE('',*,*,#4842,.T.);
#4842 = EDGE_CURVE('',#4843,#4845,#4847,.T.);
#4843 = VERTEX_POINT('',#4844);
#4844 = CARTESIAN_POINT('',(-27.786,15.83,-0.41148));
#4845 = VERTEX_POINT('',#4846);
#4846 = CARTESIAN_POINT('',(-27.786,15.83,0.E+000));
#4847 = LINE('',#4848,#4849);
#4848 = CARTESIAN_POINT('',(-27.786,15.83,-0.41148));
#4849 = VECTOR('',#4850,1.);
#4850 = DIRECTION('',(0.E+000,0.E+000,1.));
#4851 = ORIENTED_EDGE('',*,*,#4852,.T.);
#4852 = EDGE_CURVE('',#4845,#4845,#4853,.T.);
#4853 = CIRCLE('',#4854,0.25);
#4854 = AXIS2_PLACEMENT_3D('',#4855,#4856,#4857);
#4855 = CARTESIAN_POINT('',(-28.036,15.83,0.E+000));
#4856 = DIRECTION('',(0.E+000,0.E+000,1.));
#4857 = DIRECTION('',(1.,0.E+000,-0.E+000));
#4858 = ORIENTED_EDGE('',*,*,#4842,.F.);
#4859 = ORIENTED_EDGE('',*,*,#4860,.F.);
#4860 = EDGE_CURVE('',#4843,#4843,#4861,.T.);
#4861 = CIRCLE('',#4862,0.25);
#4862 = AXIS2_PLACEMENT_3D('',#4863,#4864,#4865);
#4863 = CARTESIAN_POINT('',(-28.036,15.83,-0.41148));
#4864 = DIRECTION('',(0.E+000,0.E+000,1.));
#4865 = DIRECTION('',(1.,0.E+000,-0.E+000));
#4866 = CYLINDRICAL_SURFACE('',#4867,0.25);
#4867 = AXIS2_PLACEMENT_3D('',#4868,#4869,#4870);
#4868 = CARTESIAN_POINT('',(-28.036,15.83,-0.41148));
#4869 = DIRECTION('',(-0.E+000,-0.E+000,-1.));
#4870 = DIRECTION('',(1.,0.E+000,-0.E+000));
#4871 = ADVANCED_FACE('',(#4872),#4899,.F.);
#4872 = FACE_BOUND('',#4873,.T.);
#4873 = EDGE_LOOP('',(#4874,#4884,#4891,#4892));
#4874 = ORIENTED_EDGE('',*,*,#4875,.T.);
#4875 = EDGE_CURVE('',#4876,#4878,#4880,.T.);
#4876 = VERTEX_POINT('',#4877);
#4877 = CARTESIAN_POINT('',(-26.547,22.352,-0.41148));
#4878 = VERTEX_POINT('',#4879);
#4879 = CARTESIAN_POINT('',(-26.547,22.352,0.E+000));
#4880 = LINE('',#4881,#4882);
#4881 = CARTESIAN_POINT('',(-26.547,22.352,-0.41148));
#4882 = VECTOR('',#4883,1.);
#4883 = DIRECTION('',(0.E+000,0.E+000,1.));
#4884 = ORIENTED_EDGE('',*,*,#4885,.T.);
#4885 = EDGE_CURVE('',#4878,#4878,#4886,.T.);
#4886 = CIRCLE('',#4887,0.25);
#4887 = AXIS2_PLACEMENT_3D('',#4888,#4889,#4890);
#4888 = CARTESIAN_POINT('',(-26.797,22.352,0.E+000));
#4889 = DIRECTION('',(0.E+000,0.E+000,1.));
#4890 = DIRECTION('',(1.,0.E+000,-0.E+000));
#4891 = ORIENTED_EDGE('',*,*,#4875,.F.);
#4892 = ORIENTED_EDGE('',*,*,#4893,.F.);
#4893 = EDGE_CURVE('',#4876,#4876,#4894,.T.);
#4894 = CIRCLE('',#4895,0.25);
#4895 = AXIS2_PLACEMENT_3D('',#4896,#4897,#4898);
#4896 = CARTESIAN_POINT('',(-26.797,22.352,-0.41148));
#4897 = DIRECTION('',(0.E+000,0.E+000,1.));
#4898 = DIRECTION('',(1.,0.E+000,-0.E+000));
#4899 = CYLINDRICAL_SURFACE('',#4900,0.25);
#4900 = AXIS2_PLACEMENT_3D('',#4901,#4902,#4903);
#4901 = CARTESIAN_POINT('',(-26.797,22.352,-0.41148));
#4902 = DIRECTION('',(-0.E+000,-0.E+000,-1.));
#4903 = DIRECTION('',(1.,0.E+000,-0.E+000));
#4904 = ADVANCED_FACE('',(#4905),#4932,.F.);
#4905 = FACE_BOUND('',#4906,.T.);
#4906 = EDGE_LOOP('',(#4907,#4917,#4924,#4925));
#4907 = ORIENTED_EDGE('',*,*,#4908,.T.);
#4908 = EDGE_CURVE('',#4909,#4911,#4913,.T.);
#4909 = VERTEX_POINT('',#4910);
#4910 = CARTESIAN_POINT('',(-26.389,16.338,-0.41148));
#4911 = VERTEX_POINT('',#4912);
#4912 = CARTESIAN_POINT('',(-26.389,16.338,0.E+000));
#4913 = LINE('',#4914,#4915);
#4914 = CARTESIAN_POINT('',(-26.389,16.338,-0.41148));
#4915 = VECTOR('',#4916,1.);
#4916 = DIRECTION('',(0.E+000,0.E+000,1.));
#4917 = ORIENTED_EDGE('',*,*,#4918,.T.);
#4918 = EDGE_CURVE('',#4911,#4911,#4919,.T.);
#4919 = CIRCLE('',#4920,0.25);
#4920 = AXIS2_PLACEMENT_3D('',#4921,#4922,#4923);
#4921 = CARTESIAN_POINT('',(-26.639,16.338,0.E+000));
#4922 = DIRECTION('',(0.E+000,0.E+000,1.));
#4923 = DIRECTION('',(1.,0.E+000,-0.E+000));
#4924 = ORIENTED_EDGE('',*,*,#4908,.F.);
#4925 = ORIENTED_EDGE('',*,*,#4926,.F.);
#4926 = EDGE_CURVE('',#4909,#4909,#4927,.T.);
#4927 = CIRCLE('',#4928,0.25);
#4928 = AXIS2_PLACEMENT_3D('',#4929,#4930,#4931);
#4929 = CARTESIAN_POINT('',(-26.639,16.338,-0.41148));
#4930 = DIRECTION('',(0.E+000,0.E+000,1.));
#4931 = DIRECTION('',(1.,0.E+000,-0.E+000));
#4932 = CYLINDRICAL_SURFACE('',#4933,0.25);
#4933 = AXIS2_PLACEMENT_3D('',#4934,#4935,#4936);
#4934 = CARTESIAN_POINT('',(-26.639,16.338,-0.41148));
#4935 = DIRECTION('',(-0.E+000,-0.E+000,-1.));
#4936 = DIRECTION('',(1.,0.E+000,-0.E+000));
#4937 = ADVANCED_FACE('',(#4938),#4965,.F.);
#4938 = FACE_BOUND('',#4939,.T.);
#4939 = EDGE_LOOP('',(#4940,#4950,#4957,#4958));
#4940 = ORIENTED_EDGE('',*,*,#4941,.T.);
#4941 = EDGE_CURVE('',#4942,#4944,#4946,.T.);
#4942 = VERTEX_POINT('',#4943);
#4943 = CARTESIAN_POINT('',(-23.523,23.749,-0.41148));
#4944 = VERTEX_POINT('',#4945);
#4945 = CARTESIAN_POINT('',(-23.523,23.749,0.E+000));
#4946 = LINE('',#4947,#4948);
#4947 = CARTESIAN_POINT('',(-23.523,23.749,-0.41148));
#4948 = VECTOR('',#4949,1.);
#4949 = DIRECTION('',(0.E+000,0.E+000,1.));
#4950 = ORIENTED_EDGE('',*,*,#4951,.T.);
#4951 = EDGE_CURVE('',#4944,#4944,#4952,.T.);
#4952 = CIRCLE('',#4953,1.75);
#4953 = AXIS2_PLACEMENT_3D('',#4954,#4955,#4956);
#4954 = CARTESIAN_POINT('',(-25.273,23.749,0.E+000));
#4955 = DIRECTION('',(0.E+000,0.E+000,1.));
#4956 = DIRECTION('',(1.,0.E+000,-0.E+000));
#4957 = ORIENTED_EDGE('',*,*,#4941,.F.);
#4958 = ORIENTED_EDGE('',*,*,#4959,.F.);
#4959 = EDGE_CURVE('',#4942,#4942,#4960,.T.);
#4960 = CIRCLE('',#4961,1.75);
#4961 = AXIS2_PLACEMENT_3D('',#4962,#4963,#4964);
#4962 = CARTESIAN_POINT('',(-25.273,23.749,-0.41148));
#4963 = DIRECTION('',(0.E+000,0.E+000,1.));
#4964 = DIRECTION('',(1.,0.E+000,-0.E+000));
#4965 = CYLINDRICAL_SURFACE('',#4966,1.75);
#4966 = AXIS2_PLACEMENT_3D('',#4967,#4968,#4969);
#4967 = CARTESIAN_POINT('',(-25.273,23.749,-0.41148));
#4968 = DIRECTION('',(-0.E+000,-0.E+000,-1.));
#4969 = DIRECTION('',(1.,0.E+000,-0.E+000));
#4970 = ADVANCED_FACE('',(#4971),#4998,.F.);
#4971 = FACE_BOUND('',#4972,.T.);
#4972 = EDGE_LOOP('',(#4973,#4983,#4990,#4991));
#4973 = ORIENTED_EDGE('',*,*,#4974,.T.);
#4974 = EDGE_CURVE('',#4975,#4977,#4979,.T.);
#4975 = VERTEX_POINT('',#4976);
#4976 = CARTESIAN_POINT('',(-32.216,51.689,-0.41148));
#4977 = VERTEX_POINT('',#4978);
#4978 = CARTESIAN_POINT('',(-32.216,51.689,0.E+000));
#4979 = LINE('',#4980,#4981);
#4980 = CARTESIAN_POINT('',(-32.216,51.689,-0.41148));
#4981 = VECTOR('',#4982,1.);
#4982 = DIRECTION('',(0.E+000,0.E+000,1.));
#4983 = ORIENTED_EDGE('',*,*,#4984,.T.);
#4984 = EDGE_CURVE('',#4977,#4977,#4985,.T.);
#4985 = CIRCLE('',#4986,0.55);
#4986 = AXIS2_PLACEMENT_3D('',#4987,#4988,#4989);
#4987 = CARTESIAN_POINT('',(-32.766,51.689,0.E+000));
#4988 = DIRECTION('',(0.E+000,0.E+000,1.));
#4989 = DIRECTION('',(1.,0.E+000,-0.E+000));
#4990 = ORIENTED_EDGE('',*,*,#4974,.F.);
#4991 = ORIENTED_EDGE('',*,*,#4992,.F.);
#4992 = EDGE_CURVE('',#4975,#4975,#4993,.T.);
#4993 = CIRCLE('',#4994,0.55);
#4994 = AXIS2_PLACEMENT_3D('',#4995,#4996,#4997);
#4995 = CARTESIAN_POINT('',(-32.766,51.689,-0.41148));
#4996 = DIRECTION('',(0.E+000,0.E+000,1.));
#4997 = DIRECTION('',(1.,0.E+000,-0.E+000));
#4998 = CYLINDRICAL_SURFACE('',#4999,0.55);
#4999 = AXIS2_PLACEMENT_3D('',#5000,#5001,#5002);
#5000 = CARTESIAN_POINT('',(-32.766,51.689,-0.41148));
#5001 = DIRECTION('',(-0.E+000,-0.E+000,-1.));
#5002 = DIRECTION('',(1.,0.E+000,-0.E+000));
#5003 = ADVANCED_FACE('',(#5004),#5031,.F.);
#5004 = FACE_BOUND('',#5005,.T.);
#5005 = EDGE_LOOP('',(#5006,#5016,#5023,#5024));
#5006 = ORIENTED_EDGE('',*,*,#5007,.T.);
#5007 = EDGE_CURVE('',#5008,#5010,#5012,.T.);
#5008 = VERTEX_POINT('',#5009);
#5009 = CARTESIAN_POINT('',(-34.756,51.689,-0.41148));
#5010 = VERTEX_POINT('',#5011);
#5011 = CARTESIAN_POINT('',(-34.756,51.689,0.E+000));
#5012 = LINE('',#5013,#5014);
#5013 = CARTESIAN_POINT('',(-34.756,51.689,-0.41148));
#5014 = VECTOR('',#5015,1.);
#5015 = DIRECTION('',(0.E+000,0.E+000,1.));
#5016 = ORIENTED_EDGE('',*,*,#5017,.T.);
#5017 = EDGE_CURVE('',#5010,#5010,#5018,.T.);
#5018 = CIRCLE('',#5019,0.55);
#5019 = AXIS2_PLACEMENT_3D('',#5020,#5021,#5022);
#5020 = CARTESIAN_POINT('',(-35.306,51.689,0.E+000));
#5021 = DIRECTION('',(0.E+000,0.E+000,1.));
#5022 = DIRECTION('',(1.,0.E+000,-0.E+000));
#5023 = ORIENTED_EDGE('',*,*,#5007,.F.);
#5024 = ORIENTED_EDGE('',*,*,#5025,.F.);
#5025 = EDGE_CURVE('',#5008,#5008,#5026,.T.);
#5026 = CIRCLE('',#5027,0.55);
#5027 = AXIS2_PLACEMENT_3D('',#5028,#5029,#5030);
#5028 = CARTESIAN_POINT('',(-35.306,51.689,-0.41148));
#5029 = DIRECTION('',(0.E+000,0.E+000,1.));
#5030 = DIRECTION('',(1.,0.E+000,-0.E+000));
#5031 = CYLINDRICAL_SURFACE('',#5032,0.55);
#5032 = AXIS2_PLACEMENT_3D('',#5033,#5034,#5035);
#5033 = CARTESIAN_POINT('',(-35.306,51.689,-0.41148));
#5034 = DIRECTION('',(-0.E+000,-0.E+000,-1.));
#5035 = DIRECTION('',(1.,0.E+000,-0.E+000));
#5036 = ADVANCED_FACE('',(#5037),#5064,.F.);
#5037 = FACE_BOUND('',#5038,.T.);
#5038 = EDGE_LOOP('',(#5039,#5049,#5056,#5057));
#5039 = ORIENTED_EDGE('',*,*,#5040,.T.);
#5040 = EDGE_CURVE('',#5041,#5043,#5045,.T.);
#5041 = VERTEX_POINT('',#5042);
#5042 = CARTESIAN_POINT('',(-27.133,23.78,-0.41148));
#5043 = VERTEX_POINT('',#5044);
#5044 = CARTESIAN_POINT('',(-27.133,23.78,0.E+000));
#5045 = LINE('',#5046,#5047);
#5046 = CARTESIAN_POINT('',(-27.133,23.78,-0.41148));
#5047 = VECTOR('',#5048,1.);
#5048 = DIRECTION('',(0.E+000,0.E+000,1.));
#5049 = ORIENTED_EDGE('',*,*,#5050,.T.);
#5050 = EDGE_CURVE('',#5043,#5043,#5051,.T.);
#5051 = CIRCLE('',#5052,0.25);
#5052 = AXIS2_PLACEMENT_3D('',#5053,#5054,#5055);
#5053 = CARTESIAN_POINT('',(-27.383,23.78,0.E+000));
#5054 = DIRECTION('',(0.E+000,0.E+000,1.));
#5055 = DIRECTION('',(1.,0.E+000,-0.E+000));
#5056 = ORIENTED_EDGE('',*,*,#5040,.F.);
#5057 = ORIENTED_EDGE('',*,*,#5058,.F.);
#5058 = EDGE_CURVE('',#5041,#5041,#5059,.T.);
#5059 = CIRCLE('',#5060,0.25);
#5060 = AXIS2_PLACEMENT_3D('',#5061,#5062,#5063);
#5061 = CARTESIAN_POINT('',(-27.383,23.78,-0.41148));
#5062 = DIRECTION('',(0.E+000,0.E+000,1.));
#5063 = DIRECTION('',(1.,0.E+000,-0.E+000));
#5064 = CYLINDRICAL_SURFACE('',#5065,0.25);
#5065 = AXIS2_PLACEMENT_3D('',#5066,#5067,#5068);
#5066 = CARTESIAN_POINT('',(-27.383,23.78,-0.41148));
#5067 = DIRECTION('',(-0.E+000,-0.E+000,-1.));
#5068 = DIRECTION('',(1.,0.E+000,-0.E+000));
#5069 = ADVANCED_FACE('',(#5070),#5097,.F.);
#5070 = FACE_BOUND('',#5071,.T.);
#5071 = EDGE_LOOP('',(#5072,#5082,#5089,#5090));
#5072 = ORIENTED_EDGE('',*,*,#5073,.T.);
#5073 = EDGE_CURVE('',#5074,#5076,#5078,.T.);
#5074 = VERTEX_POINT('',#5075);
#5075 = CARTESIAN_POINT('',(-26.42,25.4,-0.41148));
#5076 = VERTEX_POINT('',#5077);
#5077 = CARTESIAN_POINT('',(-26.42,25.4,0.E+000));
#5078 = LINE('',#5079,#5080);
#5079 = CARTESIAN_POINT('',(-26.42,25.4,-0.41148));
#5080 = VECTOR('',#5081,1.);
#5081 = DIRECTION('',(0.E+000,0.E+000,1.));
#5082 = ORIENTED_EDGE('',*,*,#5083,.T.);
#5083 = EDGE_CURVE('',#5076,#5076,#5084,.T.);
#5084 = CIRCLE('',#5085,0.25);
#5085 = AXIS2_PLACEMENT_3D('',#5086,#5087,#5088);
#5086 = CARTESIAN_POINT('',(-26.67,25.4,0.E+000));
#5087 = DIRECTION('',(0.E+000,0.E+000,1.));
#5088 = DIRECTION('',(1.,0.E+000,-0.E+000));
#5089 = ORIENTED_EDGE('',*,*,#5073,.F.);
#5090 = ORIENTED_EDGE('',*,*,#5091,.F.);
#5091 = EDGE_CURVE('',#5074,#5074,#5092,.T.);
#5092 = CIRCLE('',#5093,0.25);
#5093 = AXIS2_PLACEMENT_3D('',#5094,#5095,#5096);
#5094 = CARTESIAN_POINT('',(-26.67,25.4,-0.41148));
#5095 = DIRECTION('',(0.E+000,0.E+000,1.));
#5096 = DIRECTION('',(1.,0.E+000,-0.E+000));
#5097 = CYLINDRICAL_SURFACE('',#5098,0.25);
#5098 = AXIS2_PLACEMENT_3D('',#5099,#5100,#5101);
#5099 = CARTESIAN_POINT('',(-26.67,25.4,-0.41148));
#5100 = DIRECTION('',(-0.E+000,-0.E+000,-1.));
#5101 = DIRECTION('',(1.,0.E+000,-0.E+000));
#5102 = ADVANCED_FACE('',(#5103),#5130,.F.);
#5103 = FACE_BOUND('',#5104,.T.);
#5104 = EDGE_LOOP('',(#5105,#5115,#5122,#5123));
#5105 = ORIENTED_EDGE('',*,*,#5106,.T.);
#5106 = EDGE_CURVE('',#5107,#5109,#5111,.T.);
#5107 = VERTEX_POINT('',#5108);
#5108 = CARTESIAN_POINT('',(-25.023,25.908,-0.41148));
#5109 = VERTEX_POINT('',#5110);
#5110 = CARTESIAN_POINT('',(-25.023,25.908,0.E+000));
#5111 = LINE('',#5112,#5113);
#5112 = CARTESIAN_POINT('',(-25.023,25.908,-0.41148));
#5113 = VECTOR('',#5114,1.);
#5114 = DIRECTION('',(0.E+000,0.E+000,1.));
#5115 = ORIENTED_EDGE('',*,*,#5116,.T.);
#5116 = EDGE_CURVE('',#5109,#5109,#5117,.T.);
#5117 = CIRCLE('',#5118,0.25);
#5118 = AXIS2_PLACEMENT_3D('',#5119,#5120,#5121);
#5119 = CARTESIAN_POINT('',(-25.273,25.908,0.E+000));
#5120 = DIRECTION('',(0.E+000,0.E+000,1.));
#5121 = DIRECTION('',(1.,0.E+000,-0.E+000));
#5122 = ORIENTED_EDGE('',*,*,#5106,.F.);
#5123 = ORIENTED_EDGE('',*,*,#5124,.F.);
#5124 = EDGE_CURVE('',#5107,#5107,#5125,.T.);
#5125 = CIRCLE('',#5126,0.25);
#5126 = AXIS2_PLACEMENT_3D('',#5127,#5128,#5129);
#5127 = CARTESIAN_POINT('',(-25.273,25.908,-0.41148));
#5128 = DIRECTION('',(0.E+000,0.E+000,1.));
#5129 = DIRECTION('',(1.,0.E+000,-0.E+000));
#5130 = CYLINDRICAL_SURFACE('',#5131,0.25);
#5131 = AXIS2_PLACEMENT_3D('',#5132,#5133,#5134);
#5132 = CARTESIAN_POINT('',(-25.273,25.908,-0.41148));
#5133 = DIRECTION('',(-0.E+000,-0.E+000,-1.));
#5134 = DIRECTION('',(1.,0.E+000,-0.E+000));
#5135 = ADVANCED_FACE('',(#5136),#5163,.F.);
#5136 = FACE_BOUND('',#5137,.T.);
#5137 = EDGE_LOOP('',(#5138,#5148,#5155,#5156));
#5138 = ORIENTED_EDGE('',*,*,#5139,.T.);
#5139 = EDGE_CURVE('',#5140,#5142,#5144,.T.);
#5140 = VERTEX_POINT('',#5141);
#5141 = CARTESIAN_POINT('',(-24.992,15.703,-0.41148));
#5142 = VERTEX_POINT('',#5143);
#5143 = CARTESIAN_POINT('',(-24.992,15.703,0.E+000));
#5144 = LINE('',#5145,#5146);
#5145 = CARTESIAN_POINT('',(-24.992,15.703,-0.41148));
#5146 = VECTOR('',#5147,1.);
#5147 = DIRECTION('',(0.E+000,0.E+000,1.));
#5148 = ORIENTED_EDGE('',*,*,#5149,.T.);
#5149 = EDGE_CURVE('',#5142,#5142,#5150,.T.);
#5150 = CIRCLE('',#5151,0.25);
#5151 = AXIS2_PLACEMENT_3D('',#5152,#5153,#5154);
#5152 = CARTESIAN_POINT('',(-25.242,15.703,0.E+000));
#5153 = DIRECTION('',(0.E+000,0.E+000,1.));
#5154 = DIRECTION('',(1.,0.E+000,-0.E+000));
#5155 = ORIENTED_EDGE('',*,*,#5139,.F.);
#5156 = ORIENTED_EDGE('',*,*,#5157,.F.);
#5157 = EDGE_CURVE('',#5140,#5140,#5158,.T.);
#5158 = CIRCLE('',#5159,0.25);
#5159 = AXIS2_PLACEMENT_3D('',#5160,#5161,#5162);
#5160 = CARTESIAN_POINT('',(-25.242,15.703,-0.41148));
#5161 = DIRECTION('',(0.E+000,0.E+000,1.));
#5162 = DIRECTION('',(1.,0.E+000,-0.E+000));
#5163 = CYLINDRICAL_SURFACE('',#5164,0.25);
#5164 = AXIS2_PLACEMENT_3D('',#5165,#5166,#5167);
#5165 = CARTESIAN_POINT('',(-25.242,15.703,-0.41148));
#5166 = DIRECTION('',(-0.E+000,-0.E+000,-1.));
#5167 = DIRECTION('',(1.,0.E+000,-0.E+000));
#5168 = ADVANCED_FACE('',(#5169),#5196,.F.);
#5169 = FACE_BOUND('',#5170,.T.);
#5170 = EDGE_LOOP('',(#5171,#5181,#5188,#5189));
#5171 = ORIENTED_EDGE('',*,*,#5172,.T.);
#5172 = EDGE_CURVE('',#5173,#5175,#5177,.T.);
#5173 = VERTEX_POINT('',#5174);
#5174 = CARTESIAN_POINT('',(-24.964,21.621,-0.41148));
#5175 = VERTEX_POINT('',#5176);
#5176 = CARTESIAN_POINT('',(-24.964,21.621,0.E+000));
#5177 = LINE('',#5178,#5179);
#5178 = CARTESIAN_POINT('',(-24.964,21.621,-0.41148));
#5179 = VECTOR('',#5180,1.);
#5180 = DIRECTION('',(0.E+000,0.E+000,1.));
#5181 = ORIENTED_EDGE('',*,*,#5182,.T.);
#5182 = EDGE_CURVE('',#5175,#5175,#5183,.T.);
#5183 = CIRCLE('',#5184,0.25);
#5184 = AXIS2_PLACEMENT_3D('',#5185,#5186,#5187);
#5185 = CARTESIAN_POINT('',(-25.214,21.621,0.E+000));
#5186 = DIRECTION('',(0.E+000,0.E+000,1.));
#5187 = DIRECTION('',(1.,0.E+000,-0.E+000));
#5188 = ORIENTED_EDGE('',*,*,#5172,.F.);
#5189 = ORIENTED_EDGE('',*,*,#5190,.F.);
#5190 = EDGE_CURVE('',#5173,#5173,#5191,.T.);
#5191 = CIRCLE('',#5192,0.25);
#5192 = AXIS2_PLACEMENT_3D('',#5193,#5194,#5195);
#5193 = CARTESIAN_POINT('',(-25.214,21.621,-0.41148));
#5194 = DIRECTION('',(0.E+000,0.E+000,1.));
#5195 = DIRECTION('',(1.,0.E+000,-0.E+000));
#5196 = CYLINDRICAL_SURFACE('',#5197,0.25);
#5197 = AXIS2_PLACEMENT_3D('',#5198,#5199,#5200);
#5198 = CARTESIAN_POINT('',(-25.214,21.621,-0.41148));
#5199 = DIRECTION('',(-0.E+000,-0.E+000,-1.));
#5200 = DIRECTION('',(1.,0.E+000,-0.E+000));
#5201 = ADVANCED_FACE('',(#5202),#5229,.F.);
#5202 = FACE_BOUND('',#5203,.T.);
#5203 = EDGE_LOOP('',(#5204,#5214,#5221,#5222));
#5204 = ORIENTED_EDGE('',*,*,#5205,.T.);
#5205 = EDGE_CURVE('',#5206,#5208,#5210,.T.);
#5206 = VERTEX_POINT('',#5207);
#5207 = CARTESIAN_POINT('',(-5.469,16.764,-0.41148));
#5208 = VERTEX_POINT('',#5209);
#5209 = CARTESIAN_POINT('',(-5.469,16.764,0.E+000));
#5210 = LINE('',#5211,#5212);
#5211 = CARTESIAN_POINT('',(-5.469,16.764,-0.41148));
#5212 = VECTOR('',#5213,1.);
#5213 = DIRECTION('',(0.E+000,0.E+000,1.));
#5214 = ORIENTED_EDGE('',*,*,#5215,.T.);
#5215 = EDGE_CURVE('',#5208,#5208,#5216,.T.);
#5216 = CIRCLE('',#5217,0.5);
#5217 = AXIS2_PLACEMENT_3D('',#5218,#5219,#5220);
#5218 = CARTESIAN_POINT('',(-5.969,16.764,0.E+000));
#5219 = DIRECTION('',(0.E+000,0.E+000,1.));
#5220 = DIRECTION('',(1.,0.E+000,-0.E+000));
#5221 = ORIENTED_EDGE('',*,*,#5205,.F.);
#5222 = ORIENTED_EDGE('',*,*,#5223,.F.);
#5223 = EDGE_CURVE('',#5206,#5206,#5224,.T.);
#5224 = CIRCLE('',#5225,0.5);
#5225 = AXIS2_PLACEMENT_3D('',#5226,#5227,#5228);
#5226 = CARTESIAN_POINT('',(-5.969,16.764,-0.41148));
#5227 = DIRECTION('',(0.E+000,0.E+000,1.));
#5228 = DIRECTION('',(1.,0.E+000,-0.E+000));
#5229 = CYLINDRICAL_SURFACE('',#5230,0.5);
#5230 = AXIS2_PLACEMENT_3D('',#5231,#5232,#5233);
#5231 = CARTESIAN_POINT('',(-5.969,16.764,-0.41148));
#5232 = DIRECTION('',(-0.E+000,-0.E+000,-1.));
#5233 = DIRECTION('',(1.,0.E+000,-0.E+000));
#5234 = ADVANCED_FACE('',(#5235),#5262,.F.);
#5235 = FACE_BOUND('',#5236,.T.);
#5236 = EDGE_LOOP('',(#5237,#5247,#5254,#5255));
#5237 = ORIENTED_EDGE('',*,*,#5238,.T.);
#5238 = EDGE_CURVE('',#5239,#5241,#5243,.T.);
#5239 = VERTEX_POINT('',#5240);
#5240 = CARTESIAN_POINT('',(-5.469,19.28,-0.41148));
#5241 = VERTEX_POINT('',#5242);
#5242 = CARTESIAN_POINT('',(-5.469,19.28,0.E+000));
#5243 = LINE('',#5244,#5245);
#5244 = CARTESIAN_POINT('',(-5.469,19.28,-0.41148));
#5245 = VECTOR('',#5246,1.);
#5246 = DIRECTION('',(0.E+000,0.E+000,1.));
#5247 = ORIENTED_EDGE('',*,*,#5248,.T.);
#5248 = EDGE_CURVE('',#5241,#5241,#5249,.T.);
#5249 = CIRCLE('',#5250,0.5);
#5250 = AXIS2_PLACEMENT_3D('',#5251,#5252,#5253);
#5251 = CARTESIAN_POINT('',(-5.969,19.28,0.E+000));
#5252 = DIRECTION('',(0.E+000,0.E+000,1.));
#5253 = DIRECTION('',(1.,0.E+000,-0.E+000));
#5254 = ORIENTED_EDGE('',*,*,#5238,.F.);
#5255 = ORIENTED_EDGE('',*,*,#5256,.F.);
#5256 = EDGE_CURVE('',#5239,#5239,#5257,.T.);
#5257 = CIRCLE('',#5258,0.5);
#5258 = AXIS2_PLACEMENT_3D('',#5259,#5260,#5261);
#5259 = CARTESIAN_POINT('',(-5.969,19.28,-0.41148));
#5260 = DIRECTION('',(0.E+000,0.E+000,1.));
#5261 = DIRECTION('',(1.,0.E+000,-0.E+000));
#5262 = CYLINDRICAL_SURFACE('',#5263,0.5);
#5263 = AXIS2_PLACEMENT_3D('',#5264,#5265,#5266);
#5264 = CARTESIAN_POINT('',(-5.969,19.28,-0.41148));
#5265 = DIRECTION('',(-0.E+000,-0.E+000,-1.));
#5266 = DIRECTION('',(1.,0.E+000,-0.E+000));
#5267 = ADVANCED_FACE('',(#5268),#5295,.F.);
#5268 = FACE_BOUND('',#5269,.T.);
#5269 = EDGE_LOOP('',(#5270,#5280,#5287,#5288));
#5270 = ORIENTED_EDGE('',*,*,#5271,.T.);
#5271 = EDGE_CURVE('',#5272,#5274,#5276,.T.);
#5272 = VERTEX_POINT('',#5273);
#5273 = CARTESIAN_POINT('',(-23.499,22.352,-0.41148));
#5274 = VERTEX_POINT('',#5275);
#5275 = CARTESIAN_POINT('',(-23.499,22.352,0.E+000));
#5276 = LINE('',#5277,#5278);
#5277 = CARTESIAN_POINT('',(-23.499,22.352,-0.41148));
#5278 = VECTOR('',#5279,1.);
#5279 = DIRECTION('',(0.E+000,0.E+000,1.));
#5280 = ORIENTED_EDGE('',*,*,#5281,.T.);
#5281 = EDGE_CURVE('',#5274,#5274,#5282,.T.);
#5282 = CIRCLE('',#5283,0.25);
#5283 = AXIS2_PLACEMENT_3D('',#5284,#5285,#5286);
#5284 = CARTESIAN_POINT('',(-23.749,22.352,0.E+000));
#5285 = DIRECTION('',(0.E+000,0.E+000,1.));
#5286 = DIRECTION('',(1.,0.E+000,-0.E+000));
#5287 = ORIENTED_EDGE('',*,*,#5271,.F.);
#5288 = ORIENTED_EDGE('',*,*,#5289,.F.);
#5289 = EDGE_CURVE('',#5272,#5272,#5290,.T.);
#5290 = CIRCLE('',#5291,0.25);
#5291 = AXIS2_PLACEMENT_3D('',#5292,#5293,#5294);
#5292 = CARTESIAN_POINT('',(-23.749,22.352,-0.41148));
#5293 = DIRECTION('',(0.E+000,0.E+000,1.));
#5294 = DIRECTION('',(1.,0.E+000,-0.E+000));
#5295 = CYLINDRICAL_SURFACE('',#5296,0.25);
#5296 = AXIS2_PLACEMENT_3D('',#5297,#5298,#5299);
#5297 = CARTESIAN_POINT('',(-23.749,22.352,-0.41148));
#5298 = DIRECTION('',(-0.E+000,-0.E+000,-1.));
#5299 = DIRECTION('',(1.,0.E+000,-0.E+000));
#5300 = ADVANCED_FACE('',(#5301),#5328,.F.);
#5301 = FACE_BOUND('',#5302,.T.);
#5302 = EDGE_LOOP('',(#5303,#5313,#5320,#5321));
#5303 = ORIENTED_EDGE('',*,*,#5304,.T.);
#5304 = EDGE_CURVE('',#5305,#5307,#5309,.T.);
#5305 = VERTEX_POINT('',#5306);
#5306 = CARTESIAN_POINT('',(-23.626,25.273,-0.41148));
#5307 = VERTEX_POINT('',#5308);
#5308 = CARTESIAN_POINT('',(-23.626,25.273,0.E+000));
#5309 = LINE('',#5310,#5311);
#5310 = CARTESIAN_POINT('',(-23.626,25.273,-0.41148));
#5311 = VECTOR('',#5312,1.);
#5312 = DIRECTION('',(0.E+000,0.E+000,1.));
#5313 = ORIENTED_EDGE('',*,*,#5314,.T.);
#5314 = EDGE_CURVE('',#5307,#5307,#5315,.T.);
#5315 = CIRCLE('',#5316,0.25);
#5316 = AXIS2_PLACEMENT_3D('',#5317,#5318,#5319);
#5317 = CARTESIAN_POINT('',(-23.876,25.273,0.E+000));
#5318 = DIRECTION('',(0.E+000,0.E+000,1.));
#5319 = DIRECTION('',(1.,0.E+000,-0.E+000));
#5320 = ORIENTED_EDGE('',*,*,#5304,.F.);
#5321 = ORIENTED_EDGE('',*,*,#5322,.F.);
#5322 = EDGE_CURVE('',#5305,#5305,#5323,.T.);
#5323 = CIRCLE('',#5324,0.25);
#5324 = AXIS2_PLACEMENT_3D('',#5325,#5326,#5327);
#5325 = CARTESIAN_POINT('',(-23.876,25.273,-0.41148));
#5326 = DIRECTION('',(0.E+000,0.E+000,1.));
#5327 = DIRECTION('',(1.,0.E+000,-0.E+000));
#5328 = CYLINDRICAL_SURFACE('',#5329,0.25);
#5329 = AXIS2_PLACEMENT_3D('',#5330,#5331,#5332);
#5330 = CARTESIAN_POINT('',(-23.876,25.273,-0.41148));
#5331 = DIRECTION('',(-0.E+000,-0.E+000,-1.));
#5332 = DIRECTION('',(1.,0.E+000,-0.E+000));
#5333 = ADVANCED_FACE('',(#5334),#5361,.F.);
#5334 = FACE_BOUND('',#5335,.T.);
#5335 = EDGE_LOOP('',(#5336,#5346,#5353,#5354));
#5336 = ORIENTED_EDGE('',*,*,#5337,.T.);
#5337 = EDGE_CURVE('',#5338,#5340,#5342,.T.);
#5338 = VERTEX_POINT('',#5339);
#5339 = CARTESIAN_POINT('',(-22.864,23.749,-0.41148));
#5340 = VERTEX_POINT('',#5341);
#5341 = CARTESIAN_POINT('',(-22.864,23.749,0.E+000));
#5342 = LINE('',#5343,#5344);
#5343 = CARTESIAN_POINT('',(-22.864,23.749,-0.41148));
#5344 = VECTOR('',#5345,1.);
#5345 = DIRECTION('',(0.E+000,0.E+000,1.));
#5346 = ORIENTED_EDGE('',*,*,#5347,.T.);
#5347 = EDGE_CURVE('',#5340,#5340,#5348,.T.);
#5348 = CIRCLE('',#5349,0.25);
#5349 = AXIS2_PLACEMENT_3D('',#5350,#5351,#5352);
#5350 = CARTESIAN_POINT('',(-23.114,23.749,0.E+000));
#5351 = DIRECTION('',(0.E+000,0.E+000,1.));
#5352 = DIRECTION('',(1.,0.E+000,-0.E+000));
#5353 = ORIENTED_EDGE('',*,*,#5337,.F.);
#5354 = ORIENTED_EDGE('',*,*,#5355,.F.);
#5355 = EDGE_CURVE('',#5338,#5338,#5356,.T.);
#5356 = CIRCLE('',#5357,0.25);
#5357 = AXIS2_PLACEMENT_3D('',#5358,#5359,#5360);
#5358 = CARTESIAN_POINT('',(-23.114,23.749,-0.41148));
#5359 = DIRECTION('',(0.E+000,0.E+000,1.));
#5360 = DIRECTION('',(1.,0.E+000,-0.E+000));
#5361 = CYLINDRICAL_SURFACE('',#5362,0.25);
#5362 = AXIS2_PLACEMENT_3D('',#5363,#5364,#5365);
#5363 = CARTESIAN_POINT('',(-23.114,23.749,-0.41148));
#5364 = DIRECTION('',(-0.E+000,-0.E+000,-1.));
#5365 = DIRECTION('',(1.,0.E+000,-0.E+000));
#5366 = ADVANCED_FACE('',(#5367),#5394,.F.);
#5367 = FACE_BOUND('',#5368,.T.);
#5368 = EDGE_LOOP('',(#5369,#5379,#5386,#5387));
#5369 = ORIENTED_EDGE('',*,*,#5370,.T.);
#5370 = EDGE_CURVE('',#5371,#5373,#5375,.T.);
#5371 = VERTEX_POINT('',#5372);
#5372 = CARTESIAN_POINT('',(-18.246,51.689,-0.41148));
#5373 = VERTEX_POINT('',#5374);
#5374 = CARTESIAN_POINT('',(-18.246,51.689,0.E+000));
#5375 = LINE('',#5376,#5377);
#5376 = CARTESIAN_POINT('',(-18.246,51.689,-0.41148));
#5377 = VECTOR('',#5378,1.);
#5378 = DIRECTION('',(0.E+000,0.E+000,1.));
#5379 = ORIENTED_EDGE('',*,*,#5380,.T.);
#5380 = EDGE_CURVE('',#5373,#5373,#5381,.T.);
#5381 = CIRCLE('',#5382,0.55);
#5382 = AXIS2_PLACEMENT_3D('',#5383,#5384,#5385);
#5383 = CARTESIAN_POINT('',(-18.796,51.689,0.E+000));
#5384 = DIRECTION('',(0.E+000,0.E+000,1.));
#5385 = DIRECTION('',(1.,0.E+000,-0.E+000));
#5386 = ORIENTED_EDGE('',*,*,#5370,.F.);
#5387 = ORIENTED_EDGE('',*,*,#5388,.F.);
#5388 = EDGE_CURVE('',#5371,#5371,#5389,.T.);
#5389 = CIRCLE('',#5390,0.55);
#5390 = AXIS2_PLACEMENT_3D('',#5391,#5392,#5393);
#5391 = CARTESIAN_POINT('',(-18.796,51.689,-0.41148));
#5392 = DIRECTION('',(0.E+000,0.E+000,1.));
#5393 = DIRECTION('',(1.,0.E+000,-0.E+000));
#5394 = CYLINDRICAL_SURFACE('',#5395,0.55);
#5395 = AXIS2_PLACEMENT_3D('',#5396,#5397,#5398);
#5396 = CARTESIAN_POINT('',(-18.796,51.689,-0.41148));
#5397 = DIRECTION('',(-0.E+000,-0.E+000,-1.));
#5398 = DIRECTION('',(1.,0.E+000,-0.E+000));
#5399 = ADVANCED_FACE('',(#5400),#5427,.F.);
#5400 = FACE_BOUND('',#5401,.T.);
#5401 = EDGE_LOOP('',(#5402,#5412,#5419,#5420));
#5402 = ORIENTED_EDGE('',*,*,#5403,.T.);
#5403 = EDGE_CURVE('',#5404,#5406,#5408,.T.);
#5404 = VERTEX_POINT('',#5405);
#5405 = CARTESIAN_POINT('',(-15.706,51.689,-0.41148));
#5406 = VERTEX_POINT('',#5407);
#5407 = CARTESIAN_POINT('',(-15.706,51.689,0.E+000));
#5408 = LINE('',#5409,#5410);
#5409 = CARTESIAN_POINT('',(-15.706,51.689,-0.41148));
#5410 = VECTOR('',#5411,1.);
#5411 = DIRECTION('',(0.E+000,0.E+000,1.));
#5412 = ORIENTED_EDGE('',*,*,#5413,.T.);
#5413 = EDGE_CURVE('',#5406,#5406,#5414,.T.);
#5414 = CIRCLE('',#5415,0.55);
#5415 = AXIS2_PLACEMENT_3D('',#5416,#5417,#5418);
#5416 = CARTESIAN_POINT('',(-16.256,51.689,0.E+000));
#5417 = DIRECTION('',(0.E+000,0.E+000,1.));
#5418 = DIRECTION('',(1.,0.E+000,-0.E+000));
#5419 = ORIENTED_EDGE('',*,*,#5403,.F.);
#5420 = ORIENTED_EDGE('',*,*,#5421,.F.);
#5421 = EDGE_CURVE('',#5404,#5404,#5422,.T.);
#5422 = CIRCLE('',#5423,0.55);
#5423 = AXIS2_PLACEMENT_3D('',#5424,#5425,#5426);
#5424 = CARTESIAN_POINT('',(-16.256,51.689,-0.41148));
#5425 = DIRECTION('',(0.E+000,0.E+000,1.));
#5426 = DIRECTION('',(1.,0.E+000,-0.E+000));
#5427 = CYLINDRICAL_SURFACE('',#5428,0.55);
#5428 = AXIS2_PLACEMENT_3D('',#5429,#5430,#5431);
#5429 = CARTESIAN_POINT('',(-16.256,51.689,-0.41148));
#5430 = DIRECTION('',(-0.E+000,-0.E+000,-1.));
#5431 = DIRECTION('',(1.,0.E+000,-0.E+000));
#5432 = ADVANCED_FACE('',(#5433),#5460,.F.);
#5433 = FACE_BOUND('',#5434,.T.);
#5434 = EDGE_LOOP('',(#5435,#5445,#5452,#5453));
#5435 = ORIENTED_EDGE('',*,*,#5436,.T.);
#5436 = EDGE_CURVE('',#5437,#5439,#5441,.T.);
#5437 = VERTEX_POINT('',#5438);
#5438 = CARTESIAN_POINT('',(-0.77,-63.5,-0.41148));
#5439 = VERTEX_POINT('',#5440);
#5440 = CARTESIAN_POINT('',(-0.77,-63.5,0.E+000));
#5441 = LINE('',#5442,#5443);
#5442 = CARTESIAN_POINT('',(-0.77,-63.5,-0.41148));
#5443 = VECTOR('',#5444,1.);
#5444 = DIRECTION('',(0.E+000,0.E+000,1.));
#5445 = ORIENTED_EDGE('',*,*,#5446,.T.);
#5446 = EDGE_CURVE('',#5439,#5439,#5447,.T.);
#5447 = CIRCLE('',#5448,0.5);
#5448 = AXIS2_PLACEMENT_3D('',#5449,#5450,#5451);
#5449 = CARTESIAN_POINT('',(-1.27,-63.5,0.E+000));
#5450 = DIRECTION('',(0.E+000,0.E+000,1.));
#5451 = DIRECTION('',(1.,0.E+000,-0.E+000));
#5452 = ORIENTED_EDGE('',*,*,#5436,.F.);
#5453 = ORIENTED_EDGE('',*,*,#5454,.F.);
#5454 = EDGE_CURVE('',#5437,#5437,#5455,.T.);
#5455 = CIRCLE('',#5456,0.5);
#5456 = AXIS2_PLACEMENT_3D('',#5457,#5458,#5459);
#5457 = CARTESIAN_POINT('',(-1.27,-63.5,-0.41148));
#5458 = DIRECTION('',(0.E+000,0.E+000,1.));
#5459 = DIRECTION('',(1.,0.E+000,-0.E+000));
#5460 = CYLINDRICAL_SURFACE('',#5461,0.5);
#5461 = AXIS2_PLACEMENT_3D('',#5462,#5463,#5464);
#5462 = CARTESIAN_POINT('',(-1.27,-63.5,-0.41148));
#5463 = DIRECTION('',(-0.E+000,-0.E+000,-1.));
#5464 = DIRECTION('',(1.,0.E+000,-0.E+000));
#5465 = ADVANCED_FACE('',(#5466),#5493,.F.);
#5466 = FACE_BOUND('',#5467,.T.);
#5467 = EDGE_LOOP('',(#5468,#5478,#5485,#5486));
#5468 = ORIENTED_EDGE('',*,*,#5469,.T.);
#5469 = EDGE_CURVE('',#5470,#5472,#5474,.T.);
#5470 = VERTEX_POINT('',#5471);
#5471 = CARTESIAN_POINT('',(-3.31,-63.5,-0.41148));
#5472 = VERTEX_POINT('',#5473);
#5473 = CARTESIAN_POINT('',(-3.31,-63.5,0.E+000));
#5474 = LINE('',#5475,#5476);
#5475 = CARTESIAN_POINT('',(-3.31,-63.5,-0.41148));
#5476 = VECTOR('',#5477,1.);
#5477 = DIRECTION('',(0.E+000,0.E+000,1.));
#5478 = ORIENTED_EDGE('',*,*,#5479,.T.);
#5479 = EDGE_CURVE('',#5472,#5472,#5480,.T.);
#5480 = CIRCLE('',#5481,0.5);
#5481 = AXIS2_PLACEMENT_3D('',#5482,#5483,#5484);
#5482 = CARTESIAN_POINT('',(-3.81,-63.5,0.E+000));
#5483 = DIRECTION('',(0.E+000,0.E+000,1.));
#5484 = DIRECTION('',(1.,0.E+000,-0.E+000));
#5485 = ORIENTED_EDGE('',*,*,#5469,.F.);
#5486 = ORIENTED_EDGE('',*,*,#5487,.F.);
#5487 = EDGE_CURVE('',#5470,#5470,#5488,.T.);
#5488 = CIRCLE('',#5489,0.5);
#5489 = AXIS2_PLACEMENT_3D('',#5490,#5491,#5492);
#5490 = CARTESIAN_POINT('',(-3.81,-63.5,-0.41148));
#5491 = DIRECTION('',(0.E+000,0.E+000,1.));
#5492 = DIRECTION('',(1.,0.E+000,-0.E+000));
#5493 = CYLINDRICAL_SURFACE('',#5494,0.5);
#5494 = AXIS2_PLACEMENT_3D('',#5495,#5496,#5497);
#5495 = CARTESIAN_POINT('',(-3.81,-63.5,-0.41148));
#5496 = DIRECTION('',(-0.E+000,-0.E+000,-1.));
#5497 = DIRECTION('',(1.,0.E+000,-0.E+000));
#5498 = ADVANCED_FACE('',(#5499),#5533,.T.);
#5499 = FACE_BOUND('',#5500,.T.);
#5500 = EDGE_LOOP('',(#5501,#5511,#5519,#5527));
#5501 = ORIENTED_EDGE('',*,*,#5502,.T.);
#5502 = EDGE_CURVE('',#5503,#5505,#5507,.T.);
#5503 = VERTEX_POINT('',#5504);
#5504 = CARTESIAN_POINT('',(10.32999966,-67.3249987,-0.41148));
#5505 = VERTEX_POINT('',#5506);
#5506 = CARTESIAN_POINT('',(10.32999966,-67.3249987,0.E+000));
#5507 = LINE('',#5508,#5509);
#5508 = CARTESIAN_POINT('',(10.32999966,-67.3249987,-0.41148));
#5509 = VECTOR('',#5510,1.);
#5510 = DIRECTION('',(0.E+000,0.E+000,1.));
#5511 = ORIENTED_EDGE('',*,*,#5512,.T.);
#5512 = EDGE_CURVE('',#5505,#5513,#5515,.T.);
#5513 = VERTEX_POINT('',#5514);
#5514 = CARTESIAN_POINT('',(12.53000034,-67.3249987,0.E+000));
#5515 = LINE('',#5516,#5517);
#5516 = CARTESIAN_POINT('',(10.32999966,-67.3249987,0.E+000));
#5517 = VECTOR('',#5518,1.);
#5518 = DIRECTION('',(1.,0.E+000,0.E+000));
#5519 = ORIENTED_EDGE('',*,*,#5520,.F.);
#5520 = EDGE_CURVE('',#5521,#5513,#5523,.T.);
#5521 = VERTEX_POINT('',#5522);
#5522 = CARTESIAN_POINT('',(12.53000034,-67.3249987,-0.41148));
#5523 = LINE('',#5524,#5525);
#5524 = CARTESIAN_POINT('',(12.53000034,-67.3249987,-0.41148));
#5525 = VECTOR('',#5526,1.);
#5526 = DIRECTION('',(0.E+000,0.E+000,1.));
#5527 = ORIENTED_EDGE('',*,*,#5528,.F.);
#5528 = EDGE_CURVE('',#5503,#5521,#5529,.T.);
#5529 = LINE('',#5530,#5531);
#5530 = CARTESIAN_POINT('',(10.32999966,-67.3249987,-0.41148));
#5531 = VECTOR('',#5532,1.);
#5532 = DIRECTION('',(1.,0.E+000,0.E+000));
#5533 = PLANE('',#5534);
#5534 = AXIS2_PLACEMENT_3D('',#5535,#5536,#5537);
#5535 = CARTESIAN_POINT('',(10.32999966,-67.3249987,-0.41148));
#5536 = DIRECTION('',(0.E+000,1.,0.E+000));
#5537 = DIRECTION('',(1.,0.E+000,0.E+000));
#5538 = ADVANCED_FACE('',(#5539),#5566,.F.);
#5539 = FACE_BOUND('',#5540,.T.);
#5540 = EDGE_LOOP('',(#5541,#5542,#5551,#5559));
#5541 = ORIENTED_EDGE('',*,*,#5520,.T.);
#5542 = ORIENTED_EDGE('',*,*,#5543,.T.);
#5543 = EDGE_CURVE('',#5513,#5544,#5546,.T.);
#5544 = VERTEX_POINT('',#5545);
#5545 = CARTESIAN_POINT('',(12.53000034,-66.0250013,0.E+000));
#5546 = CIRCLE('',#5547,0.6499987);
#5547 = AXIS2_PLACEMENT_3D('',#5548,#5549,#5550);
#5548 = CARTESIAN_POINT('',(12.53000034,-66.675,0.E+000));
#5549 = DIRECTION('',(0.E+000,-0.E+000,1.));
#5550 = DIRECTION('',(4.372579426759E-014,-1.,-0.E+000));
#5551 = ORIENTED_EDGE('',*,*,#5552,.F.);
#5552 = EDGE_CURVE('',#5553,#5544,#5555,.T.);
#5553 = VERTEX_POINT('',#5554);
#5554 = CARTESIAN_POINT('',(12.53000034,-66.0250013,-0.41148));
#5555 = LINE('',#5556,#5557);
#5556 = CARTESIAN_POINT('',(12.53000034,-66.0250013,-0.41148));
#5557 = VECTOR('',#5558,1.);
#5558 = DIRECTION('',(0.E+000,0.E+000,1.));
#5559 = ORIENTED_EDGE('',*,*,#5560,.F.);
#5560 = EDGE_CURVE('',#5521,#5553,#5561,.T.);
#5561 = CIRCLE('',#5562,0.6499987);
#5562 = AXIS2_PLACEMENT_3D('',#5563,#5564,#5565);
#5563 = CARTESIAN_POINT('',(12.53000034,-66.675,-0.41148));
#5564 = DIRECTION('',(0.E+000,-0.E+000,1.));
#5565 = DIRECTION('',(4.372579426759E-014,-1.,-0.E+000));
#5566 = CYLINDRICAL_SURFACE('',#5567,0.6499987);
#5567 = AXIS2_PLACEMENT_3D('',#5568,#5569,#5570);
#5568 = CARTESIAN_POINT('',(12.53000034,-66.675,-0.41148));
#5569 = DIRECTION('',(-0.E+000,0.E+000,-1.));
#5570 = DIRECTION('',(4.372579426759E-014,-1.,-0.E+000));
#5571 = ADVANCED_FACE('',(#5572),#5597,.T.);
#5572 = FACE_BOUND('',#5573,.T.);
#5573 = EDGE_LOOP('',(#5574,#5575,#5583,#5591));
#5574 = ORIENTED_EDGE('',*,*,#5552,.T.);
#5575 = ORIENTED_EDGE('',*,*,#5576,.T.);
#5576 = EDGE_CURVE('',#5544,#5577,#5579,.T.);
#5577 = VERTEX_POINT('',#5578);
#5578 = CARTESIAN_POINT('',(10.32999966,-66.0250013,0.E+000));
#5579 = LINE('',#5580,#5581);
#5580 = CARTESIAN_POINT('',(12.53000034,-66.0250013,0.E+000));
#5581 = VECTOR('',#5582,1.);
#5582 = DIRECTION('',(-1.,0.E+000,0.E+000));
#5583 = ORIENTED_EDGE('',*,*,#5584,.F.);
#5584 = EDGE_CURVE('',#5585,#5577,#5587,.T.);
#5585 = VERTEX_POINT('',#5586);
#5586 = CARTESIAN_POINT('',(10.32999966,-66.0250013,-0.41148));
#5587 = LINE('',#5588,#5589);
#5588 = CARTESIAN_POINT('',(10.32999966,-66.0250013,-0.41148));
#5589 = VECTOR('',#5590,1.);
#5590 = DIRECTION('',(0.E+000,0.E+000,1.));
#5591 = ORIENTED_EDGE('',*,*,#5592,.F.);
#5592 = EDGE_CURVE('',#5553,#5585,#5593,.T.);
#5593 = LINE('',#5594,#5595);
#5594 = CARTESIAN_POINT('',(12.53000034,-66.0250013,-0.41148));
#5595 = VECTOR('',#5596,1.);
#5596 = DIRECTION('',(-1.,0.E+000,0.E+000));
#5597 = PLANE('',#5598);
#5598 = AXIS2_PLACEMENT_3D('',#5599,#5600,#5601);
#5599 = CARTESIAN_POINT('',(12.53000034,-66.0250013,-0.41148));
#5600 = DIRECTION('',(0.E+000,-1.,0.E+000));
#5601 = DIRECTION('',(-1.,0.E+000,0.E+000));
#5602 = ADVANCED_FACE('',(#5603),#5621,.F.);
#5603 = FACE_BOUND('',#5604,.T.);
#5604 = EDGE_LOOP('',(#5605,#5606,#5613,#5614));
#5605 = ORIENTED_EDGE('',*,*,#5584,.T.);
#5606 = ORIENTED_EDGE('',*,*,#5607,.T.);
#5607 = EDGE_CURVE('',#5577,#5505,#5608,.T.);
#5608 = CIRCLE('',#5609,0.6499987);
#5609 = AXIS2_PLACEMENT_3D('',#5610,#5611,#5612);
#5610 = CARTESIAN_POINT('',(10.32999966,-66.675,0.E+000));
#5611 = DIRECTION('',(0.E+000,0.E+000,1.));
#5612 = DIRECTION('',(-4.372579426759E-014,1.,0.E+000));
#5613 = ORIENTED_EDGE('',*,*,#5502,.F.);
#5614 = ORIENTED_EDGE('',*,*,#5615,.F.);
#5615 = EDGE_CURVE('',#5585,#5503,#5616,.T.);
#5616 = CIRCLE('',#5617,0.6499987);
#5617 = AXIS2_PLACEMENT_3D('',#5618,#5619,#5620);
#5618 = CARTESIAN_POINT('',(10.32999966,-66.675,-0.41148));
#5619 = DIRECTION('',(0.E+000,0.E+000,1.));
#5620 = DIRECTION('',(-4.372579426759E-014,1.,0.E+000));
#5621 = CYLINDRICAL_SURFACE('',#5622,0.6499987);
#5622 = AXIS2_PLACEMENT_3D('',#5623,#5624,#5625);
#5623 = CARTESIAN_POINT('',(10.32999966,-66.675,-0.41148));
#5624 = DIRECTION('',(-0.E+000,-0.E+000,-1.));
#5625 = DIRECTION('',(-4.372579426759E-014,1.,0.E+000));
#5626 = ADVANCED_FACE('',(#5627),#5661,.T.);
#5627 = FACE_BOUND('',#5628,.T.);
#5628 = EDGE_LOOP('',(#5629,#5639,#5647,#5655));
#5629 = ORIENTED_EDGE('',*,*,#5630,.T.);
#5630 = EDGE_CURVE('',#5631,#5633,#5635,.T.);
#5631 = VERTEX_POINT('',#5632);
#5632 = CARTESIAN_POINT('',(10.32999966,-62.6259987,-0.41148));
#5633 = VERTEX_POINT('',#5634);
#5634 = CARTESIAN_POINT('',(10.32999966,-62.6259987,0.E+000));
#5635 = LINE('',#5636,#5637);
#5636 = CARTESIAN_POINT('',(10.32999966,-62.6259987,-0.41148));
#5637 = VECTOR('',#5638,1.);
#5638 = DIRECTION('',(0.E+000,0.E+000,1.));
#5639 = ORIENTED_EDGE('',*,*,#5640,.T.);
#5640 = EDGE_CURVE('',#5633,#5641,#5643,.T.);
#5641 = VERTEX_POINT('',#5642);
#5642 = CARTESIAN_POINT('',(12.53000034,-62.6259987,0.E+000));
#5643 = LINE('',#5644,#5645);
#5644 = CARTESIAN_POINT('',(10.32999966,-62.6259987,0.E+000));
#5645 = VECTOR('',#5646,1.);
#5646 = DIRECTION('',(1.,0.E+000,0.E+000));
#5647 = ORIENTED_EDGE('',*,*,#5648,.F.);
#5648 = EDGE_CURVE('',#5649,#5641,#5651,.T.);
#5649 = VERTEX_POINT('',#5650);
#5650 = CARTESIAN_POINT('',(12.53000034,-62.6259987,-0.41148));
#5651 = LINE('',#5652,#5653);
#5652 = CARTESIAN_POINT('',(12.53000034,-62.6259987,-0.41148));
#5653 = VECTOR('',#5654,1.);
#5654 = DIRECTION('',(0.E+000,0.E+000,1.));
#5655 = ORIENTED_EDGE('',*,*,#5656,.F.);
#5656 = EDGE_CURVE('',#5631,#5649,#5657,.T.);
#5657 = LINE('',#5658,#5659);
#5658 = CARTESIAN_POINT('',(10.32999966,-62.6259987,-0.41148));
#5659 = VECTOR('',#5660,1.);
#5660 = DIRECTION('',(1.,0.E+000,0.E+000));
#5661 = PLANE('',#5662);
#5662 = AXIS2_PLACEMENT_3D('',#5663,#5664,#5665);
#5663 = CARTESIAN_POINT('',(10.32999966,-62.6259987,-0.41148));
#5664 = DIRECTION('',(0.E+000,1.,0.E+000));
#5665 = DIRECTION('',(1.,0.E+000,0.E+000));
#5666 = ADVANCED_FACE('',(#5667),#5694,.F.);
#5667 = FACE_BOUND('',#5668,.T.);
#5668 = EDGE_LOOP('',(#5669,#5670,#5679,#5687));
#5669 = ORIENTED_EDGE('',*,*,#5648,.T.);
#5670 = ORIENTED_EDGE('',*,*,#5671,.T.);
#5671 = EDGE_CURVE('',#5641,#5672,#5674,.T.);
#5672 = VERTEX_POINT('',#5673);
#5673 = CARTESIAN_POINT('',(12.53000034,-61.3260013,0.E+000));
#5674 = CIRCLE('',#5675,0.6499987);
#5675 = AXIS2_PLACEMENT_3D('',#5676,#5677,#5678);
#5676 = CARTESIAN_POINT('',(12.53000034,-61.976,0.E+000));
#5677 = DIRECTION('',(0.E+000,-0.E+000,1.));
#5678 = DIRECTION('',(4.372579426759E-014,-1.,-0.E+000));
#5679 = ORIENTED_EDGE('',*,*,#5680,.F.);
#5680 = EDGE_CURVE('',#5681,#5672,#5683,.T.);
#5681 = VERTEX_POINT('',#5682);
#5682 = CARTESIAN_POINT('',(12.53000034,-61.3260013,-0.41148));
#5683 = LINE('',#5684,#5685);
#5684 = CARTESIAN_POINT('',(12.53000034,-61.3260013,-0.41148));
#5685 = VECTOR('',#5686,1.);
#5686 = DIRECTION('',(0.E+000,0.E+000,1.));
#5687 = ORIENTED_EDGE('',*,*,#5688,.F.);
#5688 = EDGE_CURVE('',#5649,#5681,#5689,.T.);
#5689 = CIRCLE('',#5690,0.6499987);
#5690 = AXIS2_PLACEMENT_3D('',#5691,#5692,#5693);
#5691 = CARTESIAN_POINT('',(12.53000034,-61.976,-0.41148));
#5692 = DIRECTION('',(0.E+000,-0.E+000,1.));
#5693 = DIRECTION('',(4.372579426759E-014,-1.,-0.E+000));
#5694 = CYLINDRICAL_SURFACE('',#5695,0.6499987);
#5695 = AXIS2_PLACEMENT_3D('',#5696,#5697,#5698);
#5696 = CARTESIAN_POINT('',(12.53000034,-61.976,-0.41148));
#5697 = DIRECTION('',(-0.E+000,0.E+000,-1.));
#5698 = DIRECTION('',(4.372579426759E-014,-1.,-0.E+000));
#5699 = ADVANCED_FACE('',(#5700),#5725,.T.);
#5700 = FACE_BOUND('',#5701,.T.);
#5701 = EDGE_LOOP('',(#5702,#5703,#5711,#5719));
#5702 = ORIENTED_EDGE('',*,*,#5680,.T.);
#5703 = ORIENTED_EDGE('',*,*,#5704,.T.);
#5704 = EDGE_CURVE('',#5672,#5705,#5707,.T.);
#5705 = VERTEX_POINT('',#5706);
#5706 = CARTESIAN_POINT('',(10.32999966,-61.3260013,0.E+000));
#5707 = LINE('',#5708,#5709);
#5708 = CARTESIAN_POINT('',(12.53000034,-61.3260013,0.E+000));
#5709 = VECTOR('',#5710,1.);
#5710 = DIRECTION('',(-1.,0.E+000,0.E+000));
#5711 = ORIENTED_EDGE('',*,*,#5712,.F.);
#5712 = EDGE_CURVE('',#5713,#5705,#5715,.T.);
#5713 = VERTEX_POINT('',#5714);
#5714 = CARTESIAN_POINT('',(10.32999966,-61.3260013,-0.41148));
#5715 = LINE('',#5716,#5717);
#5716 = CARTESIAN_POINT('',(10.32999966,-61.3260013,-0.41148));
#5717 = VECTOR('',#5718,1.);
#5718 = DIRECTION('',(0.E+000,0.E+000,1.));
#5719 = ORIENTED_EDGE('',*,*,#5720,.F.);
#5720 = EDGE_CURVE('',#5681,#5713,#5721,.T.);
#5721 = LINE('',#5722,#5723);
#5722 = CARTESIAN_POINT('',(12.53000034,-61.3260013,-0.41148));
#5723 = VECTOR('',#5724,1.);
#5724 = DIRECTION('',(-1.,0.E+000,0.E+000));
#5725 = PLANE('',#5726);
#5726 = AXIS2_PLACEMENT_3D('',#5727,#5728,#5729);
#5727 = CARTESIAN_POINT('',(12.53000034,-61.3260013,-0.41148));
#5728 = DIRECTION('',(0.E+000,-1.,0.E+000));
#5729 = DIRECTION('',(-1.,0.E+000,0.E+000));
#5730 = ADVANCED_FACE('',(#5731),#5749,.F.);
#5731 = FACE_BOUND('',#5732,.T.);
#5732 = EDGE_LOOP('',(#5733,#5734,#5741,#5742));
#5733 = ORIENTED_EDGE('',*,*,#5712,.T.);
#5734 = ORIENTED_EDGE('',*,*,#5735,.T.);
#5735 = EDGE_CURVE('',#5705,#5633,#5736,.T.);
#5736 = CIRCLE('',#5737,0.6499987);
#5737 = AXIS2_PLACEMENT_3D('',#5738,#5739,#5740);
#5738 = CARTESIAN_POINT('',(10.32999966,-61.976,0.E+000));
#5739 = DIRECTION('',(0.E+000,0.E+000,1.));
#5740 = DIRECTION('',(-4.372579426759E-014,1.,0.E+000));
#5741 = ORIENTED_EDGE('',*,*,#5630,.F.);
#5742 = ORIENTED_EDGE('',*,*,#5743,.F.);
#5743 = EDGE_CURVE('',#5713,#5631,#5744,.T.);
#5744 = CIRCLE('',#5745,0.6499987);
#5745 = AXIS2_PLACEMENT_3D('',#5746,#5747,#5748);
#5746 = CARTESIAN_POINT('',(10.32999966,-61.976,-0.41148));
#5747 = DIRECTION('',(0.E+000,0.E+000,1.));
#5748 = DIRECTION('',(-4.372579426759E-014,1.,0.E+000));
#5749 = CYLINDRICAL_SURFACE('',#5750,0.6499987);
#5750 = AXIS2_PLACEMENT_3D('',#5751,#5752,#5753);
#5751 = CARTESIAN_POINT('',(10.32999966,-61.976,-0.41148));
#5752 = DIRECTION('',(-0.E+000,-0.E+000,-1.));
#5753 = DIRECTION('',(-4.372579426759E-014,1.,0.E+000));
#5754 = ADVANCED_FACE('',(#5755),#5782,.F.);
#5755 = FACE_BOUND('',#5756,.T.);
#5756 = EDGE_LOOP('',(#5757,#5767,#5774,#5775));
#5757 = ORIENTED_EDGE('',*,*,#5758,.T.);
#5758 = EDGE_CURVE('',#5759,#5761,#5763,.T.);
#5759 = VERTEX_POINT('',#5760);
#5760 = CARTESIAN_POINT('',(-0.77,-55.88,-0.41148));
#5761 = VERTEX_POINT('',#5762);
#5762 = CARTESIAN_POINT('',(-0.77,-55.88,0.E+000));
#5763 = LINE('',#5764,#5765);
#5764 = CARTESIAN_POINT('',(-0.77,-55.88,-0.41148));
#5765 = VECTOR('',#5766,1.);
#5766 = DIRECTION('',(0.E+000,0.E+000,1.));
#5767 = ORIENTED_EDGE('',*,*,#5768,.T.);
#5768 = EDGE_CURVE('',#5761,#5761,#5769,.T.);
#5769 = CIRCLE('',#5770,0.5);
#5770 = AXIS2_PLACEMENT_3D('',#5771,#5772,#5773);
#5771 = CARTESIAN_POINT('',(-1.27,-55.88,0.E+000));
#5772 = DIRECTION('',(0.E+000,0.E+000,1.));
#5773 = DIRECTION('',(1.,0.E+000,-0.E+000));
#5774 = ORIENTED_EDGE('',*,*,#5758,.F.);
#5775 = ORIENTED_EDGE('',*,*,#5776,.F.);
#5776 = EDGE_CURVE('',#5759,#5759,#5777,.T.);
#5777 = CIRCLE('',#5778,0.5);
#5778 = AXIS2_PLACEMENT_3D('',#5779,#5780,#5781);
#5779 = CARTESIAN_POINT('',(-1.27,-55.88,-0.41148));
#5780 = DIRECTION('',(0.E+000,0.E+000,1.));
#5781 = DIRECTION('',(1.,0.E+000,-0.E+000));
#5782 = CYLINDRICAL_SURFACE('',#5783,0.5);
#5783 = AXIS2_PLACEMENT_3D('',#5784,#5785,#5786);
#5784 = CARTESIAN_POINT('',(-1.27,-55.88,-0.41148));
#5785 = DIRECTION('',(-0.E+000,-0.E+000,-1.));
#5786 = DIRECTION('',(1.,0.E+000,-0.E+000));
#5787 = ADVANCED_FACE('',(#5788),#5815,.F.);
#5788 = FACE_BOUND('',#5789,.T.);
#5789 = EDGE_LOOP('',(#5790,#5800,#5807,#5808));
#5790 = ORIENTED_EDGE('',*,*,#5791,.T.);
#5791 = EDGE_CURVE('',#5792,#5794,#5796,.T.);
#5792 = VERTEX_POINT('',#5793);
#5793 = CARTESIAN_POINT('',(1.566,-49.213,-0.41148));
#5794 = VERTEX_POINT('',#5795);
#5795 = CARTESIAN_POINT('',(1.566,-49.213,0.E+000));
#5796 = LINE('',#5797,#5798);
#5797 = CARTESIAN_POINT('',(1.566,-49.213,-0.41148));
#5798 = VECTOR('',#5799,1.);
#5799 = DIRECTION('',(0.E+000,0.E+000,1.));
#5800 = ORIENTED_EDGE('',*,*,#5801,.T.);
#5801 = EDGE_CURVE('',#5794,#5794,#5802,.T.);
#5802 = CIRCLE('',#5803,0.55);
#5803 = AXIS2_PLACEMENT_3D('',#5804,#5805,#5806);
#5804 = CARTESIAN_POINT('',(1.016,-49.213,0.E+000));
#5805 = DIRECTION('',(0.E+000,0.E+000,1.));
#5806 = DIRECTION('',(1.,0.E+000,-0.E+000));
#5807 = ORIENTED_EDGE('',*,*,#5791,.F.);
#5808 = ORIENTED_EDGE('',*,*,#5809,.F.);
#5809 = EDGE_CURVE('',#5792,#5792,#5810,.T.);
#5810 = CIRCLE('',#5811,0.55);
#5811 = AXIS2_PLACEMENT_3D('',#5812,#5813,#5814);
#5812 = CARTESIAN_POINT('',(1.016,-49.213,-0.41148));
#5813 = DIRECTION('',(0.E+000,0.E+000,1.));
#5814 = DIRECTION('',(1.,0.E+000,-0.E+000));
#5815 = CYLINDRICAL_SURFACE('',#5816,0.55);
#5816 = AXIS2_PLACEMENT_3D('',#5817,#5818,#5819);
#5817 = CARTESIAN_POINT('',(1.016,-49.213,-0.41148));
#5818 = DIRECTION('',(-0.E+000,-0.E+000,-1.));
#5819 = DIRECTION('',(1.,0.E+000,-0.E+000));
#5820 = ADVANCED_FACE('',(#5821),#5855,.T.);
#5821 = FACE_BOUND('',#5822,.T.);
#5822 = EDGE_LOOP('',(#5823,#5833,#5841,#5849));
#5823 = ORIENTED_EDGE('',*,*,#5824,.T.);
#5824 = EDGE_CURVE('',#5825,#5827,#5829,.T.);
#5825 = VERTEX_POINT('',#5826);
#5826 = CARTESIAN_POINT('',(10.32999966,-57.9269987,-0.41148));
#5827 = VERTEX_POINT('',#5828);
#5828 = CARTESIAN_POINT('',(10.32999966,-57.9269987,0.E+000));
#5829 = LINE('',#5830,#5831);
#5830 = CARTESIAN_POINT('',(10.32999966,-57.9269987,-0.41148));
#5831 = VECTOR('',#5832,1.);
#5832 = DIRECTION('',(0.E+000,0.E+000,1.));
#5833 = ORIENTED_EDGE('',*,*,#5834,.T.);
#5834 = EDGE_CURVE('',#5827,#5835,#5837,.T.);
#5835 = VERTEX_POINT('',#5836);
#5836 = CARTESIAN_POINT('',(12.53000034,-57.9269987,0.E+000));
#5837 = LINE('',#5838,#5839);
#5838 = CARTESIAN_POINT('',(10.32999966,-57.9269987,0.E+000));
#5839 = VECTOR('',#5840,1.);
#5840 = DIRECTION('',(1.,0.E+000,0.E+000));
#5841 = ORIENTED_EDGE('',*,*,#5842,.F.);
#5842 = EDGE_CURVE('',#5843,#5835,#5845,.T.);
#5843 = VERTEX_POINT('',#5844);
#5844 = CARTESIAN_POINT('',(12.53000034,-57.9269987,-0.41148));
#5845 = LINE('',#5846,#5847);
#5846 = CARTESIAN_POINT('',(12.53000034,-57.9269987,-0.41148));
#5847 = VECTOR('',#5848,1.);
#5848 = DIRECTION('',(0.E+000,0.E+000,1.));
#5849 = ORIENTED_EDGE('',*,*,#5850,.F.);
#5850 = EDGE_CURVE('',#5825,#5843,#5851,.T.);
#5851 = LINE('',#5852,#5853);
#5852 = CARTESIAN_POINT('',(10.32999966,-57.9269987,-0.41148));
#5853 = VECTOR('',#5854,1.);
#5854 = DIRECTION('',(1.,0.E+000,0.E+000));
#5855 = PLANE('',#5856);
#5856 = AXIS2_PLACEMENT_3D('',#5857,#5858,#5859);
#5857 = CARTESIAN_POINT('',(10.32999966,-57.9269987,-0.41148));
#5858 = DIRECTION('',(0.E+000,1.,0.E+000));
#5859 = DIRECTION('',(1.,0.E+000,0.E+000));
#5860 = ADVANCED_FACE('',(#5861),#5888,.F.);
#5861 = FACE_BOUND('',#5862,.T.);
#5862 = EDGE_LOOP('',(#5863,#5864,#5873,#5881));
#5863 = ORIENTED_EDGE('',*,*,#5842,.T.);
#5864 = ORIENTED_EDGE('',*,*,#5865,.T.);
#5865 = EDGE_CURVE('',#5835,#5866,#5868,.T.);
#5866 = VERTEX_POINT('',#5867);
#5867 = CARTESIAN_POINT('',(12.53000034,-56.6270013,0.E+000));
#5868 = CIRCLE('',#5869,0.6499987);
#5869 = AXIS2_PLACEMENT_3D('',#5870,#5871,#5872);
#5870 = CARTESIAN_POINT('',(12.53000034,-57.277,0.E+000));
#5871 = DIRECTION('',(0.E+000,-0.E+000,1.));
#5872 = DIRECTION('',(4.372579426759E-014,-1.,-0.E+000));
#5873 = ORIENTED_EDGE('',*,*,#5874,.F.);
#5874 = EDGE_CURVE('',#5875,#5866,#5877,.T.);
#5875 = VERTEX_POINT('',#5876);
#5876 = CARTESIAN_POINT('',(12.53000034,-56.6270013,-0.41148));
#5877 = LINE('',#5878,#5879);
#5878 = CARTESIAN_POINT('',(12.53000034,-56.6270013,-0.41148));
#5879 = VECTOR('',#5880,1.);
#5880 = DIRECTION('',(0.E+000,0.E+000,1.));
#5881 = ORIENTED_EDGE('',*,*,#5882,.F.);
#5882 = EDGE_CURVE('',#5843,#5875,#5883,.T.);
#5883 = CIRCLE('',#5884,0.6499987);
#5884 = AXIS2_PLACEMENT_3D('',#5885,#5886,#5887);
#5885 = CARTESIAN_POINT('',(12.53000034,-57.277,-0.41148));
#5886 = DIRECTION('',(0.E+000,-0.E+000,1.));
#5887 = DIRECTION('',(4.372579426759E-014,-1.,-0.E+000));
#5888 = CYLINDRICAL_SURFACE('',#5889,0.6499987);
#5889 = AXIS2_PLACEMENT_3D('',#5890,#5891,#5892);
#5890 = CARTESIAN_POINT('',(12.53000034,-57.277,-0.41148));
#5891 = DIRECTION('',(-0.E+000,0.E+000,-1.));
#5892 = DIRECTION('',(4.372579426759E-014,-1.,-0.E+000));
#5893 = ADVANCED_FACE('',(#5894),#5919,.T.);
#5894 = FACE_BOUND('',#5895,.T.);
#5895 = EDGE_LOOP('',(#5896,#5897,#5905,#5913));
#5896 = ORIENTED_EDGE('',*,*,#5874,.T.);
#5897 = ORIENTED_EDGE('',*,*,#5898,.T.);
#5898 = EDGE_CURVE('',#5866,#5899,#5901,.T.);
#5899 = VERTEX_POINT('',#5900);
#5900 = CARTESIAN_POINT('',(10.32999966,-56.6270013,0.E+000));
#5901 = LINE('',#5902,#5903);
#5902 = CARTESIAN_POINT('',(12.53000034,-56.6270013,0.E+000));
#5903 = VECTOR('',#5904,1.);
#5904 = DIRECTION('',(-1.,0.E+000,0.E+000));
#5905 = ORIENTED_EDGE('',*,*,#5906,.F.);
#5906 = EDGE_CURVE('',#5907,#5899,#5909,.T.);
#5907 = VERTEX_POINT('',#5908);
#5908 = CARTESIAN_POINT('',(10.32999966,-56.6270013,-0.41148));
#5909 = LINE('',#5910,#5911);
#5910 = CARTESIAN_POINT('',(10.32999966,-56.6270013,-0.41148));
#5911 = VECTOR('',#5912,1.);
#5912 = DIRECTION('',(0.E+000,0.E+000,1.));
#5913 = ORIENTED_EDGE('',*,*,#5914,.F.);
#5914 = EDGE_CURVE('',#5875,#5907,#5915,.T.);
#5915 = LINE('',#5916,#5917);
#5916 = CARTESIAN_POINT('',(12.53000034,-56.6270013,-0.41148));
#5917 = VECTOR('',#5918,1.);
#5918 = DIRECTION('',(-1.,0.E+000,0.E+000));
#5919 = PLANE('',#5920);
#5920 = AXIS2_PLACEMENT_3D('',#5921,#5922,#5923);
#5921 = CARTESIAN_POINT('',(12.53000034,-56.6270013,-0.41148));
#5922 = DIRECTION('',(0.E+000,-1.,0.E+000));
#5923 = DIRECTION('',(-1.,0.E+000,0.E+000));
#5924 = ADVANCED_FACE('',(#5925),#5943,.F.);
#5925 = FACE_BOUND('',#5926,.T.);
#5926 = EDGE_LOOP('',(#5927,#5928,#5935,#5936));
#5927 = ORIENTED_EDGE('',*,*,#5906,.T.);
#5928 = ORIENTED_EDGE('',*,*,#5929,.T.);
#5929 = EDGE_CURVE('',#5899,#5827,#5930,.T.);
#5930 = CIRCLE('',#5931,0.6499987);
#5931 = AXIS2_PLACEMENT_3D('',#5932,#5933,#5934);
#5932 = CARTESIAN_POINT('',(10.32999966,-57.277,0.E+000));
#5933 = DIRECTION('',(0.E+000,0.E+000,1.));
#5934 = DIRECTION('',(-4.372579426759E-014,1.,0.E+000));
#5935 = ORIENTED_EDGE('',*,*,#5824,.F.);
#5936 = ORIENTED_EDGE('',*,*,#5937,.F.);
#5937 = EDGE_CURVE('',#5907,#5825,#5938,.T.);
#5938 = CIRCLE('',#5939,0.6499987);
#5939 = AXIS2_PLACEMENT_3D('',#5940,#5941,#5942);
#5940 = CARTESIAN_POINT('',(10.32999966,-57.277,-0.41148));
#5941 = DIRECTION('',(0.E+000,0.E+000,1.));
#5942 = DIRECTION('',(-4.372579426759E-014,1.,0.E+000));
#5943 = CYLINDRICAL_SURFACE('',#5944,0.6499987);
#5944 = AXIS2_PLACEMENT_3D('',#5945,#5946,#5947);
#5945 = CARTESIAN_POINT('',(10.32999966,-57.277,-0.41148));
#5946 = DIRECTION('',(-0.E+000,-0.E+000,-1.));
#5947 = DIRECTION('',(-4.372579426759E-014,1.,0.E+000));
#5948 = ADVANCED_FACE('',(#5949),#5976,.F.);
#5949 = FACE_BOUND('',#5950,.T.);
#5950 = EDGE_LOOP('',(#5951,#5961,#5968,#5969));
#5951 = ORIENTED_EDGE('',*,*,#5952,.T.);
#5952 = EDGE_CURVE('',#5953,#5955,#5957,.T.);
#5953 = VERTEX_POINT('',#5954);
#5954 = CARTESIAN_POINT('',(1.566,-44.213,-0.41148));
#5955 = VERTEX_POINT('',#5956);
#5956 = CARTESIAN_POINT('',(1.566,-44.213,0.E+000));
#5957 = LINE('',#5958,#5959);
#5958 = CARTESIAN_POINT('',(1.566,-44.213,-0.41148));
#5959 = VECTOR('',#5960,1.);
#5960 = DIRECTION('',(0.E+000,0.E+000,1.));
#5961 = ORIENTED_EDGE('',*,*,#5962,.T.);
#5962 = EDGE_CURVE('',#5955,#5955,#5963,.T.);
#5963 = CIRCLE('',#5964,0.55);
#5964 = AXIS2_PLACEMENT_3D('',#5965,#5966,#5967);
#5965 = CARTESIAN_POINT('',(1.016,-44.213,0.E+000));
#5966 = DIRECTION('',(0.E+000,0.E+000,1.));
#5967 = DIRECTION('',(1.,0.E+000,-0.E+000));
#5968 = ORIENTED_EDGE('',*,*,#5952,.F.);
#5969 = ORIENTED_EDGE('',*,*,#5970,.F.);
#5970 = EDGE_CURVE('',#5953,#5953,#5971,.T.);
#5971 = CIRCLE('',#5972,0.55);
#5972 = AXIS2_PLACEMENT_3D('',#5973,#5974,#5975);
#5973 = CARTESIAN_POINT('',(1.016,-44.213,-0.41148));
#5974 = DIRECTION('',(0.E+000,0.E+000,1.));
#5975 = DIRECTION('',(1.,0.E+000,-0.E+000));
#5976 = CYLINDRICAL_SURFACE('',#5977,0.55);
#5977 = AXIS2_PLACEMENT_3D('',#5978,#5979,#5980);
#5978 = CARTESIAN_POINT('',(1.016,-44.213,-0.41148));
#5979 = DIRECTION('',(-0.E+000,-0.E+000,-1.));
#5980 = DIRECTION('',(1.,0.E+000,-0.E+000));
#5981 = ADVANCED_FACE('',(#5982),#6009,.F.);
#5982 = FACE_BOUND('',#5983,.T.);
#5983 = EDGE_LOOP('',(#5984,#5994,#6001,#6002));
#5984 = ORIENTED_EDGE('',*,*,#5985,.T.);
#5985 = EDGE_CURVE('',#5986,#5988,#5990,.T.);
#5986 = VERTEX_POINT('',#5987);
#5987 = CARTESIAN_POINT('',(1.566,-46.713,-0.41148));
#5988 = VERTEX_POINT('',#5989);
#5989 = CARTESIAN_POINT('',(1.566,-46.713,0.E+000));
#5990 = LINE('',#5991,#5992);
#5991 = CARTESIAN_POINT('',(1.566,-46.713,-0.41148));
#5992 = VECTOR('',#5993,1.);
#5993 = DIRECTION('',(0.E+000,0.E+000,1.));
#5994 = ORIENTED_EDGE('',*,*,#5995,.T.);
#5995 = EDGE_CURVE('',#5988,#5988,#5996,.T.);
#5996 = CIRCLE('',#5997,0.55);
#5997 = AXIS2_PLACEMENT_3D('',#5998,#5999,#6000);
#5998 = CARTESIAN_POINT('',(1.016,-46.713,0.E+000));
#5999 = DIRECTION('',(0.E+000,0.E+000,1.));
#6000 = DIRECTION('',(1.,0.E+000,-0.E+000));
#6001 = ORIENTED_EDGE('',*,*,#5985,.F.);
#6002 = ORIENTED_EDGE('',*,*,#6003,.F.);
#6003 = EDGE_CURVE('',#5986,#5986,#6004,.T.);
#6004 = CIRCLE('',#6005,0.55);
#6005 = AXIS2_PLACEMENT_3D('',#6006,#6007,#6008);
#6006 = CARTESIAN_POINT('',(1.016,-46.713,-0.41148));
#6007 = DIRECTION('',(0.E+000,0.E+000,1.));
#6008 = DIRECTION('',(1.,0.E+000,-0.E+000));
#6009 = CYLINDRICAL_SURFACE('',#6010,0.55);
#6010 = AXIS2_PLACEMENT_3D('',#6011,#6012,#6013);
#6011 = CARTESIAN_POINT('',(1.016,-46.713,-0.41148));
#6012 = DIRECTION('',(-0.E+000,-0.E+000,-1.));
#6013 = DIRECTION('',(1.,0.E+000,-0.E+000));
#6014 = ADVANCED_FACE('',(#6015),#6042,.F.);
#6015 = FACE_BOUND('',#6016,.T.);
#6016 = EDGE_LOOP('',(#6017,#6027,#6034,#6035));
#6017 = ORIENTED_EDGE('',*,*,#6018,.T.);
#6018 = EDGE_CURVE('',#6019,#6021,#6023,.T.);
#6019 = VERTEX_POINT('',#6020);
#6020 = CARTESIAN_POINT('',(15.219,-52.11,-0.41148));
#6021 = VERTEX_POINT('',#6022);
#6022 = CARTESIAN_POINT('',(15.219,-52.11,0.E+000));
#6023 = LINE('',#6024,#6025);
#6024 = CARTESIAN_POINT('',(15.219,-52.11,-0.41148));
#6025 = VECTOR('',#6026,1.);
#6026 = DIRECTION('',(0.E+000,0.E+000,1.));
#6027 = ORIENTED_EDGE('',*,*,#6028,.T.);
#6028 = EDGE_CURVE('',#6021,#6021,#6029,.T.);
#6029 = CIRCLE('',#6030,0.25);
#6030 = AXIS2_PLACEMENT_3D('',#6031,#6032,#6033);
#6031 = CARTESIAN_POINT('',(14.969,-52.11,0.E+000));
#6032 = DIRECTION('',(0.E+000,0.E+000,1.));
#6033 = DIRECTION('',(1.,0.E+000,-0.E+000));
#6034 = ORIENTED_EDGE('',*,*,#6018,.F.);
#6035 = ORIENTED_EDGE('',*,*,#6036,.F.);
#6036 = EDGE_CURVE('',#6019,#6019,#6037,.T.);
#6037 = CIRCLE('',#6038,0.25);
#6038 = AXIS2_PLACEMENT_3D('',#6039,#6040,#6041);
#6039 = CARTESIAN_POINT('',(14.969,-52.11,-0.41148));
#6040 = DIRECTION('',(0.E+000,0.E+000,1.));
#6041 = DIRECTION('',(1.,0.E+000,-0.E+000));
#6042 = CYLINDRICAL_SURFACE('',#6043,0.25);
#6043 = AXIS2_PLACEMENT_3D('',#6044,#6045,#6046);
#6044 = CARTESIAN_POINT('',(14.969,-52.11,-0.41148));
#6045 = DIRECTION('',(-0.E+000,-0.E+000,-1.));
#6046 = DIRECTION('',(1.,0.E+000,-0.E+000));
#6047 = ADVANCED_FACE('',(#6048),#6075,.F.);
#6048 = FACE_BOUND('',#6049,.T.);
#6049 = EDGE_LOOP('',(#6050,#6060,#6067,#6068));
#6050 = ORIENTED_EDGE('',*,*,#6051,.T.);
#6051 = EDGE_CURVE('',#6052,#6054,#6056,.T.);
#6052 = VERTEX_POINT('',#6053);
#6053 = CARTESIAN_POINT('',(13.599,-51.397,-0.41148));
#6054 = VERTEX_POINT('',#6055);
#6055 = CARTESIAN_POINT('',(13.599,-51.397,0.E+000));
#6056 = LINE('',#6057,#6058);
#6057 = CARTESIAN_POINT('',(13.599,-51.397,-0.41148));
#6058 = VECTOR('',#6059,1.);
#6059 = DIRECTION('',(0.E+000,0.E+000,1.));
#6060 = ORIENTED_EDGE('',*,*,#6061,.T.);
#6061 = EDGE_CURVE('',#6054,#6054,#6062,.T.);
#6062 = CIRCLE('',#6063,0.25);
#6063 = AXIS2_PLACEMENT_3D('',#6064,#6065,#6066);
#6064 = CARTESIAN_POINT('',(13.349,-51.397,0.E+000));
#6065 = DIRECTION('',(0.E+000,0.E+000,1.));
#6066 = DIRECTION('',(1.,0.E+000,-0.E+000));
#6067 = ORIENTED_EDGE('',*,*,#6051,.F.);
#6068 = ORIENTED_EDGE('',*,*,#6069,.F.);
#6069 = EDGE_CURVE('',#6052,#6052,#6070,.T.);
#6070 = CIRCLE('',#6071,0.25);
#6071 = AXIS2_PLACEMENT_3D('',#6072,#6073,#6074);
#6072 = CARTESIAN_POINT('',(13.349,-51.397,-0.41148));
#6073 = DIRECTION('',(0.E+000,0.E+000,1.));
#6074 = DIRECTION('',(1.,0.E+000,-0.E+000));
#6075 = CYLINDRICAL_SURFACE('',#6076,0.25);
#6076 = AXIS2_PLACEMENT_3D('',#6077,#6078,#6079);
#6077 = CARTESIAN_POINT('',(13.349,-51.397,-0.41148));
#6078 = DIRECTION('',(-0.E+000,-0.E+000,-1.));
#6079 = DIRECTION('',(1.,0.E+000,-0.E+000));
#6080 = ADVANCED_FACE('',(#6081),#6108,.F.);
#6081 = FACE_BOUND('',#6082,.T.);
#6082 = EDGE_LOOP('',(#6083,#6093,#6100,#6101));
#6083 = ORIENTED_EDGE('',*,*,#6084,.T.);
#6084 = EDGE_CURVE('',#6085,#6087,#6089,.T.);
#6085 = VERTEX_POINT('',#6086);
#6086 = CARTESIAN_POINT('',(16.647,-51.524,-0.41148));
#6087 = VERTEX_POINT('',#6088);
#6088 = CARTESIAN_POINT('',(16.647,-51.524,0.E+000));
#6089 = LINE('',#6090,#6091);
#6090 = CARTESIAN_POINT('',(16.647,-51.524,-0.41148));
#6091 = VECTOR('',#6092,1.);
#6092 = DIRECTION('',(0.E+000,0.E+000,1.));
#6093 = ORIENTED_EDGE('',*,*,#6094,.T.);
#6094 = EDGE_CURVE('',#6087,#6087,#6095,.T.);
#6095 = CIRCLE('',#6096,0.25);
#6096 = AXIS2_PLACEMENT_3D('',#6097,#6098,#6099);
#6097 = CARTESIAN_POINT('',(16.397,-51.524,0.E+000));
#6098 = DIRECTION('',(0.E+000,0.E+000,1.));
#6099 = DIRECTION('',(1.,0.E+000,-0.E+000));
#6100 = ORIENTED_EDGE('',*,*,#6084,.F.);
#6101 = ORIENTED_EDGE('',*,*,#6102,.F.);
#6102 = EDGE_CURVE('',#6085,#6085,#6103,.T.);
#6103 = CIRCLE('',#6104,0.25);
#6104 = AXIS2_PLACEMENT_3D('',#6105,#6106,#6107);
#6105 = CARTESIAN_POINT('',(16.397,-51.524,-0.41148));
#6106 = DIRECTION('',(0.E+000,0.E+000,1.));
#6107 = DIRECTION('',(1.,0.E+000,-0.E+000));
#6108 = CYLINDRICAL_SURFACE('',#6109,0.25);
#6109 = AXIS2_PLACEMENT_3D('',#6110,#6111,#6112);
#6110 = CARTESIAN_POINT('',(16.397,-51.524,-0.41148));
#6111 = DIRECTION('',(-0.E+000,-0.E+000,-1.));
#6112 = DIRECTION('',(1.,0.E+000,-0.E+000));
#6113 = ADVANCED_FACE('',(#6114),#6141,.F.);
#6114 = FACE_BOUND('',#6115,.T.);
#6115 = EDGE_LOOP('',(#6116,#6126,#6133,#6134));
#6116 = ORIENTED_EDGE('',*,*,#6117,.T.);
#6117 = EDGE_CURVE('',#6118,#6120,#6122,.T.);
#6118 = VERTEX_POINT('',#6119);
#6119 = CARTESIAN_POINT('',(16.75,-50.,-0.41148));
#6120 = VERTEX_POINT('',#6121);
#6121 = CARTESIAN_POINT('',(16.75,-50.,0.E+000));
#6122 = LINE('',#6123,#6124);
#6123 = CARTESIAN_POINT('',(16.75,-50.,-0.41148));
#6124 = VECTOR('',#6125,1.);
#6125 = DIRECTION('',(0.E+000,0.E+000,1.));
#6126 = ORIENTED_EDGE('',*,*,#6127,.T.);
#6127 = EDGE_CURVE('',#6120,#6120,#6128,.T.);
#6128 = CIRCLE('',#6129,1.75);
#6129 = AXIS2_PLACEMENT_3D('',#6130,#6131,#6132);
#6130 = CARTESIAN_POINT('',(15.,-50.,0.E+000));
#6131 = DIRECTION('',(0.E+000,0.E+000,1.));
#6132 = DIRECTION('',(1.,0.E+000,-0.E+000));
#6133 = ORIENTED_EDGE('',*,*,#6117,.F.);
#6134 = ORIENTED_EDGE('',*,*,#6135,.F.);
#6135 = EDGE_CURVE('',#6118,#6118,#6136,.T.);
#6136 = CIRCLE('',#6137,1.75);
#6137 = AXIS2_PLACEMENT_3D('',#6138,#6139,#6140);
#6138 = CARTESIAN_POINT('',(15.,-50.,-0.41148));
#6139 = DIRECTION('',(0.E+000,0.E+000,1.));
#6140 = DIRECTION('',(1.,0.E+000,-0.E+000));
#6141 = CYLINDRICAL_SURFACE('',#6142,1.75);
#6142 = AXIS2_PLACEMENT_3D('',#6143,#6144,#6145);
#6143 = CARTESIAN_POINT('',(15.,-50.,-0.41148));
#6144 = DIRECTION('',(-0.E+000,-0.E+000,-1.));
#6145 = DIRECTION('',(1.,0.E+000,-0.E+000));
#6146 = ADVANCED_FACE('',(#6147),#6174,.F.);
#6147 = FACE_BOUND('',#6148,.T.);
#6148 = EDGE_LOOP('',(#6149,#6159,#6166,#6167));
#6149 = ORIENTED_EDGE('',*,*,#6150,.T.);
#6150 = EDGE_CURVE('',#6151,#6153,#6155,.T.);
#6151 = VERTEX_POINT('',#6152);
#6152 = CARTESIAN_POINT('',(13.091,-50.,-0.41148));
#6153 = VERTEX_POINT('',#6154);
#6154 = CARTESIAN_POINT('',(13.091,-50.,0.E+000));
#6155 = LINE('',#6156,#6157);
#6156 = CARTESIAN_POINT('',(13.091,-50.,-0.41148));
#6157 = VECTOR('',#6158,1.);
#6158 = DIRECTION('',(0.E+000,0.E+000,1.));
#6159 = ORIENTED_EDGE('',*,*,#6160,.T.);
#6160 = EDGE_CURVE('',#6153,#6153,#6161,.T.);
#6161 = CIRCLE('',#6162,0.25);
#6162 = AXIS2_PLACEMENT_3D('',#6163,#6164,#6165);
#6163 = CARTESIAN_POINT('',(12.841,-50.,0.E+000));
#6164 = DIRECTION('',(0.E+000,0.E+000,1.));
#6165 = DIRECTION('',(1.,0.E+000,-0.E+000));
#6166 = ORIENTED_EDGE('',*,*,#6150,.F.);
#6167 = ORIENTED_EDGE('',*,*,#6168,.F.);
#6168 = EDGE_CURVE('',#6151,#6151,#6169,.T.);
#6169 = CIRCLE('',#6170,0.25);
#6170 = AXIS2_PLACEMENT_3D('',#6171,#6172,#6173);
#6171 = CARTESIAN_POINT('',(12.841,-50.,-0.41148));
#6172 = DIRECTION('',(0.E+000,0.E+000,1.));
#6173 = DIRECTION('',(1.,0.E+000,-0.E+000));
#6174 = CYLINDRICAL_SURFACE('',#6175,0.25);
#6175 = AXIS2_PLACEMENT_3D('',#6176,#6177,#6178);
#6176 = CARTESIAN_POINT('',(12.841,-50.,-0.41148));
#6177 = DIRECTION('',(-0.E+000,-0.E+000,-1.));
#6178 = DIRECTION('',(1.,0.E+000,-0.E+000));
#6179 = ADVANCED_FACE('',(#6180),#6207,.F.);
#6180 = FACE_BOUND('',#6181,.T.);
#6181 = EDGE_LOOP('',(#6182,#6192,#6199,#6200));
#6182 = ORIENTED_EDGE('',*,*,#6183,.T.);
#6183 = EDGE_CURVE('',#6184,#6186,#6188,.T.);
#6184 = VERTEX_POINT('',#6185);
#6185 = CARTESIAN_POINT('',(13.726,-48.603,-0.41148));
#6186 = VERTEX_POINT('',#6187);
#6187 = CARTESIAN_POINT('',(13.726,-48.603,0.E+000));
#6188 = LINE('',#6189,#6190);
#6189 = CARTESIAN_POINT('',(13.726,-48.603,-0.41148));
#6190 = VECTOR('',#6191,1.);
#6191 = DIRECTION('',(0.E+000,0.E+000,1.));
#6192 = ORIENTED_EDGE('',*,*,#6193,.T.);
#6193 = EDGE_CURVE('',#6186,#6186,#6194,.T.);
#6194 = CIRCLE('',#6195,0.25);
#6195 = AXIS2_PLACEMENT_3D('',#6196,#6197,#6198);
#6196 = CARTESIAN_POINT('',(13.476,-48.603,0.E+000));
#6197 = DIRECTION('',(0.E+000,0.E+000,1.));
#6198 = DIRECTION('',(1.,0.E+000,-0.E+000));
#6199 = ORIENTED_EDGE('',*,*,#6183,.F.);
#6200 = ORIENTED_EDGE('',*,*,#6201,.F.);
#6201 = EDGE_CURVE('',#6184,#6184,#6202,.T.);
#6202 = CIRCLE('',#6203,0.25);
#6203 = AXIS2_PLACEMENT_3D('',#6204,#6205,#6206);
#6204 = CARTESIAN_POINT('',(13.476,-48.603,-0.41148));
#6205 = DIRECTION('',(0.E+000,0.E+000,1.));
#6206 = DIRECTION('',(1.,0.E+000,-0.E+000));
#6207 = CYLINDRICAL_SURFACE('',#6208,0.25);
#6208 = AXIS2_PLACEMENT_3D('',#6209,#6210,#6211);
#6209 = CARTESIAN_POINT('',(13.476,-48.603,-0.41148));
#6210 = DIRECTION('',(-0.E+000,-0.E+000,-1.));
#6211 = DIRECTION('',(1.,0.E+000,-0.E+000));
#6212 = ADVANCED_FACE('',(#6213),#6240,.F.);
#6213 = FACE_BOUND('',#6214,.T.);
#6214 = EDGE_LOOP('',(#6215,#6225,#6232,#6233));
#6215 = ORIENTED_EDGE('',*,*,#6216,.T.);
#6216 = EDGE_CURVE('',#6217,#6219,#6221,.T.);
#6217 = VERTEX_POINT('',#6218);
#6218 = CARTESIAN_POINT('',(17.378,-49.941,-0.41148));
#6219 = VERTEX_POINT('',#6220);
#6220 = CARTESIAN_POINT('',(17.378,-49.941,0.E+000));
#6221 = LINE('',#6222,#6223);
#6222 = CARTESIAN_POINT('',(17.378,-49.941,-0.41148));
#6223 = VECTOR('',#6224,1.);
#6224 = DIRECTION('',(0.E+000,0.E+000,1.));
#6225 = ORIENTED_EDGE('',*,*,#6226,.T.);
#6226 = EDGE_CURVE('',#6219,#6219,#6227,.T.);
#6227 = CIRCLE('',#6228,0.25);
#6228 = AXIS2_PLACEMENT_3D('',#6229,#6230,#6231);
#6229 = CARTESIAN_POINT('',(17.128,-49.941,0.E+000));
#6230 = DIRECTION('',(0.E+000,0.E+000,1.));
#6231 = DIRECTION('',(1.,0.E+000,-0.E+000));
#6232 = ORIENTED_EDGE('',*,*,#6216,.F.);
#6233 = ORIENTED_EDGE('',*,*,#6234,.F.);
#6234 = EDGE_CURVE('',#6217,#6217,#6235,.T.);
#6235 = CIRCLE('',#6236,0.25);
#6236 = AXIS2_PLACEMENT_3D('',#6237,#6238,#6239);
#6237 = CARTESIAN_POINT('',(17.128,-49.941,-0.41148));
#6238 = DIRECTION('',(0.E+000,0.E+000,1.));
#6239 = DIRECTION('',(1.,0.E+000,-0.E+000));
#6240 = CYLINDRICAL_SURFACE('',#6241,0.25);
#6241 = AXIS2_PLACEMENT_3D('',#6242,#6243,#6244);
#6242 = CARTESIAN_POINT('',(17.128,-49.941,-0.41148));
#6243 = DIRECTION('',(-0.E+000,-0.E+000,-1.));
#6244 = DIRECTION('',(1.,0.E+000,-0.E+000));
#6245 = ADVANCED_FACE('',(#6246),#6273,.F.);
#6246 = FACE_BOUND('',#6247,.T.);
#6247 = EDGE_LOOP('',(#6248,#6258,#6265,#6266));
#6248 = ORIENTED_EDGE('',*,*,#6249,.T.);
#6249 = EDGE_CURVE('',#6250,#6252,#6254,.T.);
#6250 = VERTEX_POINT('',#6251);
#6251 = CARTESIAN_POINT('',(15.25,-47.841,-0.41148));
#6252 = VERTEX_POINT('',#6253);
#6253 = CARTESIAN_POINT('',(15.25,-47.841,0.E+000));
#6254 = LINE('',#6255,#6256);
#6255 = CARTESIAN_POINT('',(15.25,-47.841,-0.41148));
#6256 = VECTOR('',#6257,1.);
#6257 = DIRECTION('',(0.E+000,0.E+000,1.));
#6258 = ORIENTED_EDGE('',*,*,#6259,.T.);
#6259 = EDGE_CURVE('',#6252,#6252,#6260,.T.);
#6260 = CIRCLE('',#6261,0.25);
#6261 = AXIS2_PLACEMENT_3D('',#6262,#6263,#6264);
#6262 = CARTESIAN_POINT('',(15.,-47.841,0.E+000));
#6263 = DIRECTION('',(0.E+000,0.E+000,1.));
#6264 = DIRECTION('',(1.,0.E+000,-0.E+000));
#6265 = ORIENTED_EDGE('',*,*,#6249,.F.);
#6266 = ORIENTED_EDGE('',*,*,#6267,.F.);
#6267 = EDGE_CURVE('',#6250,#6250,#6268,.T.);
#6268 = CIRCLE('',#6269,0.25);
#6269 = AXIS2_PLACEMENT_3D('',#6270,#6271,#6272);
#6270 = CARTESIAN_POINT('',(15.,-47.841,-0.41148));
#6271 = DIRECTION('',(0.E+000,0.E+000,1.));
#6272 = DIRECTION('',(1.,0.E+000,-0.E+000));
#6273 = CYLINDRICAL_SURFACE('',#6274,0.25);
#6274 = AXIS2_PLACEMENT_3D('',#6275,#6276,#6277);
#6275 = CARTESIAN_POINT('',(15.,-47.841,-0.41148));
#6276 = DIRECTION('',(-0.E+000,-0.E+000,-1.));
#6277 = DIRECTION('',(1.,0.E+000,-0.E+000));
#6278 = ADVANCED_FACE('',(#6279),#6306,.F.);
#6279 = FACE_BOUND('',#6280,.T.);
#6280 = EDGE_LOOP('',(#6281,#6291,#6298,#6299));
#6281 = ORIENTED_EDGE('',*,*,#6282,.T.);
#6282 = EDGE_CURVE('',#6283,#6285,#6287,.T.);
#6283 = VERTEX_POINT('',#6284);
#6284 = CARTESIAN_POINT('',(16.647,-48.476,-0.41148));
#6285 = VERTEX_POINT('',#6286);
#6286 = CARTESIAN_POINT('',(16.647,-48.476,0.E+000));
#6287 = LINE('',#6288,#6289);
#6288 = CARTESIAN_POINT('',(16.647,-48.476,-0.41148));
#6289 = VECTOR('',#6290,1.);
#6290 = DIRECTION('',(0.E+000,0.E+000,1.));
#6291 = ORIENTED_EDGE('',*,*,#6292,.T.);
#6292 = EDGE_CURVE('',#6285,#6285,#6293,.T.);
#6293 = CIRCLE('',#6294,0.25);
#6294 = AXIS2_PLACEMENT_3D('',#6295,#6296,#6297);
#6295 = CARTESIAN_POINT('',(16.397,-48.476,0.E+000));
#6296 = DIRECTION('',(0.E+000,0.E+000,1.));
#6297 = DIRECTION('',(1.,0.E+000,-0.E+000));
#6298 = ORIENTED_EDGE('',*,*,#6282,.F.);
#6299 = ORIENTED_EDGE('',*,*,#6300,.F.);
#6300 = EDGE_CURVE('',#6283,#6283,#6301,.T.);
#6301 = CIRCLE('',#6302,0.25);
#6302 = AXIS2_PLACEMENT_3D('',#6303,#6304,#6305);
#6303 = CARTESIAN_POINT('',(16.397,-48.476,-0.41148));
#6304 = DIRECTION('',(0.E+000,0.E+000,1.));
#6305 = DIRECTION('',(1.,0.E+000,-0.E+000));
#6306 = CYLINDRICAL_SURFACE('',#6307,0.25);
#6307 = AXIS2_PLACEMENT_3D('',#6308,#6309,#6310);
#6308 = CARTESIAN_POINT('',(16.397,-48.476,-0.41148));
#6309 = DIRECTION('',(-0.E+000,-0.E+000,-1.));
#6310 = DIRECTION('',(1.,0.E+000,-0.E+000));
#6311 = ADVANCED_FACE('',(#6312),#6339,.F.);
#6312 = FACE_BOUND('',#6313,.T.);
#6313 = EDGE_LOOP('',(#6314,#6324,#6331,#6332));
#6314 = ORIENTED_EDGE('',*,*,#6315,.T.);
#6315 = EDGE_CURVE('',#6316,#6318,#6320,.T.);
#6316 = VERTEX_POINT('',#6317);
#6317 = CARTESIAN_POINT('',(1.566,-41.713,-0.41148));
#6318 = VERTEX_POINT('',#6319);
#6319 = CARTESIAN_POINT('',(1.566,-41.713,0.E+000));
#6320 = LINE('',#6321,#6322);
#6321 = CARTESIAN_POINT('',(1.566,-41.713,-0.41148));
#6322 = VECTOR('',#6323,1.);
#6323 = DIRECTION('',(0.E+000,0.E+000,1.));
#6324 = ORIENTED_EDGE('',*,*,#6325,.T.);
#6325 = EDGE_CURVE('',#6318,#6318,#6326,.T.);
#6326 = CIRCLE('',#6327,0.55);
#6327 = AXIS2_PLACEMENT_3D('',#6328,#6329,#6330);
#6328 = CARTESIAN_POINT('',(1.016,-41.713,0.E+000));
#6329 = DIRECTION('',(0.E+000,0.E+000,1.));
#6330 = DIRECTION('',(1.,0.E+000,-0.E+000));
#6331 = ORIENTED_EDGE('',*,*,#6315,.F.);
#6332 = ORIENTED_EDGE('',*,*,#6333,.F.);
#6333 = EDGE_CURVE('',#6316,#6316,#6334,.T.);
#6334 = CIRCLE('',#6335,0.55);
#6335 = AXIS2_PLACEMENT_3D('',#6336,#6337,#6338);
#6336 = CARTESIAN_POINT('',(1.016,-41.713,-0.41148));
#6337 = DIRECTION('',(0.E+000,0.E+000,1.));
#6338 = DIRECTION('',(1.,0.E+000,-0.E+000));
#6339 = CYLINDRICAL_SURFACE('',#6340,0.55);
#6340 = AXIS2_PLACEMENT_3D('',#6341,#6342,#6343);
#6341 = CARTESIAN_POINT('',(1.016,-41.713,-0.41148));
#6342 = DIRECTION('',(-0.E+000,-0.E+000,-1.));
#6343 = DIRECTION('',(1.,0.E+000,-0.E+000));
#6344 = ADVANCED_FACE('',(#6345),#6372,.F.);
#6345 = FACE_BOUND('',#6346,.T.);
#6346 = EDGE_LOOP('',(#6347,#6357,#6364,#6365));
#6347 = ORIENTED_EDGE('',*,*,#6348,.T.);
#6348 = EDGE_CURVE('',#6349,#6351,#6353,.T.);
#6349 = VERTEX_POINT('',#6350);
#6350 = CARTESIAN_POINT('',(6.6,-25.146,-0.41148));
#6351 = VERTEX_POINT('',#6352);
#6352 = CARTESIAN_POINT('',(6.6,-25.146,0.E+000));
#6353 = LINE('',#6354,#6355);
#6354 = CARTESIAN_POINT('',(6.6,-25.146,-0.41148));
#6355 = VECTOR('',#6356,1.);
#6356 = DIRECTION('',(0.E+000,0.E+000,1.));
#6357 = ORIENTED_EDGE('',*,*,#6358,.T.);
#6358 = EDGE_CURVE('',#6351,#6351,#6359,.T.);
#6359 = CIRCLE('',#6360,0.25);
#6360 = AXIS2_PLACEMENT_3D('',#6361,#6362,#6363);
#6361 = CARTESIAN_POINT('',(6.35,-25.146,0.E+000));
#6362 = DIRECTION('',(0.E+000,0.E+000,1.));
#6363 = DIRECTION('',(1.,0.E+000,-0.E+000));
#6364 = ORIENTED_EDGE('',*,*,#6348,.F.);
#6365 = ORIENTED_EDGE('',*,*,#6366,.F.);
#6366 = EDGE_CURVE('',#6349,#6349,#6367,.T.);
#6367 = CIRCLE('',#6368,0.25);
#6368 = AXIS2_PLACEMENT_3D('',#6369,#6370,#6371);
#6369 = CARTESIAN_POINT('',(6.35,-25.146,-0.41148));
#6370 = DIRECTION('',(0.E+000,0.E+000,1.));
#6371 = DIRECTION('',(1.,0.E+000,-0.E+000));
#6372 = CYLINDRICAL_SURFACE('',#6373,0.25);
#6373 = AXIS2_PLACEMENT_3D('',#6374,#6375,#6376);
#6374 = CARTESIAN_POINT('',(6.35,-25.146,-0.41148));
#6375 = DIRECTION('',(-0.E+000,-0.E+000,-1.));
#6376 = DIRECTION('',(1.,0.E+000,-0.E+000));
#6377 = ADVANCED_FACE('',(#6378),#6405,.F.);
#6378 = FACE_BOUND('',#6379,.T.);
#6379 = EDGE_LOOP('',(#6380,#6390,#6397,#6398));
#6380 = ORIENTED_EDGE('',*,*,#6381,.T.);
#6381 = EDGE_CURVE('',#6382,#6384,#6386,.T.);
#6382 = VERTEX_POINT('',#6383);
#6383 = CARTESIAN_POINT('',(8.183,-25.877,-0.41148));
#6384 = VERTEX_POINT('',#6385);
#6385 = CARTESIAN_POINT('',(8.183,-25.877,0.E+000));
#6386 = LINE('',#6387,#6388);
#6387 = CARTESIAN_POINT('',(8.183,-25.877,-0.41148));
#6388 = VECTOR('',#6389,1.);
#6389 = DIRECTION('',(0.E+000,0.E+000,1.));
#6390 = ORIENTED_EDGE('',*,*,#6391,.T.);
#6391 = EDGE_CURVE('',#6384,#6384,#6392,.T.);
#6392 = CIRCLE('',#6393,0.25);
#6393 = AXIS2_PLACEMENT_3D('',#6394,#6395,#6396);
#6394 = CARTESIAN_POINT('',(7.933,-25.877,0.E+000));
#6395 = DIRECTION('',(0.E+000,0.E+000,1.));
#6396 = DIRECTION('',(1.,0.E+000,-0.E+000));
#6397 = ORIENTED_EDGE('',*,*,#6381,.F.);
#6398 = ORIENTED_EDGE('',*,*,#6399,.F.);
#6399 = EDGE_CURVE('',#6382,#6382,#6400,.T.);
#6400 = CIRCLE('',#6401,0.25);
#6401 = AXIS2_PLACEMENT_3D('',#6402,#6403,#6404);
#6402 = CARTESIAN_POINT('',(7.933,-25.877,-0.41148));
#6403 = DIRECTION('',(0.E+000,0.E+000,1.));
#6404 = DIRECTION('',(1.,0.E+000,-0.E+000));
#6405 = CYLINDRICAL_SURFACE('',#6406,0.25);
#6406 = AXIS2_PLACEMENT_3D('',#6407,#6408,#6409);
#6407 = CARTESIAN_POINT('',(7.933,-25.877,-0.41148));
#6408 = DIRECTION('',(-0.E+000,-0.E+000,-1.));
#6409 = DIRECTION('',(1.,0.E+000,-0.E+000));
#6410 = ADVANCED_FACE('',(#6411),#6438,.F.);
#6411 = FACE_BOUND('',#6412,.T.);
#6412 = EDGE_LOOP('',(#6413,#6423,#6430,#6431));
#6413 = ORIENTED_EDGE('',*,*,#6414,.T.);
#6414 = EDGE_CURVE('',#6415,#6417,#6419,.T.);
#6415 = VERTEX_POINT('',#6416);
#6416 = CARTESIAN_POINT('',(9.624,-23.749,-0.41148));
#6417 = VERTEX_POINT('',#6418);
#6418 = CARTESIAN_POINT('',(9.624,-23.749,0.E+000));
#6419 = LINE('',#6420,#6421);
#6420 = CARTESIAN_POINT('',(9.624,-23.749,-0.41148));
#6421 = VECTOR('',#6422,1.);
#6422 = DIRECTION('',(0.E+000,0.E+000,1.));
#6423 = ORIENTED_EDGE('',*,*,#6424,.T.);
#6424 = EDGE_CURVE('',#6417,#6417,#6425,.T.);
#6425 = CIRCLE('',#6426,1.75);
#6426 = AXIS2_PLACEMENT_3D('',#6427,#6428,#6429);
#6427 = CARTESIAN_POINT('',(7.874,-23.749,0.E+000));
#6428 = DIRECTION('',(0.E+000,0.E+000,1.));
#6429 = DIRECTION('',(1.,0.E+000,-0.E+000));
#6430 = ORIENTED_EDGE('',*,*,#6414,.F.);
#6431 = ORIENTED_EDGE('',*,*,#6432,.F.);
#6432 = EDGE_CURVE('',#6415,#6415,#6433,.T.);
#6433 = CIRCLE('',#6434,1.75);
#6434 = AXIS2_PLACEMENT_3D('',#6435,#6436,#6437);
#6435 = CARTESIAN_POINT('',(7.874,-23.749,-0.41148));
#6436 = DIRECTION('',(0.E+000,0.E+000,1.));
#6437 = DIRECTION('',(1.,0.E+000,-0.E+000));
#6438 = CYLINDRICAL_SURFACE('',#6439,1.75);
#6439 = AXIS2_PLACEMENT_3D('',#6440,#6441,#6442);
#6440 = CARTESIAN_POINT('',(7.874,-23.749,-0.41148));
#6441 = DIRECTION('',(-0.E+000,-0.E+000,-1.));
#6442 = DIRECTION('',(1.,0.E+000,-0.E+000));
#6443 = ADVANCED_FACE('',(#6444),#6471,.F.);
#6444 = FACE_BOUND('',#6445,.T.);
#6445 = EDGE_LOOP('',(#6446,#6456,#6463,#6464));
#6446 = ORIENTED_EDGE('',*,*,#6447,.T.);
#6447 = EDGE_CURVE('',#6448,#6450,#6452,.T.);
#6448 = VERTEX_POINT('',#6449);
#6449 = CARTESIAN_POINT('',(6.014,-23.718,-0.41148));
#6450 = VERTEX_POINT('',#6451);
#6451 = CARTESIAN_POINT('',(6.014,-23.718,0.E+000));
#6452 = LINE('',#6453,#6454);
#6453 = CARTESIAN_POINT('',(6.014,-23.718,-0.41148));
#6454 = VECTOR('',#6455,1.);
#6455 = DIRECTION('',(0.E+000,0.E+000,1.));
#6456 = ORIENTED_EDGE('',*,*,#6457,.T.);
#6457 = EDGE_CURVE('',#6450,#6450,#6458,.T.);
#6458 = CIRCLE('',#6459,0.25);
#6459 = AXIS2_PLACEMENT_3D('',#6460,#6461,#6462);
#6460 = CARTESIAN_POINT('',(5.764,-23.718,0.E+000));
#6461 = DIRECTION('',(0.E+000,0.E+000,1.));
#6462 = DIRECTION('',(1.,0.E+000,-0.E+000));
#6463 = ORIENTED_EDGE('',*,*,#6447,.F.);
#6464 = ORIENTED_EDGE('',*,*,#6465,.F.);
#6465 = EDGE_CURVE('',#6448,#6448,#6466,.T.);
#6466 = CIRCLE('',#6467,0.25);
#6467 = AXIS2_PLACEMENT_3D('',#6468,#6469,#6470);
#6468 = CARTESIAN_POINT('',(5.764,-23.718,-0.41148));
#6469 = DIRECTION('',(0.E+000,0.E+000,1.));
#6470 = DIRECTION('',(1.,0.E+000,-0.E+000));
#6471 = CYLINDRICAL_SURFACE('',#6472,0.25);
#6472 = AXIS2_PLACEMENT_3D('',#6473,#6474,#6475);
#6473 = CARTESIAN_POINT('',(5.764,-23.718,-0.41148));
#6474 = DIRECTION('',(-0.E+000,-0.E+000,-1.));
#6475 = DIRECTION('',(1.,0.E+000,-0.E+000));
#6476 = ADVANCED_FACE('',(#6477),#6504,.F.);
#6477 = FACE_BOUND('',#6478,.T.);
#6478 = EDGE_LOOP('',(#6479,#6489,#6496,#6497));
#6479 = ORIENTED_EDGE('',*,*,#6480,.T.);
#6480 = EDGE_CURVE('',#6481,#6483,#6485,.T.);
#6481 = VERTEX_POINT('',#6482);
#6482 = CARTESIAN_POINT('',(6.727,-22.098,-0.41148));
#6483 = VERTEX_POINT('',#6484);
#6484 = CARTESIAN_POINT('',(6.727,-22.098,0.E+000));
#6485 = LINE('',#6486,#6487);
#6486 = CARTESIAN_POINT('',(6.727,-22.098,-0.41148));
#6487 = VECTOR('',#6488,1.);
#6488 = DIRECTION('',(0.E+000,0.E+000,1.));
#6489 = ORIENTED_EDGE('',*,*,#6490,.T.);
#6490 = EDGE_CURVE('',#6483,#6483,#6491,.T.);
#6491 = CIRCLE('',#6492,0.25);
#6492 = AXIS2_PLACEMENT_3D('',#6493,#6494,#6495);
#6493 = CARTESIAN_POINT('',(6.477,-22.098,0.E+000));
#6494 = DIRECTION('',(0.E+000,0.E+000,1.));
#6495 = DIRECTION('',(1.,0.E+000,-0.E+000));
#6496 = ORIENTED_EDGE('',*,*,#6480,.F.);
#6497 = ORIENTED_EDGE('',*,*,#6498,.F.);
#6498 = EDGE_CURVE('',#6481,#6481,#6499,.T.);
#6499 = CIRCLE('',#6500,0.25);
#6500 = AXIS2_PLACEMENT_3D('',#6501,#6502,#6503);
#6501 = CARTESIAN_POINT('',(6.477,-22.098,-0.41148));
#6502 = DIRECTION('',(0.E+000,0.E+000,1.));
#6503 = DIRECTION('',(1.,0.E+000,-0.E+000));
#6504 = CYLINDRICAL_SURFACE('',#6505,0.25);
#6505 = AXIS2_PLACEMENT_3D('',#6506,#6507,#6508);
#6506 = CARTESIAN_POINT('',(6.477,-22.098,-0.41148));
#6507 = DIRECTION('',(-0.E+000,-0.E+000,-1.));
#6508 = DIRECTION('',(1.,0.E+000,-0.E+000));
#6509 = ADVANCED_FACE('',(#6510),#6537,.F.);
#6510 = FACE_BOUND('',#6511,.T.);
#6511 = EDGE_LOOP('',(#6512,#6522,#6529,#6530));
#6512 = ORIENTED_EDGE('',*,*,#6513,.T.);
#6513 = EDGE_CURVE('',#6514,#6516,#6518,.T.);
#6514 = VERTEX_POINT('',#6515);
#6515 = CARTESIAN_POINT('',(9.648,-25.146,-0.41148));
#6516 = VERTEX_POINT('',#6517);
#6517 = CARTESIAN_POINT('',(9.648,-25.146,0.E+000));
#6518 = LINE('',#6519,#6520);
#6519 = CARTESIAN_POINT('',(9.648,-25.146,-0.41148));
#6520 = VECTOR('',#6521,1.);
#6521 = DIRECTION('',(0.E+000,0.E+000,1.));
#6522 = ORIENTED_EDGE('',*,*,#6523,.T.);
#6523 = EDGE_CURVE('',#6516,#6516,#6524,.T.);
#6524 = CIRCLE('',#6525,0.25);
#6525 = AXIS2_PLACEMENT_3D('',#6526,#6527,#6528);
#6526 = CARTESIAN_POINT('',(9.398,-25.146,0.E+000));
#6527 = DIRECTION('',(0.E+000,0.E+000,1.));
#6528 = DIRECTION('',(1.,0.E+000,-0.E+000));
#6529 = ORIENTED_EDGE('',*,*,#6513,.F.);
#6530 = ORIENTED_EDGE('',*,*,#6531,.F.);
#6531 = EDGE_CURVE('',#6514,#6514,#6532,.T.);
#6532 = CIRCLE('',#6533,0.25);
#6533 = AXIS2_PLACEMENT_3D('',#6534,#6535,#6536);
#6534 = CARTESIAN_POINT('',(9.398,-25.146,-0.41148));
#6535 = DIRECTION('',(0.E+000,0.E+000,1.));
#6536 = DIRECTION('',(1.,0.E+000,-0.E+000));
#6537 = CYLINDRICAL_SURFACE('',#6538,0.25);
#6538 = AXIS2_PLACEMENT_3D('',#6539,#6540,#6541);
#6539 = CARTESIAN_POINT('',(9.398,-25.146,-0.41148));
#6540 = DIRECTION('',(-0.E+000,-0.E+000,-1.));
#6541 = DIRECTION('',(1.,0.E+000,-0.E+000));
#6542 = ADVANCED_FACE('',(#6543),#6570,.F.);
#6543 = FACE_BOUND('',#6544,.T.);
#6544 = EDGE_LOOP('',(#6545,#6555,#6562,#6563));
#6545 = ORIENTED_EDGE('',*,*,#6546,.T.);
#6546 = EDGE_CURVE('',#6547,#6549,#6551,.T.);
#6547 = VERTEX_POINT('',#6548);
#6548 = CARTESIAN_POINT('',(8.124,-21.59,-0.41148));
#6549 = VERTEX_POINT('',#6550);
#6550 = CARTESIAN_POINT('',(8.124,-21.59,0.E+000));
#6551 = LINE('',#6552,#6553);
#6552 = CARTESIAN_POINT('',(8.124,-21.59,-0.41148));
#6553 = VECTOR('',#6554,1.);
#6554 = DIRECTION('',(0.E+000,0.E+000,1.));
#6555 = ORIENTED_EDGE('',*,*,#6556,.T.);
#6556 = EDGE_CURVE('',#6549,#6549,#6557,.T.);
#6557 = CIRCLE('',#6558,0.25);
#6558 = AXIS2_PLACEMENT_3D('',#6559,#6560,#6561);
#6559 = CARTESIAN_POINT('',(7.874,-21.59,0.E+000));
#6560 = DIRECTION('',(0.E+000,0.E+000,1.));
#6561 = DIRECTION('',(1.,0.E+000,-0.E+000));
#6562 = ORIENTED_EDGE('',*,*,#6546,.F.);
#6563 = ORIENTED_EDGE('',*,*,#6564,.F.);
#6564 = EDGE_CURVE('',#6547,#6547,#6565,.T.);
#6565 = CIRCLE('',#6566,0.25);
#6566 = AXIS2_PLACEMENT_3D('',#6567,#6568,#6569);
#6567 = CARTESIAN_POINT('',(7.874,-21.59,-0.41148));
#6568 = DIRECTION('',(0.E+000,0.E+000,1.));
#6569 = DIRECTION('',(1.,0.E+000,-0.E+000));
#6570 = CYLINDRICAL_SURFACE('',#6571,0.25);
#6571 = AXIS2_PLACEMENT_3D('',#6572,#6573,#6574);
#6572 = CARTESIAN_POINT('',(7.874,-21.59,-0.41148));
#6573 = DIRECTION('',(-0.E+000,-0.E+000,-1.));
#6574 = DIRECTION('',(1.,0.E+000,-0.E+000));
#6575 = ADVANCED_FACE('',(#6576),#6603,.F.);
#6576 = FACE_BOUND('',#6577,.T.);
#6577 = EDGE_LOOP('',(#6578,#6588,#6595,#6596));
#6578 = ORIENTED_EDGE('',*,*,#6579,.T.);
#6579 = EDGE_CURVE('',#6580,#6582,#6584,.T.);
#6580 = VERTEX_POINT('',#6581);
#6581 = CARTESIAN_POINT('',(9.521,-22.225,-0.41148));
#6582 = VERTEX_POINT('',#6583);
#6583 = CARTESIAN_POINT('',(9.521,-22.225,0.E+000));
#6584 = LINE('',#6585,#6586);
#6585 = CARTESIAN_POINT('',(9.521,-22.225,-0.41148));
#6586 = VECTOR('',#6587,1.);
#6587 = DIRECTION('',(0.E+000,0.E+000,1.));
#6588 = ORIENTED_EDGE('',*,*,#6589,.T.);
#6589 = EDGE_CURVE('',#6582,#6582,#6590,.T.);
#6590 = CIRCLE('',#6591,0.25);
#6591 = AXIS2_PLACEMENT_3D('',#6592,#6593,#6594);
#6592 = CARTESIAN_POINT('',(9.271,-22.225,0.E+000));
#6593 = DIRECTION('',(0.E+000,0.E+000,1.));
#6594 = DIRECTION('',(1.,0.E+000,-0.E+000));
#6595 = ORIENTED_EDGE('',*,*,#6579,.F.);
#6596 = ORIENTED_EDGE('',*,*,#6597,.F.);
#6597 = EDGE_CURVE('',#6580,#6580,#6598,.T.);
#6598 = CIRCLE('',#6599,0.25);
#6599 = AXIS2_PLACEMENT_3D('',#6600,#6601,#6602);
#6600 = CARTESIAN_POINT('',(9.271,-22.225,-0.41148));
#6601 = DIRECTION('',(0.E+000,0.E+000,1.));
#6602 = DIRECTION('',(1.,0.E+000,-0.E+000));
#6603 = CYLINDRICAL_SURFACE('',#6604,0.25);
#6604 = AXIS2_PLACEMENT_3D('',#6605,#6606,#6607);
#6605 = CARTESIAN_POINT('',(9.271,-22.225,-0.41148));
#6606 = DIRECTION('',(-0.E+000,-0.E+000,-1.));
#6607 = DIRECTION('',(1.,0.E+000,-0.E+000));
#6608 = ADVANCED_FACE('',(#6609),#6636,.F.);
#6609 = FACE_BOUND('',#6610,.T.);
#6610 = EDGE_LOOP('',(#6611,#6621,#6628,#6629));
#6611 = ORIENTED_EDGE('',*,*,#6612,.T.);
#6612 = EDGE_CURVE('',#6613,#6615,#6617,.T.);
#6613 = VERTEX_POINT('',#6614);
#6614 = CARTESIAN_POINT('',(16.502,-29.351,-0.41148));
#6615 = VERTEX_POINT('',#6616);
#6616 = CARTESIAN_POINT('',(16.502,-29.351,0.E+000));
#6617 = LINE('',#6618,#6619);
#6618 = CARTESIAN_POINT('',(16.502,-29.351,-0.41148));
#6619 = VECTOR('',#6620,1.);
#6620 = DIRECTION('',(0.E+000,0.E+000,1.));
#6621 = ORIENTED_EDGE('',*,*,#6622,.T.);
#6622 = EDGE_CURVE('',#6615,#6615,#6623,.T.);
#6623 = CIRCLE('',#6624,0.5);
#6624 = AXIS2_PLACEMENT_3D('',#6625,#6626,#6627);
#6625 = CARTESIAN_POINT('',(16.002,-29.351,0.E+000));
#6626 = DIRECTION('',(0.E+000,0.E+000,1.));
#6627 = DIRECTION('',(1.,0.E+000,-0.E+000));
#6628 = ORIENTED_EDGE('',*,*,#6612,.F.);
#6629 = ORIENTED_EDGE('',*,*,#6630,.F.);
#6630 = EDGE_CURVE('',#6613,#6613,#6631,.T.);
#6631 = CIRCLE('',#6632,0.5);
#6632 = AXIS2_PLACEMENT_3D('',#6633,#6634,#6635);
#6633 = CARTESIAN_POINT('',(16.002,-29.351,-0.41148));
#6634 = DIRECTION('',(0.E+000,0.E+000,1.));
#6635 = DIRECTION('',(1.,0.E+000,-0.E+000));
#6636 = CYLINDRICAL_SURFACE('',#6637,0.5);
#6637 = AXIS2_PLACEMENT_3D('',#6638,#6639,#6640);
#6638 = CARTESIAN_POINT('',(16.002,-29.351,-0.41148));
#6639 = DIRECTION('',(-0.E+000,-0.E+000,-1.));
#6640 = DIRECTION('',(1.,0.E+000,-0.E+000));
#6641 = ADVANCED_FACE('',(#6642),#6669,.F.);
#6642 = FACE_BOUND('',#6643,.T.);
#6643 = EDGE_LOOP('',(#6644,#6654,#6661,#6662));
#6644 = ORIENTED_EDGE('',*,*,#6645,.T.);
#6645 = EDGE_CURVE('',#6646,#6648,#6650,.T.);
#6646 = VERTEX_POINT('',#6647);
#6647 = CARTESIAN_POINT('',(16.502,-26.811,-0.41148));
#6648 = VERTEX_POINT('',#6649);
#6649 = CARTESIAN_POINT('',(16.502,-26.811,0.E+000));
#6650 = LINE('',#6651,#6652);
#6651 = CARTESIAN_POINT('',(16.502,-26.811,-0.41148));
#6652 = VECTOR('',#6653,1.);
#6653 = DIRECTION('',(0.E+000,0.E+000,1.));
#6654 = ORIENTED_EDGE('',*,*,#6655,.T.);
#6655 = EDGE_CURVE('',#6648,#6648,#6656,.T.);
#6656 = CIRCLE('',#6657,0.5);
#6657 = AXIS2_PLACEMENT_3D('',#6658,#6659,#6660);
#6658 = CARTESIAN_POINT('',(16.002,-26.811,0.E+000));
#6659 = DIRECTION('',(0.E+000,0.E+000,1.));
#6660 = DIRECTION('',(1.,0.E+000,-0.E+000));
#6661 = ORIENTED_EDGE('',*,*,#6645,.F.);
#6662 = ORIENTED_EDGE('',*,*,#6663,.F.);
#6663 = EDGE_CURVE('',#6646,#6646,#6664,.T.);
#6664 = CIRCLE('',#6665,0.5);
#6665 = AXIS2_PLACEMENT_3D('',#6666,#6667,#6668);
#6666 = CARTESIAN_POINT('',(16.002,-26.811,-0.41148));
#6667 = DIRECTION('',(0.E+000,0.E+000,1.));
#6668 = DIRECTION('',(1.,0.E+000,-0.E+000));
#6669 = CYLINDRICAL_SURFACE('',#6670,0.5);
#6670 = AXIS2_PLACEMENT_3D('',#6671,#6672,#6673);
#6671 = CARTESIAN_POINT('',(16.002,-26.811,-0.41148));
#6672 = DIRECTION('',(-0.E+000,-0.E+000,-1.));
#6673 = DIRECTION('',(1.,0.E+000,-0.E+000));
#6674 = ADVANCED_FACE('',(#6675),#6702,.F.);
#6675 = FACE_BOUND('',#6676,.T.);
#6676 = EDGE_LOOP('',(#6677,#6687,#6694,#6695));
#6677 = ORIENTED_EDGE('',*,*,#6678,.T.);
#6678 = EDGE_CURVE('',#6679,#6681,#6683,.T.);
#6679 = VERTEX_POINT('',#6680);
#6680 = CARTESIAN_POINT('',(16.502,-34.431,-0.41148));
#6681 = VERTEX_POINT('',#6682);
#6682 = CARTESIAN_POINT('',(16.502,-34.431,0.E+000));
#6683 = LINE('',#6684,#6685);
#6684 = CARTESIAN_POINT('',(16.502,-34.431,-0.41148));
#6685 = VECTOR('',#6686,1.);
#6686 = DIRECTION('',(0.E+000,0.E+000,1.));
#6687 = ORIENTED_EDGE('',*,*,#6688,.T.);
#6688 = EDGE_CURVE('',#6681,#6681,#6689,.T.);
#6689 = CIRCLE('',#6690,0.5);
#6690 = AXIS2_PLACEMENT_3D('',#6691,#6692,#6693);
#6691 = CARTESIAN_POINT('',(16.002,-34.431,0.E+000));
#6692 = DIRECTION('',(0.E+000,0.E+000,1.));
#6693 = DIRECTION('',(1.,0.E+000,-0.E+000));
#6694 = ORIENTED_EDGE('',*,*,#6678,.F.);
#6695 = ORIENTED_EDGE('',*,*,#6696,.F.);
#6696 = EDGE_CURVE('',#6679,#6679,#6697,.T.);
#6697 = CIRCLE('',#6698,0.5);
#6698 = AXIS2_PLACEMENT_3D('',#6699,#6700,#6701);
#6699 = CARTESIAN_POINT('',(16.002,-34.431,-0.41148));
#6700 = DIRECTION('',(0.E+000,0.E+000,1.));
#6701 = DIRECTION('',(1.,0.E+000,-0.E+000));
#6702 = CYLINDRICAL_SURFACE('',#6703,0.5);
#6703 = AXIS2_PLACEMENT_3D('',#6704,#6705,#6706);
#6704 = CARTESIAN_POINT('',(16.002,-34.431,-0.41148));
#6705 = DIRECTION('',(-0.E+000,-0.E+000,-1.));
#6706 = DIRECTION('',(1.,0.E+000,-0.E+000));
#6707 = ADVANCED_FACE('',(#6708),#6735,.F.);
#6708 = FACE_BOUND('',#6709,.T.);
#6709 = EDGE_LOOP('',(#6710,#6720,#6727,#6728));
#6710 = ORIENTED_EDGE('',*,*,#6711,.T.);
#6711 = EDGE_CURVE('',#6712,#6714,#6716,.T.);
#6712 = VERTEX_POINT('',#6713);
#6713 = CARTESIAN_POINT('',(16.502,-31.891,-0.41148));
#6714 = VERTEX_POINT('',#6715);
#6715 = CARTESIAN_POINT('',(16.502,-31.891,0.E+000));
#6716 = LINE('',#6717,#6718);
#6717 = CARTESIAN_POINT('',(16.502,-31.891,-0.41148));
#6718 = VECTOR('',#6719,1.);
#6719 = DIRECTION('',(0.E+000,0.E+000,1.));
#6720 = ORIENTED_EDGE('',*,*,#6721,.T.);
#6721 = EDGE_CURVE('',#6714,#6714,#6722,.T.);
#6722 = CIRCLE('',#6723,0.5);
#6723 = AXIS2_PLACEMENT_3D('',#6724,#6725,#6726);
#6724 = CARTESIAN_POINT('',(16.002,-31.891,0.E+000));
#6725 = DIRECTION('',(0.E+000,0.E+000,1.));
#6726 = DIRECTION('',(1.,0.E+000,-0.E+000));
#6727 = ORIENTED_EDGE('',*,*,#6711,.F.);
#6728 = ORIENTED_EDGE('',*,*,#6729,.F.);
#6729 = EDGE_CURVE('',#6712,#6712,#6730,.T.);
#6730 = CIRCLE('',#6731,0.5);
#6731 = AXIS2_PLACEMENT_3D('',#6732,#6733,#6734);
#6732 = CARTESIAN_POINT('',(16.002,-31.891,-0.41148));
#6733 = DIRECTION('',(0.E+000,0.E+000,1.));
#6734 = DIRECTION('',(1.,0.E+000,-0.E+000));
#6735 = CYLINDRICAL_SURFACE('',#6736,0.5);
#6736 = AXIS2_PLACEMENT_3D('',#6737,#6738,#6739);
#6737 = CARTESIAN_POINT('',(16.002,-31.891,-0.41148));
#6738 = DIRECTION('',(-0.E+000,-0.E+000,-1.));
#6739 = DIRECTION('',(1.,0.E+000,-0.E+000));
#6740 = ADVANCED_FACE('',(#6741),#6768,.F.);
#6741 = FACE_BOUND('',#6742,.T.);
#6742 = EDGE_LOOP('',(#6743,#6753,#6760,#6761));
#6743 = ORIENTED_EDGE('',*,*,#6744,.T.);
#6744 = EDGE_CURVE('',#6745,#6747,#6749,.T.);
#6745 = VERTEX_POINT('',#6746);
#6746 = CARTESIAN_POINT('',(16.502,-24.271,-0.41148));
#6747 = VERTEX_POINT('',#6748);
#6748 = CARTESIAN_POINT('',(16.502,-24.271,0.E+000));
#6749 = LINE('',#6750,#6751);
#6750 = CARTESIAN_POINT('',(16.502,-24.271,-0.41148));
#6751 = VECTOR('',#6752,1.);
#6752 = DIRECTION('',(0.E+000,0.E+000,1.));
#6753 = ORIENTED_EDGE('',*,*,#6754,.T.);
#6754 = EDGE_CURVE('',#6747,#6747,#6755,.T.);
#6755 = CIRCLE('',#6756,0.5);
#6756 = AXIS2_PLACEMENT_3D('',#6757,#6758,#6759);
#6757 = CARTESIAN_POINT('',(16.002,-24.271,0.E+000));
#6758 = DIRECTION('',(0.E+000,0.E+000,1.));
#6759 = DIRECTION('',(1.,0.E+000,-0.E+000));
#6760 = ORIENTED_EDGE('',*,*,#6744,.F.);
#6761 = ORIENTED_EDGE('',*,*,#6762,.F.);
#6762 = EDGE_CURVE('',#6745,#6745,#6763,.T.);
#6763 = CIRCLE('',#6764,0.5);
#6764 = AXIS2_PLACEMENT_3D('',#6765,#6766,#6767);
#6765 = CARTESIAN_POINT('',(16.002,-24.271,-0.41148));
#6766 = DIRECTION('',(0.E+000,0.E+000,1.));
#6767 = DIRECTION('',(1.,0.E+000,-0.E+000));
#6768 = CYLINDRICAL_SURFACE('',#6769,0.5);
#6769 = AXIS2_PLACEMENT_3D('',#6770,#6771,#6772);
#6770 = CARTESIAN_POINT('',(16.002,-24.271,-0.41148));
#6771 = DIRECTION('',(-0.E+000,-0.E+000,-1.));
#6772 = DIRECTION('',(1.,0.E+000,-0.E+000));
#6773 = ADVANCED_FACE('',(#6774),#6801,.F.);
#6774 = FACE_BOUND('',#6775,.T.);
#6775 = EDGE_LOOP('',(#6776,#6786,#6793,#6794));
#6776 = ORIENTED_EDGE('',*,*,#6777,.T.);
#6777 = EDGE_CURVE('',#6778,#6780,#6782,.T.);
#6778 = VERTEX_POINT('',#6779);
#6779 = CARTESIAN_POINT('',(10.283,-23.749,-0.41148));
#6780 = VERTEX_POINT('',#6781);
#6781 = CARTESIAN_POINT('',(10.283,-23.749,0.E+000));
#6782 = LINE('',#6783,#6784);
#6783 = CARTESIAN_POINT('',(10.283,-23.749,-0.41148));
#6784 = VECTOR('',#6785,1.);
#6785 = DIRECTION('',(0.E+000,0.E+000,1.));
#6786 = ORIENTED_EDGE('',*,*,#6787,.T.);
#6787 = EDGE_CURVE('',#6780,#6780,#6788,.T.);
#6788 = CIRCLE('',#6789,0.25);
#6789 = AXIS2_PLACEMENT_3D('',#6790,#6791,#6792);
#6790 = CARTESIAN_POINT('',(10.033,-23.749,0.E+000));
#6791 = DIRECTION('',(0.E+000,0.E+000,1.));
#6792 = DIRECTION('',(1.,0.E+000,-0.E+000));
#6793 = ORIENTED_EDGE('',*,*,#6777,.F.);
#6794 = ORIENTED_EDGE('',*,*,#6795,.F.);
#6795 = EDGE_CURVE('',#6778,#6778,#6796,.T.);
#6796 = CIRCLE('',#6797,0.25);
#6797 = AXIS2_PLACEMENT_3D('',#6798,#6799,#6800);
#6798 = CARTESIAN_POINT('',(10.033,-23.749,-0.41148));
#6799 = DIRECTION('',(0.E+000,0.E+000,1.));
#6800 = DIRECTION('',(1.,0.E+000,-0.E+000));
#6801 = CYLINDRICAL_SURFACE('',#6802,0.25);
#6802 = AXIS2_PLACEMENT_3D('',#6803,#6804,#6805);
#6803 = CARTESIAN_POINT('',(10.033,-23.749,-0.41148));
#6804 = DIRECTION('',(-0.E+000,-0.E+000,-1.));
#6805 = DIRECTION('',(1.,0.E+000,-0.E+000));
#6806 = ADVANCED_FACE('',(#6807),#6834,.F.);
#6807 = FACE_BOUND('',#6808,.T.);
#6808 = EDGE_LOOP('',(#6809,#6819,#6826,#6827));
#6809 = ORIENTED_EDGE('',*,*,#6810,.T.);
#6810 = EDGE_CURVE('',#6811,#6813,#6815,.T.);
#6811 = VERTEX_POINT('',#6812);
#6812 = CARTESIAN_POINT('',(16.502,-21.731,-0.41148));
#6813 = VERTEX_POINT('',#6814);
#6814 = CARTESIAN_POINT('',(16.502,-21.731,0.E+000));
#6815 = LINE('',#6816,#6817);
#6816 = CARTESIAN_POINT('',(16.502,-21.731,-0.41148));
#6817 = VECTOR('',#6818,1.);
#6818 = DIRECTION('',(0.E+000,0.E+000,1.));
#6819 = ORIENTED_EDGE('',*,*,#6820,.T.);
#6820 = EDGE_CURVE('',#6813,#6813,#6821,.T.);
#6821 = CIRCLE('',#6822,0.5);
#6822 = AXIS2_PLACEMENT_3D('',#6823,#6824,#6825);
#6823 = CARTESIAN_POINT('',(16.002,-21.731,0.E+000));
#6824 = DIRECTION('',(0.E+000,0.E+000,1.));
#6825 = DIRECTION('',(1.,0.E+000,-0.E+000));
#6826 = ORIENTED_EDGE('',*,*,#6810,.F.);
#6827 = ORIENTED_EDGE('',*,*,#6828,.F.);
#6828 = EDGE_CURVE('',#6811,#6811,#6829,.T.);
#6829 = CIRCLE('',#6830,0.5);
#6830 = AXIS2_PLACEMENT_3D('',#6831,#6832,#6833);
#6831 = CARTESIAN_POINT('',(16.002,-21.731,-0.41148));
#6832 = DIRECTION('',(0.E+000,0.E+000,1.));
#6833 = DIRECTION('',(1.,0.E+000,-0.E+000));
#6834 = CYLINDRICAL_SURFACE('',#6835,0.5);
#6835 = AXIS2_PLACEMENT_3D('',#6836,#6837,#6838);
#6836 = CARTESIAN_POINT('',(16.002,-21.731,-0.41148));
#6837 = DIRECTION('',(-0.E+000,-0.E+000,-1.));
#6838 = DIRECTION('',(1.,0.E+000,-0.E+000));
#6839 = ADVANCED_FACE('',(#6840),#6867,.F.);
#6840 = FACE_BOUND('',#6841,.T.);
#6841 = EDGE_LOOP('',(#6842,#6852,#6859,#6860));
#6842 = ORIENTED_EDGE('',*,*,#6843,.T.);
#6843 = EDGE_CURVE('',#6844,#6846,#6848,.T.);
#6844 = VERTEX_POINT('',#6845);
#6845 = CARTESIAN_POINT('',(16.502,-16.651,-0.41148));
#6846 = VERTEX_POINT('',#6847);
#6847 = CARTESIAN_POINT('',(16.502,-16.651,0.E+000));
#6848 = LINE('',#6849,#6850);
#6849 = CARTESIAN_POINT('',(16.502,-16.651,-0.41148));
#6850 = VECTOR('',#6851,1.);
#6851 = DIRECTION('',(0.E+000,0.E+000,1.));
#6852 = ORIENTED_EDGE('',*,*,#6853,.T.);
#6853 = EDGE_CURVE('',#6846,#6846,#6854,.T.);
#6854 = CIRCLE('',#6855,0.5);
#6855 = AXIS2_PLACEMENT_3D('',#6856,#6857,#6858);
#6856 = CARTESIAN_POINT('',(16.002,-16.651,0.E+000));
#6857 = DIRECTION('',(0.E+000,0.E+000,1.));
#6858 = DIRECTION('',(1.,0.E+000,-0.E+000));
#6859 = ORIENTED_EDGE('',*,*,#6843,.F.);
#6860 = ORIENTED_EDGE('',*,*,#6861,.F.);
#6861 = EDGE_CURVE('',#6844,#6844,#6862,.T.);
#6862 = CIRCLE('',#6863,0.5);
#6863 = AXIS2_PLACEMENT_3D('',#6864,#6865,#6866);
#6864 = CARTESIAN_POINT('',(16.002,-16.651,-0.41148));
#6865 = DIRECTION('',(0.E+000,0.E+000,1.));
#6866 = DIRECTION('',(1.,0.E+000,-0.E+000));
#6867 = CYLINDRICAL_SURFACE('',#6868,0.5);
#6868 = AXIS2_PLACEMENT_3D('',#6869,#6870,#6871);
#6869 = CARTESIAN_POINT('',(16.002,-16.651,-0.41148));
#6870 = DIRECTION('',(-0.E+000,-0.E+000,-1.));
#6871 = DIRECTION('',(1.,0.E+000,-0.E+000));
#6872 = ADVANCED_FACE('',(#6873),#6900,.F.);
#6873 = FACE_BOUND('',#6874,.T.);
#6874 = EDGE_LOOP('',(#6875,#6885,#6892,#6893));
#6875 = ORIENTED_EDGE('',*,*,#6876,.T.);
#6876 = EDGE_CURVE('',#6877,#6879,#6881,.T.);
#6877 = VERTEX_POINT('',#6878);
#6878 = CARTESIAN_POINT('',(16.502,-19.191,-0.41148));
#6879 = VERTEX_POINT('',#6880);
#6880 = CARTESIAN_POINT('',(16.502,-19.191,0.E+000));
#6881 = LINE('',#6882,#6883);
#6882 = CARTESIAN_POINT('',(16.502,-19.191,-0.41148));
#6883 = VECTOR('',#6884,1.);
#6884 = DIRECTION('',(0.E+000,0.E+000,1.));
#6885 = ORIENTED_EDGE('',*,*,#6886,.T.);
#6886 = EDGE_CURVE('',#6879,#6879,#6887,.T.);
#6887 = CIRCLE('',#6888,0.5);
#6888 = AXIS2_PLACEMENT_3D('',#6889,#6890,#6891);
#6889 = CARTESIAN_POINT('',(16.002,-19.191,0.E+000));
#6890 = DIRECTION('',(0.E+000,0.E+000,1.));
#6891 = DIRECTION('',(1.,0.E+000,-0.E+000));
#6892 = ORIENTED_EDGE('',*,*,#6876,.F.);
#6893 = ORIENTED_EDGE('',*,*,#6894,.F.);
#6894 = EDGE_CURVE('',#6877,#6877,#6895,.T.);
#6895 = CIRCLE('',#6896,0.5);
#6896 = AXIS2_PLACEMENT_3D('',#6897,#6898,#6899);
#6897 = CARTESIAN_POINT('',(16.002,-19.191,-0.41148));
#6898 = DIRECTION('',(0.E+000,0.E+000,1.));
#6899 = DIRECTION('',(1.,0.E+000,-0.E+000));
#6900 = CYLINDRICAL_SURFACE('',#6901,0.5);
#6901 = AXIS2_PLACEMENT_3D('',#6902,#6903,#6904);
#6902 = CARTESIAN_POINT('',(16.002,-19.191,-0.41148));
#6903 = DIRECTION('',(-0.E+000,-0.E+000,-1.));
#6904 = DIRECTION('',(1.,0.E+000,-0.E+000));
#6905 = ADVANCED_FACE('',(#6906),#6933,.F.);
#6906 = FACE_BOUND('',#6907,.T.);
#6907 = EDGE_LOOP('',(#6908,#6918,#6925,#6926));
#6908 = ORIENTED_EDGE('',*,*,#6909,.T.);
#6909 = EDGE_CURVE('',#6910,#6912,#6914,.T.);
#6910 = VERTEX_POINT('',#6911);
#6911 = CARTESIAN_POINT('',(23.723,-50.933,-0.41148));
#6912 = VERTEX_POINT('',#6913);
#6913 = CARTESIAN_POINT('',(23.723,-50.933,0.E+000));
#6914 = LINE('',#6915,#6916);
#6915 = CARTESIAN_POINT('',(23.723,-50.933,-0.41148));
#6916 = VECTOR('',#6917,1.);
#6917 = DIRECTION('',(0.E+000,0.E+000,1.));
#6918 = ORIENTED_EDGE('',*,*,#6919,.T.);
#6919 = EDGE_CURVE('',#6912,#6912,#6920,.T.);
#6920 = CIRCLE('',#6921,1.75);
#6921 = AXIS2_PLACEMENT_3D('',#6922,#6923,#6924);
#6922 = CARTESIAN_POINT('',(21.973,-50.933,0.E+000));
#6923 = DIRECTION('',(0.E+000,0.E+000,1.));
#6924 = DIRECTION('',(1.,0.E+000,-0.E+000));
#6925 = ORIENTED_EDGE('',*,*,#6909,.F.);
#6926 = ORIENTED_EDGE('',*,*,#6927,.F.);
#6927 = EDGE_CURVE('',#6910,#6910,#6928,.T.);
#6928 = CIRCLE('',#6929,1.75);
#6929 = AXIS2_PLACEMENT_3D('',#6930,#6931,#6932);
#6930 = CARTESIAN_POINT('',(21.973,-50.933,-0.41148));
#6931 = DIRECTION('',(0.E+000,0.E+000,1.));
#6932 = DIRECTION('',(1.,0.E+000,-0.E+000));
#6933 = CYLINDRICAL_SURFACE('',#6934,1.75);
#6934 = AXIS2_PLACEMENT_3D('',#6935,#6936,#6937);
#6935 = CARTESIAN_POINT('',(21.973,-50.933,-0.41148));
#6936 = DIRECTION('',(-0.E+000,-0.E+000,-1.));
#6937 = DIRECTION('',(1.,0.E+000,-0.E+000));
#6938 = ADVANCED_FACE('',(#6939),#6966,.F.);
#6939 = FACE_BOUND('',#6940,.T.);
#6940 = EDGE_LOOP('',(#6941,#6951,#6958,#6959));
#6941 = ORIENTED_EDGE('',*,*,#6942,.T.);
#6942 = EDGE_CURVE('',#6943,#6945,#6947,.T.);
#6943 = VERTEX_POINT('',#6944);
#6944 = CARTESIAN_POINT('',(23.721,-22.479,-0.41148));
#6945 = VERTEX_POINT('',#6946);
#6946 = CARTESIAN_POINT('',(23.721,-22.479,0.E+000));
#6947 = LINE('',#6948,#6949);
#6948 = CARTESIAN_POINT('',(23.721,-22.479,-0.41148));
#6949 = VECTOR('',#6950,1.);
#6950 = DIRECTION('',(0.E+000,0.E+000,1.));
#6951 = ORIENTED_EDGE('',*,*,#6952,.T.);
#6952 = EDGE_CURVE('',#6945,#6945,#6953,.T.);
#6953 = CIRCLE('',#6954,1.75);
#6954 = AXIS2_PLACEMENT_3D('',#6955,#6956,#6957);
#6955 = CARTESIAN_POINT('',(21.971,-22.479,0.E+000));
#6956 = DIRECTION('',(0.E+000,0.E+000,1.));
#6957 = DIRECTION('',(1.,0.E+000,-0.E+000));
#6958 = ORIENTED_EDGE('',*,*,#6942,.F.);
#6959 = ORIENTED_EDGE('',*,*,#6960,.F.);
#6960 = EDGE_CURVE('',#6943,#6943,#6961,.T.);
#6961 = CIRCLE('',#6962,1.75);
#6962 = AXIS2_PLACEMENT_3D('',#6963,#6964,#6965);
#6963 = CARTESIAN_POINT('',(21.971,-22.479,-0.41148));
#6964 = DIRECTION('',(0.E+000,0.E+000,1.));
#6965 = DIRECTION('',(1.,0.E+000,-0.E+000));
#6966 = CYLINDRICAL_SURFACE('',#6967,1.75);
#6967 = AXIS2_PLACEMENT_3D('',#6968,#6969,#6970);
#6968 = CARTESIAN_POINT('',(21.971,-22.479,-0.41148));
#6969 = DIRECTION('',(-0.E+000,-0.E+000,-1.));
#6970 = DIRECTION('',(1.,0.E+000,-0.E+000));
#6971 = ADVANCED_FACE('',(#6972),#6999,.F.);
#6972 = FACE_BOUND('',#6973,.T.);
#6973 = EDGE_LOOP('',(#6974,#6984,#6991,#6992));
#6974 = ORIENTED_EDGE('',*,*,#6975,.T.);
#6975 = EDGE_CURVE('',#6976,#6978,#6980,.T.);
#6976 = VERTEX_POINT('',#6977);
#6977 = CARTESIAN_POINT('',(36.668,-20.955,-0.41148));
#6978 = VERTEX_POINT('',#6979);
#6979 = CARTESIAN_POINT('',(36.668,-20.955,0.E+000));
#6980 = LINE('',#6981,#6982);
#6981 = CARTESIAN_POINT('',(36.668,-20.955,-0.41148));
#6982 = VECTOR('',#6983,1.);
#6983 = DIRECTION('',(0.E+000,0.E+000,1.));
#6984 = ORIENTED_EDGE('',*,*,#6985,.T.);
#6985 = EDGE_CURVE('',#6978,#6978,#6986,.T.);
#6986 = CIRCLE('',#6987,0.6);
#6987 = AXIS2_PLACEMENT_3D('',#6988,#6989,#6990);
#6988 = CARTESIAN_POINT('',(36.068,-20.955,0.E+000));
#6989 = DIRECTION('',(0.E+000,0.E+000,1.));
#6990 = DIRECTION('',(1.,0.E+000,-0.E+000));
#6991 = ORIENTED_EDGE('',*,*,#6975,.F.);
#6992 = ORIENTED_EDGE('',*,*,#6993,.F.);
#6993 = EDGE_CURVE('',#6976,#6976,#6994,.T.);
#6994 = CIRCLE('',#6995,0.6);
#6995 = AXIS2_PLACEMENT_3D('',#6996,#6997,#6998);
#6996 = CARTESIAN_POINT('',(36.068,-20.955,-0.41148));
#6997 = DIRECTION('',(0.E+000,0.E+000,1.));
#6998 = DIRECTION('',(1.,0.E+000,-0.E+000));
#6999 = CYLINDRICAL_SURFACE('',#7000,0.6);
#7000 = AXIS2_PLACEMENT_3D('',#7001,#7002,#7003);
#7001 = CARTESIAN_POINT('',(36.068,-20.955,-0.41148));
#7002 = DIRECTION('',(-0.E+000,-0.E+000,-1.));
#7003 = DIRECTION('',(1.,0.E+000,-0.E+000));
#7004 = ADVANCED_FACE('',(#7005),#7032,.F.);
#7005 = FACE_BOUND('',#7006,.T.);
#7006 = EDGE_LOOP('',(#7007,#7017,#7024,#7025));
#7007 = ORIENTED_EDGE('',*,*,#7008,.T.);
#7008 = EDGE_CURVE('',#7009,#7011,#7013,.T.);
#7009 = VERTEX_POINT('',#7010);
#7010 = CARTESIAN_POINT('',(34.128,-20.955,-0.41148));
#7011 = VERTEX_POINT('',#7012);
#7012 = CARTESIAN_POINT('',(34.128,-20.955,0.E+000));
#7013 = LINE('',#7014,#7015);
#7014 = CARTESIAN_POINT('',(34.128,-20.955,-0.41148));
#7015 = VECTOR('',#7016,1.);
#7016 = DIRECTION('',(0.E+000,0.E+000,1.));
#7017 = ORIENTED_EDGE('',*,*,#7018,.T.);
#7018 = EDGE_CURVE('',#7011,#7011,#7019,.T.);
#7019 = CIRCLE('',#7020,0.6);
#7020 = AXIS2_PLACEMENT_3D('',#7021,#7022,#7023);
#7021 = CARTESIAN_POINT('',(33.528,-20.955,0.E+000));
#7022 = DIRECTION('',(0.E+000,0.E+000,1.));
#7023 = DIRECTION('',(1.,0.E+000,-0.E+000));
#7024 = ORIENTED_EDGE('',*,*,#7008,.F.);
#7025 = ORIENTED_EDGE('',*,*,#7026,.F.);
#7026 = EDGE_CURVE('',#7009,#7009,#7027,.T.);
#7027 = CIRCLE('',#7028,0.6);
#7028 = AXIS2_PLACEMENT_3D('',#7029,#7030,#7031);
#7029 = CARTESIAN_POINT('',(33.528,-20.955,-0.41148));
#7030 = DIRECTION('',(0.E+000,0.E+000,1.));
#7031 = DIRECTION('',(1.,0.E+000,-0.E+000));
#7032 = CYLINDRICAL_SURFACE('',#7033,0.6);
#7033 = AXIS2_PLACEMENT_3D('',#7034,#7035,#7036);
#7034 = CARTESIAN_POINT('',(33.528,-20.955,-0.41148));
#7035 = DIRECTION('',(-0.E+000,-0.E+000,-1.));
#7036 = DIRECTION('',(1.,0.E+000,-0.E+000));
#7037 = ADVANCED_FACE('',(#7038),#7065,.F.);
#7038 = FACE_BOUND('',#7039,.T.);
#7039 = EDGE_LOOP('',(#7040,#7050,#7057,#7058));
#7040 = ORIENTED_EDGE('',*,*,#7041,.T.);
#7041 = EDGE_CURVE('',#7042,#7044,#7046,.T.);
#7042 = VERTEX_POINT('',#7043);
#7043 = CARTESIAN_POINT('',(21.455,-15.493,-0.41148));
#7044 = VERTEX_POINT('',#7045);
#7045 = CARTESIAN_POINT('',(21.455,-15.493,0.E+000));
#7046 = LINE('',#7047,#7048);
#7047 = CARTESIAN_POINT('',(21.455,-15.493,-0.41148));
#7048 = VECTOR('',#7049,1.);
#7049 = DIRECTION('',(0.E+000,0.E+000,1.));
#7050 = ORIENTED_EDGE('',*,*,#7051,.T.);
#7051 = EDGE_CURVE('',#7044,#7044,#7052,.T.);
#7052 = CIRCLE('',#7053,0.5);
#7053 = AXIS2_PLACEMENT_3D('',#7054,#7055,#7056);
#7054 = CARTESIAN_POINT('',(20.955,-15.493,0.E+000));
#7055 = DIRECTION('',(0.E+000,0.E+000,1.));
#7056 = DIRECTION('',(1.,0.E+000,-0.E+000));
#7057 = ORIENTED_EDGE('',*,*,#7041,.F.);
#7058 = ORIENTED_EDGE('',*,*,#7059,.F.);
#7059 = EDGE_CURVE('',#7042,#7042,#7060,.T.);
#7060 = CIRCLE('',#7061,0.5);
#7061 = AXIS2_PLACEMENT_3D('',#7062,#7063,#7064);
#7062 = CARTESIAN_POINT('',(20.955,-15.493,-0.41148));
#7063 = DIRECTION('',(0.E+000,0.E+000,1.));
#7064 = DIRECTION('',(1.,0.E+000,-0.E+000));
#7065 = CYLINDRICAL_SURFACE('',#7066,0.5);
#7066 = AXIS2_PLACEMENT_3D('',#7067,#7068,#7069);
#7067 = CARTESIAN_POINT('',(20.955,-15.493,-0.41148));
#7068 = DIRECTION('',(-0.E+000,-0.E+000,-1.));
#7069 = DIRECTION('',(1.,0.E+000,-0.E+000));
#7070 = ADVANCED_FACE('',(#7071),#7098,.F.);
#7071 = FACE_BOUND('',#7072,.T.);
#7072 = EDGE_LOOP('',(#7073,#7083,#7090,#7091));
#7073 = ORIENTED_EDGE('',*,*,#7074,.T.);
#7074 = EDGE_CURVE('',#7075,#7077,#7079,.T.);
#7075 = VERTEX_POINT('',#7076);
#7076 = CARTESIAN_POINT('',(21.455,-12.953,-0.41148));
#7077 = VERTEX_POINT('',#7078);
#7078 = CARTESIAN_POINT('',(21.455,-12.953,0.E+000));
#7079 = LINE('',#7080,#7081);
#7080 = CARTESIAN_POINT('',(21.455,-12.953,-0.41148));
#7081 = VECTOR('',#7082,1.);
#7082 = DIRECTION('',(0.E+000,0.E+000,1.));
#7083 = ORIENTED_EDGE('',*,*,#7084,.T.);
#7084 = EDGE_CURVE('',#7077,#7077,#7085,.T.);
#7085 = CIRCLE('',#7086,0.5);
#7086 = AXIS2_PLACEMENT_3D('',#7087,#7088,#7089);
#7087 = CARTESIAN_POINT('',(20.955,-12.953,0.E+000));
#7088 = DIRECTION('',(0.E+000,0.E+000,1.));
#7089 = DIRECTION('',(1.,0.E+000,-0.E+000));
#7090 = ORIENTED_EDGE('',*,*,#7074,.F.);
#7091 = ORIENTED_EDGE('',*,*,#7092,.F.);
#7092 = EDGE_CURVE('',#7075,#7075,#7093,.T.);
#7093 = CIRCLE('',#7094,0.5);
#7094 = AXIS2_PLACEMENT_3D('',#7095,#7096,#7097);
#7095 = CARTESIAN_POINT('',(20.955,-12.953,-0.41148));
#7096 = DIRECTION('',(0.E+000,0.E+000,1.));
#7097 = DIRECTION('',(1.,0.E+000,-0.E+000));
#7098 = CYLINDRICAL_SURFACE('',#7099,0.5);
#7099 = AXIS2_PLACEMENT_3D('',#7100,#7101,#7102);
#7100 = CARTESIAN_POINT('',(20.955,-12.953,-0.41148));
#7101 = DIRECTION('',(-0.E+000,-0.E+000,-1.));
#7102 = DIRECTION('',(1.,0.E+000,-0.E+000));
#7103 = ADVANCED_FACE('',(#7104),#7131,.F.);
#7104 = FACE_BOUND('',#7105,.T.);
#7105 = EDGE_LOOP('',(#7106,#7116,#7123,#7124));
#7106 = ORIENTED_EDGE('',*,*,#7107,.T.);
#7107 = EDGE_CURVE('',#7108,#7110,#7112,.T.);
#7108 = VERTEX_POINT('',#7109);
#7109 = CARTESIAN_POINT('',(39.208,-20.955,-0.41148));
#7110 = VERTEX_POINT('',#7111);
#7111 = CARTESIAN_POINT('',(39.208,-20.955,0.E+000));
#7112 = LINE('',#7113,#7114);
#7113 = CARTESIAN_POINT('',(39.208,-20.955,-0.41148));
#7114 = VECTOR('',#7115,1.);
#7115 = DIRECTION('',(0.E+000,0.E+000,1.));
#7116 = ORIENTED_EDGE('',*,*,#7117,.T.);
#7117 = EDGE_CURVE('',#7110,#7110,#7118,.T.);
#7118 = CIRCLE('',#7119,0.6);
#7119 = AXIS2_PLACEMENT_3D('',#7120,#7121,#7122);
#7120 = CARTESIAN_POINT('',(38.608,-20.955,0.E+000));
#7121 = DIRECTION('',(0.E+000,0.E+000,1.));
#7122 = DIRECTION('',(1.,0.E+000,-0.E+000));
#7123 = ORIENTED_EDGE('',*,*,#7107,.F.);
#7124 = ORIENTED_EDGE('',*,*,#7125,.F.);
#7125 = EDGE_CURVE('',#7108,#7108,#7126,.T.);
#7126 = CIRCLE('',#7127,0.6);
#7127 = AXIS2_PLACEMENT_3D('',#7128,#7129,#7130);
#7128 = CARTESIAN_POINT('',(38.608,-20.955,-0.41148));
#7129 = DIRECTION('',(0.E+000,0.E+000,1.));
#7130 = DIRECTION('',(1.,0.E+000,-0.E+000));
#7131 = CYLINDRICAL_SURFACE('',#7132,0.6);
#7132 = AXIS2_PLACEMENT_3D('',#7133,#7134,#7135);
#7133 = CARTESIAN_POINT('',(38.608,-20.955,-0.41148));
#7134 = DIRECTION('',(-0.E+000,-0.E+000,-1.));
#7135 = DIRECTION('',(1.,0.E+000,-0.E+000));
#7136 = ADVANCED_FACE('',(#7137),#7164,.F.);
#7137 = FACE_BOUND('',#7138,.T.);
#7138 = EDGE_LOOP('',(#7139,#7149,#7156,#7157));
#7139 = ORIENTED_EDGE('',*,*,#7140,.T.);
#7140 = EDGE_CURVE('',#7141,#7143,#7145,.T.);
#7141 = VERTEX_POINT('',#7142);
#7142 = CARTESIAN_POINT('',(41.748,-20.955,-0.41148));
#7143 = VERTEX_POINT('',#7144);
#7144 = CARTESIAN_POINT('',(41.748,-20.955,0.E+000));
#7145 = LINE('',#7146,#7147);
#7146 = CARTESIAN_POINT('',(41.748,-20.955,-0.41148));
#7147 = VECTOR('',#7148,1.);
#7148 = DIRECTION('',(0.E+000,0.E+000,1.));
#7149 = ORIENTED_EDGE('',*,*,#7150,.T.);
#7150 = EDGE_CURVE('',#7143,#7143,#7151,.T.);
#7151 = CIRCLE('',#7152,0.6);
#7152 = AXIS2_PLACEMENT_3D('',#7153,#7154,#7155);
#7153 = CARTESIAN_POINT('',(41.148,-20.955,0.E+000));
#7154 = DIRECTION('',(0.E+000,0.E+000,1.));
#7155 = DIRECTION('',(1.,0.E+000,-0.E+000));
#7156 = ORIENTED_EDGE('',*,*,#7140,.F.);
#7157 = ORIENTED_EDGE('',*,*,#7158,.F.);
#7158 = EDGE_CURVE('',#7141,#7141,#7159,.T.);
#7159 = CIRCLE('',#7160,0.6);
#7160 = AXIS2_PLACEMENT_3D('',#7161,#7162,#7163);
#7161 = CARTESIAN_POINT('',(41.148,-20.955,-0.41148));
#7162 = DIRECTION('',(0.E+000,0.E+000,1.));
#7163 = DIRECTION('',(1.,0.E+000,-0.E+000));
#7164 = CYLINDRICAL_SURFACE('',#7165,0.6);
#7165 = AXIS2_PLACEMENT_3D('',#7166,#7167,#7168);
#7166 = CARTESIAN_POINT('',(41.148,-20.955,-0.41148));
#7167 = DIRECTION('',(-0.E+000,-0.E+000,-1.));
#7168 = DIRECTION('',(1.,0.E+000,-0.E+000));
#7169 = ADVANCED_FACE('',(#7170),#7197,.F.);
#7170 = FACE_BOUND('',#7171,.T.);
#7171 = EDGE_LOOP('',(#7172,#7182,#7189,#7190));
#7172 = ORIENTED_EDGE('',*,*,#7173,.T.);
#7173 = EDGE_CURVE('',#7174,#7176,#7178,.T.);
#7174 = VERTEX_POINT('',#7175);
#7175 = CARTESIAN_POINT('',(48.091,-15.,-0.41148));
#7176 = VERTEX_POINT('',#7177);
#7177 = CARTESIAN_POINT('',(48.091,-15.,0.E+000));
#7178 = LINE('',#7179,#7180);
#7179 = CARTESIAN_POINT('',(48.091,-15.,-0.41148));
#7180 = VECTOR('',#7181,1.);
#7181 = DIRECTION('',(0.E+000,0.E+000,1.));
#7182 = ORIENTED_EDGE('',*,*,#7183,.T.);
#7183 = EDGE_CURVE('',#7176,#7176,#7184,.T.);
#7184 = CIRCLE('',#7185,0.25);
#7185 = AXIS2_PLACEMENT_3D('',#7186,#7187,#7188);
#7186 = CARTESIAN_POINT('',(47.841,-15.,0.E+000));
#7187 = DIRECTION('',(0.E+000,0.E+000,1.));
#7188 = DIRECTION('',(1.,0.E+000,-0.E+000));
#7189 = ORIENTED_EDGE('',*,*,#7173,.F.);
#7190 = ORIENTED_EDGE('',*,*,#7191,.F.);
#7191 = EDGE_CURVE('',#7174,#7174,#7192,.T.);
#7192 = CIRCLE('',#7193,0.25);
#7193 = AXIS2_PLACEMENT_3D('',#7194,#7195,#7196);
#7194 = CARTESIAN_POINT('',(47.841,-15.,-0.41148));
#7195 = DIRECTION('',(0.E+000,0.E+000,1.));
#7196 = DIRECTION('',(1.,0.E+000,-0.E+000));
#7197 = CYLINDRICAL_SURFACE('',#7198,0.25);
#7198 = AXIS2_PLACEMENT_3D('',#7199,#7200,#7201);
#7199 = CARTESIAN_POINT('',(47.841,-15.,-0.41148));
#7200 = DIRECTION('',(-0.E+000,-0.E+000,-1.));
#7201 = DIRECTION('',(1.,0.E+000,-0.E+000));
#7202 = ADVANCED_FACE('',(#7203),#7230,.F.);
#7203 = FACE_BOUND('',#7204,.T.);
#7204 = EDGE_LOOP('',(#7205,#7215,#7222,#7223));
#7205 = ORIENTED_EDGE('',*,*,#7206,.T.);
#7206 = EDGE_CURVE('',#7207,#7209,#7211,.T.);
#7207 = VERTEX_POINT('',#7208);
#7208 = CARTESIAN_POINT('',(50.219,-17.11,-0.41148));
#7209 = VERTEX_POINT('',#7210);
#7210 = CARTESIAN_POINT('',(50.219,-17.11,0.E+000));
#7211 = LINE('',#7212,#7213);
#7212 = CARTESIAN_POINT('',(50.219,-17.11,-0.41148));
#7213 = VECTOR('',#7214,1.);
#7214 = DIRECTION('',(0.E+000,0.E+000,1.));
#7215 = ORIENTED_EDGE('',*,*,#7216,.T.);
#7216 = EDGE_CURVE('',#7209,#7209,#7217,.T.);
#7217 = CIRCLE('',#7218,0.25);
#7218 = AXIS2_PLACEMENT_3D('',#7219,#7220,#7221);
#7219 = CARTESIAN_POINT('',(49.969,-17.11,0.E+000));
#7220 = DIRECTION('',(0.E+000,0.E+000,1.));
#7221 = DIRECTION('',(1.,0.E+000,-0.E+000));
#7222 = ORIENTED_EDGE('',*,*,#7206,.F.);
#7223 = ORIENTED_EDGE('',*,*,#7224,.F.);
#7224 = EDGE_CURVE('',#7207,#7207,#7225,.T.);
#7225 = CIRCLE('',#7226,0.25);
#7226 = AXIS2_PLACEMENT_3D('',#7227,#7228,#7229);
#7227 = CARTESIAN_POINT('',(49.969,-17.11,-0.41148));
#7228 = DIRECTION('',(0.E+000,0.E+000,1.));
#7229 = DIRECTION('',(1.,0.E+000,-0.E+000));
#7230 = CYLINDRICAL_SURFACE('',#7231,0.25);
#7231 = AXIS2_PLACEMENT_3D('',#7232,#7233,#7234);
#7232 = CARTESIAN_POINT('',(49.969,-17.11,-0.41148));
#7233 = DIRECTION('',(-0.E+000,-0.E+000,-1.));
#7234 = DIRECTION('',(1.,0.E+000,-0.E+000));
#7235 = ADVANCED_FACE('',(#7236),#7263,.F.);
#7236 = FACE_BOUND('',#7237,.T.);
#7237 = EDGE_LOOP('',(#7238,#7248,#7255,#7256));
#7238 = ORIENTED_EDGE('',*,*,#7239,.T.);
#7239 = EDGE_CURVE('',#7240,#7242,#7244,.T.);
#7240 = VERTEX_POINT('',#7241);
#7241 = CARTESIAN_POINT('',(51.647,-16.524,-0.41148));
#7242 = VERTEX_POINT('',#7243);
#7243 = CARTESIAN_POINT('',(51.647,-16.524,0.E+000));
#7244 = LINE('',#7245,#7246);
#7245 = CARTESIAN_POINT('',(51.647,-16.524,-0.41148));
#7246 = VECTOR('',#7247,1.);
#7247 = DIRECTION('',(0.E+000,0.E+000,1.));
#7248 = ORIENTED_EDGE('',*,*,#7249,.T.);
#7249 = EDGE_CURVE('',#7242,#7242,#7250,.T.);
#7250 = CIRCLE('',#7251,0.25);
#7251 = AXIS2_PLACEMENT_3D('',#7252,#7253,#7254);
#7252 = CARTESIAN_POINT('',(51.397,-16.524,0.E+000));
#7253 = DIRECTION('',(0.E+000,0.E+000,1.));
#7254 = DIRECTION('',(1.,0.E+000,-0.E+000));
#7255 = ORIENTED_EDGE('',*,*,#7239,.F.);
#7256 = ORIENTED_EDGE('',*,*,#7257,.F.);
#7257 = EDGE_CURVE('',#7240,#7240,#7258,.T.);
#7258 = CIRCLE('',#7259,0.25);
#7259 = AXIS2_PLACEMENT_3D('',#7260,#7261,#7262);
#7260 = CARTESIAN_POINT('',(51.397,-16.524,-0.41148));
#7261 = DIRECTION('',(0.E+000,0.E+000,1.));
#7262 = DIRECTION('',(1.,0.E+000,-0.E+000));
#7263 = CYLINDRICAL_SURFACE('',#7264,0.25);
#7264 = AXIS2_PLACEMENT_3D('',#7265,#7266,#7267);
#7265 = CARTESIAN_POINT('',(51.397,-16.524,-0.41148));
#7266 = DIRECTION('',(-0.E+000,-0.E+000,-1.));
#7267 = DIRECTION('',(1.,0.E+000,-0.E+000));
#7268 = ADVANCED_FACE('',(#7269),#7296,.F.);
#7269 = FACE_BOUND('',#7270,.T.);
#7270 = EDGE_LOOP('',(#7271,#7281,#7288,#7289));
#7271 = ORIENTED_EDGE('',*,*,#7272,.T.);
#7272 = EDGE_CURVE('',#7273,#7275,#7277,.T.);
#7273 = VERTEX_POINT('',#7274);
#7274 = CARTESIAN_POINT('',(54.455,-22.479,-0.41148));
#7275 = VERTEX_POINT('',#7276);
#7276 = CARTESIAN_POINT('',(54.455,-22.479,0.E+000));
#7277 = LINE('',#7278,#7279);
#7278 = CARTESIAN_POINT('',(54.455,-22.479,-0.41148));
#7279 = VECTOR('',#7280,1.);
#7280 = DIRECTION('',(0.E+000,0.E+000,1.));
#7281 = ORIENTED_EDGE('',*,*,#7282,.T.);
#7282 = EDGE_CURVE('',#7275,#7275,#7283,.T.);
#7283 = CIRCLE('',#7284,1.75);
#7284 = AXIS2_PLACEMENT_3D('',#7285,#7286,#7287);
#7285 = CARTESIAN_POINT('',(52.705,-22.479,0.E+000));
#7286 = DIRECTION('',(0.E+000,0.E+000,1.));
#7287 = DIRECTION('',(1.,0.E+000,-0.E+000));
#7288 = ORIENTED_EDGE('',*,*,#7272,.F.);
#7289 = ORIENTED_EDGE('',*,*,#7290,.F.);
#7290 = EDGE_CURVE('',#7273,#7273,#7291,.T.);
#7291 = CIRCLE('',#7292,1.75);
#7292 = AXIS2_PLACEMENT_3D('',#7293,#7294,#7295);
#7293 = CARTESIAN_POINT('',(52.705,-22.479,-0.41148));
#7294 = DIRECTION('',(0.E+000,0.E+000,1.));
#7295 = DIRECTION('',(1.,0.E+000,-0.E+000));
#7296 = CYLINDRICAL_SURFACE('',#7297,1.75);
#7297 = AXIS2_PLACEMENT_3D('',#7298,#7299,#7300);
#7298 = CARTESIAN_POINT('',(52.705,-22.479,-0.41148));
#7299 = DIRECTION('',(-0.E+000,-0.E+000,-1.));
#7300 = DIRECTION('',(1.,0.E+000,-0.E+000));
#7301 = ADVANCED_FACE('',(#7302),#7329,.F.);
#7302 = FACE_BOUND('',#7303,.T.);
#7303 = EDGE_LOOP('',(#7304,#7314,#7321,#7322));
#7304 = ORIENTED_EDGE('',*,*,#7305,.T.);
#7305 = EDGE_CURVE('',#7306,#7308,#7310,.T.);
#7306 = VERTEX_POINT('',#7307);
#7307 = CARTESIAN_POINT('',(51.75,-15.,-0.41148));
#7308 = VERTEX_POINT('',#7309);
#7309 = CARTESIAN_POINT('',(51.75,-15.,0.E+000));
#7310 = LINE('',#7311,#7312);
#7311 = CARTESIAN_POINT('',(51.75,-15.,-0.41148));
#7312 = VECTOR('',#7313,1.);
#7313 = DIRECTION('',(0.E+000,0.E+000,1.));
#7314 = ORIENTED_EDGE('',*,*,#7315,.T.);
#7315 = EDGE_CURVE('',#7308,#7308,#7316,.T.);
#7316 = CIRCLE('',#7317,1.75);
#7317 = AXIS2_PLACEMENT_3D('',#7318,#7319,#7320);
#7318 = CARTESIAN_POINT('',(50.,-15.,0.E+000));
#7319 = DIRECTION('',(0.E+000,0.E+000,1.));
#7320 = DIRECTION('',(1.,0.E+000,-0.E+000));
#7321 = ORIENTED_EDGE('',*,*,#7305,.F.);
#7322 = ORIENTED_EDGE('',*,*,#7323,.F.);
#7323 = EDGE_CURVE('',#7306,#7306,#7324,.T.);
#7324 = CIRCLE('',#7325,1.75);
#7325 = AXIS2_PLACEMENT_3D('',#7326,#7327,#7328);
#7326 = CARTESIAN_POINT('',(50.,-15.,-0.41148));
#7327 = DIRECTION('',(0.E+000,0.E+000,1.));
#7328 = DIRECTION('',(1.,0.E+000,-0.E+000));
#7329 = CYLINDRICAL_SURFACE('',#7330,1.75);
#7330 = AXIS2_PLACEMENT_3D('',#7331,#7332,#7333);
#7331 = CARTESIAN_POINT('',(50.,-15.,-0.41148));
#7332 = DIRECTION('',(-0.E+000,-0.E+000,-1.));
#7333 = DIRECTION('',(1.,0.E+000,-0.E+000));
#7334 = ADVANCED_FACE('',(#7335),#7362,.F.);
#7335 = FACE_BOUND('',#7336,.T.);
#7336 = EDGE_LOOP('',(#7337,#7347,#7354,#7355));
#7337 = ORIENTED_EDGE('',*,*,#7338,.T.);
#7338 = EDGE_CURVE('',#7339,#7341,#7343,.T.);
#7339 = VERTEX_POINT('',#7340);
#7340 = CARTESIAN_POINT('',(48.599,-16.397,-0.41148));
#7341 = VERTEX_POINT('',#7342);
#7342 = CARTESIAN_POINT('',(48.599,-16.397,0.E+000));
#7343 = LINE('',#7344,#7345);
#7344 = CARTESIAN_POINT('',(48.599,-16.397,-0.41148));
#7345 = VECTOR('',#7346,1.);
#7346 = DIRECTION('',(0.E+000,0.E+000,1.));
#7347 = ORIENTED_EDGE('',*,*,#7348,.T.);
#7348 = EDGE_CURVE('',#7341,#7341,#7349,.T.);
#7349 = CIRCLE('',#7350,0.25);
#7350 = AXIS2_PLACEMENT_3D('',#7351,#7352,#7353);
#7351 = CARTESIAN_POINT('',(48.349,-16.397,0.E+000));
#7352 = DIRECTION('',(0.E+000,0.E+000,1.));
#7353 = DIRECTION('',(1.,0.E+000,-0.E+000));
#7354 = ORIENTED_EDGE('',*,*,#7338,.F.);
#7355 = ORIENTED_EDGE('',*,*,#7356,.F.);
#7356 = EDGE_CURVE('',#7339,#7339,#7357,.T.);
#7357 = CIRCLE('',#7358,0.25);
#7358 = AXIS2_PLACEMENT_3D('',#7359,#7360,#7361);
#7359 = CARTESIAN_POINT('',(48.349,-16.397,-0.41148));
#7360 = DIRECTION('',(0.E+000,0.E+000,1.));
#7361 = DIRECTION('',(1.,0.E+000,-0.E+000));
#7362 = CYLINDRICAL_SURFACE('',#7363,0.25);
#7363 = AXIS2_PLACEMENT_3D('',#7364,#7365,#7366);
#7364 = CARTESIAN_POINT('',(48.349,-16.397,-0.41148));
#7365 = DIRECTION('',(-0.E+000,-0.E+000,-1.));
#7366 = DIRECTION('',(1.,0.E+000,-0.E+000));
#7367 = ADVANCED_FACE('',(#7368),#7395,.F.);
#7368 = FACE_BOUND('',#7369,.T.);
#7369 = EDGE_LOOP('',(#7370,#7380,#7387,#7388));
#7370 = ORIENTED_EDGE('',*,*,#7371,.T.);
#7371 = EDGE_CURVE('',#7372,#7374,#7376,.T.);
#7372 = VERTEX_POINT('',#7373);
#7373 = CARTESIAN_POINT('',(48.726,-13.603,-0.41148));
#7374 = VERTEX_POINT('',#7375);
#7375 = CARTESIAN_POINT('',(48.726,-13.603,0.E+000));
#7376 = LINE('',#7377,#7378);
#7377 = CARTESIAN_POINT('',(48.726,-13.603,-0.41148));
#7378 = VECTOR('',#7379,1.);
#7379 = DIRECTION('',(0.E+000,0.E+000,1.));
#7380 = ORIENTED_EDGE('',*,*,#7381,.T.);
#7381 = EDGE_CURVE('',#7374,#7374,#7382,.T.);
#7382 = CIRCLE('',#7383,0.25);
#7383 = AXIS2_PLACEMENT_3D('',#7384,#7385,#7386);
#7384 = CARTESIAN_POINT('',(48.476,-13.603,0.E+000));
#7385 = DIRECTION('',(0.E+000,0.E+000,1.));
#7386 = DIRECTION('',(1.,0.E+000,-0.E+000));
#7387 = ORIENTED_EDGE('',*,*,#7371,.F.);
#7388 = ORIENTED_EDGE('',*,*,#7389,.F.);
#7389 = EDGE_CURVE('',#7372,#7372,#7390,.T.);
#7390 = CIRCLE('',#7391,0.25);
#7391 = AXIS2_PLACEMENT_3D('',#7392,#7393,#7394);
#7392 = CARTESIAN_POINT('',(48.476,-13.603,-0.41148));
#7393 = DIRECTION('',(0.E+000,0.E+000,1.));
#7394 = DIRECTION('',(1.,0.E+000,-0.E+000));
#7395 = CYLINDRICAL_SURFACE('',#7396,0.25);
#7396 = AXIS2_PLACEMENT_3D('',#7397,#7398,#7399);
#7397 = CARTESIAN_POINT('',(48.476,-13.603,-0.41148));
#7398 = DIRECTION('',(-0.E+000,-0.E+000,-1.));
#7399 = DIRECTION('',(1.,0.E+000,-0.E+000));
#7400 = ADVANCED_FACE('',(#7401),#7428,.F.);
#7401 = FACE_BOUND('',#7402,.T.);
#7402 = EDGE_LOOP('',(#7403,#7413,#7420,#7421));
#7403 = ORIENTED_EDGE('',*,*,#7404,.T.);
#7404 = EDGE_CURVE('',#7405,#7407,#7409,.T.);
#7405 = VERTEX_POINT('',#7406);
#7406 = CARTESIAN_POINT('',(52.378,-14.941,-0.41148));
#7407 = VERTEX_POINT('',#7408);
#7408 = CARTESIAN_POINT('',(52.378,-14.941,0.E+000));
#7409 = LINE('',#7410,#7411);
#7410 = CARTESIAN_POINT('',(52.378,-14.941,-0.41148));
#7411 = VECTOR('',#7412,1.);
#7412 = DIRECTION('',(0.E+000,0.E+000,1.));
#7413 = ORIENTED_EDGE('',*,*,#7414,.T.);
#7414 = EDGE_CURVE('',#7407,#7407,#7415,.T.);
#7415 = CIRCLE('',#7416,0.25);
#7416 = AXIS2_PLACEMENT_3D('',#7417,#7418,#7419);
#7417 = CARTESIAN_POINT('',(52.128,-14.941,0.E+000));
#7418 = DIRECTION('',(0.E+000,0.E+000,1.));
#7419 = DIRECTION('',(1.,0.E+000,-0.E+000));
#7420 = ORIENTED_EDGE('',*,*,#7404,.F.);
#7421 = ORIENTED_EDGE('',*,*,#7422,.F.);
#7422 = EDGE_CURVE('',#7405,#7405,#7423,.T.);
#7423 = CIRCLE('',#7424,0.25);
#7424 = AXIS2_PLACEMENT_3D('',#7425,#7426,#7427);
#7425 = CARTESIAN_POINT('',(52.128,-14.941,-0.41148));
#7426 = DIRECTION('',(0.E+000,0.E+000,1.));
#7427 = DIRECTION('',(1.,0.E+000,-0.E+000));
#7428 = CYLINDRICAL_SURFACE('',#7429,0.25);
#7429 = AXIS2_PLACEMENT_3D('',#7430,#7431,#7432);
#7430 = CARTESIAN_POINT('',(52.128,-14.941,-0.41148));
#7431 = DIRECTION('',(-0.E+000,-0.E+000,-1.));
#7432 = DIRECTION('',(1.,0.E+000,-0.E+000));
#7433 = ADVANCED_FACE('',(#7434),#7461,.F.);
#7434 = FACE_BOUND('',#7435,.T.);
#7435 = EDGE_LOOP('',(#7436,#7446,#7453,#7454));
#7436 = ORIENTED_EDGE('',*,*,#7437,.T.);
#7437 = EDGE_CURVE('',#7438,#7440,#7442,.T.);
#7438 = VERTEX_POINT('',#7439);
#7439 = CARTESIAN_POINT('',(50.25,-12.841,-0.41148));
#7440 = VERTEX_POINT('',#7441);
#7441 = CARTESIAN_POINT('',(50.25,-12.841,0.E+000));
#7442 = LINE('',#7443,#7444);
#7443 = CARTESIAN_POINT('',(50.25,-12.841,-0.41148));
#7444 = VECTOR('',#7445,1.);
#7445 = DIRECTION('',(0.E+000,0.E+000,1.));
#7446 = ORIENTED_EDGE('',*,*,#7447,.T.);
#7447 = EDGE_CURVE('',#7440,#7440,#7448,.T.);
#7448 = CIRCLE('',#7449,0.25);
#7449 = AXIS2_PLACEMENT_3D('',#7450,#7451,#7452);
#7450 = CARTESIAN_POINT('',(50.,-12.841,0.E+000));
#7451 = DIRECTION('',(0.E+000,0.E+000,1.));
#7452 = DIRECTION('',(1.,0.E+000,-0.E+000));
#7453 = ORIENTED_EDGE('',*,*,#7437,.F.);
#7454 = ORIENTED_EDGE('',*,*,#7455,.F.);
#7455 = EDGE_CURVE('',#7438,#7438,#7456,.T.);
#7456 = CIRCLE('',#7457,0.25);
#7457 = AXIS2_PLACEMENT_3D('',#7458,#7459,#7460);
#7458 = CARTESIAN_POINT('',(50.,-12.841,-0.41148));
#7459 = DIRECTION('',(0.E+000,0.E+000,1.));
#7460 = DIRECTION('',(1.,0.E+000,-0.E+000));
#7461 = CYLINDRICAL_SURFACE('',#7462,0.25);
#7462 = AXIS2_PLACEMENT_3D('',#7463,#7464,#7465);
#7463 = CARTESIAN_POINT('',(50.,-12.841,-0.41148));
#7464 = DIRECTION('',(-0.E+000,-0.E+000,-1.));
#7465 = DIRECTION('',(1.,0.E+000,-0.E+000));
#7466 = ADVANCED_FACE('',(#7467),#7494,.F.);
#7467 = FACE_BOUND('',#7468,.T.);
#7468 = EDGE_LOOP('',(#7469,#7479,#7486,#7487));
#7469 = ORIENTED_EDGE('',*,*,#7470,.T.);
#7470 = EDGE_CURVE('',#7471,#7473,#7475,.T.);
#7471 = VERTEX_POINT('',#7472);
#7472 = CARTESIAN_POINT('',(51.647,-13.476,-0.41148));
#7473 = VERTEX_POINT('',#7474);
#7474 = CARTESIAN_POINT('',(51.647,-13.476,0.E+000));
#7475 = LINE('',#7476,#7477);
#7476 = CARTESIAN_POINT('',(51.647,-13.476,-0.41148));
#7477 = VECTOR('',#7478,1.);
#7478 = DIRECTION('',(0.E+000,0.E+000,1.));
#7479 = ORIENTED_EDGE('',*,*,#7480,.T.);
#7480 = EDGE_CURVE('',#7473,#7473,#7481,.T.);
#7481 = CIRCLE('',#7482,0.25);
#7482 = AXIS2_PLACEMENT_3D('',#7483,#7484,#7485);
#7483 = CARTESIAN_POINT('',(51.397,-13.476,0.E+000));
#7484 = DIRECTION('',(0.E+000,0.E+000,1.));
#7485 = DIRECTION('',(1.,0.E+000,-0.E+000));
#7486 = ORIENTED_EDGE('',*,*,#7470,.F.);
#7487 = ORIENTED_EDGE('',*,*,#7488,.F.);
#7488 = EDGE_CURVE('',#7471,#7471,#7489,.T.);
#7489 = CIRCLE('',#7490,0.25);
#7490 = AXIS2_PLACEMENT_3D('',#7491,#7492,#7493);
#7491 = CARTESIAN_POINT('',(51.397,-13.476,-0.41148));
#7492 = DIRECTION('',(0.E+000,0.E+000,1.));
#7493 = DIRECTION('',(1.,0.E+000,-0.E+000));
#7494 = CYLINDRICAL_SURFACE('',#7495,0.25);
#7495 = AXIS2_PLACEMENT_3D('',#7496,#7497,#7498);
#7496 = CARTESIAN_POINT('',(51.397,-13.476,-0.41148));
#7497 = DIRECTION('',(-0.E+000,-0.E+000,-1.));
#7498 = DIRECTION('',(1.,0.E+000,-0.E+000));
#7499 = ADVANCED_FACE('',(#7500),#7527,.F.);
#7500 = FACE_BOUND('',#7501,.T.);
#7501 = EDGE_LOOP('',(#7502,#7512,#7519,#7520));
#7502 = ORIENTED_EDGE('',*,*,#7503,.T.);
#7503 = EDGE_CURVE('',#7504,#7506,#7508,.T.);
#7504 = VERTEX_POINT('',#7505);
#7505 = CARTESIAN_POINT('',(21.455,-10.413,-0.41148));
#7506 = VERTEX_POINT('',#7507);
#7507 = CARTESIAN_POINT('',(21.455,-10.413,0.E+000));
#7508 = LINE('',#7509,#7510);
#7509 = CARTESIAN_POINT('',(21.455,-10.413,-0.41148));
#7510 = VECTOR('',#7511,1.);
#7511 = DIRECTION('',(0.E+000,0.E+000,1.));
#7512 = ORIENTED_EDGE('',*,*,#7513,.T.);
#7513 = EDGE_CURVE('',#7506,#7506,#7514,.T.);
#7514 = CIRCLE('',#7515,0.5);
#7515 = AXIS2_PLACEMENT_3D('',#7516,#7517,#7518);
#7516 = CARTESIAN_POINT('',(20.955,-10.413,0.E+000));
#7517 = DIRECTION('',(0.E+000,0.E+000,1.));
#7518 = DIRECTION('',(1.,0.E+000,-0.E+000));
#7519 = ORIENTED_EDGE('',*,*,#7503,.F.);
#7520 = ORIENTED_EDGE('',*,*,#7521,.F.);
#7521 = EDGE_CURVE('',#7504,#7504,#7522,.T.);
#7522 = CIRCLE('',#7523,0.5);
#7523 = AXIS2_PLACEMENT_3D('',#7524,#7525,#7526);
#7524 = CARTESIAN_POINT('',(20.955,-10.413,-0.41148));
#7525 = DIRECTION('',(0.E+000,0.E+000,1.));
#7526 = DIRECTION('',(1.,0.E+000,-0.E+000));
#7527 = CYLINDRICAL_SURFACE('',#7528,0.5);
#7528 = AXIS2_PLACEMENT_3D('',#7529,#7530,#7531);
#7529 = CARTESIAN_POINT('',(20.955,-10.413,-0.41148));
#7530 = DIRECTION('',(-0.E+000,-0.E+000,-1.));
#7531 = DIRECTION('',(1.,0.E+000,-0.E+000));
#7532 = ADVANCED_FACE('',(#7533),#7560,.F.);
#7533 = FACE_BOUND('',#7534,.T.);
#7534 = EDGE_LOOP('',(#7535,#7545,#7552,#7553));
#7535 = ORIENTED_EDGE('',*,*,#7536,.T.);
#7536 = EDGE_CURVE('',#7537,#7539,#7541,.T.);
#7537 = VERTEX_POINT('',#7538);
#7538 = CARTESIAN_POINT('',(28.998,-10.391,-0.41148));
#7539 = VERTEX_POINT('',#7540);
#7540 = CARTESIAN_POINT('',(28.998,-10.391,0.E+000));
#7541 = LINE('',#7542,#7543);
#7542 = CARTESIAN_POINT('',(28.998,-10.391,-0.41148));
#7543 = VECTOR('',#7544,1.);
#7544 = DIRECTION('',(0.E+000,0.E+000,1.));
#7545 = ORIENTED_EDGE('',*,*,#7546,.T.);
#7546 = EDGE_CURVE('',#7539,#7539,#7547,.T.);
#7547 = CIRCLE('',#7548,0.55);
#7548 = AXIS2_PLACEMENT_3D('',#7549,#7550,#7551);
#7549 = CARTESIAN_POINT('',(28.448,-10.391,0.E+000));
#7550 = DIRECTION('',(0.E+000,0.E+000,1.));
#7551 = DIRECTION('',(1.,0.E+000,-0.E+000));
#7552 = ORIENTED_EDGE('',*,*,#7536,.F.);
#7553 = ORIENTED_EDGE('',*,*,#7554,.F.);
#7554 = EDGE_CURVE('',#7537,#7537,#7555,.T.);
#7555 = CIRCLE('',#7556,0.55);
#7556 = AXIS2_PLACEMENT_3D('',#7557,#7558,#7559);
#7557 = CARTESIAN_POINT('',(28.448,-10.391,-0.41148));
#7558 = DIRECTION('',(0.E+000,0.E+000,1.));
#7559 = DIRECTION('',(1.,0.E+000,-0.E+000));
#7560 = CYLINDRICAL_SURFACE('',#7561,0.55);
#7561 = AXIS2_PLACEMENT_3D('',#7562,#7563,#7564);
#7562 = CARTESIAN_POINT('',(28.448,-10.391,-0.41148));
#7563 = DIRECTION('',(-0.E+000,-0.E+000,-1.));
#7564 = DIRECTION('',(1.,0.E+000,-0.E+000));
#7565 = ADVANCED_FACE('',(#7566),#7593,.F.);
#7566 = FACE_BOUND('',#7567,.T.);
#7567 = EDGE_LOOP('',(#7568,#7578,#7585,#7586));
#7568 = ORIENTED_EDGE('',*,*,#7569,.T.);
#7569 = EDGE_CURVE('',#7570,#7572,#7574,.T.);
#7570 = VERTEX_POINT('',#7571);
#7571 = CARTESIAN_POINT('',(35.221,-12.954,-0.41148));
#7572 = VERTEX_POINT('',#7573);
#7573 = CARTESIAN_POINT('',(35.221,-12.954,0.E+000));
#7574 = LINE('',#7575,#7576);
#7575 = CARTESIAN_POINT('',(35.221,-12.954,-0.41148));
#7576 = VECTOR('',#7577,1.);
#7577 = DIRECTION('',(0.E+000,0.E+000,1.));
#7578 = ORIENTED_EDGE('',*,*,#7579,.T.);
#7579 = EDGE_CURVE('',#7572,#7572,#7580,.T.);
#7580 = CIRCLE('',#7581,0.55);
#7581 = AXIS2_PLACEMENT_3D('',#7582,#7583,#7584);
#7582 = CARTESIAN_POINT('',(34.671,-12.954,0.E+000));
#7583 = DIRECTION('',(0.E+000,0.E+000,1.));
#7584 = DIRECTION('',(1.,0.E+000,-0.E+000));
#7585 = ORIENTED_EDGE('',*,*,#7569,.F.);
#7586 = ORIENTED_EDGE('',*,*,#7587,.F.);
#7587 = EDGE_CURVE('',#7570,#7570,#7588,.T.);
#7588 = CIRCLE('',#7589,0.55);
#7589 = AXIS2_PLACEMENT_3D('',#7590,#7591,#7592);
#7590 = CARTESIAN_POINT('',(34.671,-12.954,-0.41148));
#7591 = DIRECTION('',(0.E+000,0.E+000,1.));
#7592 = DIRECTION('',(1.,0.E+000,-0.E+000));
#7593 = CYLINDRICAL_SURFACE('',#7594,0.55);
#7594 = AXIS2_PLACEMENT_3D('',#7595,#7596,#7597);
#7595 = CARTESIAN_POINT('',(34.671,-12.954,-0.41148));
#7596 = DIRECTION('',(-0.E+000,-0.E+000,-1.));
#7597 = DIRECTION('',(1.,0.E+000,-0.E+000));
#7598 = ADVANCED_FACE('',(#7599),#7626,.F.);
#7599 = FACE_BOUND('',#7600,.T.);
#7600 = EDGE_LOOP('',(#7601,#7611,#7618,#7619));
#7601 = ORIENTED_EDGE('',*,*,#7602,.T.);
#7602 = EDGE_CURVE('',#7603,#7605,#7607,.T.);
#7603 = VERTEX_POINT('',#7604);
#7604 = CARTESIAN_POINT('',(28.998,-12.891,-0.41148));
#7605 = VERTEX_POINT('',#7606);
#7606 = CARTESIAN_POINT('',(28.998,-12.891,0.E+000));
#7607 = LINE('',#7608,#7609);
#7608 = CARTESIAN_POINT('',(28.998,-12.891,-0.41148));
#7609 = VECTOR('',#7610,1.);
#7610 = DIRECTION('',(0.E+000,0.E+000,1.));
#7611 = ORIENTED_EDGE('',*,*,#7612,.T.);
#7612 = EDGE_CURVE('',#7605,#7605,#7613,.T.);
#7613 = CIRCLE('',#7614,0.55);
#7614 = AXIS2_PLACEMENT_3D('',#7615,#7616,#7617);
#7615 = CARTESIAN_POINT('',(28.448,-12.891,0.E+000));
#7616 = DIRECTION('',(0.E+000,0.E+000,1.));
#7617 = DIRECTION('',(1.,0.E+000,-0.E+000));
#7618 = ORIENTED_EDGE('',*,*,#7602,.F.);
#7619 = ORIENTED_EDGE('',*,*,#7620,.F.);
#7620 = EDGE_CURVE('',#7603,#7603,#7621,.T.);
#7621 = CIRCLE('',#7622,0.55);
#7622 = AXIS2_PLACEMENT_3D('',#7623,#7624,#7625);
#7623 = CARTESIAN_POINT('',(28.448,-12.891,-0.41148));
#7624 = DIRECTION('',(0.E+000,0.E+000,1.));
#7625 = DIRECTION('',(1.,0.E+000,-0.E+000));
#7626 = CYLINDRICAL_SURFACE('',#7627,0.55);
#7627 = AXIS2_PLACEMENT_3D('',#7628,#7629,#7630);
#7628 = CARTESIAN_POINT('',(28.448,-12.891,-0.41148));
#7629 = DIRECTION('',(-0.E+000,-0.E+000,-1.));
#7630 = DIRECTION('',(1.,0.E+000,-0.E+000));
#7631 = ADVANCED_FACE('',(#7632),#7659,.F.);
#7632 = FACE_BOUND('',#7633,.T.);
#7633 = EDGE_LOOP('',(#7634,#7644,#7651,#7652));
#7634 = ORIENTED_EDGE('',*,*,#7635,.T.);
#7635 = EDGE_CURVE('',#7636,#7638,#7640,.T.);
#7636 = VERTEX_POINT('',#7637);
#7637 = CARTESIAN_POINT('',(21.455,-7.873,-0.41148));
#7638 = VERTEX_POINT('',#7639);
#7639 = CARTESIAN_POINT('',(21.455,-7.873,0.E+000));
#7640 = LINE('',#7641,#7642);
#7641 = CARTESIAN_POINT('',(21.455,-7.873,-0.41148));
#7642 = VECTOR('',#7643,1.);
#7643 = DIRECTION('',(0.E+000,0.E+000,1.));
#7644 = ORIENTED_EDGE('',*,*,#7645,.T.);
#7645 = EDGE_CURVE('',#7638,#7638,#7646,.T.);
#7646 = CIRCLE('',#7647,0.5);
#7647 = AXIS2_PLACEMENT_3D('',#7648,#7649,#7650);
#7648 = CARTESIAN_POINT('',(20.955,-7.873,0.E+000));
#7649 = DIRECTION('',(0.E+000,0.E+000,1.));
#7650 = DIRECTION('',(1.,0.E+000,-0.E+000));
#7651 = ORIENTED_EDGE('',*,*,#7635,.F.);
#7652 = ORIENTED_EDGE('',*,*,#7653,.F.);
#7653 = EDGE_CURVE('',#7636,#7636,#7654,.T.);
#7654 = CIRCLE('',#7655,0.5);
#7655 = AXIS2_PLACEMENT_3D('',#7656,#7657,#7658);
#7656 = CARTESIAN_POINT('',(20.955,-7.873,-0.41148));
#7657 = DIRECTION('',(0.E+000,0.E+000,1.));
#7658 = DIRECTION('',(1.,0.E+000,-0.E+000));
#7659 = CYLINDRICAL_SURFACE('',#7660,0.5);
#7660 = AXIS2_PLACEMENT_3D('',#7661,#7662,#7663);
#7661 = CARTESIAN_POINT('',(20.955,-7.873,-0.41148));
#7662 = DIRECTION('',(-0.E+000,-0.E+000,-1.));
#7663 = DIRECTION('',(1.,0.E+000,-0.E+000));
#7664 = ADVANCED_FACE('',(#7665),#7692,.F.);
#7665 = FACE_BOUND('',#7666,.T.);
#7666 = EDGE_LOOP('',(#7667,#7677,#7684,#7685));
#7667 = ORIENTED_EDGE('',*,*,#7668,.T.);
#7668 = EDGE_CURVE('',#7669,#7671,#7673,.T.);
#7669 = VERTEX_POINT('',#7670);
#7670 = CARTESIAN_POINT('',(21.455,-5.334,-0.41148));
#7671 = VERTEX_POINT('',#7672);
#7672 = CARTESIAN_POINT('',(21.455,-5.334,0.E+000));
#7673 = LINE('',#7674,#7675);
#7674 = CARTESIAN_POINT('',(21.455,-5.334,-0.41148));
#7675 = VECTOR('',#7676,1.);
#7676 = DIRECTION('',(0.E+000,0.E+000,1.));
#7677 = ORIENTED_EDGE('',*,*,#7678,.T.);
#7678 = EDGE_CURVE('',#7671,#7671,#7679,.T.);
#7679 = CIRCLE('',#7680,0.5);
#7680 = AXIS2_PLACEMENT_3D('',#7681,#7682,#7683);
#7681 = CARTESIAN_POINT('',(20.955,-5.334,0.E+000));
#7682 = DIRECTION('',(0.E+000,0.E+000,1.));
#7683 = DIRECTION('',(1.,0.E+000,-0.E+000));
#7684 = ORIENTED_EDGE('',*,*,#7668,.F.);
#7685 = ORIENTED_EDGE('',*,*,#7686,.F.);
#7686 = EDGE_CURVE('',#7669,#7669,#7687,.T.);
#7687 = CIRCLE('',#7688,0.5);
#7688 = AXIS2_PLACEMENT_3D('',#7689,#7690,#7691);
#7689 = CARTESIAN_POINT('',(20.955,-5.334,-0.41148));
#7690 = DIRECTION('',(0.E+000,0.E+000,1.));
#7691 = DIRECTION('',(1.,0.E+000,-0.E+000));
#7692 = CYLINDRICAL_SURFACE('',#7693,0.5);
#7693 = AXIS2_PLACEMENT_3D('',#7694,#7695,#7696);
#7694 = CARTESIAN_POINT('',(20.955,-5.334,-0.41148));
#7695 = DIRECTION('',(-0.E+000,-0.E+000,-1.));
#7696 = DIRECTION('',(1.,0.E+000,-0.E+000));
#7697 = ADVANCED_FACE('',(#7698),#7725,.F.);
#7698 = FACE_BOUND('',#7699,.T.);
#7699 = EDGE_LOOP('',(#7700,#7710,#7717,#7718));
#7700 = ORIENTED_EDGE('',*,*,#7701,.T.);
#7701 = EDGE_CURVE('',#7702,#7704,#7706,.T.);
#7702 = VERTEX_POINT('',#7703);
#7703 = CARTESIAN_POINT('',(28.998,-7.891,-0.41148));
#7704 = VERTEX_POINT('',#7705);
#7705 = CARTESIAN_POINT('',(28.998,-7.891,0.E+000));
#7706 = LINE('',#7707,#7708);
#7707 = CARTESIAN_POINT('',(28.998,-7.891,-0.41148));
#7708 = VECTOR('',#7709,1.);
#7709 = DIRECTION('',(0.E+000,0.E+000,1.));
#7710 = ORIENTED_EDGE('',*,*,#7711,.T.);
#7711 = EDGE_CURVE('',#7704,#7704,#7712,.T.);
#7712 = CIRCLE('',#7713,0.55);
#7713 = AXIS2_PLACEMENT_3D('',#7714,#7715,#7716);
#7714 = CARTESIAN_POINT('',(28.448,-7.891,0.E+000));
#7715 = DIRECTION('',(0.E+000,0.E+000,1.));
#7716 = DIRECTION('',(1.,0.E+000,-0.E+000));
#7717 = ORIENTED_EDGE('',*,*,#7701,.F.);
#7718 = ORIENTED_EDGE('',*,*,#7719,.F.);
#7719 = EDGE_CURVE('',#7702,#7702,#7720,.T.);
#7720 = CIRCLE('',#7721,0.55);
#7721 = AXIS2_PLACEMENT_3D('',#7722,#7723,#7724);
#7722 = CARTESIAN_POINT('',(28.448,-7.891,-0.41148));
#7723 = DIRECTION('',(0.E+000,0.E+000,1.));
#7724 = DIRECTION('',(1.,0.E+000,-0.E+000));
#7725 = CYLINDRICAL_SURFACE('',#7726,0.55);
#7726 = AXIS2_PLACEMENT_3D('',#7727,#7728,#7729);
#7727 = CARTESIAN_POINT('',(28.448,-7.891,-0.41148));
#7728 = DIRECTION('',(-0.E+000,-0.E+000,-1.));
#7729 = DIRECTION('',(1.,0.E+000,-0.E+000));
#7730 = ADVANCED_FACE('',(#7731),#7758,.F.);
#7731 = FACE_BOUND('',#7732,.T.);
#7732 = EDGE_LOOP('',(#7733,#7743,#7750,#7751));
#7733 = ORIENTED_EDGE('',*,*,#7734,.T.);
#7734 = EDGE_CURVE('',#7735,#7737,#7739,.T.);
#7735 = VERTEX_POINT('',#7736);
#7736 = CARTESIAN_POINT('',(21.455,-2.794,-0.41148));
#7737 = VERTEX_POINT('',#7738);
#7738 = CARTESIAN_POINT('',(21.455,-2.794,0.E+000));
#7739 = LINE('',#7740,#7741);
#7740 = CARTESIAN_POINT('',(21.455,-2.794,-0.41148));
#7741 = VECTOR('',#7742,1.);
#7742 = DIRECTION('',(0.E+000,0.E+000,1.));
#7743 = ORIENTED_EDGE('',*,*,#7744,.T.);
#7744 = EDGE_CURVE('',#7737,#7737,#7745,.T.);
#7745 = CIRCLE('',#7746,0.5);
#7746 = AXIS2_PLACEMENT_3D('',#7747,#7748,#7749);
#7747 = CARTESIAN_POINT('',(20.955,-2.794,0.E+000));
#7748 = DIRECTION('',(0.E+000,0.E+000,1.));
#7749 = DIRECTION('',(1.,0.E+000,-0.E+000));
#7750 = ORIENTED_EDGE('',*,*,#7734,.F.);
#7751 = ORIENTED_EDGE('',*,*,#7752,.F.);
#7752 = EDGE_CURVE('',#7735,#7735,#7753,.T.);
#7753 = CIRCLE('',#7754,0.5);
#7754 = AXIS2_PLACEMENT_3D('',#7755,#7756,#7757);
#7755 = CARTESIAN_POINT('',(20.955,-2.794,-0.41148));
#7756 = DIRECTION('',(0.E+000,0.E+000,1.));
#7757 = DIRECTION('',(1.,0.E+000,-0.E+000));
#7758 = CYLINDRICAL_SURFACE('',#7759,0.5);
#7759 = AXIS2_PLACEMENT_3D('',#7760,#7761,#7762);
#7760 = CARTESIAN_POINT('',(20.955,-2.794,-0.41148));
#7761 = DIRECTION('',(-0.E+000,-0.E+000,-1.));
#7762 = DIRECTION('',(1.,0.E+000,-0.E+000));
#7763 = ADVANCED_FACE('',(#7764),#7791,.F.);
#7764 = FACE_BOUND('',#7765,.T.);
#7765 = EDGE_LOOP('',(#7766,#7776,#7783,#7784));
#7766 = ORIENTED_EDGE('',*,*,#7767,.T.);
#7767 = EDGE_CURVE('',#7768,#7770,#7772,.T.);
#7768 = VERTEX_POINT('',#7769);
#7769 = CARTESIAN_POINT('',(28.998,-5.391,-0.41148));
#7770 = VERTEX_POINT('',#7771);
#7771 = CARTESIAN_POINT('',(28.998,-5.391,0.E+000));
#7772 = LINE('',#7773,#7774);
#7773 = CARTESIAN_POINT('',(28.998,-5.391,-0.41148));
#7774 = VECTOR('',#7775,1.);
#7775 = DIRECTION('',(0.E+000,0.E+000,1.));
#7776 = ORIENTED_EDGE('',*,*,#7777,.T.);
#7777 = EDGE_CURVE('',#7770,#7770,#7778,.T.);
#7778 = CIRCLE('',#7779,0.55);
#7779 = AXIS2_PLACEMENT_3D('',#7780,#7781,#7782);
#7780 = CARTESIAN_POINT('',(28.448,-5.391,0.E+000));
#7781 = DIRECTION('',(0.E+000,0.E+000,1.));
#7782 = DIRECTION('',(1.,0.E+000,-0.E+000));
#7783 = ORIENTED_EDGE('',*,*,#7767,.F.);
#7784 = ORIENTED_EDGE('',*,*,#7785,.F.);
#7785 = EDGE_CURVE('',#7768,#7768,#7786,.T.);
#7786 = CIRCLE('',#7787,0.55);
#7787 = AXIS2_PLACEMENT_3D('',#7788,#7789,#7790);
#7788 = CARTESIAN_POINT('',(28.448,-5.391,-0.41148));
#7789 = DIRECTION('',(0.E+000,0.E+000,1.));
#7790 = DIRECTION('',(1.,0.E+000,-0.E+000));
#7791 = CYLINDRICAL_SURFACE('',#7792,0.55);
#7792 = AXIS2_PLACEMENT_3D('',#7793,#7794,#7795);
#7793 = CARTESIAN_POINT('',(28.448,-5.391,-0.41148));
#7794 = DIRECTION('',(-0.E+000,-0.E+000,-1.));
#7795 = DIRECTION('',(1.,0.E+000,-0.E+000));
#7796 = ADVANCED_FACE('',(#7797),#7824,.F.);
#7797 = FACE_BOUND('',#7798,.T.);
#7798 = EDGE_LOOP('',(#7799,#7809,#7816,#7817));
#7799 = ORIENTED_EDGE('',*,*,#7800,.T.);
#7800 = EDGE_CURVE('',#7801,#7803,#7805,.T.);
#7801 = VERTEX_POINT('',#7802);
#7802 = CARTESIAN_POINT('',(41.444,-12.954,-0.41148));
#7803 = VERTEX_POINT('',#7804);
#7804 = CARTESIAN_POINT('',(41.444,-12.954,0.E+000));
#7805 = LINE('',#7806,#7807);
#7806 = CARTESIAN_POINT('',(41.444,-12.954,-0.41148));
#7807 = VECTOR('',#7808,1.);
#7808 = DIRECTION('',(0.E+000,0.E+000,1.));
#7809 = ORIENTED_EDGE('',*,*,#7810,.T.);
#7810 = EDGE_CURVE('',#7803,#7803,#7811,.T.);
#7811 = CIRCLE('',#7812,0.55);
#7812 = AXIS2_PLACEMENT_3D('',#7813,#7814,#7815);
#7813 = CARTESIAN_POINT('',(40.894,-12.954,0.E+000));
#7814 = DIRECTION('',(0.E+000,0.E+000,1.));
#7815 = DIRECTION('',(1.,0.E+000,-0.E+000));
#7816 = ORIENTED_EDGE('',*,*,#7800,.F.);
#7817 = ORIENTED_EDGE('',*,*,#7818,.F.);
#7818 = EDGE_CURVE('',#7801,#7801,#7819,.T.);
#7819 = CIRCLE('',#7820,0.55);
#7820 = AXIS2_PLACEMENT_3D('',#7821,#7822,#7823);
#7821 = CARTESIAN_POINT('',(40.894,-12.954,-0.41148));
#7822 = DIRECTION('',(0.E+000,0.E+000,1.));
#7823 = DIRECTION('',(1.,0.E+000,-0.E+000));
#7824 = CYLINDRICAL_SURFACE('',#7825,0.55);
#7825 = AXIS2_PLACEMENT_3D('',#7826,#7827,#7828);
#7826 = CARTESIAN_POINT('',(40.894,-12.954,-0.41148));
#7827 = DIRECTION('',(-0.E+000,-0.E+000,-1.));
#7828 = DIRECTION('',(1.,0.E+000,-0.E+000));
#7829 = ADVANCED_FACE('',(#7830),#7857,.F.);
#7830 = FACE_BOUND('',#7831,.T.);
#7831 = EDGE_LOOP('',(#7832,#7842,#7849,#7850));
#7832 = ORIENTED_EDGE('',*,*,#7833,.T.);
#7833 = EDGE_CURVE('',#7834,#7836,#7838,.T.);
#7834 = VERTEX_POINT('',#7835);
#7835 = CARTESIAN_POINT('',(35.221,-10.454,-0.41148));
#7836 = VERTEX_POINT('',#7837);
#7837 = CARTESIAN_POINT('',(35.221,-10.454,0.E+000));
#7838 = LINE('',#7839,#7840);
#7839 = CARTESIAN_POINT('',(35.221,-10.454,-0.41148));
#7840 = VECTOR('',#7841,1.);
#7841 = DIRECTION('',(0.E+000,0.E+000,1.));
#7842 = ORIENTED_EDGE('',*,*,#7843,.T.);
#7843 = EDGE_CURVE('',#7836,#7836,#7844,.T.);
#7844 = CIRCLE('',#7845,0.55);
#7845 = AXIS2_PLACEMENT_3D('',#7846,#7847,#7848);
#7846 = CARTESIAN_POINT('',(34.671,-10.454,0.E+000));
#7847 = DIRECTION('',(0.E+000,0.E+000,1.));
#7848 = DIRECTION('',(1.,0.E+000,-0.E+000));
#7849 = ORIENTED_EDGE('',*,*,#7833,.F.);
#7850 = ORIENTED_EDGE('',*,*,#7851,.F.);
#7851 = EDGE_CURVE('',#7834,#7834,#7852,.T.);
#7852 = CIRCLE('',#7853,0.55);
#7853 = AXIS2_PLACEMENT_3D('',#7854,#7855,#7856);
#7854 = CARTESIAN_POINT('',(34.671,-10.454,-0.41148));
#7855 = DIRECTION('',(0.E+000,0.E+000,1.));
#7856 = DIRECTION('',(1.,0.E+000,-0.E+000));
#7857 = CYLINDRICAL_SURFACE('',#7858,0.55);
#7858 = AXIS2_PLACEMENT_3D('',#7859,#7860,#7861);
#7859 = CARTESIAN_POINT('',(34.671,-10.454,-0.41148));
#7860 = DIRECTION('',(-0.E+000,-0.E+000,-1.));
#7861 = DIRECTION('',(1.,0.E+000,-0.E+000));
#7862 = ADVANCED_FACE('',(#7863),#7890,.F.);
#7863 = FACE_BOUND('',#7864,.T.);
#7864 = EDGE_LOOP('',(#7865,#7875,#7882,#7883));
#7865 = ORIENTED_EDGE('',*,*,#7866,.T.);
#7866 = EDGE_CURVE('',#7867,#7869,#7871,.T.);
#7867 = VERTEX_POINT('',#7868);
#7868 = CARTESIAN_POINT('',(41.444,-10.454,-0.41148));
#7869 = VERTEX_POINT('',#7870);
#7870 = CARTESIAN_POINT('',(41.444,-10.454,0.E+000));
#7871 = LINE('',#7872,#7873);
#7872 = CARTESIAN_POINT('',(41.444,-10.454,-0.41148));
#7873 = VECTOR('',#7874,1.);
#7874 = DIRECTION('',(0.E+000,0.E+000,1.));
#7875 = ORIENTED_EDGE('',*,*,#7876,.T.);
#7876 = EDGE_CURVE('',#7869,#7869,#7877,.T.);
#7877 = CIRCLE('',#7878,0.55);
#7878 = AXIS2_PLACEMENT_3D('',#7879,#7880,#7881);
#7879 = CARTESIAN_POINT('',(40.894,-10.454,0.E+000));
#7880 = DIRECTION('',(0.E+000,0.E+000,1.));
#7881 = DIRECTION('',(1.,0.E+000,-0.E+000));
#7882 = ORIENTED_EDGE('',*,*,#7866,.F.);
#7883 = ORIENTED_EDGE('',*,*,#7884,.F.);
#7884 = EDGE_CURVE('',#7867,#7867,#7885,.T.);
#7885 = CIRCLE('',#7886,0.55);
#7886 = AXIS2_PLACEMENT_3D('',#7887,#7888,#7889);
#7887 = CARTESIAN_POINT('',(40.894,-10.454,-0.41148));
#7888 = DIRECTION('',(0.E+000,0.E+000,1.));
#7889 = DIRECTION('',(1.,0.E+000,-0.E+000));
#7890 = CYLINDRICAL_SURFACE('',#7891,0.55);
#7891 = AXIS2_PLACEMENT_3D('',#7892,#7893,#7894);
#7892 = CARTESIAN_POINT('',(40.894,-10.454,-0.41148));
#7893 = DIRECTION('',(-0.E+000,-0.E+000,-1.));
#7894 = DIRECTION('',(1.,0.E+000,-0.E+000));
#7895 = ADVANCED_FACE('',(#7896),#7930,.T.);
#7896 = FACE_BOUND('',#7897,.T.);
#7897 = EDGE_LOOP('',(#7898,#7908,#7916,#7924));
#7898 = ORIENTED_EDGE('',*,*,#7899,.T.);
#7899 = EDGE_CURVE('',#7900,#7902,#7904,.T.);
#7900 = VERTEX_POINT('',#7901);
#7901 = CARTESIAN_POINT('',(49.148998260498,-9.906000137329,-0.41148));
#7902 = VERTEX_POINT('',#7903);
#7903 = CARTESIAN_POINT('',(49.148998260498,-9.906000137329,0.E+000));
#7904 = LINE('',#7905,#7906);
#7905 = CARTESIAN_POINT('',(49.148998260498,-9.906000137329,-0.41148));
#7906 = VECTOR('',#7907,1.);
#7907 = DIRECTION('',(0.E+000,0.E+000,1.));
#7908 = ORIENTED_EDGE('',*,*,#7909,.T.);
#7909 = EDGE_CURVE('',#7902,#7910,#7912,.T.);
#7910 = VERTEX_POINT('',#7911);
#7911 = CARTESIAN_POINT('',(58.986999511719,-9.906000137329,0.E+000));
#7912 = LINE('',#7913,#7914);
#7913 = CARTESIAN_POINT('',(49.148998260498,-9.906000137329,0.E+000));
#7914 = VECTOR('',#7915,1.);
#7915 = DIRECTION('',(1.,0.E+000,0.E+000));
#7916 = ORIENTED_EDGE('',*,*,#7917,.F.);
#7917 = EDGE_CURVE('',#7918,#7910,#7920,.T.);
#7918 = VERTEX_POINT('',#7919);
#7919 = CARTESIAN_POINT('',(58.986999511719,-9.906000137329,-0.41148));
#7920 = LINE('',#7921,#7922);
#7921 = CARTESIAN_POINT('',(58.986999511719,-9.906000137329,-0.41148));
#7922 = VECTOR('',#7923,1.);
#7923 = DIRECTION('',(0.E+000,0.E+000,1.));
#7924 = ORIENTED_EDGE('',*,*,#7925,.F.);
#7925 = EDGE_CURVE('',#7900,#7918,#7926,.T.);
#7926 = LINE('',#7927,#7928);
#7927 = CARTESIAN_POINT('',(49.148998260498,-9.906000137329,-0.41148));
#7928 = VECTOR('',#7929,1.);
#7929 = DIRECTION('',(1.,0.E+000,0.E+000));
#7930 = PLANE('',#7931);
#7931 = AXIS2_PLACEMENT_3D('',#7932,#7933,#7934);
#7932 = CARTESIAN_POINT('',(49.148998260498,-9.906000137329,-0.41148));
#7933 = DIRECTION('',(0.E+000,1.,0.E+000));
#7934 = DIRECTION('',(1.,0.E+000,0.E+000));
#7935 = ADVANCED_FACE('',(#7936),#7961,.T.);
#7936 = FACE_BOUND('',#7937,.T.);
#7937 = EDGE_LOOP('',(#7938,#7939,#7947,#7955));
#7938 = ORIENTED_EDGE('',*,*,#7917,.T.);
#7939 = ORIENTED_EDGE('',*,*,#7940,.T.);
#7940 = EDGE_CURVE('',#7910,#7941,#7943,.T.);
#7941 = VERTEX_POINT('',#7942);
#7942 = CARTESIAN_POINT('',(58.986999511719,10.032999992371,0.E+000));
#7943 = LINE('',#7944,#7945);
#7944 = CARTESIAN_POINT('',(58.986999511719,-9.906000137329,0.E+000));
#7945 = VECTOR('',#7946,1.);
#7946 = DIRECTION('',(0.E+000,1.,0.E+000));
#7947 = ORIENTED_EDGE('',*,*,#7948,.F.);
#7948 = EDGE_CURVE('',#7949,#7941,#7951,.T.);
#7949 = VERTEX_POINT('',#7950);
#7950 = CARTESIAN_POINT('',(58.986999511719,10.032999992371,-0.41148));
#7951 = LINE('',#7952,#7953);
#7952 = CARTESIAN_POINT('',(58.986999511719,10.032999992371,-0.41148));
#7953 = VECTOR('',#7954,1.);
#7954 = DIRECTION('',(0.E+000,0.E+000,1.));
#7955 = ORIENTED_EDGE('',*,*,#7956,.F.);
#7956 = EDGE_CURVE('',#7918,#7949,#7957,.T.);
#7957 = LINE('',#7958,#7959);
#7958 = CARTESIAN_POINT('',(58.986999511719,-9.906000137329,-0.41148));
#7959 = VECTOR('',#7960,1.);
#7960 = DIRECTION('',(0.E+000,1.,0.E+000));
#7961 = PLANE('',#7962);
#7962 = AXIS2_PLACEMENT_3D('',#7963,#7964,#7965);
#7963 = CARTESIAN_POINT('',(58.986999511719,-9.906000137329,-0.41148));
#7964 = DIRECTION('',(-1.,0.E+000,0.E+000));
#7965 = DIRECTION('',(0.E+000,1.,0.E+000));
#7966 = ADVANCED_FACE('',(#7967),#7992,.T.);
#7967 = FACE_BOUND('',#7968,.T.);
#7968 = EDGE_LOOP('',(#7969,#7970,#7978,#7986));
#7969 = ORIENTED_EDGE('',*,*,#7948,.T.);
#7970 = ORIENTED_EDGE('',*,*,#7971,.T.);
#7971 = EDGE_CURVE('',#7941,#7972,#7974,.T.);
#7972 = VERTEX_POINT('',#7973);
#7973 = CARTESIAN_POINT('',(49.148998260498,10.032999992371,0.E+000));
#7974 = LINE('',#7975,#7976);
#7975 = CARTESIAN_POINT('',(58.986999511719,10.032999992371,0.E+000));
#7976 = VECTOR('',#7977,1.);
#7977 = DIRECTION('',(-1.,0.E+000,0.E+000));
#7978 = ORIENTED_EDGE('',*,*,#7979,.F.);
#7979 = EDGE_CURVE('',#7980,#7972,#7982,.T.);
#7980 = VERTEX_POINT('',#7981);
#7981 = CARTESIAN_POINT('',(49.148998260498,10.032999992371,-0.41148));
#7982 = LINE('',#7983,#7984);
#7983 = CARTESIAN_POINT('',(49.148998260498,10.032999992371,-0.41148));
#7984 = VECTOR('',#7985,1.);
#7985 = DIRECTION('',(0.E+000,0.E+000,1.));
#7986 = ORIENTED_EDGE('',*,*,#7987,.F.);
#7987 = EDGE_CURVE('',#7949,#7980,#7988,.T.);
#7988 = LINE('',#7989,#7990);
#7989 = CARTESIAN_POINT('',(58.986999511719,10.032999992371,-0.41148));
#7990 = VECTOR('',#7991,1.);
#7991 = DIRECTION('',(-1.,0.E+000,0.E+000));
#7992 = PLANE('',#7993);
#7993 = AXIS2_PLACEMENT_3D('',#7994,#7995,#7996);
#7994 = CARTESIAN_POINT('',(58.986999511719,10.032999992371,-0.41148));
#7995 = DIRECTION('',(0.E+000,-1.,0.E+000));
#7996 = DIRECTION('',(-1.,0.E+000,0.E+000));
#7997 = ADVANCED_FACE('',(#7998),#8014,.T.);
#7998 = FACE_BOUND('',#7999,.T.);
#7999 = EDGE_LOOP('',(#8000,#8001,#8007,#8008));
#8000 = ORIENTED_EDGE('',*,*,#7979,.T.);
#8001 = ORIENTED_EDGE('',*,*,#8002,.T.);
#8002 = EDGE_CURVE('',#7972,#7902,#8003,.T.);
#8003 = LINE('',#8004,#8005);
#8004 = CARTESIAN_POINT('',(49.148998260498,10.032999992371,0.E+000));
#8005 = VECTOR('',#8006,1.);
#8006 = DIRECTION('',(0.E+000,-1.,0.E+000));
#8007 = ORIENTED_EDGE('',*,*,#7899,.F.);
#8008 = ORIENTED_EDGE('',*,*,#8009,.F.);
#8009 = EDGE_CURVE('',#7980,#7900,#8010,.T.);
#8010 = LINE('',#8011,#8012);
#8011 = CARTESIAN_POINT('',(49.148998260498,10.032999992371,-0.41148));
#8012 = VECTOR('',#8013,1.);
#8013 = DIRECTION('',(0.E+000,-1.,0.E+000));
#8014 = PLANE('',#8015);
#8015 = AXIS2_PLACEMENT_3D('',#8016,#8017,#8018);
#8016 = CARTESIAN_POINT('',(49.148998260498,10.032999992371,-0.41148));
#8017 = DIRECTION('',(1.,0.E+000,-0.E+000));
#8018 = DIRECTION('',(0.E+000,-1.,0.E+000));
#8019 = ADVANCED_FACE('',(#8020),#8047,.F.);
#8020 = FACE_BOUND('',#8021,.T.);
#8021 = EDGE_LOOP('',(#8022,#8032,#8039,#8040));
#8022 = ORIENTED_EDGE('',*,*,#8023,.T.);
#8023 = EDGE_CURVE('',#8024,#8026,#8028,.T.);
#8024 = VERTEX_POINT('',#8025);
#8025 = CARTESIAN_POINT('',(35.221,-7.955,-0.41148));
#8026 = VERTEX_POINT('',#8027);
#8027 = CARTESIAN_POINT('',(35.221,-7.955,0.E+000));
#8028 = LINE('',#8029,#8030);
#8029 = CARTESIAN_POINT('',(35.221,-7.955,-0.41148));
#8030 = VECTOR('',#8031,1.);
#8031 = DIRECTION('',(0.E+000,0.E+000,1.));
#8032 = ORIENTED_EDGE('',*,*,#8033,.T.);
#8033 = EDGE_CURVE('',#8026,#8026,#8034,.T.);
#8034 = CIRCLE('',#8035,0.55);
#8035 = AXIS2_PLACEMENT_3D('',#8036,#8037,#8038);
#8036 = CARTESIAN_POINT('',(34.671,-7.955,0.E+000));
#8037 = DIRECTION('',(0.E+000,0.E+000,1.));
#8038 = DIRECTION('',(1.,0.E+000,-0.E+000));
#8039 = ORIENTED_EDGE('',*,*,#8023,.F.);
#8040 = ORIENTED_EDGE('',*,*,#8041,.F.);
#8041 = EDGE_CURVE('',#8024,#8024,#8042,.T.);
#8042 = CIRCLE('',#8043,0.55);
#8043 = AXIS2_PLACEMENT_3D('',#8044,#8045,#8046);
#8044 = CARTESIAN_POINT('',(34.671,-7.955,-0.41148));
#8045 = DIRECTION('',(0.E+000,0.E+000,1.));
#8046 = DIRECTION('',(1.,0.E+000,-0.E+000));
#8047 = CYLINDRICAL_SURFACE('',#8048,0.55);
#8048 = AXIS2_PLACEMENT_3D('',#8049,#8050,#8051);
#8049 = CARTESIAN_POINT('',(34.671,-7.955,-0.41148));
#8050 = DIRECTION('',(-0.E+000,-0.E+000,-1.));
#8051 = DIRECTION('',(1.,0.E+000,-0.E+000));
#8052 = ADVANCED_FACE('',(#8053),#8080,.F.);
#8053 = FACE_BOUND('',#8054,.T.);
#8054 = EDGE_LOOP('',(#8055,#8065,#8072,#8073));
#8055 = ORIENTED_EDGE('',*,*,#8056,.T.);
#8056 = EDGE_CURVE('',#8057,#8059,#8061,.T.);
#8057 = VERTEX_POINT('',#8058);
#8058 = CARTESIAN_POINT('',(35.221,-5.455,-0.41148));
#8059 = VERTEX_POINT('',#8060);
#8060 = CARTESIAN_POINT('',(35.221,-5.455,0.E+000));
#8061 = LINE('',#8062,#8063);
#8062 = CARTESIAN_POINT('',(35.221,-5.455,-0.41148));
#8063 = VECTOR('',#8064,1.);
#8064 = DIRECTION('',(0.E+000,0.E+000,1.));
#8065 = ORIENTED_EDGE('',*,*,#8066,.T.);
#8066 = EDGE_CURVE('',#8059,#8059,#8067,.T.);
#8067 = CIRCLE('',#8068,0.55);
#8068 = AXIS2_PLACEMENT_3D('',#8069,#8070,#8071);
#8069 = CARTESIAN_POINT('',(34.671,-5.455,0.E+000));
#8070 = DIRECTION('',(0.E+000,0.E+000,1.));
#8071 = DIRECTION('',(1.,0.E+000,-0.E+000));
#8072 = ORIENTED_EDGE('',*,*,#8056,.F.);
#8073 = ORIENTED_EDGE('',*,*,#8074,.F.);
#8074 = EDGE_CURVE('',#8057,#8057,#8075,.T.);
#8075 = CIRCLE('',#8076,0.55);
#8076 = AXIS2_PLACEMENT_3D('',#8077,#8078,#8079);
#8077 = CARTESIAN_POINT('',(34.671,-5.455,-0.41148));
#8078 = DIRECTION('',(0.E+000,0.E+000,1.));
#8079 = DIRECTION('',(1.,0.E+000,-0.E+000));
#8080 = CYLINDRICAL_SURFACE('',#8081,0.55);
#8081 = AXIS2_PLACEMENT_3D('',#8082,#8083,#8084);
#8082 = CARTESIAN_POINT('',(34.671,-5.455,-0.41148));
#8083 = DIRECTION('',(-0.E+000,-0.E+000,-1.));
#8084 = DIRECTION('',(1.,0.E+000,-0.E+000));
#8085 = ADVANCED_FACE('',(#8086),#8113,.F.);
#8086 = FACE_BOUND('',#8087,.T.);
#8087 = EDGE_LOOP('',(#8088,#8098,#8105,#8106));
#8088 = ORIENTED_EDGE('',*,*,#8089,.T.);
#8089 = EDGE_CURVE('',#8090,#8092,#8094,.T.);
#8090 = VERTEX_POINT('',#8091);
#8091 = CARTESIAN_POINT('',(41.444,-7.955,-0.41148));
#8092 = VERTEX_POINT('',#8093);
#8093 = CARTESIAN_POINT('',(41.444,-7.955,0.E+000));
#8094 = LINE('',#8095,#8096);
#8095 = CARTESIAN_POINT('',(41.444,-7.955,-0.41148));
#8096 = VECTOR('',#8097,1.);
#8097 = DIRECTION('',(0.E+000,0.E+000,1.));
#8098 = ORIENTED_EDGE('',*,*,#8099,.T.);
#8099 = EDGE_CURVE('',#8092,#8092,#8100,.T.);
#8100 = CIRCLE('',#8101,0.55);
#8101 = AXIS2_PLACEMENT_3D('',#8102,#8103,#8104);
#8102 = CARTESIAN_POINT('',(40.894,-7.955,0.E+000));
#8103 = DIRECTION('',(0.E+000,0.E+000,1.));
#8104 = DIRECTION('',(1.,0.E+000,-0.E+000));
#8105 = ORIENTED_EDGE('',*,*,#8089,.F.);
#8106 = ORIENTED_EDGE('',*,*,#8107,.F.);
#8107 = EDGE_CURVE('',#8090,#8090,#8108,.T.);
#8108 = CIRCLE('',#8109,0.55);
#8109 = AXIS2_PLACEMENT_3D('',#8110,#8111,#8112);
#8110 = CARTESIAN_POINT('',(40.894,-7.955,-0.41148));
#8111 = DIRECTION('',(0.E+000,0.E+000,1.));
#8112 = DIRECTION('',(1.,0.E+000,-0.E+000));
#8113 = CYLINDRICAL_SURFACE('',#8114,0.55);
#8114 = AXIS2_PLACEMENT_3D('',#8115,#8116,#8117);
#8115 = CARTESIAN_POINT('',(40.894,-7.955,-0.41148));
#8116 = DIRECTION('',(-0.E+000,-0.E+000,-1.));
#8117 = DIRECTION('',(1.,0.E+000,-0.E+000));
#8118 = ADVANCED_FACE('',(#8119),#8146,.F.);
#8119 = FACE_BOUND('',#8120,.T.);
#8120 = EDGE_LOOP('',(#8121,#8131,#8138,#8139));
#8121 = ORIENTED_EDGE('',*,*,#8122,.T.);
#8122 = EDGE_CURVE('',#8123,#8125,#8127,.T.);
#8123 = VERTEX_POINT('',#8124);
#8124 = CARTESIAN_POINT('',(41.444,-5.455,-0.41148));
#8125 = VERTEX_POINT('',#8126);
#8126 = CARTESIAN_POINT('',(41.444,-5.455,0.E+000));
#8127 = LINE('',#8128,#8129);
#8128 = CARTESIAN_POINT('',(41.444,-5.455,-0.41148));
#8129 = VECTOR('',#8130,1.);
#8130 = DIRECTION('',(0.E+000,0.E+000,1.));
#8131 = ORIENTED_EDGE('',*,*,#8132,.T.);
#8132 = EDGE_CURVE('',#8125,#8125,#8133,.T.);
#8133 = CIRCLE('',#8134,0.55);
#8134 = AXIS2_PLACEMENT_3D('',#8135,#8136,#8137);
#8135 = CARTESIAN_POINT('',(40.894,-5.455,0.E+000));
#8136 = DIRECTION('',(0.E+000,0.E+000,1.));
#8137 = DIRECTION('',(1.,0.E+000,-0.E+000));
#8138 = ORIENTED_EDGE('',*,*,#8122,.F.);
#8139 = ORIENTED_EDGE('',*,*,#8140,.F.);
#8140 = EDGE_CURVE('',#8123,#8123,#8141,.T.);
#8141 = CIRCLE('',#8142,0.55);
#8142 = AXIS2_PLACEMENT_3D('',#8143,#8144,#8145);
#8143 = CARTESIAN_POINT('',(40.894,-5.455,-0.41148));
#8144 = DIRECTION('',(0.E+000,0.E+000,1.));
#8145 = DIRECTION('',(1.,0.E+000,-0.E+000));
#8146 = CYLINDRICAL_SURFACE('',#8147,0.55);
#8147 = AXIS2_PLACEMENT_3D('',#8148,#8149,#8150);
#8148 = CARTESIAN_POINT('',(40.894,-5.455,-0.41148));
#8149 = DIRECTION('',(-0.E+000,-0.E+000,-1.));
#8150 = DIRECTION('',(1.,0.E+000,-0.E+000));
#8151 = ADVANCED_FACE('',(#8152),#8179,.F.);
#8152 = FACE_BOUND('',#8153,.T.);
#8153 = EDGE_LOOP('',(#8154,#8164,#8171,#8172));
#8154 = ORIENTED_EDGE('',*,*,#8155,.T.);
#8155 = EDGE_CURVE('',#8156,#8158,#8160,.T.);
#8156 = VERTEX_POINT('',#8157);
#8157 = CARTESIAN_POINT('',(61.798,-4.065,-0.41148));
#8158 = VERTEX_POINT('',#8159);
#8159 = CARTESIAN_POINT('',(61.798,-4.065,0.E+000));
#8160 = LINE('',#8161,#8162);
#8161 = CARTESIAN_POINT('',(61.798,-4.065,-0.41148));
#8162 = VECTOR('',#8163,1.);
#8163 = DIRECTION('',(0.E+000,0.E+000,1.));
#8164 = ORIENTED_EDGE('',*,*,#8165,.T.);
#8165 = EDGE_CURVE('',#8158,#8158,#8166,.T.);
#8166 = CIRCLE('',#8167,0.55);
#8167 = AXIS2_PLACEMENT_3D('',#8168,#8169,#8170);
#8168 = CARTESIAN_POINT('',(61.248,-4.065,0.E+000));
#8169 = DIRECTION('',(0.E+000,0.E+000,1.));
#8170 = DIRECTION('',(1.,0.E+000,-0.E+000));
#8171 = ORIENTED_EDGE('',*,*,#8155,.F.);
#8172 = ORIENTED_EDGE('',*,*,#8173,.F.);
#8173 = EDGE_CURVE('',#8156,#8156,#8174,.T.);
#8174 = CIRCLE('',#8175,0.55);
#8175 = AXIS2_PLACEMENT_3D('',#8176,#8177,#8178);
#8176 = CARTESIAN_POINT('',(61.248,-4.065,-0.41148));
#8177 = DIRECTION('',(0.E+000,0.E+000,1.));
#8178 = DIRECTION('',(1.,0.E+000,-0.E+000));
#8179 = CYLINDRICAL_SURFACE('',#8180,0.55);
#8180 = AXIS2_PLACEMENT_3D('',#8181,#8182,#8183);
#8181 = CARTESIAN_POINT('',(61.248,-4.065,-0.41148));
#8182 = DIRECTION('',(-0.E+000,-0.E+000,-1.));
#8183 = DIRECTION('',(1.,0.E+000,-0.E+000));
#8184 = ADVANCED_FACE('',(#8185),#8212,.F.);
#8185 = FACE_BOUND('',#8186,.T.);
#8186 = EDGE_LOOP('',(#8187,#8197,#8204,#8205));
#8187 = ORIENTED_EDGE('',*,*,#8188,.T.);
#8188 = EDGE_CURVE('',#8189,#8191,#8193,.T.);
#8189 = VERTEX_POINT('',#8190);
#8190 = CARTESIAN_POINT('',(2.151,16.764,-0.41148));
#8191 = VERTEX_POINT('',#8192);
#8192 = CARTESIAN_POINT('',(2.151,16.764,0.E+000));
#8193 = LINE('',#8194,#8195);
#8194 = CARTESIAN_POINT('',(2.151,16.764,-0.41148));
#8195 = VECTOR('',#8196,1.);
#8196 = DIRECTION('',(0.E+000,0.E+000,1.));
#8197 = ORIENTED_EDGE('',*,*,#8198,.T.);
#8198 = EDGE_CURVE('',#8191,#8191,#8199,.T.);
#8199 = CIRCLE('',#8200,0.5);
#8200 = AXIS2_PLACEMENT_3D('',#8201,#8202,#8203);
#8201 = CARTESIAN_POINT('',(1.651,16.764,0.E+000));
#8202 = DIRECTION('',(0.E+000,0.E+000,1.));
#8203 = DIRECTION('',(1.,0.E+000,-0.E+000));
#8204 = ORIENTED_EDGE('',*,*,#8188,.F.);
#8205 = ORIENTED_EDGE('',*,*,#8206,.F.);
#8206 = EDGE_CURVE('',#8189,#8189,#8207,.T.);
#8207 = CIRCLE('',#8208,0.5);
#8208 = AXIS2_PLACEMENT_3D('',#8209,#8210,#8211);
#8209 = CARTESIAN_POINT('',(1.651,16.764,-0.41148));
#8210 = DIRECTION('',(0.E+000,0.E+000,1.));
#8211 = DIRECTION('',(1.,0.E+000,-0.E+000));
#8212 = CYLINDRICAL_SURFACE('',#8213,0.5);
#8213 = AXIS2_PLACEMENT_3D('',#8214,#8215,#8216);
#8214 = CARTESIAN_POINT('',(1.651,16.764,-0.41148));
#8215 = DIRECTION('',(-0.E+000,-0.E+000,-1.));
#8216 = DIRECTION('',(1.,0.E+000,-0.E+000));
#8217 = ADVANCED_FACE('',(#8218),#8245,.F.);
#8218 = FACE_BOUND('',#8219,.T.);
#8219 = EDGE_LOOP('',(#8220,#8230,#8237,#8238));
#8220 = ORIENTED_EDGE('',*,*,#8221,.T.);
#8221 = EDGE_CURVE('',#8222,#8224,#8226,.T.);
#8222 = VERTEX_POINT('',#8223);
#8223 = CARTESIAN_POINT('',(-2.929,16.764,-0.41148));
#8224 = VERTEX_POINT('',#8225);
#8225 = CARTESIAN_POINT('',(-2.929,16.764,0.E+000));
#8226 = LINE('',#8227,#8228);
#8227 = CARTESIAN_POINT('',(-2.929,16.764,-0.41148));
#8228 = VECTOR('',#8229,1.);
#8229 = DIRECTION('',(0.E+000,0.E+000,1.));
#8230 = ORIENTED_EDGE('',*,*,#8231,.T.);
#8231 = EDGE_CURVE('',#8224,#8224,#8232,.T.);
#8232 = CIRCLE('',#8233,0.5);
#8233 = AXIS2_PLACEMENT_3D('',#8234,#8235,#8236);
#8234 = CARTESIAN_POINT('',(-3.429,16.764,0.E+000));
#8235 = DIRECTION('',(0.E+000,0.E+000,1.));
#8236 = DIRECTION('',(1.,0.E+000,-0.E+000));
#8237 = ORIENTED_EDGE('',*,*,#8221,.F.);
#8238 = ORIENTED_EDGE('',*,*,#8239,.F.);
#8239 = EDGE_CURVE('',#8222,#8222,#8240,.T.);
#8240 = CIRCLE('',#8241,0.5);
#8241 = AXIS2_PLACEMENT_3D('',#8242,#8243,#8244);
#8242 = CARTESIAN_POINT('',(-3.429,16.764,-0.41148));
#8243 = DIRECTION('',(0.E+000,0.E+000,1.));
#8244 = DIRECTION('',(1.,0.E+000,-0.E+000));
#8245 = CYLINDRICAL_SURFACE('',#8246,0.5);
#8246 = AXIS2_PLACEMENT_3D('',#8247,#8248,#8249);
#8247 = CARTESIAN_POINT('',(-3.429,16.764,-0.41148));
#8248 = DIRECTION('',(-0.E+000,-0.E+000,-1.));
#8249 = DIRECTION('',(1.,0.E+000,-0.E+000));
#8250 = ADVANCED_FACE('',(#8251),#8278,.F.);
#8251 = FACE_BOUND('',#8252,.T.);
#8252 = EDGE_LOOP('',(#8253,#8263,#8270,#8271));
#8253 = ORIENTED_EDGE('',*,*,#8254,.T.);
#8254 = EDGE_CURVE('',#8255,#8257,#8259,.T.);
#8255 = VERTEX_POINT('',#8256);
#8256 = CARTESIAN_POINT('',(16.355,5.447,-0.41148));
#8257 = VERTEX_POINT('',#8258);
#8258 = CARTESIAN_POINT('',(16.355,5.447,0.E+000));
#8259 = LINE('',#8260,#8261);
#8260 = CARTESIAN_POINT('',(16.355,5.447,-0.41148));
#8261 = VECTOR('',#8262,1.);
#8262 = DIRECTION('',(0.E+000,0.E+000,1.));
#8263 = ORIENTED_EDGE('',*,*,#8264,.T.);
#8264 = EDGE_CURVE('',#8257,#8257,#8265,.T.);
#8265 = CIRCLE('',#8266,1.75);
#8266 = AXIS2_PLACEMENT_3D('',#8267,#8268,#8269);
#8267 = CARTESIAN_POINT('',(14.605,5.447,0.E+000));
#8268 = DIRECTION('',(0.E+000,0.E+000,1.));
#8269 = DIRECTION('',(1.,0.E+000,-0.E+000));
#8270 = ORIENTED_EDGE('',*,*,#8254,.F.);
#8271 = ORIENTED_EDGE('',*,*,#8272,.F.);
#8272 = EDGE_CURVE('',#8255,#8255,#8273,.T.);
#8273 = CIRCLE('',#8274,1.75);
#8274 = AXIS2_PLACEMENT_3D('',#8275,#8276,#8277);
#8275 = CARTESIAN_POINT('',(14.605,5.447,-0.41148));
#8276 = DIRECTION('',(0.E+000,0.E+000,1.));
#8277 = DIRECTION('',(1.,0.E+000,-0.E+000));
#8278 = CYLINDRICAL_SURFACE('',#8279,1.75);
#8279 = AXIS2_PLACEMENT_3D('',#8280,#8281,#8282);
#8280 = CARTESIAN_POINT('',(14.605,5.447,-0.41148));
#8281 = DIRECTION('',(-0.E+000,-0.E+000,-1.));
#8282 = DIRECTION('',(1.,0.E+000,-0.E+000));
#8283 = ADVANCED_FACE('',(#8284),#8311,.F.);
#8284 = FACE_BOUND('',#8285,.T.);
#8285 = EDGE_LOOP('',(#8286,#8296,#8303,#8304));
#8286 = ORIENTED_EDGE('',*,*,#8287,.T.);
#8287 = EDGE_CURVE('',#8288,#8290,#8292,.T.);
#8288 = VERTEX_POINT('',#8289);
#8289 = CARTESIAN_POINT('',(4.691,16.764,-0.41148));
#8290 = VERTEX_POINT('',#8291);
#8291 = CARTESIAN_POINT('',(4.691,16.764,0.E+000));
#8292 = LINE('',#8293,#8294);
#8293 = CARTESIAN_POINT('',(4.691,16.764,-0.41148));
#8294 = VECTOR('',#8295,1.);
#8295 = DIRECTION('',(0.E+000,0.E+000,1.));
#8296 = ORIENTED_EDGE('',*,*,#8297,.T.);
#8297 = EDGE_CURVE('',#8290,#8290,#8298,.T.);
#8298 = CIRCLE('',#8299,0.5);
#8299 = AXIS2_PLACEMENT_3D('',#8300,#8301,#8302);
#8300 = CARTESIAN_POINT('',(4.191,16.764,0.E+000));
#8301 = DIRECTION('',(0.E+000,0.E+000,1.));
#8302 = DIRECTION('',(1.,0.E+000,-0.E+000));
#8303 = ORIENTED_EDGE('',*,*,#8287,.F.);
#8304 = ORIENTED_EDGE('',*,*,#8305,.F.);
#8305 = EDGE_CURVE('',#8288,#8288,#8306,.T.);
#8306 = CIRCLE('',#8307,0.5);
#8307 = AXIS2_PLACEMENT_3D('',#8308,#8309,#8310);
#8308 = CARTESIAN_POINT('',(4.191,16.764,-0.41148));
#8309 = DIRECTION('',(0.E+000,0.E+000,1.));
#8310 = DIRECTION('',(1.,0.E+000,-0.E+000));
#8311 = CYLINDRICAL_SURFACE('',#8312,0.5);
#8312 = AXIS2_PLACEMENT_3D('',#8313,#8314,#8315);
#8313 = CARTESIAN_POINT('',(4.191,16.764,-0.41148));
#8314 = DIRECTION('',(-0.E+000,-0.E+000,-1.));
#8315 = DIRECTION('',(1.,0.E+000,-0.E+000));
#8316 = ADVANCED_FACE('',(#8317),#8344,.F.);
#8317 = FACE_BOUND('',#8318,.T.);
#8318 = EDGE_LOOP('',(#8319,#8329,#8336,#8337));
#8319 = ORIENTED_EDGE('',*,*,#8320,.T.);
#8320 = EDGE_CURVE('',#8321,#8323,#8325,.T.);
#8321 = VERTEX_POINT('',#8322);
#8322 = CARTESIAN_POINT('',(-0.401,19.28,-0.41148));
#8323 = VERTEX_POINT('',#8324);
#8324 = CARTESIAN_POINT('',(-0.401,19.28,0.E+000));
#8325 = LINE('',#8326,#8327);
#8326 = CARTESIAN_POINT('',(-0.401,19.28,-0.41148));
#8327 = VECTOR('',#8328,1.);
#8328 = DIRECTION('',(0.E+000,0.E+000,1.));
#8329 = ORIENTED_EDGE('',*,*,#8330,.T.);
#8330 = EDGE_CURVE('',#8323,#8323,#8331,.T.);
#8331 = CIRCLE('',#8332,0.5);
#8332 = AXIS2_PLACEMENT_3D('',#8333,#8334,#8335);
#8333 = CARTESIAN_POINT('',(-0.901,19.28,0.E+000));
#8334 = DIRECTION('',(0.E+000,0.E+000,1.));
#8335 = DIRECTION('',(1.,0.E+000,-0.E+000));
#8336 = ORIENTED_EDGE('',*,*,#8320,.F.);
#8337 = ORIENTED_EDGE('',*,*,#8338,.F.);
#8338 = EDGE_CURVE('',#8321,#8321,#8339,.T.);
#8339 = CIRCLE('',#8340,0.5);
#8340 = AXIS2_PLACEMENT_3D('',#8341,#8342,#8343);
#8341 = CARTESIAN_POINT('',(-0.901,19.28,-0.41148));
#8342 = DIRECTION('',(0.E+000,0.E+000,1.));
#8343 = DIRECTION('',(1.,0.E+000,-0.E+000));
#8344 = CYLINDRICAL_SURFACE('',#8345,0.5);
#8345 = AXIS2_PLACEMENT_3D('',#8346,#8347,#8348);
#8346 = CARTESIAN_POINT('',(-0.901,19.28,-0.41148));
#8347 = DIRECTION('',(-0.E+000,-0.E+000,-1.));
#8348 = DIRECTION('',(1.,0.E+000,-0.E+000));
#8349 = ADVANCED_FACE('',(#8350),#8377,.F.);
#8350 = FACE_BOUND('',#8351,.T.);
#8351 = EDGE_LOOP('',(#8352,#8362,#8369,#8370));
#8352 = ORIENTED_EDGE('',*,*,#8353,.T.);
#8353 = EDGE_CURVE('',#8354,#8356,#8358,.T.);
#8354 = VERTEX_POINT('',#8355);
#8355 = CARTESIAN_POINT('',(-2.935,19.28,-0.41148));
#8356 = VERTEX_POINT('',#8357);
#8357 = CARTESIAN_POINT('',(-2.935,19.28,0.E+000));
#8358 = LINE('',#8359,#8360);
#8359 = CARTESIAN_POINT('',(-2.935,19.28,-0.41148));
#8360 = VECTOR('',#8361,1.);
#8361 = DIRECTION('',(0.E+000,0.E+000,1.));
#8362 = ORIENTED_EDGE('',*,*,#8363,.T.);
#8363 = EDGE_CURVE('',#8356,#8356,#8364,.T.);
#8364 = CIRCLE('',#8365,0.5);
#8365 = AXIS2_PLACEMENT_3D('',#8366,#8367,#8368);
#8366 = CARTESIAN_POINT('',(-3.435,19.28,0.E+000));
#8367 = DIRECTION('',(0.E+000,0.E+000,1.));
#8368 = DIRECTION('',(1.,0.E+000,-0.E+000));
#8369 = ORIENTED_EDGE('',*,*,#8353,.F.);
#8370 = ORIENTED_EDGE('',*,*,#8371,.F.);
#8371 = EDGE_CURVE('',#8354,#8354,#8372,.T.);
#8372 = CIRCLE('',#8373,0.5);
#8373 = AXIS2_PLACEMENT_3D('',#8374,#8375,#8376);
#8374 = CARTESIAN_POINT('',(-3.435,19.28,-0.41148));
#8375 = DIRECTION('',(0.E+000,0.E+000,1.));
#8376 = DIRECTION('',(1.,0.E+000,-0.E+000));
#8377 = CYLINDRICAL_SURFACE('',#8378,0.5);
#8378 = AXIS2_PLACEMENT_3D('',#8379,#8380,#8381);
#8379 = CARTESIAN_POINT('',(-3.435,19.28,-0.41148));
#8380 = DIRECTION('',(-0.E+000,-0.E+000,-1.));
#8381 = DIRECTION('',(1.,0.E+000,-0.E+000));
#8382 = ADVANCED_FACE('',(#8383),#8410,.F.);
#8383 = FACE_BOUND('',#8384,.T.);
#8384 = EDGE_LOOP('',(#8385,#8395,#8402,#8403));
#8385 = ORIENTED_EDGE('',*,*,#8386,.T.);
#8386 = EDGE_CURVE('',#8387,#8389,#8391,.T.);
#8387 = VERTEX_POINT('',#8388);
#8388 = CARTESIAN_POINT('',(-0.389,16.764,-0.41148));
#8389 = VERTEX_POINT('',#8390);
#8390 = CARTESIAN_POINT('',(-0.389,16.764,0.E+000));
#8391 = LINE('',#8392,#8393);
#8392 = CARTESIAN_POINT('',(-0.389,16.764,-0.41148));
#8393 = VECTOR('',#8394,1.);
#8394 = DIRECTION('',(0.E+000,0.E+000,1.));
#8395 = ORIENTED_EDGE('',*,*,#8396,.T.);
#8396 = EDGE_CURVE('',#8389,#8389,#8397,.T.);
#8397 = CIRCLE('',#8398,0.5);
#8398 = AXIS2_PLACEMENT_3D('',#8399,#8400,#8401);
#8399 = CARTESIAN_POINT('',(-0.889,16.764,0.E+000));
#8400 = DIRECTION('',(0.E+000,0.E+000,1.));
#8401 = DIRECTION('',(1.,0.E+000,-0.E+000));
#8402 = ORIENTED_EDGE('',*,*,#8386,.F.);
#8403 = ORIENTED_EDGE('',*,*,#8404,.F.);
#8404 = EDGE_CURVE('',#8387,#8387,#8405,.T.);
#8405 = CIRCLE('',#8406,0.5);
#8406 = AXIS2_PLACEMENT_3D('',#8407,#8408,#8409);
#8407 = CARTESIAN_POINT('',(-0.889,16.764,-0.41148));
#8408 = DIRECTION('',(0.E+000,0.E+000,1.));
#8409 = DIRECTION('',(1.,0.E+000,-0.E+000));
#8410 = CYLINDRICAL_SURFACE('',#8411,0.5);
#8411 = AXIS2_PLACEMENT_3D('',#8412,#8413,#8414);
#8412 = CARTESIAN_POINT('',(-0.889,16.764,-0.41148));
#8413 = DIRECTION('',(-0.E+000,-0.E+000,-1.));
#8414 = DIRECTION('',(1.,0.E+000,-0.E+000));
#8415 = ADVANCED_FACE('',(#8416),#8443,.F.);
#8416 = FACE_BOUND('',#8417,.T.);
#8417 = EDGE_LOOP('',(#8418,#8428,#8435,#8436));
#8418 = ORIENTED_EDGE('',*,*,#8419,.T.);
#8419 = EDGE_CURVE('',#8420,#8422,#8424,.T.);
#8420 = VERTEX_POINT('',#8421);
#8421 = CARTESIAN_POINT('',(2.133,19.28,-0.41148));
#8422 = VERTEX_POINT('',#8423);
#8423 = CARTESIAN_POINT('',(2.133,19.28,0.E+000));
#8424 = LINE('',#8425,#8426);
#8425 = CARTESIAN_POINT('',(2.133,19.28,-0.41148));
#8426 = VECTOR('',#8427,1.);
#8427 = DIRECTION('',(0.E+000,0.E+000,1.));
#8428 = ORIENTED_EDGE('',*,*,#8429,.T.);
#8429 = EDGE_CURVE('',#8422,#8422,#8430,.T.);
#8430 = CIRCLE('',#8431,0.5);
#8431 = AXIS2_PLACEMENT_3D('',#8432,#8433,#8434);
#8432 = CARTESIAN_POINT('',(1.633,19.28,0.E+000));
#8433 = DIRECTION('',(0.E+000,0.E+000,1.));
#8434 = DIRECTION('',(1.,0.E+000,-0.E+000));
#8435 = ORIENTED_EDGE('',*,*,#8419,.F.);
#8436 = ORIENTED_EDGE('',*,*,#8437,.F.);
#8437 = EDGE_CURVE('',#8420,#8420,#8438,.T.);
#8438 = CIRCLE('',#8439,0.5);
#8439 = AXIS2_PLACEMENT_3D('',#8440,#8441,#8442);
#8440 = CARTESIAN_POINT('',(1.633,19.28,-0.41148));
#8441 = DIRECTION('',(0.E+000,0.E+000,1.));
#8442 = DIRECTION('',(1.,0.E+000,-0.E+000));
#8443 = CYLINDRICAL_SURFACE('',#8444,0.5);
#8444 = AXIS2_PLACEMENT_3D('',#8445,#8446,#8447);
#8445 = CARTESIAN_POINT('',(1.633,19.28,-0.41148));
#8446 = DIRECTION('',(-0.E+000,-0.E+000,-1.));
#8447 = DIRECTION('',(1.,0.E+000,-0.E+000));
#8448 = ADVANCED_FACE('',(#8449),#8476,.F.);
#8449 = FACE_BOUND('',#8450,.T.);
#8450 = EDGE_LOOP('',(#8451,#8461,#8468,#8469));
#8451 = ORIENTED_EDGE('',*,*,#8452,.T.);
#8452 = EDGE_CURVE('',#8453,#8455,#8457,.T.);
#8453 = VERTEX_POINT('',#8454);
#8454 = CARTESIAN_POINT('',(4.667,19.28,-0.41148));
#8455 = VERTEX_POINT('',#8456);
#8456 = CARTESIAN_POINT('',(4.667,19.28,0.E+000));
#8457 = LINE('',#8458,#8459);
#8458 = CARTESIAN_POINT('',(4.667,19.28,-0.41148));
#8459 = VECTOR('',#8460,1.);
#8460 = DIRECTION('',(0.E+000,0.E+000,1.));
#8461 = ORIENTED_EDGE('',*,*,#8462,.T.);
#8462 = EDGE_CURVE('',#8455,#8455,#8463,.T.);
#8463 = CIRCLE('',#8464,0.5);
#8464 = AXIS2_PLACEMENT_3D('',#8465,#8466,#8467);
#8465 = CARTESIAN_POINT('',(4.167,19.28,0.E+000));
#8466 = DIRECTION('',(0.E+000,0.E+000,1.));
#8467 = DIRECTION('',(1.,0.E+000,-0.E+000));
#8468 = ORIENTED_EDGE('',*,*,#8452,.F.);
#8469 = ORIENTED_EDGE('',*,*,#8470,.F.);
#8470 = EDGE_CURVE('',#8453,#8453,#8471,.T.);
#8471 = CIRCLE('',#8472,0.5);
#8472 = AXIS2_PLACEMENT_3D('',#8473,#8474,#8475);
#8473 = CARTESIAN_POINT('',(4.167,19.28,-0.41148));
#8474 = DIRECTION('',(0.E+000,0.E+000,1.));
#8475 = DIRECTION('',(1.,0.E+000,-0.E+000));
#8476 = CYLINDRICAL_SURFACE('',#8477,0.5);
#8477 = AXIS2_PLACEMENT_3D('',#8478,#8479,#8480);
#8478 = CARTESIAN_POINT('',(4.167,19.28,-0.41148));
#8479 = DIRECTION('',(-0.E+000,-0.E+000,-1.));
#8480 = DIRECTION('',(1.,0.E+000,-0.E+000));
#8481 = ADVANCED_FACE('',(#8482),#8509,.F.);
#8482 = FACE_BOUND('',#8483,.T.);
#8483 = EDGE_LOOP('',(#8484,#8494,#8501,#8502));
#8484 = ORIENTED_EDGE('',*,*,#8485,.T.);
#8485 = EDGE_CURVE('',#8486,#8488,#8490,.T.);
#8486 = VERTEX_POINT('',#8487);
#8487 = CARTESIAN_POINT('',(21.455,-0.254,-0.41148));
#8488 = VERTEX_POINT('',#8489);
#8489 = CARTESIAN_POINT('',(21.455,-0.254,0.E+000));
#8490 = LINE('',#8491,#8492);
#8491 = CARTESIAN_POINT('',(21.455,-0.254,-0.41148));
#8492 = VECTOR('',#8493,1.);
#8493 = DIRECTION('',(0.E+000,0.E+000,1.));
#8494 = ORIENTED_EDGE('',*,*,#8495,.T.);
#8495 = EDGE_CURVE('',#8488,#8488,#8496,.T.);
#8496 = CIRCLE('',#8497,0.5);
#8497 = AXIS2_PLACEMENT_3D('',#8498,#8499,#8500);
#8498 = CARTESIAN_POINT('',(20.955,-0.254,0.E+000));
#8499 = DIRECTION('',(0.E+000,0.E+000,1.));
#8500 = DIRECTION('',(1.,0.E+000,-0.E+000));
#8501 = ORIENTED_EDGE('',*,*,#8485,.F.);
#8502 = ORIENTED_EDGE('',*,*,#8503,.F.);
#8503 = EDGE_CURVE('',#8486,#8486,#8504,.T.);
#8504 = CIRCLE('',#8505,0.5);
#8505 = AXIS2_PLACEMENT_3D('',#8506,#8507,#8508);
#8506 = CARTESIAN_POINT('',(20.955,-0.254,-0.41148));
#8507 = DIRECTION('',(0.E+000,0.E+000,1.));
#8508 = DIRECTION('',(1.,0.E+000,-0.E+000));
#8509 = CYLINDRICAL_SURFACE('',#8510,0.5);
#8510 = AXIS2_PLACEMENT_3D('',#8511,#8512,#8513);
#8511 = CARTESIAN_POINT('',(20.955,-0.254,-0.41148));
#8512 = DIRECTION('',(-0.E+000,-0.E+000,-1.));
#8513 = DIRECTION('',(1.,0.E+000,-0.E+000));
#8514 = ADVANCED_FACE('',(#8515),#8542,.F.);
#8515 = FACE_BOUND('',#8516,.T.);
#8516 = EDGE_LOOP('',(#8517,#8527,#8534,#8535));
#8517 = ORIENTED_EDGE('',*,*,#8518,.T.);
#8518 = EDGE_CURVE('',#8519,#8521,#8523,.T.);
#8519 = VERTEX_POINT('',#8520);
#8520 = CARTESIAN_POINT('',(23.41,9.779,-0.41148));
#8521 = VERTEX_POINT('',#8522);
#8522 = CARTESIAN_POINT('',(23.41,9.779,0.E+000));
#8523 = LINE('',#8524,#8525);
#8524 = CARTESIAN_POINT('',(23.41,9.779,-0.41148));
#8525 = VECTOR('',#8526,1.);
#8526 = DIRECTION('',(0.E+000,0.E+000,1.));
#8527 = ORIENTED_EDGE('',*,*,#8528,.T.);
#8528 = EDGE_CURVE('',#8521,#8521,#8529,.T.);
#8529 = CIRCLE('',#8530,0.55);
#8530 = AXIS2_PLACEMENT_3D('',#8531,#8532,#8533);
#8531 = CARTESIAN_POINT('',(22.86,9.779,0.E+000));
#8532 = DIRECTION('',(0.E+000,0.E+000,1.));
#8533 = DIRECTION('',(1.,0.E+000,-0.E+000));
#8534 = ORIENTED_EDGE('',*,*,#8518,.F.);
#8535 = ORIENTED_EDGE('',*,*,#8536,.F.);
#8536 = EDGE_CURVE('',#8519,#8519,#8537,.T.);
#8537 = CIRCLE('',#8538,0.55);
#8538 = AXIS2_PLACEMENT_3D('',#8539,#8540,#8541);
#8539 = CARTESIAN_POINT('',(22.86,9.779,-0.41148));
#8540 = DIRECTION('',(0.E+000,0.E+000,1.));
#8541 = DIRECTION('',(1.,0.E+000,-0.E+000));
#8542 = CYLINDRICAL_SURFACE('',#8543,0.55);
#8543 = AXIS2_PLACEMENT_3D('',#8544,#8545,#8546);
#8544 = CARTESIAN_POINT('',(22.86,9.779,-0.41148));
#8545 = DIRECTION('',(-0.E+000,-0.E+000,-1.));
#8546 = DIRECTION('',(1.,0.E+000,-0.E+000));
#8547 = ADVANCED_FACE('',(#8548),#8575,.F.);
#8548 = FACE_BOUND('',#8549,.T.);
#8549 = EDGE_LOOP('',(#8550,#8560,#8567,#8568));
#8550 = ORIENTED_EDGE('',*,*,#8551,.T.);
#8551 = EDGE_CURVE('',#8552,#8554,#8556,.T.);
#8552 = VERTEX_POINT('',#8553);
#8553 = CARTESIAN_POINT('',(29.633,9.779,-0.41148));
#8554 = VERTEX_POINT('',#8555);
#8555 = CARTESIAN_POINT('',(29.633,9.779,0.E+000));
#8556 = LINE('',#8557,#8558);
#8557 = CARTESIAN_POINT('',(29.633,9.779,-0.41148));
#8558 = VECTOR('',#8559,1.);
#8559 = DIRECTION('',(0.E+000,0.E+000,1.));
#8560 = ORIENTED_EDGE('',*,*,#8561,.T.);
#8561 = EDGE_CURVE('',#8554,#8554,#8562,.T.);
#8562 = CIRCLE('',#8563,0.55);
#8563 = AXIS2_PLACEMENT_3D('',#8564,#8565,#8566);
#8564 = CARTESIAN_POINT('',(29.083,9.779,0.E+000));
#8565 = DIRECTION('',(0.E+000,0.E+000,1.));
#8566 = DIRECTION('',(1.,0.E+000,-0.E+000));
#8567 = ORIENTED_EDGE('',*,*,#8551,.F.);
#8568 = ORIENTED_EDGE('',*,*,#8569,.F.);
#8569 = EDGE_CURVE('',#8552,#8552,#8570,.T.);
#8570 = CIRCLE('',#8571,0.55);
#8571 = AXIS2_PLACEMENT_3D('',#8572,#8573,#8574);
#8572 = CARTESIAN_POINT('',(29.083,9.779,-0.41148));
#8573 = DIRECTION('',(0.E+000,0.E+000,1.));
#8574 = DIRECTION('',(1.,0.E+000,-0.E+000));
#8575 = CYLINDRICAL_SURFACE('',#8576,0.55);
#8576 = AXIS2_PLACEMENT_3D('',#8577,#8578,#8579);
#8577 = CARTESIAN_POINT('',(29.083,9.779,-0.41148));
#8578 = DIRECTION('',(-0.E+000,-0.E+000,-1.));
#8579 = DIRECTION('',(1.,0.E+000,-0.E+000));
#8580 = ADVANCED_FACE('',(#8581),#8608,.F.);
#8581 = FACE_BOUND('',#8582,.T.);
#8582 = EDGE_LOOP('',(#8583,#8593,#8600,#8601));
#8583 = ORIENTED_EDGE('',*,*,#8584,.T.);
#8584 = EDGE_CURVE('',#8585,#8587,#8589,.T.);
#8585 = VERTEX_POINT('',#8586);
#8586 = CARTESIAN_POINT('',(23.41,12.319,-0.41148));
#8587 = VERTEX_POINT('',#8588);
#8588 = CARTESIAN_POINT('',(23.41,12.319,0.E+000));
#8589 = LINE('',#8590,#8591);
#8590 = CARTESIAN_POINT('',(23.41,12.319,-0.41148));
#8591 = VECTOR('',#8592,1.);
#8592 = DIRECTION('',(0.E+000,0.E+000,1.));
#8593 = ORIENTED_EDGE('',*,*,#8594,.T.);
#8594 = EDGE_CURVE('',#8587,#8587,#8595,.T.);
#8595 = CIRCLE('',#8596,0.55);
#8596 = AXIS2_PLACEMENT_3D('',#8597,#8598,#8599);
#8597 = CARTESIAN_POINT('',(22.86,12.319,0.E+000));
#8598 = DIRECTION('',(0.E+000,0.E+000,1.));
#8599 = DIRECTION('',(1.,0.E+000,-0.E+000));
#8600 = ORIENTED_EDGE('',*,*,#8584,.F.);
#8601 = ORIENTED_EDGE('',*,*,#8602,.F.);
#8602 = EDGE_CURVE('',#8585,#8585,#8603,.T.);
#8603 = CIRCLE('',#8604,0.55);
#8604 = AXIS2_PLACEMENT_3D('',#8605,#8606,#8607);
#8605 = CARTESIAN_POINT('',(22.86,12.319,-0.41148));
#8606 = DIRECTION('',(0.E+000,0.E+000,1.));
#8607 = DIRECTION('',(1.,0.E+000,-0.E+000));
#8608 = CYLINDRICAL_SURFACE('',#8609,0.55);
#8609 = AXIS2_PLACEMENT_3D('',#8610,#8611,#8612);
#8610 = CARTESIAN_POINT('',(22.86,12.319,-0.41148));
#8611 = DIRECTION('',(-0.E+000,-0.E+000,-1.));
#8612 = DIRECTION('',(1.,0.E+000,-0.E+000));
#8613 = ADVANCED_FACE('',(#8614),#8641,.F.);
#8614 = FACE_BOUND('',#8615,.T.);
#8615 = EDGE_LOOP('',(#8616,#8626,#8633,#8634));
#8616 = ORIENTED_EDGE('',*,*,#8617,.T.);
#8617 = EDGE_CURVE('',#8618,#8620,#8622,.T.);
#8618 = VERTEX_POINT('',#8619);
#8619 = CARTESIAN_POINT('',(23.41,14.859,-0.41148));
#8620 = VERTEX_POINT('',#8621);
#8621 = CARTESIAN_POINT('',(23.41,14.859,0.E+000));
#8622 = LINE('',#8623,#8624);
#8623 = CARTESIAN_POINT('',(23.41,14.859,-0.41148));
#8624 = VECTOR('',#8625,1.);
#8625 = DIRECTION('',(0.E+000,0.E+000,1.));
#8626 = ORIENTED_EDGE('',*,*,#8627,.T.);
#8627 = EDGE_CURVE('',#8620,#8620,#8628,.T.);
#8628 = CIRCLE('',#8629,0.55);
#8629 = AXIS2_PLACEMENT_3D('',#8630,#8631,#8632);
#8630 = CARTESIAN_POINT('',(22.86,14.859,0.E+000));
#8631 = DIRECTION('',(0.E+000,0.E+000,1.));
#8632 = DIRECTION('',(1.,0.E+000,-0.E+000));
#8633 = ORIENTED_EDGE('',*,*,#8617,.F.);
#8634 = ORIENTED_EDGE('',*,*,#8635,.F.);
#8635 = EDGE_CURVE('',#8618,#8618,#8636,.T.);
#8636 = CIRCLE('',#8637,0.55);
#8637 = AXIS2_PLACEMENT_3D('',#8638,#8639,#8640);
#8638 = CARTESIAN_POINT('',(22.86,14.859,-0.41148));
#8639 = DIRECTION('',(0.E+000,0.E+000,1.));
#8640 = DIRECTION('',(1.,0.E+000,-0.E+000));
#8641 = CYLINDRICAL_SURFACE('',#8642,0.55);
#8642 = AXIS2_PLACEMENT_3D('',#8643,#8644,#8645);
#8643 = CARTESIAN_POINT('',(22.86,14.859,-0.41148));
#8644 = DIRECTION('',(-0.E+000,-0.E+000,-1.));
#8645 = DIRECTION('',(1.,0.E+000,-0.E+000));
#8646 = ADVANCED_FACE('',(#8647),#8674,.F.);
#8647 = FACE_BOUND('',#8648,.T.);
#8648 = EDGE_LOOP('',(#8649,#8659,#8666,#8667));
#8649 = ORIENTED_EDGE('',*,*,#8650,.T.);
#8650 = EDGE_CURVE('',#8651,#8653,#8655,.T.);
#8651 = VERTEX_POINT('',#8652);
#8652 = CARTESIAN_POINT('',(21.632,20.447,-0.41148));
#8653 = VERTEX_POINT('',#8654);
#8654 = CARTESIAN_POINT('',(21.632,20.447,0.E+000));
#8655 = LINE('',#8656,#8657);
#8656 = CARTESIAN_POINT('',(21.632,20.447,-0.41148));
#8657 = VECTOR('',#8658,1.);
#8658 = DIRECTION('',(0.E+000,0.E+000,1.));
#8659 = ORIENTED_EDGE('',*,*,#8660,.T.);
#8660 = EDGE_CURVE('',#8653,#8653,#8661,.T.);
#8661 = CIRCLE('',#8662,0.55);
#8662 = AXIS2_PLACEMENT_3D('',#8663,#8664,#8665);
#8663 = CARTESIAN_POINT('',(21.082,20.447,0.E+000));
#8664 = DIRECTION('',(0.E+000,0.E+000,1.));
#8665 = DIRECTION('',(1.,0.E+000,-0.E+000));
#8666 = ORIENTED_EDGE('',*,*,#8650,.F.);
#8667 = ORIENTED_EDGE('',*,*,#8668,.F.);
#8668 = EDGE_CURVE('',#8651,#8651,#8669,.T.);
#8669 = CIRCLE('',#8670,0.55);
#8670 = AXIS2_PLACEMENT_3D('',#8671,#8672,#8673);
#8671 = CARTESIAN_POINT('',(21.082,20.447,-0.41148));
#8672 = DIRECTION('',(0.E+000,0.E+000,1.));
#8673 = DIRECTION('',(1.,0.E+000,-0.E+000));
#8674 = CYLINDRICAL_SURFACE('',#8675,0.55);
#8675 = AXIS2_PLACEMENT_3D('',#8676,#8677,#8678);
#8676 = CARTESIAN_POINT('',(21.082,20.447,-0.41148));
#8677 = DIRECTION('',(-0.E+000,-0.E+000,-1.));
#8678 = DIRECTION('',(1.,0.E+000,-0.E+000));
#8679 = ADVANCED_FACE('',(#8680),#8707,.F.);
#8680 = FACE_BOUND('',#8681,.T.);
#8681 = EDGE_LOOP('',(#8682,#8692,#8699,#8700));
#8682 = ORIENTED_EDGE('',*,*,#8683,.T.);
#8683 = EDGE_CURVE('',#8684,#8686,#8688,.T.);
#8684 = VERTEX_POINT('',#8685);
#8685 = CARTESIAN_POINT('',(29.633,12.319,-0.41148));
#8686 = VERTEX_POINT('',#8687);
#8687 = CARTESIAN_POINT('',(29.633,12.319,0.E+000));
#8688 = LINE('',#8689,#8690);
#8689 = CARTESIAN_POINT('',(29.633,12.319,-0.41148));
#8690 = VECTOR('',#8691,1.);
#8691 = DIRECTION('',(0.E+000,0.E+000,1.));
#8692 = ORIENTED_EDGE('',*,*,#8693,.T.);
#8693 = EDGE_CURVE('',#8686,#8686,#8694,.T.);
#8694 = CIRCLE('',#8695,0.55);
#8695 = AXIS2_PLACEMENT_3D('',#8696,#8697,#8698);
#8696 = CARTESIAN_POINT('',(29.083,12.319,0.E+000));
#8697 = DIRECTION('',(0.E+000,0.E+000,1.));
#8698 = DIRECTION('',(1.,0.E+000,-0.E+000));
#8699 = ORIENTED_EDGE('',*,*,#8683,.F.);
#8700 = ORIENTED_EDGE('',*,*,#8701,.F.);
#8701 = EDGE_CURVE('',#8684,#8684,#8702,.T.);
#8702 = CIRCLE('',#8703,0.55);
#8703 = AXIS2_PLACEMENT_3D('',#8704,#8705,#8706);
#8704 = CARTESIAN_POINT('',(29.083,12.319,-0.41148));
#8705 = DIRECTION('',(0.E+000,0.E+000,1.));
#8706 = DIRECTION('',(1.,0.E+000,-0.E+000));
#8707 = CYLINDRICAL_SURFACE('',#8708,0.55);
#8708 = AXIS2_PLACEMENT_3D('',#8709,#8710,#8711);
#8709 = CARTESIAN_POINT('',(29.083,12.319,-0.41148));
#8710 = DIRECTION('',(-0.E+000,-0.E+000,-1.));
#8711 = DIRECTION('',(1.,0.E+000,-0.E+000));
#8712 = ADVANCED_FACE('',(#8713),#8740,.F.);
#8713 = FACE_BOUND('',#8714,.T.);
#8714 = EDGE_LOOP('',(#8715,#8725,#8732,#8733));
#8715 = ORIENTED_EDGE('',*,*,#8716,.T.);
#8716 = EDGE_CURVE('',#8717,#8719,#8721,.T.);
#8717 = VERTEX_POINT('',#8718);
#8718 = CARTESIAN_POINT('',(27.852,20.447,-0.41148));
#8719 = VERTEX_POINT('',#8720);
#8720 = CARTESIAN_POINT('',(27.852,20.447,0.E+000));
#8721 = LINE('',#8722,#8723);
#8722 = CARTESIAN_POINT('',(27.852,20.447,-0.41148));
#8723 = VECTOR('',#8724,1.);
#8724 = DIRECTION('',(0.E+000,0.E+000,1.));
#8725 = ORIENTED_EDGE('',*,*,#8726,.T.);
#8726 = EDGE_CURVE('',#8719,#8719,#8727,.T.);
#8727 = CIRCLE('',#8728,0.55);
#8728 = AXIS2_PLACEMENT_3D('',#8729,#8730,#8731);
#8729 = CARTESIAN_POINT('',(27.302,20.447,0.E+000));
#8730 = DIRECTION('',(0.E+000,0.E+000,1.));
#8731 = DIRECTION('',(1.,0.E+000,-0.E+000));
#8732 = ORIENTED_EDGE('',*,*,#8716,.F.);
#8733 = ORIENTED_EDGE('',*,*,#8734,.F.);
#8734 = EDGE_CURVE('',#8717,#8717,#8735,.T.);
#8735 = CIRCLE('',#8736,0.55);
#8736 = AXIS2_PLACEMENT_3D('',#8737,#8738,#8739);
#8737 = CARTESIAN_POINT('',(27.302,20.447,-0.41148));
#8738 = DIRECTION('',(0.E+000,0.E+000,1.));
#8739 = DIRECTION('',(1.,0.E+000,-0.E+000));
#8740 = CYLINDRICAL_SURFACE('',#8741,0.55);
#8741 = AXIS2_PLACEMENT_3D('',#8742,#8743,#8744);
#8742 = CARTESIAN_POINT('',(27.302,20.447,-0.41148));
#8743 = DIRECTION('',(-0.E+000,-0.E+000,-1.));
#8744 = DIRECTION('',(1.,0.E+000,-0.E+000));
#8745 = ADVANCED_FACE('',(#8746),#8773,.F.);
#8746 = FACE_BOUND('',#8747,.T.);
#8747 = EDGE_LOOP('',(#8748,#8758,#8765,#8766));
#8748 = ORIENTED_EDGE('',*,*,#8749,.T.);
#8749 = EDGE_CURVE('',#8750,#8752,#8754,.T.);
#8750 = VERTEX_POINT('',#8751);
#8751 = CARTESIAN_POINT('',(29.633,14.859,-0.41148));
#8752 = VERTEX_POINT('',#8753);
#8753 = CARTESIAN_POINT('',(29.633,14.859,0.E+000));
#8754 = LINE('',#8755,#8756);
#8755 = CARTESIAN_POINT('',(29.633,14.859,-0.41148));
#8756 = VECTOR('',#8757,1.);
#8757 = DIRECTION('',(0.E+000,0.E+000,1.));
#8758 = ORIENTED_EDGE('',*,*,#8759,.T.);
#8759 = EDGE_CURVE('',#8752,#8752,#8760,.T.);
#8760 = CIRCLE('',#8761,0.55);
#8761 = AXIS2_PLACEMENT_3D('',#8762,#8763,#8764);
#8762 = CARTESIAN_POINT('',(29.083,14.859,0.E+000));
#8763 = DIRECTION('',(0.E+000,0.E+000,1.));
#8764 = DIRECTION('',(1.,0.E+000,-0.E+000));
#8765 = ORIENTED_EDGE('',*,*,#8749,.F.);
#8766 = ORIENTED_EDGE('',*,*,#8767,.F.);
#8767 = EDGE_CURVE('',#8750,#8750,#8768,.T.);
#8768 = CIRCLE('',#8769,0.55);
#8769 = AXIS2_PLACEMENT_3D('',#8770,#8771,#8772);
#8770 = CARTESIAN_POINT('',(29.083,14.859,-0.41148));
#8771 = DIRECTION('',(0.E+000,0.E+000,1.));
#8772 = DIRECTION('',(1.,0.E+000,-0.E+000));
#8773 = CYLINDRICAL_SURFACE('',#8774,0.55);
#8774 = AXIS2_PLACEMENT_3D('',#8775,#8776,#8777);
#8775 = CARTESIAN_POINT('',(29.083,14.859,-0.41148));
#8776 = DIRECTION('',(-0.E+000,-0.E+000,-1.));
#8777 = DIRECTION('',(1.,0.E+000,-0.E+000));
#8778 = ADVANCED_FACE('',(#8779),#8806,.F.);
#8779 = FACE_BOUND('',#8780,.T.);
#8780 = EDGE_LOOP('',(#8781,#8791,#8798,#8799));
#8781 = ORIENTED_EDGE('',*,*,#8782,.T.);
#8782 = EDGE_CURVE('',#8783,#8785,#8787,.T.);
#8783 = VERTEX_POINT('',#8784);
#8784 = CARTESIAN_POINT('',(6.6,22.352,-0.41148));
#8785 = VERTEX_POINT('',#8786);
#8786 = CARTESIAN_POINT('',(6.6,22.352,0.E+000));
#8787 = LINE('',#8788,#8789);
#8788 = CARTESIAN_POINT('',(6.6,22.352,-0.41148));
#8789 = VECTOR('',#8790,1.);
#8790 = DIRECTION('',(0.E+000,0.E+000,1.));
#8791 = ORIENTED_EDGE('',*,*,#8792,.T.);
#8792 = EDGE_CURVE('',#8785,#8785,#8793,.T.);
#8793 = CIRCLE('',#8794,0.25);
#8794 = AXIS2_PLACEMENT_3D('',#8795,#8796,#8797);
#8795 = CARTESIAN_POINT('',(6.35,22.352,0.E+000));
#8796 = DIRECTION('',(0.E+000,0.E+000,1.));
#8797 = DIRECTION('',(1.,0.E+000,-0.E+000));
#8798 = ORIENTED_EDGE('',*,*,#8782,.F.);
#8799 = ORIENTED_EDGE('',*,*,#8800,.F.);
#8800 = EDGE_CURVE('',#8783,#8783,#8801,.T.);
#8801 = CIRCLE('',#8802,0.25);
#8802 = AXIS2_PLACEMENT_3D('',#8803,#8804,#8805);
#8803 = CARTESIAN_POINT('',(6.35,22.352,-0.41148));
#8804 = DIRECTION('',(0.E+000,0.E+000,1.));
#8805 = DIRECTION('',(1.,0.E+000,-0.E+000));
#8806 = CYLINDRICAL_SURFACE('',#8807,0.25);
#8807 = AXIS2_PLACEMENT_3D('',#8808,#8809,#8810);
#8808 = CARTESIAN_POINT('',(6.35,22.352,-0.41148));
#8809 = DIRECTION('',(-0.E+000,-0.E+000,-1.));
#8810 = DIRECTION('',(1.,0.E+000,-0.E+000));
#8811 = ADVANCED_FACE('',(#8812),#8839,.F.);
#8812 = FACE_BOUND('',#8813,.T.);
#8813 = EDGE_LOOP('',(#8814,#8824,#8831,#8832));
#8814 = ORIENTED_EDGE('',*,*,#8815,.T.);
#8815 = EDGE_CURVE('',#8816,#8818,#8820,.T.);
#8816 = VERTEX_POINT('',#8817);
#8817 = CARTESIAN_POINT('',(6.014,23.78,-0.41148));
#8818 = VERTEX_POINT('',#8819);
#8819 = CARTESIAN_POINT('',(6.014,23.78,0.E+000));
#8820 = LINE('',#8821,#8822);
#8821 = CARTESIAN_POINT('',(6.014,23.78,-0.41148));
#8822 = VECTOR('',#8823,1.);
#8823 = DIRECTION('',(0.E+000,0.E+000,1.));
#8824 = ORIENTED_EDGE('',*,*,#8825,.T.);
#8825 = EDGE_CURVE('',#8818,#8818,#8826,.T.);
#8826 = CIRCLE('',#8827,0.25);
#8827 = AXIS2_PLACEMENT_3D('',#8828,#8829,#8830);
#8828 = CARTESIAN_POINT('',(5.764,23.78,0.E+000));
#8829 = DIRECTION('',(0.E+000,0.E+000,1.));
#8830 = DIRECTION('',(1.,0.E+000,-0.E+000));
#8831 = ORIENTED_EDGE('',*,*,#8815,.F.);
#8832 = ORIENTED_EDGE('',*,*,#8833,.F.);
#8833 = EDGE_CURVE('',#8816,#8816,#8834,.T.);
#8834 = CIRCLE('',#8835,0.25);
#8835 = AXIS2_PLACEMENT_3D('',#8836,#8837,#8838);
#8836 = CARTESIAN_POINT('',(5.764,23.78,-0.41148));
#8837 = DIRECTION('',(0.E+000,0.E+000,1.));
#8838 = DIRECTION('',(1.,0.E+000,-0.E+000));
#8839 = CYLINDRICAL_SURFACE('',#8840,0.25);
#8840 = AXIS2_PLACEMENT_3D('',#8841,#8842,#8843);
#8841 = CARTESIAN_POINT('',(5.764,23.78,-0.41148));
#8842 = DIRECTION('',(-0.E+000,-0.E+000,-1.));
#8843 = DIRECTION('',(1.,0.E+000,-0.E+000));
#8844 = ADVANCED_FACE('',(#8845),#8872,.F.);
#8845 = FACE_BOUND('',#8846,.T.);
#8846 = EDGE_LOOP('',(#8847,#8857,#8864,#8865));
#8847 = ORIENTED_EDGE('',*,*,#8848,.T.);
#8848 = EDGE_CURVE('',#8849,#8851,#8853,.T.);
#8849 = VERTEX_POINT('',#8850);
#8850 = CARTESIAN_POINT('',(8.183,21.621,-0.41148));
#8851 = VERTEX_POINT('',#8852);
#8852 = CARTESIAN_POINT('',(8.183,21.621,0.E+000));
#8853 = LINE('',#8854,#8855);
#8854 = CARTESIAN_POINT('',(8.183,21.621,-0.41148));
#8855 = VECTOR('',#8856,1.);
#8856 = DIRECTION('',(0.E+000,0.E+000,1.));
#8857 = ORIENTED_EDGE('',*,*,#8858,.T.);
#8858 = EDGE_CURVE('',#8851,#8851,#8859,.T.);
#8859 = CIRCLE('',#8860,0.25);
#8860 = AXIS2_PLACEMENT_3D('',#8861,#8862,#8863);
#8861 = CARTESIAN_POINT('',(7.933,21.621,0.E+000));
#8862 = DIRECTION('',(0.E+000,0.E+000,1.));
#8863 = DIRECTION('',(1.,0.E+000,-0.E+000));
#8864 = ORIENTED_EDGE('',*,*,#8848,.F.);
#8865 = ORIENTED_EDGE('',*,*,#8866,.F.);
#8866 = EDGE_CURVE('',#8849,#8849,#8867,.T.);
#8867 = CIRCLE('',#8868,0.25);
#8868 = AXIS2_PLACEMENT_3D('',#8869,#8870,#8871);
#8869 = CARTESIAN_POINT('',(7.933,21.621,-0.41148));
#8870 = DIRECTION('',(0.E+000,0.E+000,1.));
#8871 = DIRECTION('',(1.,0.E+000,-0.E+000));
#8872 = CYLINDRICAL_SURFACE('',#8873,0.25);
#8873 = AXIS2_PLACEMENT_3D('',#8874,#8875,#8876);
#8874 = CARTESIAN_POINT('',(7.933,21.621,-0.41148));
#8875 = DIRECTION('',(-0.E+000,-0.E+000,-1.));
#8876 = DIRECTION('',(1.,0.E+000,-0.E+000));
#8877 = ADVANCED_FACE('',(#8878),#8905,.F.);
#8878 = FACE_BOUND('',#8879,.T.);
#8879 = EDGE_LOOP('',(#8880,#8890,#8897,#8898));
#8880 = ORIENTED_EDGE('',*,*,#8881,.T.);
#8881 = EDGE_CURVE('',#8882,#8884,#8886,.T.);
#8882 = VERTEX_POINT('',#8883);
#8883 = CARTESIAN_POINT('',(9.624,23.749,-0.41148));
#8884 = VERTEX_POINT('',#8885);
#8885 = CARTESIAN_POINT('',(9.624,23.749,0.E+000));
#8886 = LINE('',#8887,#8888);
#8887 = CARTESIAN_POINT('',(9.624,23.749,-0.41148));
#8888 = VECTOR('',#8889,1.);
#8889 = DIRECTION('',(0.E+000,0.E+000,1.));
#8890 = ORIENTED_EDGE('',*,*,#8891,.T.);
#8891 = EDGE_CURVE('',#8884,#8884,#8892,.T.);
#8892 = CIRCLE('',#8893,1.75);
#8893 = AXIS2_PLACEMENT_3D('',#8894,#8895,#8896);
#8894 = CARTESIAN_POINT('',(7.874,23.749,0.E+000));
#8895 = DIRECTION('',(0.E+000,0.E+000,1.));
#8896 = DIRECTION('',(1.,0.E+000,-0.E+000));
#8897 = ORIENTED_EDGE('',*,*,#8881,.F.);
#8898 = ORIENTED_EDGE('',*,*,#8899,.F.);
#8899 = EDGE_CURVE('',#8882,#8882,#8900,.T.);
#8900 = CIRCLE('',#8901,1.75);
#8901 = AXIS2_PLACEMENT_3D('',#8902,#8903,#8904);
#8902 = CARTESIAN_POINT('',(7.874,23.749,-0.41148));
#8903 = DIRECTION('',(0.E+000,0.E+000,1.));
#8904 = DIRECTION('',(1.,0.E+000,-0.E+000));
#8905 = CYLINDRICAL_SURFACE('',#8906,1.75);
#8906 = AXIS2_PLACEMENT_3D('',#8907,#8908,#8909);
#8907 = CARTESIAN_POINT('',(7.874,23.749,-0.41148));
#8908 = DIRECTION('',(-0.E+000,-0.E+000,-1.));
#8909 = DIRECTION('',(1.,0.E+000,-0.E+000));
#8910 = ADVANCED_FACE('',(#8911),#8938,.F.);
#8911 = FACE_BOUND('',#8912,.T.);
#8912 = EDGE_LOOP('',(#8913,#8923,#8930,#8931));
#8913 = ORIENTED_EDGE('',*,*,#8914,.T.);
#8914 = EDGE_CURVE('',#8915,#8917,#8919,.T.);
#8915 = VERTEX_POINT('',#8916);
#8916 = CARTESIAN_POINT('',(1.82,51.689,-0.41148));
#8917 = VERTEX_POINT('',#8918);
#8918 = CARTESIAN_POINT('',(1.82,51.689,0.E+000));
#8919 = LINE('',#8920,#8921);
#8920 = CARTESIAN_POINT('',(1.82,51.689,-0.41148));
#8921 = VECTOR('',#8922,1.);
#8922 = DIRECTION('',(0.E+000,0.E+000,1.));
#8923 = ORIENTED_EDGE('',*,*,#8924,.T.);
#8924 = EDGE_CURVE('',#8917,#8917,#8925,.T.);
#8925 = CIRCLE('',#8926,0.55);
#8926 = AXIS2_PLACEMENT_3D('',#8927,#8928,#8929);
#8927 = CARTESIAN_POINT('',(1.27,51.689,0.E+000));
#8928 = DIRECTION('',(0.E+000,0.E+000,1.));
#8929 = DIRECTION('',(1.,0.E+000,-0.E+000));
#8930 = ORIENTED_EDGE('',*,*,#8914,.F.);
#8931 = ORIENTED_EDGE('',*,*,#8932,.F.);
#8932 = EDGE_CURVE('',#8915,#8915,#8933,.T.);
#8933 = CIRCLE('',#8934,0.55);
#8934 = AXIS2_PLACEMENT_3D('',#8935,#8936,#8937);
#8935 = CARTESIAN_POINT('',(1.27,51.689,-0.41148));
#8936 = DIRECTION('',(0.E+000,0.E+000,1.));
#8937 = DIRECTION('',(1.,0.E+000,-0.E+000));
#8938 = CYLINDRICAL_SURFACE('',#8939,0.55);
#8939 = AXIS2_PLACEMENT_3D('',#8940,#8941,#8942);
#8940 = CARTESIAN_POINT('',(1.27,51.689,-0.41148));
#8941 = DIRECTION('',(-0.E+000,-0.E+000,-1.));
#8942 = DIRECTION('',(1.,0.E+000,-0.E+000));
#8943 = ADVANCED_FACE('',(#8944),#8971,.F.);
#8944 = FACE_BOUND('',#8945,.T.);
#8945 = EDGE_LOOP('',(#8946,#8956,#8963,#8964));
#8946 = ORIENTED_EDGE('',*,*,#8947,.T.);
#8947 = EDGE_CURVE('',#8948,#8950,#8952,.T.);
#8948 = VERTEX_POINT('',#8949);
#8949 = CARTESIAN_POINT('',(-0.72,51.689,-0.41148));
#8950 = VERTEX_POINT('',#8951);
#8951 = CARTESIAN_POINT('',(-0.72,51.689,0.E+000));
#8952 = LINE('',#8953,#8954);
#8953 = CARTESIAN_POINT('',(-0.72,51.689,-0.41148));
#8954 = VECTOR('',#8955,1.);
#8955 = DIRECTION('',(0.E+000,0.E+000,1.));
#8956 = ORIENTED_EDGE('',*,*,#8957,.T.);
#8957 = EDGE_CURVE('',#8950,#8950,#8958,.T.);
#8958 = CIRCLE('',#8959,0.55);
#8959 = AXIS2_PLACEMENT_3D('',#8960,#8961,#8962);
#8960 = CARTESIAN_POINT('',(-1.27,51.689,0.E+000));
#8961 = DIRECTION('',(0.E+000,0.E+000,1.));
#8962 = DIRECTION('',(1.,0.E+000,-0.E+000));
#8963 = ORIENTED_EDGE('',*,*,#8947,.F.);
#8964 = ORIENTED_EDGE('',*,*,#8965,.F.);
#8965 = EDGE_CURVE('',#8948,#8948,#8966,.T.);
#8966 = CIRCLE('',#8967,0.55);
#8967 = AXIS2_PLACEMENT_3D('',#8968,#8969,#8970);
#8968 = CARTESIAN_POINT('',(-1.27,51.689,-0.41148));
#8969 = DIRECTION('',(0.E+000,0.E+000,1.));
#8970 = DIRECTION('',(1.,0.E+000,-0.E+000));
#8971 = CYLINDRICAL_SURFACE('',#8972,0.55);
#8972 = AXIS2_PLACEMENT_3D('',#8973,#8974,#8975);
#8973 = CARTESIAN_POINT('',(-1.27,51.689,-0.41148));
#8974 = DIRECTION('',(-0.E+000,-0.E+000,-1.));
#8975 = DIRECTION('',(1.,0.E+000,-0.E+000));
#8976 = ADVANCED_FACE('',(#8977),#9004,.F.);
#8977 = FACE_BOUND('',#8978,.T.);
#8978 = EDGE_LOOP('',(#8979,#8989,#8996,#8997));
#8979 = ORIENTED_EDGE('',*,*,#8980,.T.);
#8980 = EDGE_CURVE('',#8981,#8983,#8985,.T.);
#8981 = VERTEX_POINT('',#8982);
#8982 = CARTESIAN_POINT('',(9.521,25.273,-0.41148));
#8983 = VERTEX_POINT('',#8984);
#8984 = CARTESIAN_POINT('',(9.521,25.273,0.E+000));
#8985 = LINE('',#8986,#8987);
#8986 = CARTESIAN_POINT('',(9.521,25.273,-0.41148));
#8987 = VECTOR('',#8988,1.);
#8988 = DIRECTION('',(0.E+000,0.E+000,1.));
#8989 = ORIENTED_EDGE('',*,*,#8990,.T.);
#8990 = EDGE_CURVE('',#8983,#8983,#8991,.T.);
#8991 = CIRCLE('',#8992,0.25);
#8992 = AXIS2_PLACEMENT_3D('',#8993,#8994,#8995);
#8993 = CARTESIAN_POINT('',(9.271,25.273,0.E+000));
#8994 = DIRECTION('',(0.E+000,0.E+000,1.));
#8995 = DIRECTION('',(1.,0.E+000,-0.E+000));
#8996 = ORIENTED_EDGE('',*,*,#8980,.F.);
#8997 = ORIENTED_EDGE('',*,*,#8998,.F.);
#8998 = EDGE_CURVE('',#8981,#8981,#8999,.T.);
#8999 = CIRCLE('',#9000,0.25);
#9000 = AXIS2_PLACEMENT_3D('',#9001,#9002,#9003);
#9001 = CARTESIAN_POINT('',(9.271,25.273,-0.41148));
#9002 = DIRECTION('',(0.E+000,0.E+000,1.));
#9003 = DIRECTION('',(1.,0.E+000,-0.E+000));
#9004 = CYLINDRICAL_SURFACE('',#9005,0.25);
#9005 = AXIS2_PLACEMENT_3D('',#9006,#9007,#9008);
#9006 = CARTESIAN_POINT('',(9.271,25.273,-0.41148));
#9007 = DIRECTION('',(-0.E+000,-0.E+000,-1.));
#9008 = DIRECTION('',(1.,0.E+000,-0.E+000));
#9009 = ADVANCED_FACE('',(#9010),#9037,.F.);
#9010 = FACE_BOUND('',#9011,.T.);
#9011 = EDGE_LOOP('',(#9012,#9022,#9029,#9030));
#9012 = ORIENTED_EDGE('',*,*,#9013,.T.);
#9013 = EDGE_CURVE('',#9014,#9016,#9018,.T.);
#9014 = VERTEX_POINT('',#9015);
#9015 = CARTESIAN_POINT('',(6.727,25.4,-0.41148));
#9016 = VERTEX_POINT('',#9017);
#9017 = CARTESIAN_POINT('',(6.727,25.4,0.E+000));
#9018 = LINE('',#9019,#9020);
#9019 = CARTESIAN_POINT('',(6.727,25.4,-0.41148));
#9020 = VECTOR('',#9021,1.);
#9021 = DIRECTION('',(0.E+000,0.E+000,1.));
#9022 = ORIENTED_EDGE('',*,*,#9023,.T.);
#9023 = EDGE_CURVE('',#9016,#9016,#9024,.T.);
#9024 = CIRCLE('',#9025,0.25);
#9025 = AXIS2_PLACEMENT_3D('',#9026,#9027,#9028);
#9026 = CARTESIAN_POINT('',(6.477,25.4,0.E+000));
#9027 = DIRECTION('',(0.E+000,0.E+000,1.));
#9028 = DIRECTION('',(1.,0.E+000,-0.E+000));
#9029 = ORIENTED_EDGE('',*,*,#9013,.F.);
#9030 = ORIENTED_EDGE('',*,*,#9031,.F.);
#9031 = EDGE_CURVE('',#9014,#9014,#9032,.T.);
#9032 = CIRCLE('',#9033,0.25);
#9033 = AXIS2_PLACEMENT_3D('',#9034,#9035,#9036);
#9034 = CARTESIAN_POINT('',(6.477,25.4,-0.41148));
#9035 = DIRECTION('',(0.E+000,0.E+000,1.));
#9036 = DIRECTION('',(1.,0.E+000,-0.E+000));
#9037 = CYLINDRICAL_SURFACE('',#9038,0.25);
#9038 = AXIS2_PLACEMENT_3D('',#9039,#9040,#9041);
#9039 = CARTESIAN_POINT('',(6.477,25.4,-0.41148));
#9040 = DIRECTION('',(-0.E+000,-0.E+000,-1.));
#9041 = DIRECTION('',(1.,0.E+000,-0.E+000));
#9042 = ADVANCED_FACE('',(#9043),#9070,.F.);
#9043 = FACE_BOUND('',#9044,.T.);
#9044 = EDGE_LOOP('',(#9045,#9055,#9062,#9063));
#9045 = ORIENTED_EDGE('',*,*,#9046,.T.);
#9046 = EDGE_CURVE('',#9047,#9049,#9051,.T.);
#9047 = VERTEX_POINT('',#9048);
#9048 = CARTESIAN_POINT('',(8.124,25.908,-0.41148));
#9049 = VERTEX_POINT('',#9050);
#9050 = CARTESIAN_POINT('',(8.124,25.908,0.E+000));
#9051 = LINE('',#9052,#9053);
#9052 = CARTESIAN_POINT('',(8.124,25.908,-0.41148));
#9053 = VECTOR('',#9054,1.);
#9054 = DIRECTION('',(0.E+000,0.E+000,1.));
#9055 = ORIENTED_EDGE('',*,*,#9056,.T.);
#9056 = EDGE_CURVE('',#9049,#9049,#9057,.T.);
#9057 = CIRCLE('',#9058,0.25);
#9058 = AXIS2_PLACEMENT_3D('',#9059,#9060,#9061);
#9059 = CARTESIAN_POINT('',(7.874,25.908,0.E+000));
#9060 = DIRECTION('',(0.E+000,0.E+000,1.));
#9061 = DIRECTION('',(1.,0.E+000,-0.E+000));
#9062 = ORIENTED_EDGE('',*,*,#9046,.F.);
#9063 = ORIENTED_EDGE('',*,*,#9064,.F.);
#9064 = EDGE_CURVE('',#9047,#9047,#9065,.T.);
#9065 = CIRCLE('',#9066,0.25);
#9066 = AXIS2_PLACEMENT_3D('',#9067,#9068,#9069);
#9067 = CARTESIAN_POINT('',(7.874,25.908,-0.41148));
#9068 = DIRECTION('',(0.E+000,0.E+000,1.));
#9069 = DIRECTION('',(1.,0.E+000,-0.E+000));
#9070 = CYLINDRICAL_SURFACE('',#9071,0.25);
#9071 = AXIS2_PLACEMENT_3D('',#9072,#9073,#9074);
#9072 = CARTESIAN_POINT('',(7.874,25.908,-0.41148));
#9073 = DIRECTION('',(-0.E+000,-0.E+000,-1.));
#9074 = DIRECTION('',(1.,0.E+000,-0.E+000));
#9075 = ADVANCED_FACE('',(#9076),#9103,.F.);
#9076 = FACE_BOUND('',#9077,.T.);
#9077 = EDGE_LOOP('',(#9078,#9088,#9095,#9096));
#9078 = ORIENTED_EDGE('',*,*,#9079,.T.);
#9079 = EDGE_CURVE('',#9080,#9082,#9084,.T.);
#9080 = VERTEX_POINT('',#9081);
#9081 = CARTESIAN_POINT('',(9.648,22.352,-0.41148));
#9082 = VERTEX_POINT('',#9083);
#9083 = CARTESIAN_POINT('',(9.648,22.352,0.E+000));
#9084 = LINE('',#9085,#9086);
#9085 = CARTESIAN_POINT('',(9.648,22.352,-0.41148));
#9086 = VECTOR('',#9087,1.);
#9087 = DIRECTION('',(0.E+000,0.E+000,1.));
#9088 = ORIENTED_EDGE('',*,*,#9089,.T.);
#9089 = EDGE_CURVE('',#9082,#9082,#9090,.T.);
#9090 = CIRCLE('',#9091,0.25);
#9091 = AXIS2_PLACEMENT_3D('',#9092,#9093,#9094);
#9092 = CARTESIAN_POINT('',(9.398,22.352,0.E+000));
#9093 = DIRECTION('',(0.E+000,0.E+000,1.));
#9094 = DIRECTION('',(1.,0.E+000,-0.E+000));
#9095 = ORIENTED_EDGE('',*,*,#9079,.F.);
#9096 = ORIENTED_EDGE('',*,*,#9097,.F.);
#9097 = EDGE_CURVE('',#9080,#9080,#9098,.T.);
#9098 = CIRCLE('',#9099,0.25);
#9099 = AXIS2_PLACEMENT_3D('',#9100,#9101,#9102);
#9100 = CARTESIAN_POINT('',(9.398,22.352,-0.41148));
#9101 = DIRECTION('',(0.E+000,0.E+000,1.));
#9102 = DIRECTION('',(1.,0.E+000,-0.E+000));
#9103 = CYLINDRICAL_SURFACE('',#9104,0.25);
#9104 = AXIS2_PLACEMENT_3D('',#9105,#9106,#9107);
#9105 = CARTESIAN_POINT('',(9.398,22.352,-0.41148));
#9106 = DIRECTION('',(-0.E+000,-0.E+000,-1.));
#9107 = DIRECTION('',(1.,0.E+000,-0.E+000));
#9108 = ADVANCED_FACE('',(#9109),#9136,.F.);
#9109 = FACE_BOUND('',#9110,.T.);
#9110 = EDGE_LOOP('',(#9111,#9121,#9128,#9129));
#9111 = ORIENTED_EDGE('',*,*,#9112,.T.);
#9112 = EDGE_CURVE('',#9113,#9115,#9117,.T.);
#9113 = VERTEX_POINT('',#9114);
#9114 = CARTESIAN_POINT('',(10.283,23.749,-0.41148));
#9115 = VERTEX_POINT('',#9116);
#9116 = CARTESIAN_POINT('',(10.283,23.749,0.E+000));
#9117 = LINE('',#9118,#9119);
#9118 = CARTESIAN_POINT('',(10.283,23.749,-0.41148));
#9119 = VECTOR('',#9120,1.);
#9120 = DIRECTION('',(0.E+000,0.E+000,1.));
#9121 = ORIENTED_EDGE('',*,*,#9122,.T.);
#9122 = EDGE_CURVE('',#9115,#9115,#9123,.T.);
#9123 = CIRCLE('',#9124,0.25);
#9124 = AXIS2_PLACEMENT_3D('',#9125,#9126,#9127);
#9125 = CARTESIAN_POINT('',(10.033,23.749,0.E+000));
#9126 = DIRECTION('',(0.E+000,0.E+000,1.));
#9127 = DIRECTION('',(1.,0.E+000,-0.E+000));
#9128 = ORIENTED_EDGE('',*,*,#9112,.F.);
#9129 = ORIENTED_EDGE('',*,*,#9130,.F.);
#9130 = EDGE_CURVE('',#9113,#9113,#9131,.T.);
#9131 = CIRCLE('',#9132,0.25);
#9132 = AXIS2_PLACEMENT_3D('',#9133,#9134,#9135);
#9133 = CARTESIAN_POINT('',(10.033,23.749,-0.41148));
#9134 = DIRECTION('',(0.E+000,0.E+000,1.));
#9135 = DIRECTION('',(1.,0.E+000,-0.E+000));
#9136 = CYLINDRICAL_SURFACE('',#9137,0.25);
#9137 = AXIS2_PLACEMENT_3D('',#9138,#9139,#9140);
#9138 = CARTESIAN_POINT('',(10.033,23.749,-0.41148));
#9139 = DIRECTION('',(-0.E+000,-0.E+000,-1.));
#9140 = DIRECTION('',(1.,0.E+000,-0.E+000));
#9141 = ADVANCED_FACE('',(#9142),#9169,.F.);
#9142 = FACE_BOUND('',#9143,.T.);
#9143 = EDGE_LOOP('',(#9144,#9154,#9161,#9162));
#9144 = ORIENTED_EDGE('',*,*,#9145,.T.);
#9145 = EDGE_CURVE('',#9146,#9148,#9150,.T.);
#9146 = VERTEX_POINT('',#9147);
#9147 = CARTESIAN_POINT('',(27.852,22.987,-0.41148));
#9148 = VERTEX_POINT('',#9149);
#9149 = CARTESIAN_POINT('',(27.852,22.987,0.E+000));
#9150 = LINE('',#9151,#9152);
#9151 = CARTESIAN_POINT('',(27.852,22.987,-0.41148));
#9152 = VECTOR('',#9153,1.);
#9153 = DIRECTION('',(0.E+000,0.E+000,1.));
#9154 = ORIENTED_EDGE('',*,*,#9155,.T.);
#9155 = EDGE_CURVE('',#9148,#9148,#9156,.T.);
#9156 = CIRCLE('',#9157,0.55);
#9157 = AXIS2_PLACEMENT_3D('',#9158,#9159,#9160);
#9158 = CARTESIAN_POINT('',(27.302,22.987,0.E+000));
#9159 = DIRECTION('',(0.E+000,0.E+000,1.));
#9160 = DIRECTION('',(1.,0.E+000,-0.E+000));
#9161 = ORIENTED_EDGE('',*,*,#9145,.F.);
#9162 = ORIENTED_EDGE('',*,*,#9163,.F.);
#9163 = EDGE_CURVE('',#9146,#9146,#9164,.T.);
#9164 = CIRCLE('',#9165,0.55);
#9165 = AXIS2_PLACEMENT_3D('',#9166,#9167,#9168);
#9166 = CARTESIAN_POINT('',(27.302,22.987,-0.41148));
#9167 = DIRECTION('',(0.E+000,0.E+000,1.));
#9168 = DIRECTION('',(1.,0.E+000,-0.E+000));
#9169 = CYLINDRICAL_SURFACE('',#9170,0.55);
#9170 = AXIS2_PLACEMENT_3D('',#9171,#9172,#9173);
#9171 = CARTESIAN_POINT('',(27.302,22.987,-0.41148));
#9172 = DIRECTION('',(-0.E+000,-0.E+000,-1.));
#9173 = DIRECTION('',(1.,0.E+000,-0.E+000));
#9174 = ADVANCED_FACE('',(#9175),#9202,.F.);
#9175 = FACE_BOUND('',#9176,.T.);
#9176 = EDGE_LOOP('',(#9177,#9187,#9194,#9195));
#9177 = ORIENTED_EDGE('',*,*,#9178,.T.);
#9178 = EDGE_CURVE('',#9179,#9181,#9183,.T.);
#9179 = VERTEX_POINT('',#9180);
#9180 = CARTESIAN_POINT('',(21.632,22.987,-0.41148));
#9181 = VERTEX_POINT('',#9182);
#9182 = CARTESIAN_POINT('',(21.632,22.987,0.E+000));
#9183 = LINE('',#9184,#9185);
#9184 = CARTESIAN_POINT('',(21.632,22.987,-0.41148));
#9185 = VECTOR('',#9186,1.);
#9186 = DIRECTION('',(0.E+000,0.E+000,1.));
#9187 = ORIENTED_EDGE('',*,*,#9188,.T.);
#9188 = EDGE_CURVE('',#9181,#9181,#9189,.T.);
#9189 = CIRCLE('',#9190,0.55);
#9190 = AXIS2_PLACEMENT_3D('',#9191,#9192,#9193);
#9191 = CARTESIAN_POINT('',(21.082,22.987,0.E+000));
#9192 = DIRECTION('',(0.E+000,0.E+000,1.));
#9193 = DIRECTION('',(1.,0.E+000,-0.E+000));
#9194 = ORIENTED_EDGE('',*,*,#9178,.F.);
#9195 = ORIENTED_EDGE('',*,*,#9196,.F.);
#9196 = EDGE_CURVE('',#9179,#9179,#9197,.T.);
#9197 = CIRCLE('',#9198,0.55);
#9198 = AXIS2_PLACEMENT_3D('',#9199,#9200,#9201);
#9199 = CARTESIAN_POINT('',(21.082,22.987,-0.41148));
#9200 = DIRECTION('',(0.E+000,0.E+000,1.));
#9201 = DIRECTION('',(1.,0.E+000,-0.E+000));
#9202 = CYLINDRICAL_SURFACE('',#9203,0.55);
#9203 = AXIS2_PLACEMENT_3D('',#9204,#9205,#9206);
#9204 = CARTESIAN_POINT('',(21.082,22.987,-0.41148));
#9205 = DIRECTION('',(-0.E+000,-0.E+000,-1.));
#9206 = DIRECTION('',(1.,0.E+000,-0.E+000));
#9207 = ADVANCED_FACE('',(#9208),#9235,.F.);
#9208 = FACE_BOUND('',#9209,.T.);
#9209 = EDGE_LOOP('',(#9210,#9220,#9227,#9228));
#9210 = ORIENTED_EDGE('',*,*,#9211,.T.);
#9211 = EDGE_CURVE('',#9212,#9214,#9216,.T.);
#9212 = VERTEX_POINT('',#9213);
#9213 = CARTESIAN_POINT('',(13.885,51.689,-0.41148));
#9214 = VERTEX_POINT('',#9215);
#9215 = CARTESIAN_POINT('',(13.885,51.689,0.E+000));
#9216 = LINE('',#9217,#9218);
#9217 = CARTESIAN_POINT('',(13.885,51.689,-0.41148));
#9218 = VECTOR('',#9219,1.);
#9219 = DIRECTION('',(0.E+000,0.E+000,1.));
#9220 = ORIENTED_EDGE('',*,*,#9221,.T.);
#9221 = EDGE_CURVE('',#9214,#9214,#9222,.T.);
#9222 = CIRCLE('',#9223,0.55);
#9223 = AXIS2_PLACEMENT_3D('',#9224,#9225,#9226);
#9224 = CARTESIAN_POINT('',(13.335,51.689,0.E+000));
#9225 = DIRECTION('',(0.E+000,0.E+000,1.));
#9226 = DIRECTION('',(1.,0.E+000,-0.E+000));
#9227 = ORIENTED_EDGE('',*,*,#9211,.F.);
#9228 = ORIENTED_EDGE('',*,*,#9229,.F.);
#9229 = EDGE_CURVE('',#9212,#9212,#9230,.T.);
#9230 = CIRCLE('',#9231,0.55);
#9231 = AXIS2_PLACEMENT_3D('',#9232,#9233,#9234);
#9232 = CARTESIAN_POINT('',(13.335,51.689,-0.41148));
#9233 = DIRECTION('',(0.E+000,0.E+000,1.));
#9234 = DIRECTION('',(1.,0.E+000,-0.E+000));
#9235 = CYLINDRICAL_SURFACE('',#9236,0.55);
#9236 = AXIS2_PLACEMENT_3D('',#9237,#9238,#9239);
#9237 = CARTESIAN_POINT('',(13.335,51.689,-0.41148));
#9238 = DIRECTION('',(-0.E+000,-0.E+000,-1.));
#9239 = DIRECTION('',(1.,0.E+000,-0.E+000));
#9240 = ADVANCED_FACE('',(#9241),#9268,.F.);
#9241 = FACE_BOUND('',#9242,.T.);
#9242 = EDGE_LOOP('',(#9243,#9253,#9260,#9261));
#9243 = ORIENTED_EDGE('',*,*,#9244,.T.);
#9244 = EDGE_CURVE('',#9245,#9247,#9249,.T.);
#9245 = VERTEX_POINT('',#9246);
#9246 = CARTESIAN_POINT('',(11.345,51.689,-0.41148));
#9247 = VERTEX_POINT('',#9248);
#9248 = CARTESIAN_POINT('',(11.345,51.689,0.E+000));
#9249 = LINE('',#9250,#9251);
#9250 = CARTESIAN_POINT('',(11.345,51.689,-0.41148));
#9251 = VECTOR('',#9252,1.);
#9252 = DIRECTION('',(0.E+000,0.E+000,1.));
#9253 = ORIENTED_EDGE('',*,*,#9254,.T.);
#9254 = EDGE_CURVE('',#9247,#9247,#9255,.T.);
#9255 = CIRCLE('',#9256,0.55);
#9256 = AXIS2_PLACEMENT_3D('',#9257,#9258,#9259);
#9257 = CARTESIAN_POINT('',(10.795,51.689,0.E+000));
#9258 = DIRECTION('',(0.E+000,0.E+000,1.));
#9259 = DIRECTION('',(1.,0.E+000,-0.E+000));
#9260 = ORIENTED_EDGE('',*,*,#9244,.F.);
#9261 = ORIENTED_EDGE('',*,*,#9262,.F.);
#9262 = EDGE_CURVE('',#9245,#9245,#9263,.T.);
#9263 = CIRCLE('',#9264,0.55);
#9264 = AXIS2_PLACEMENT_3D('',#9265,#9266,#9267);
#9265 = CARTESIAN_POINT('',(10.795,51.689,-0.41148));
#9266 = DIRECTION('',(0.E+000,0.E+000,1.));
#9267 = DIRECTION('',(1.,0.E+000,-0.E+000));
#9268 = CYLINDRICAL_SURFACE('',#9269,0.55);
#9269 = AXIS2_PLACEMENT_3D('',#9270,#9271,#9272);
#9270 = CARTESIAN_POINT('',(10.795,51.689,-0.41148));
#9271 = DIRECTION('',(-0.E+000,-0.E+000,-1.));
#9272 = DIRECTION('',(1.,0.E+000,-0.E+000));
#9273 = ADVANCED_FACE('',(#9274),#9301,.F.);
#9274 = FACE_BOUND('',#9275,.T.);
#9275 = EDGE_LOOP('',(#9276,#9286,#9293,#9294));
#9276 = ORIENTED_EDGE('',*,*,#9277,.T.);
#9277 = EDGE_CURVE('',#9278,#9280,#9282,.T.);
#9278 = VERTEX_POINT('',#9279);
#9279 = CARTESIAN_POINT('',(21.632,25.527,-0.41148));
#9280 = VERTEX_POINT('',#9281);
#9281 = CARTESIAN_POINT('',(21.632,25.527,0.E+000));
#9282 = LINE('',#9283,#9284);
#9283 = CARTESIAN_POINT('',(21.632,25.527,-0.41148));
#9284 = VECTOR('',#9285,1.);
#9285 = DIRECTION('',(0.E+000,0.E+000,1.));
#9286 = ORIENTED_EDGE('',*,*,#9287,.T.);
#9287 = EDGE_CURVE('',#9280,#9280,#9288,.T.);
#9288 = CIRCLE('',#9289,0.55);
#9289 = AXIS2_PLACEMENT_3D('',#9290,#9291,#9292);
#9290 = CARTESIAN_POINT('',(21.082,25.527,0.E+000));
#9291 = DIRECTION('',(0.E+000,0.E+000,1.));
#9292 = DIRECTION('',(1.,0.E+000,-0.E+000));
#9293 = ORIENTED_EDGE('',*,*,#9277,.F.);
#9294 = ORIENTED_EDGE('',*,*,#9295,.F.);
#9295 = EDGE_CURVE('',#9278,#9278,#9296,.T.);
#9296 = CIRCLE('',#9297,0.55);
#9297 = AXIS2_PLACEMENT_3D('',#9298,#9299,#9300);
#9298 = CARTESIAN_POINT('',(21.082,25.527,-0.41148));
#9299 = DIRECTION('',(0.E+000,0.E+000,1.));
#9300 = DIRECTION('',(1.,0.E+000,-0.E+000));
#9301 = CYLINDRICAL_SURFACE('',#9302,0.55);
#9302 = AXIS2_PLACEMENT_3D('',#9303,#9304,#9305);
#9303 = CARTESIAN_POINT('',(21.082,25.527,-0.41148));
#9304 = DIRECTION('',(-0.E+000,-0.E+000,-1.));
#9305 = DIRECTION('',(1.,0.E+000,-0.E+000));
#9306 = ADVANCED_FACE('',(#9307),#9334,.F.);
#9307 = FACE_BOUND('',#9308,.T.);
#9308 = EDGE_LOOP('',(#9309,#9319,#9326,#9327));
#9309 = ORIENTED_EDGE('',*,*,#9310,.T.);
#9310 = EDGE_CURVE('',#9311,#9313,#9315,.T.);
#9311 = VERTEX_POINT('',#9312);
#9312 = CARTESIAN_POINT('',(27.852,25.527,-0.41148));
#9313 = VERTEX_POINT('',#9314);
#9314 = CARTESIAN_POINT('',(27.852,25.527,0.E+000));
#9315 = LINE('',#9316,#9317);
#9316 = CARTESIAN_POINT('',(27.852,25.527,-0.41148));
#9317 = VECTOR('',#9318,1.);
#9318 = DIRECTION('',(0.E+000,0.E+000,1.));
#9319 = ORIENTED_EDGE('',*,*,#9320,.T.);
#9320 = EDGE_CURVE('',#9313,#9313,#9321,.T.);
#9321 = CIRCLE('',#9322,0.55);
#9322 = AXIS2_PLACEMENT_3D('',#9323,#9324,#9325);
#9323 = CARTESIAN_POINT('',(27.302,25.527,0.E+000));
#9324 = DIRECTION('',(0.E+000,0.E+000,1.));
#9325 = DIRECTION('',(1.,0.E+000,-0.E+000));
#9326 = ORIENTED_EDGE('',*,*,#9310,.F.);
#9327 = ORIENTED_EDGE('',*,*,#9328,.F.);
#9328 = EDGE_CURVE('',#9311,#9311,#9329,.T.);
#9329 = CIRCLE('',#9330,0.55);
#9330 = AXIS2_PLACEMENT_3D('',#9331,#9332,#9333);
#9331 = CARTESIAN_POINT('',(27.302,25.527,-0.41148));
#9332 = DIRECTION('',(0.E+000,0.E+000,1.));
#9333 = DIRECTION('',(1.,0.E+000,-0.E+000));
#9334 = CYLINDRICAL_SURFACE('',#9335,0.55);
#9335 = AXIS2_PLACEMENT_3D('',#9336,#9337,#9338);
#9336 = CARTESIAN_POINT('',(27.302,25.527,-0.41148));
#9337 = DIRECTION('',(-0.E+000,-0.E+000,-1.));
#9338 = DIRECTION('',(1.,0.E+000,-0.E+000));
#9339 = ADVANCED_FACE('',(#9340),#9367,.F.);
#9340 = FACE_BOUND('',#9341,.T.);
#9341 = EDGE_LOOP('',(#9342,#9352,#9359,#9360));
#9342 = ORIENTED_EDGE('',*,*,#9343,.T.);
#9343 = EDGE_CURVE('',#9344,#9346,#9348,.T.);
#9344 = VERTEX_POINT('',#9345);
#9345 = CARTESIAN_POINT('',(28.363,51.689,-0.41148));
#9346 = VERTEX_POINT('',#9347);
#9347 = CARTESIAN_POINT('',(28.363,51.689,0.E+000));
#9348 = LINE('',#9349,#9350);
#9349 = CARTESIAN_POINT('',(28.363,51.689,-0.41148));
#9350 = VECTOR('',#9351,1.);
#9351 = DIRECTION('',(0.E+000,0.E+000,1.));
#9352 = ORIENTED_EDGE('',*,*,#9353,.T.);
#9353 = EDGE_CURVE('',#9346,#9346,#9354,.T.);
#9354 = CIRCLE('',#9355,0.55);
#9355 = AXIS2_PLACEMENT_3D('',#9356,#9357,#9358);
#9356 = CARTESIAN_POINT('',(27.813,51.689,0.E+000));
#9357 = DIRECTION('',(0.E+000,0.E+000,1.));
#9358 = DIRECTION('',(1.,0.E+000,-0.E+000));
#9359 = ORIENTED_EDGE('',*,*,#9343,.F.);
#9360 = ORIENTED_EDGE('',*,*,#9361,.F.);
#9361 = EDGE_CURVE('',#9344,#9344,#9362,.T.);
#9362 = CIRCLE('',#9363,0.55);
#9363 = AXIS2_PLACEMENT_3D('',#9364,#9365,#9366);
#9364 = CARTESIAN_POINT('',(27.813,51.689,-0.41148));
#9365 = DIRECTION('',(0.E+000,0.E+000,1.));
#9366 = DIRECTION('',(1.,0.E+000,-0.E+000));
#9367 = CYLINDRICAL_SURFACE('',#9368,0.55);
#9368 = AXIS2_PLACEMENT_3D('',#9369,#9370,#9371);
#9369 = CARTESIAN_POINT('',(27.813,51.689,-0.41148));
#9370 = DIRECTION('',(-0.E+000,-0.E+000,-1.));
#9371 = DIRECTION('',(1.,0.E+000,-0.E+000));
#9372 = ADVANCED_FACE('',(#9373),#9400,.F.);
#9373 = FACE_BOUND('',#9374,.T.);
#9374 = EDGE_LOOP('',(#9375,#9385,#9392,#9393));
#9375 = ORIENTED_EDGE('',*,*,#9376,.T.);
#9376 = EDGE_CURVE('',#9377,#9379,#9381,.T.);
#9377 = VERTEX_POINT('',#9378);
#9378 = CARTESIAN_POINT('',(35.856,9.779,-0.41148));
#9379 = VERTEX_POINT('',#9380);
#9380 = CARTESIAN_POINT('',(35.856,9.779,0.E+000));
#9381 = LINE('',#9382,#9383);
#9382 = CARTESIAN_POINT('',(35.856,9.779,-0.41148));
#9383 = VECTOR('',#9384,1.);
#9384 = DIRECTION('',(0.E+000,0.E+000,1.));
#9385 = ORIENTED_EDGE('',*,*,#9386,.T.);
#9386 = EDGE_CURVE('',#9379,#9379,#9387,.T.);
#9387 = CIRCLE('',#9388,0.55);
#9388 = AXIS2_PLACEMENT_3D('',#9389,#9390,#9391);
#9389 = CARTESIAN_POINT('',(35.306,9.779,0.E+000));
#9390 = DIRECTION('',(0.E+000,0.E+000,1.));
#9391 = DIRECTION('',(1.,0.E+000,-0.E+000));
#9392 = ORIENTED_EDGE('',*,*,#9376,.F.);
#9393 = ORIENTED_EDGE('',*,*,#9394,.F.);
#9394 = EDGE_CURVE('',#9377,#9377,#9395,.T.);
#9395 = CIRCLE('',#9396,0.55);
#9396 = AXIS2_PLACEMENT_3D('',#9397,#9398,#9399);
#9397 = CARTESIAN_POINT('',(35.306,9.779,-0.41148));
#9398 = DIRECTION('',(0.E+000,0.E+000,1.));
#9399 = DIRECTION('',(1.,0.E+000,-0.E+000));
#9400 = CYLINDRICAL_SURFACE('',#9401,0.55);
#9401 = AXIS2_PLACEMENT_3D('',#9402,#9403,#9404);
#9402 = CARTESIAN_POINT('',(35.306,9.779,-0.41148));
#9403 = DIRECTION('',(-0.E+000,-0.E+000,-1.));
#9404 = DIRECTION('',(1.,0.E+000,-0.E+000));
#9405 = ADVANCED_FACE('',(#9406),#9433,.F.);
#9406 = FACE_BOUND('',#9407,.T.);
#9407 = EDGE_LOOP('',(#9408,#9418,#9425,#9426));
#9408 = ORIENTED_EDGE('',*,*,#9409,.T.);
#9409 = EDGE_CURVE('',#9410,#9412,#9414,.T.);
#9410 = VERTEX_POINT('',#9411);
#9411 = CARTESIAN_POINT('',(35.856,12.319,-0.41148));
#9412 = VERTEX_POINT('',#9413);
#9413 = CARTESIAN_POINT('',(35.856,12.319,0.E+000));
#9414 = LINE('',#9415,#9416);
#9415 = CARTESIAN_POINT('',(35.856,12.319,-0.41148));
#9416 = VECTOR('',#9417,1.);
#9417 = DIRECTION('',(0.E+000,0.E+000,1.));
#9418 = ORIENTED_EDGE('',*,*,#9419,.T.);
#9419 = EDGE_CURVE('',#9412,#9412,#9420,.T.);
#9420 = CIRCLE('',#9421,0.55);
#9421 = AXIS2_PLACEMENT_3D('',#9422,#9423,#9424);
#9422 = CARTESIAN_POINT('',(35.306,12.319,0.E+000));
#9423 = DIRECTION('',(0.E+000,0.E+000,1.));
#9424 = DIRECTION('',(1.,0.E+000,-0.E+000));
#9425 = ORIENTED_EDGE('',*,*,#9409,.F.);
#9426 = ORIENTED_EDGE('',*,*,#9427,.F.);
#9427 = EDGE_CURVE('',#9410,#9410,#9428,.T.);
#9428 = CIRCLE('',#9429,0.55);
#9429 = AXIS2_PLACEMENT_3D('',#9430,#9431,#9432);
#9430 = CARTESIAN_POINT('',(35.306,12.319,-0.41148));
#9431 = DIRECTION('',(0.E+000,0.E+000,1.));
#9432 = DIRECTION('',(1.,0.E+000,-0.E+000));
#9433 = CYLINDRICAL_SURFACE('',#9434,0.55);
#9434 = AXIS2_PLACEMENT_3D('',#9435,#9436,#9437);
#9435 = CARTESIAN_POINT('',(35.306,12.319,-0.41148));
#9436 = DIRECTION('',(-0.E+000,-0.E+000,-1.));
#9437 = DIRECTION('',(1.,0.E+000,-0.E+000));
#9438 = ADVANCED_FACE('',(#9439),#9466,.F.);
#9439 = FACE_BOUND('',#9440,.T.);
#9440 = EDGE_LOOP('',(#9441,#9451,#9458,#9459));
#9441 = ORIENTED_EDGE('',*,*,#9442,.T.);
#9442 = EDGE_CURVE('',#9443,#9445,#9447,.T.);
#9443 = VERTEX_POINT('',#9444);
#9444 = CARTESIAN_POINT('',(42.079,9.779,-0.41148));
#9445 = VERTEX_POINT('',#9446);
#9446 = CARTESIAN_POINT('',(42.079,9.779,0.E+000));
#9447 = LINE('',#9448,#9449);
#9448 = CARTESIAN_POINT('',(42.079,9.779,-0.41148));
#9449 = VECTOR('',#9450,1.);
#9450 = DIRECTION('',(0.E+000,0.E+000,1.));
#9451 = ORIENTED_EDGE('',*,*,#9452,.T.);
#9452 = EDGE_CURVE('',#9445,#9445,#9453,.T.);
#9453 = CIRCLE('',#9454,0.55);
#9454 = AXIS2_PLACEMENT_3D('',#9455,#9456,#9457);
#9455 = CARTESIAN_POINT('',(41.529,9.779,0.E+000));
#9456 = DIRECTION('',(0.E+000,0.E+000,1.));
#9457 = DIRECTION('',(1.,0.E+000,-0.E+000));
#9458 = ORIENTED_EDGE('',*,*,#9442,.F.);
#9459 = ORIENTED_EDGE('',*,*,#9460,.F.);
#9460 = EDGE_CURVE('',#9443,#9443,#9461,.T.);
#9461 = CIRCLE('',#9462,0.55);
#9462 = AXIS2_PLACEMENT_3D('',#9463,#9464,#9465);
#9463 = CARTESIAN_POINT('',(41.529,9.779,-0.41148));
#9464 = DIRECTION('',(0.E+000,0.E+000,1.));
#9465 = DIRECTION('',(1.,0.E+000,-0.E+000));
#9466 = CYLINDRICAL_SURFACE('',#9467,0.55);
#9467 = AXIS2_PLACEMENT_3D('',#9468,#9469,#9470);
#9468 = CARTESIAN_POINT('',(41.529,9.779,-0.41148));
#9469 = DIRECTION('',(-0.E+000,-0.E+000,-1.));
#9470 = DIRECTION('',(1.,0.E+000,-0.E+000));
#9471 = ADVANCED_FACE('',(#9472),#9499,.F.);
#9472 = FACE_BOUND('',#9473,.T.);
#9473 = EDGE_LOOP('',(#9474,#9484,#9491,#9492));
#9474 = ORIENTED_EDGE('',*,*,#9475,.T.);
#9475 = EDGE_CURVE('',#9476,#9478,#9480,.T.);
#9476 = VERTEX_POINT('',#9477);
#9477 = CARTESIAN_POINT('',(42.079,12.319,-0.41148));
#9478 = VERTEX_POINT('',#9479);
#9479 = CARTESIAN_POINT('',(42.079,12.319,0.E+000));
#9480 = LINE('',#9481,#9482);
#9481 = CARTESIAN_POINT('',(42.079,12.319,-0.41148));
#9482 = VECTOR('',#9483,1.);
#9483 = DIRECTION('',(0.E+000,0.E+000,1.));
#9484 = ORIENTED_EDGE('',*,*,#9485,.T.);
#9485 = EDGE_CURVE('',#9478,#9478,#9486,.T.);
#9486 = CIRCLE('',#9487,0.55);
#9487 = AXIS2_PLACEMENT_3D('',#9488,#9489,#9490);
#9488 = CARTESIAN_POINT('',(41.529,12.319,0.E+000));
#9489 = DIRECTION('',(0.E+000,0.E+000,1.));
#9490 = DIRECTION('',(1.,0.E+000,-0.E+000));
#9491 = ORIENTED_EDGE('',*,*,#9475,.F.);
#9492 = ORIENTED_EDGE('',*,*,#9493,.F.);
#9493 = EDGE_CURVE('',#9476,#9476,#9494,.T.);
#9494 = CIRCLE('',#9495,0.55);
#9495 = AXIS2_PLACEMENT_3D('',#9496,#9497,#9498);
#9496 = CARTESIAN_POINT('',(41.529,12.319,-0.41148));
#9497 = DIRECTION('',(0.E+000,0.E+000,1.));
#9498 = DIRECTION('',(1.,0.E+000,-0.E+000));
#9499 = CYLINDRICAL_SURFACE('',#9500,0.55);
#9500 = AXIS2_PLACEMENT_3D('',#9501,#9502,#9503);
#9501 = CARTESIAN_POINT('',(41.529,12.319,-0.41148));
#9502 = DIRECTION('',(-0.E+000,-0.E+000,-1.));
#9503 = DIRECTION('',(1.,0.E+000,-0.E+000));
#9504 = ADVANCED_FACE('',(#9505),#9532,.F.);
#9505 = FACE_BOUND('',#9506,.T.);
#9506 = EDGE_LOOP('',(#9507,#9517,#9524,#9525));
#9507 = ORIENTED_EDGE('',*,*,#9508,.T.);
#9508 = EDGE_CURVE('',#9509,#9511,#9513,.T.);
#9509 = VERTEX_POINT('',#9510);
#9510 = CARTESIAN_POINT('',(42.079,14.859,-0.41148));
#9511 = VERTEX_POINT('',#9512);
#9512 = CARTESIAN_POINT('',(42.079,14.859,0.E+000));
#9513 = LINE('',#9514,#9515);
#9514 = CARTESIAN_POINT('',(42.079,14.859,-0.41148));
#9515 = VECTOR('',#9516,1.);
#9516 = DIRECTION('',(0.E+000,0.E+000,1.));
#9517 = ORIENTED_EDGE('',*,*,#9518,.T.);
#9518 = EDGE_CURVE('',#9511,#9511,#9519,.T.);
#9519 = CIRCLE('',#9520,0.55);
#9520 = AXIS2_PLACEMENT_3D('',#9521,#9522,#9523);
#9521 = CARTESIAN_POINT('',(41.529,14.859,0.E+000));
#9522 = DIRECTION('',(0.E+000,0.E+000,1.));
#9523 = DIRECTION('',(1.,0.E+000,-0.E+000));
#9524 = ORIENTED_EDGE('',*,*,#9508,.F.);
#9525 = ORIENTED_EDGE('',*,*,#9526,.F.);
#9526 = EDGE_CURVE('',#9509,#9509,#9527,.T.);
#9527 = CIRCLE('',#9528,0.55);
#9528 = AXIS2_PLACEMENT_3D('',#9529,#9530,#9531);
#9529 = CARTESIAN_POINT('',(41.529,14.859,-0.41148));
#9530 = DIRECTION('',(0.E+000,0.E+000,1.));
#9531 = DIRECTION('',(1.,0.E+000,-0.E+000));
#9532 = CYLINDRICAL_SURFACE('',#9533,0.55);
#9533 = AXIS2_PLACEMENT_3D('',#9534,#9535,#9536);
#9534 = CARTESIAN_POINT('',(41.529,14.859,-0.41148));
#9535 = DIRECTION('',(-0.E+000,-0.E+000,-1.));
#9536 = DIRECTION('',(1.,0.E+000,-0.E+000));
#9537 = ADVANCED_FACE('',(#9538),#9565,.F.);
#9538 = FACE_BOUND('',#9539,.T.);
#9539 = EDGE_LOOP('',(#9540,#9550,#9557,#9558));
#9540 = ORIENTED_EDGE('',*,*,#9541,.T.);
#9541 = EDGE_CURVE('',#9542,#9544,#9546,.T.);
#9542 = VERTEX_POINT('',#9543);
#9543 = CARTESIAN_POINT('',(35.856,14.859,-0.41148));
#9544 = VERTEX_POINT('',#9545);
#9545 = CARTESIAN_POINT('',(35.856,14.859,0.E+000));
#9546 = LINE('',#9547,#9548);
#9547 = CARTESIAN_POINT('',(35.856,14.859,-0.41148));
#9548 = VECTOR('',#9549,1.);
#9549 = DIRECTION('',(0.E+000,0.E+000,1.));
#9550 = ORIENTED_EDGE('',*,*,#9551,.T.);
#9551 = EDGE_CURVE('',#9544,#9544,#9552,.T.);
#9552 = CIRCLE('',#9553,0.55);
#9553 = AXIS2_PLACEMENT_3D('',#9554,#9555,#9556);
#9554 = CARTESIAN_POINT('',(35.306,14.859,0.E+000));
#9555 = DIRECTION('',(0.E+000,0.E+000,1.));
#9556 = DIRECTION('',(1.,0.E+000,-0.E+000));
#9557 = ORIENTED_EDGE('',*,*,#9541,.F.);
#9558 = ORIENTED_EDGE('',*,*,#9559,.F.);
#9559 = EDGE_CURVE('',#9542,#9542,#9560,.T.);
#9560 = CIRCLE('',#9561,0.55);
#9561 = AXIS2_PLACEMENT_3D('',#9562,#9563,#9564);
#9562 = CARTESIAN_POINT('',(35.306,14.859,-0.41148));
#9563 = DIRECTION('',(0.E+000,0.E+000,1.));
#9564 = DIRECTION('',(1.,0.E+000,-0.E+000));
#9565 = CYLINDRICAL_SURFACE('',#9566,0.55);
#9566 = AXIS2_PLACEMENT_3D('',#9567,#9568,#9569);
#9567 = CARTESIAN_POINT('',(35.306,14.859,-0.41148));
#9568 = DIRECTION('',(-0.E+000,-0.E+000,-1.));
#9569 = DIRECTION('',(1.,0.E+000,-0.E+000));
#9570 = ADVANCED_FACE('',(#9571),#9598,.F.);
#9571 = FACE_BOUND('',#9572,.T.);
#9572 = EDGE_LOOP('',(#9573,#9583,#9590,#9591));
#9573 = ORIENTED_EDGE('',*,*,#9574,.T.);
#9574 = EDGE_CURVE('',#9575,#9577,#9579,.T.);
#9575 = VERTEX_POINT('',#9576);
#9576 = CARTESIAN_POINT('',(48.599,13.603,-0.41148));
#9577 = VERTEX_POINT('',#9578);
#9578 = CARTESIAN_POINT('',(48.599,13.603,0.E+000));
#9579 = LINE('',#9580,#9581);
#9580 = CARTESIAN_POINT('',(48.599,13.603,-0.41148));
#9581 = VECTOR('',#9582,1.);
#9582 = DIRECTION('',(0.E+000,0.E+000,1.));
#9583 = ORIENTED_EDGE('',*,*,#9584,.T.);
#9584 = EDGE_CURVE('',#9577,#9577,#9585,.T.);
#9585 = CIRCLE('',#9586,0.25);
#9586 = AXIS2_PLACEMENT_3D('',#9587,#9588,#9589);
#9587 = CARTESIAN_POINT('',(48.349,13.603,0.E+000));
#9588 = DIRECTION('',(0.E+000,0.E+000,1.));
#9589 = DIRECTION('',(1.,0.E+000,-0.E+000));
#9590 = ORIENTED_EDGE('',*,*,#9574,.F.);
#9591 = ORIENTED_EDGE('',*,*,#9592,.F.);
#9592 = EDGE_CURVE('',#9575,#9575,#9593,.T.);
#9593 = CIRCLE('',#9594,0.25);
#9594 = AXIS2_PLACEMENT_3D('',#9595,#9596,#9597);
#9595 = CARTESIAN_POINT('',(48.349,13.603,-0.41148));
#9596 = DIRECTION('',(0.E+000,0.E+000,1.));
#9597 = DIRECTION('',(1.,0.E+000,-0.E+000));
#9598 = CYLINDRICAL_SURFACE('',#9599,0.25);
#9599 = AXIS2_PLACEMENT_3D('',#9600,#9601,#9602);
#9600 = CARTESIAN_POINT('',(48.349,13.603,-0.41148));
#9601 = DIRECTION('',(-0.E+000,-0.E+000,-1.));
#9602 = DIRECTION('',(1.,0.E+000,-0.E+000));
#9603 = ADVANCED_FACE('',(#9604),#9631,.F.);
#9604 = FACE_BOUND('',#9605,.T.);
#9605 = EDGE_LOOP('',(#9606,#9616,#9623,#9624));
#9606 = ORIENTED_EDGE('',*,*,#9607,.T.);
#9607 = EDGE_CURVE('',#9608,#9610,#9612,.T.);
#9608 = VERTEX_POINT('',#9609);
#9609 = CARTESIAN_POINT('',(48.091,15.,-0.41148));
#9610 = VERTEX_POINT('',#9611);
#9611 = CARTESIAN_POINT('',(48.091,15.,0.E+000));
#9612 = LINE('',#9613,#9614);
#9613 = CARTESIAN_POINT('',(48.091,15.,-0.41148));
#9614 = VECTOR('',#9615,1.);
#9615 = DIRECTION('',(0.E+000,0.E+000,1.));
#9616 = ORIENTED_EDGE('',*,*,#9617,.T.);
#9617 = EDGE_CURVE('',#9610,#9610,#9618,.T.);
#9618 = CIRCLE('',#9619,0.25);
#9619 = AXIS2_PLACEMENT_3D('',#9620,#9621,#9622);
#9620 = CARTESIAN_POINT('',(47.841,15.,0.E+000));
#9621 = DIRECTION('',(0.E+000,0.E+000,1.));
#9622 = DIRECTION('',(1.,0.E+000,-0.E+000));
#9623 = ORIENTED_EDGE('',*,*,#9607,.F.);
#9624 = ORIENTED_EDGE('',*,*,#9625,.F.);
#9625 = EDGE_CURVE('',#9608,#9608,#9626,.T.);
#9626 = CIRCLE('',#9627,0.25);
#9627 = AXIS2_PLACEMENT_3D('',#9628,#9629,#9630);
#9628 = CARTESIAN_POINT('',(47.841,15.,-0.41148));
#9629 = DIRECTION('',(0.E+000,0.E+000,1.));
#9630 = DIRECTION('',(1.,0.E+000,-0.E+000));
#9631 = CYLINDRICAL_SURFACE('',#9632,0.25);
#9632 = AXIS2_PLACEMENT_3D('',#9633,#9634,#9635);
#9633 = CARTESIAN_POINT('',(47.841,15.,-0.41148));
#9634 = DIRECTION('',(-0.E+000,-0.E+000,-1.));
#9635 = DIRECTION('',(1.,0.E+000,-0.E+000));
#9636 = ADVANCED_FACE('',(#9637),#9664,.F.);
#9637 = FACE_BOUND('',#9638,.T.);
#9638 = EDGE_LOOP('',(#9639,#9649,#9656,#9657));
#9639 = ORIENTED_EDGE('',*,*,#9640,.T.);
#9640 = EDGE_CURVE('',#9641,#9643,#9645,.T.);
#9641 = VERTEX_POINT('',#9642);
#9642 = CARTESIAN_POINT('',(48.726,16.397,-0.41148));
#9643 = VERTEX_POINT('',#9644);
#9644 = CARTESIAN_POINT('',(48.726,16.397,0.E+000));
#9645 = LINE('',#9646,#9647);
#9646 = CARTESIAN_POINT('',(48.726,16.397,-0.41148));
#9647 = VECTOR('',#9648,1.);
#9648 = DIRECTION('',(0.E+000,0.E+000,1.));
#9649 = ORIENTED_EDGE('',*,*,#9650,.T.);
#9650 = EDGE_CURVE('',#9643,#9643,#9651,.T.);
#9651 = CIRCLE('',#9652,0.25);
#9652 = AXIS2_PLACEMENT_3D('',#9653,#9654,#9655);
#9653 = CARTESIAN_POINT('',(48.476,16.397,0.E+000));
#9654 = DIRECTION('',(0.E+000,0.E+000,1.));
#9655 = DIRECTION('',(1.,0.E+000,-0.E+000));
#9656 = ORIENTED_EDGE('',*,*,#9640,.F.);
#9657 = ORIENTED_EDGE('',*,*,#9658,.F.);
#9658 = EDGE_CURVE('',#9641,#9641,#9659,.T.);
#9659 = CIRCLE('',#9660,0.25);
#9660 = AXIS2_PLACEMENT_3D('',#9661,#9662,#9663);
#9661 = CARTESIAN_POINT('',(48.476,16.397,-0.41148));
#9662 = DIRECTION('',(0.E+000,0.E+000,1.));
#9663 = DIRECTION('',(1.,0.E+000,-0.E+000));
#9664 = CYLINDRICAL_SURFACE('',#9665,0.25);
#9665 = AXIS2_PLACEMENT_3D('',#9666,#9667,#9668);
#9666 = CARTESIAN_POINT('',(48.476,16.397,-0.41148));
#9667 = DIRECTION('',(-0.E+000,-0.E+000,-1.));
#9668 = DIRECTION('',(1.,0.E+000,-0.E+000));
#9669 = ADVANCED_FACE('',(#9670),#9697,.F.);
#9670 = FACE_BOUND('',#9671,.T.);
#9671 = EDGE_LOOP('',(#9672,#9682,#9689,#9690));
#9672 = ORIENTED_EDGE('',*,*,#9673,.T.);
#9673 = EDGE_CURVE('',#9674,#9676,#9678,.T.);
#9674 = VERTEX_POINT('',#9675);
#9675 = CARTESIAN_POINT('',(61.798,3.881,-0.41148));
#9676 = VERTEX_POINT('',#9677);
#9677 = CARTESIAN_POINT('',(61.798,3.881,0.E+000));
#9678 = LINE('',#9679,#9680);
#9679 = CARTESIAN_POINT('',(61.798,3.881,-0.41148));
#9680 = VECTOR('',#9681,1.);
#9681 = DIRECTION('',(0.E+000,0.E+000,1.));
#9682 = ORIENTED_EDGE('',*,*,#9683,.T.);
#9683 = EDGE_CURVE('',#9676,#9676,#9684,.T.);
#9684 = CIRCLE('',#9685,0.55);
#9685 = AXIS2_PLACEMENT_3D('',#9686,#9687,#9688);
#9686 = CARTESIAN_POINT('',(61.248,3.881,0.E+000));
#9687 = DIRECTION('',(0.E+000,0.E+000,1.));
#9688 = DIRECTION('',(1.,0.E+000,-0.E+000));
#9689 = ORIENTED_EDGE('',*,*,#9673,.F.);
#9690 = ORIENTED_EDGE('',*,*,#9691,.F.);
#9691 = EDGE_CURVE('',#9674,#9674,#9692,.T.);
#9692 = CIRCLE('',#9693,0.55);
#9693 = AXIS2_PLACEMENT_3D('',#9694,#9695,#9696);
#9694 = CARTESIAN_POINT('',(61.248,3.881,-0.41148));
#9695 = DIRECTION('',(0.E+000,0.E+000,1.));
#9696 = DIRECTION('',(1.,0.E+000,-0.E+000));
#9697 = CYLINDRICAL_SURFACE('',#9698,0.55);
#9698 = AXIS2_PLACEMENT_3D('',#9699,#9700,#9701);
#9699 = CARTESIAN_POINT('',(61.248,3.881,-0.41148));
#9700 = DIRECTION('',(-0.E+000,-0.E+000,-1.));
#9701 = DIRECTION('',(1.,0.E+000,-0.E+000));
#9702 = ADVANCED_FACE('',(#9703),#9730,.F.);
#9703 = FACE_BOUND('',#9704,.T.);
#9704 = EDGE_LOOP('',(#9705,#9715,#9722,#9723));
#9705 = ORIENTED_EDGE('',*,*,#9706,.T.);
#9706 = EDGE_CURVE('',#9707,#9709,#9711,.T.);
#9707 = VERTEX_POINT('',#9708);
#9708 = CARTESIAN_POINT('',(61.798,6.53,-0.41148));
#9709 = VERTEX_POINT('',#9710);
#9710 = CARTESIAN_POINT('',(61.798,6.53,0.E+000));
#9711 = LINE('',#9712,#9713);
#9712 = CARTESIAN_POINT('',(61.798,6.53,-0.41148));
#9713 = VECTOR('',#9714,1.);
#9714 = DIRECTION('',(0.E+000,0.E+000,1.));
#9715 = ORIENTED_EDGE('',*,*,#9716,.T.);
#9716 = EDGE_CURVE('',#9709,#9709,#9717,.T.);
#9717 = CIRCLE('',#9718,0.55);
#9718 = AXIS2_PLACEMENT_3D('',#9719,#9720,#9721);
#9719 = CARTESIAN_POINT('',(61.248,6.53,0.E+000));
#9720 = DIRECTION('',(0.E+000,0.E+000,1.));
#9721 = DIRECTION('',(1.,0.E+000,-0.E+000));
#9722 = ORIENTED_EDGE('',*,*,#9706,.F.);
#9723 = ORIENTED_EDGE('',*,*,#9724,.F.);
#9724 = EDGE_CURVE('',#9707,#9707,#9725,.T.);
#9725 = CIRCLE('',#9726,0.55);
#9726 = AXIS2_PLACEMENT_3D('',#9727,#9728,#9729);
#9727 = CARTESIAN_POINT('',(61.248,6.53,-0.41148));
#9728 = DIRECTION('',(0.E+000,0.E+000,1.));
#9729 = DIRECTION('',(1.,0.E+000,-0.E+000));
#9730 = CYLINDRICAL_SURFACE('',#9731,0.55);
#9731 = AXIS2_PLACEMENT_3D('',#9732,#9733,#9734);
#9732 = CARTESIAN_POINT('',(61.248,6.53,-0.41148));
#9733 = DIRECTION('',(-0.E+000,-0.E+000,-1.));
#9734 = DIRECTION('',(1.,0.E+000,-0.E+000));
#9735 = ADVANCED_FACE('',(#9736),#9763,.F.);
#9736 = FACE_BOUND('',#9737,.T.);
#9737 = EDGE_LOOP('',(#9738,#9748,#9755,#9756));
#9738 = ORIENTED_EDGE('',*,*,#9739,.T.);
#9739 = EDGE_CURVE('',#9740,#9742,#9744,.T.);
#9740 = VERTEX_POINT('',#9741);
#9741 = CARTESIAN_POINT('',(61.798,-1.416,-0.41148));
#9742 = VERTEX_POINT('',#9743);
#9743 = CARTESIAN_POINT('',(61.798,-1.416,0.E+000));
#9744 = LINE('',#9745,#9746);
#9745 = CARTESIAN_POINT('',(61.798,-1.416,-0.41148));
#9746 = VECTOR('',#9747,1.);
#9747 = DIRECTION('',(0.E+000,0.E+000,1.));
#9748 = ORIENTED_EDGE('',*,*,#9749,.T.);
#9749 = EDGE_CURVE('',#9742,#9742,#9750,.T.);
#9750 = CIRCLE('',#9751,0.55);
#9751 = AXIS2_PLACEMENT_3D('',#9752,#9753,#9754);
#9752 = CARTESIAN_POINT('',(61.248,-1.416,0.E+000));
#9753 = DIRECTION('',(0.E+000,0.E+000,1.));
#9754 = DIRECTION('',(1.,0.E+000,-0.E+000));
#9755 = ORIENTED_EDGE('',*,*,#9739,.F.);
#9756 = ORIENTED_EDGE('',*,*,#9757,.F.);
#9757 = EDGE_CURVE('',#9740,#9740,#9758,.T.);
#9758 = CIRCLE('',#9759,0.55);
#9759 = AXIS2_PLACEMENT_3D('',#9760,#9761,#9762);
#9760 = CARTESIAN_POINT('',(61.248,-1.416,-0.41148));
#9761 = DIRECTION('',(0.E+000,0.E+000,1.));
#9762 = DIRECTION('',(1.,0.E+000,-0.E+000));
#9763 = CYLINDRICAL_SURFACE('',#9764,0.55);
#9764 = AXIS2_PLACEMENT_3D('',#9765,#9766,#9767);
#9765 = CARTESIAN_POINT('',(61.248,-1.416,-0.41148));
#9766 = DIRECTION('',(-0.E+000,-0.E+000,-1.));
#9767 = DIRECTION('',(1.,0.E+000,-0.E+000));
#9768 = ADVANCED_FACE('',(#9769),#9796,.F.);
#9769 = FACE_BOUND('',#9770,.T.);
#9770 = EDGE_LOOP('',(#9771,#9781,#9788,#9789));
#9771 = ORIENTED_EDGE('',*,*,#9772,.T.);
#9772 = EDGE_CURVE('',#9773,#9775,#9777,.T.);
#9773 = VERTEX_POINT('',#9774);
#9774 = CARTESIAN_POINT('',(61.798,1.232,-0.41148));
#9775 = VERTEX_POINT('',#9776);
#9776 = CARTESIAN_POINT('',(61.798,1.232,0.E+000));
#9777 = LINE('',#9778,#9779);
#9778 = CARTESIAN_POINT('',(61.798,1.232,-0.41148));
#9779 = VECTOR('',#9780,1.);
#9780 = DIRECTION('',(0.E+000,0.E+000,1.));
#9781 = ORIENTED_EDGE('',*,*,#9782,.T.);
#9782 = EDGE_CURVE('',#9775,#9775,#9783,.T.);
#9783 = CIRCLE('',#9784,0.55);
#9784 = AXIS2_PLACEMENT_3D('',#9785,#9786,#9787);
#9785 = CARTESIAN_POINT('',(61.248,1.232,0.E+000));
#9786 = DIRECTION('',(0.E+000,0.E+000,1.));
#9787 = DIRECTION('',(1.,0.E+000,-0.E+000));
#9788 = ORIENTED_EDGE('',*,*,#9772,.F.);
#9789 = ORIENTED_EDGE('',*,*,#9790,.F.);
#9790 = EDGE_CURVE('',#9773,#9773,#9791,.T.);
#9791 = CIRCLE('',#9792,0.55);
#9792 = AXIS2_PLACEMENT_3D('',#9793,#9794,#9795);
#9793 = CARTESIAN_POINT('',(61.248,1.232,-0.41148));
#9794 = DIRECTION('',(0.E+000,0.E+000,1.));
#9795 = DIRECTION('',(1.,0.E+000,-0.E+000));
#9796 = CYLINDRICAL_SURFACE('',#9797,0.55);
#9797 = AXIS2_PLACEMENT_3D('',#9798,#9799,#9800);
#9798 = CARTESIAN_POINT('',(61.248,1.232,-0.41148));
#9799 = DIRECTION('',(-0.E+000,-0.E+000,-1.));
#9800 = DIRECTION('',(1.,0.E+000,-0.E+000));
#9801 = ADVANCED_FACE('',(#9802),#9829,.F.);
#9802 = FACE_BOUND('',#9803,.T.);
#9803 = EDGE_LOOP('',(#9804,#9814,#9821,#9822));
#9804 = ORIENTED_EDGE('',*,*,#9805,.T.);
#9805 = EDGE_CURVE('',#9806,#9808,#9810,.T.);
#9806 = VERTEX_POINT('',#9807);
#9807 = CARTESIAN_POINT('',(50.219,12.89,-0.41148));
#9808 = VERTEX_POINT('',#9809);
#9809 = CARTESIAN_POINT('',(50.219,12.89,0.E+000));
#9810 = LINE('',#9811,#9812);
#9811 = CARTESIAN_POINT('',(50.219,12.89,-0.41148));
#9812 = VECTOR('',#9813,1.);
#9813 = DIRECTION('',(0.E+000,0.E+000,1.));
#9814 = ORIENTED_EDGE('',*,*,#9815,.T.);
#9815 = EDGE_CURVE('',#9808,#9808,#9816,.T.);
#9816 = CIRCLE('',#9817,0.25);
#9817 = AXIS2_PLACEMENT_3D('',#9818,#9819,#9820);
#9818 = CARTESIAN_POINT('',(49.969,12.89,0.E+000));
#9819 = DIRECTION('',(0.E+000,0.E+000,1.));
#9820 = DIRECTION('',(1.,0.E+000,-0.E+000));
#9821 = ORIENTED_EDGE('',*,*,#9805,.F.);
#9822 = ORIENTED_EDGE('',*,*,#9823,.F.);
#9823 = EDGE_CURVE('',#9806,#9806,#9824,.T.);
#9824 = CIRCLE('',#9825,0.25);
#9825 = AXIS2_PLACEMENT_3D('',#9826,#9827,#9828);
#9826 = CARTESIAN_POINT('',(49.969,12.89,-0.41148));
#9827 = DIRECTION('',(0.E+000,0.E+000,1.));
#9828 = DIRECTION('',(1.,0.E+000,-0.E+000));
#9829 = CYLINDRICAL_SURFACE('',#9830,0.25);
#9830 = AXIS2_PLACEMENT_3D('',#9831,#9832,#9833);
#9831 = CARTESIAN_POINT('',(49.969,12.89,-0.41148));
#9832 = DIRECTION('',(-0.E+000,-0.E+000,-1.));
#9833 = DIRECTION('',(1.,0.E+000,-0.E+000));
#9834 = ADVANCED_FACE('',(#9835),#9862,.F.);
#9835 = FACE_BOUND('',#9836,.T.);
#9836 = EDGE_LOOP('',(#9837,#9847,#9854,#9855));
#9837 = ORIENTED_EDGE('',*,*,#9838,.T.);
#9838 = EDGE_CURVE('',#9839,#9841,#9843,.T.);
#9839 = VERTEX_POINT('',#9840);
#9840 = CARTESIAN_POINT('',(51.647,13.476,-0.41148));
#9841 = VERTEX_POINT('',#9842);
#9842 = CARTESIAN_POINT('',(51.647,13.476,0.E+000));
#9843 = LINE('',#9844,#9845);
#9844 = CARTESIAN_POINT('',(51.647,13.476,-0.41148));
#9845 = VECTOR('',#9846,1.);
#9846 = DIRECTION('',(0.E+000,0.E+000,1.));
#9847 = ORIENTED_EDGE('',*,*,#9848,.T.);
#9848 = EDGE_CURVE('',#9841,#9841,#9849,.T.);
#9849 = CIRCLE('',#9850,0.25);
#9850 = AXIS2_PLACEMENT_3D('',#9851,#9852,#9853);
#9851 = CARTESIAN_POINT('',(51.397,13.476,0.E+000));
#9852 = DIRECTION('',(0.E+000,0.E+000,1.));
#9853 = DIRECTION('',(1.,0.E+000,-0.E+000));
#9854 = ORIENTED_EDGE('',*,*,#9838,.F.);
#9855 = ORIENTED_EDGE('',*,*,#9856,.F.);
#9856 = EDGE_CURVE('',#9839,#9839,#9857,.T.);
#9857 = CIRCLE('',#9858,0.25);
#9858 = AXIS2_PLACEMENT_3D('',#9859,#9860,#9861);
#9859 = CARTESIAN_POINT('',(51.397,13.476,-0.41148));
#9860 = DIRECTION('',(0.E+000,0.E+000,1.));
#9861 = DIRECTION('',(1.,0.E+000,-0.E+000));
#9862 = CYLINDRICAL_SURFACE('',#9863,0.25);
#9863 = AXIS2_PLACEMENT_3D('',#9864,#9865,#9866);
#9864 = CARTESIAN_POINT('',(51.397,13.476,-0.41148));
#9865 = DIRECTION('',(-0.E+000,-0.E+000,-1.));
#9866 = DIRECTION('',(1.,0.E+000,-0.E+000));
#9867 = ADVANCED_FACE('',(#9868),#9895,.F.);
#9868 = FACE_BOUND('',#9869,.T.);
#9869 = EDGE_LOOP('',(#9870,#9880,#9887,#9888));
#9870 = ORIENTED_EDGE('',*,*,#9871,.T.);
#9871 = EDGE_CURVE('',#9872,#9874,#9876,.T.);
#9872 = VERTEX_POINT('',#9873);
#9873 = CARTESIAN_POINT('',(61.798,9.179,-0.41148));
#9874 = VERTEX_POINT('',#9875);
#9875 = CARTESIAN_POINT('',(61.798,9.179,0.E+000));
#9876 = LINE('',#9877,#9878);
#9877 = CARTESIAN_POINT('',(61.798,9.179,-0.41148));
#9878 = VECTOR('',#9879,1.);
#9879 = DIRECTION('',(0.E+000,0.E+000,1.));
#9880 = ORIENTED_EDGE('',*,*,#9881,.T.);
#9881 = EDGE_CURVE('',#9874,#9874,#9882,.T.);
#9882 = CIRCLE('',#9883,0.55);
#9883 = AXIS2_PLACEMENT_3D('',#9884,#9885,#9886);
#9884 = CARTESIAN_POINT('',(61.248,9.179,0.E+000));
#9885 = DIRECTION('',(0.E+000,0.E+000,1.));
#9886 = DIRECTION('',(1.,0.E+000,-0.E+000));
#9887 = ORIENTED_EDGE('',*,*,#9871,.F.);
#9888 = ORIENTED_EDGE('',*,*,#9889,.F.);
#9889 = EDGE_CURVE('',#9872,#9872,#9890,.T.);
#9890 = CIRCLE('',#9891,0.55);
#9891 = AXIS2_PLACEMENT_3D('',#9892,#9893,#9894);
#9892 = CARTESIAN_POINT('',(61.248,9.179,-0.41148));
#9893 = DIRECTION('',(0.E+000,0.E+000,1.));
#9894 = DIRECTION('',(1.,0.E+000,-0.E+000));
#9895 = CYLINDRICAL_SURFACE('',#9896,0.55);
#9896 = AXIS2_PLACEMENT_3D('',#9897,#9898,#9899);
#9897 = CARTESIAN_POINT('',(61.248,9.179,-0.41148));
#9898 = DIRECTION('',(-0.E+000,-0.E+000,-1.));
#9899 = DIRECTION('',(1.,0.E+000,-0.E+000));
#9900 = ADVANCED_FACE('',(#9901),#9928,.F.);
#9901 = FACE_BOUND('',#9902,.T.);
#9902 = EDGE_LOOP('',(#9903,#9913,#9920,#9921));
#9903 = ORIENTED_EDGE('',*,*,#9904,.T.);
#9904 = EDGE_CURVE('',#9905,#9907,#9909,.T.);
#9905 = VERTEX_POINT('',#9906);
#9906 = CARTESIAN_POINT('',(51.75,15.,-0.41148));
#9907 = VERTEX_POINT('',#9908);
#9908 = CARTESIAN_POINT('',(51.75,15.,0.E+000));
#9909 = LINE('',#9910,#9911);
#9910 = CARTESIAN_POINT('',(51.75,15.,-0.41148));
#9911 = VECTOR('',#9912,1.);
#9912 = DIRECTION('',(0.E+000,0.E+000,1.));
#9913 = ORIENTED_EDGE('',*,*,#9914,.T.);
#9914 = EDGE_CURVE('',#9907,#9907,#9915,.T.);
#9915 = CIRCLE('',#9916,1.75);
#9916 = AXIS2_PLACEMENT_3D('',#9917,#9918,#9919);
#9917 = CARTESIAN_POINT('',(50.,15.,0.E+000));
#9918 = DIRECTION('',(0.E+000,0.E+000,1.));
#9919 = DIRECTION('',(1.,0.E+000,-0.E+000));
#9920 = ORIENTED_EDGE('',*,*,#9904,.F.);
#9921 = ORIENTED_EDGE('',*,*,#9922,.F.);
#9922 = EDGE_CURVE('',#9905,#9905,#9923,.T.);
#9923 = CIRCLE('',#9924,1.75);
#9924 = AXIS2_PLACEMENT_3D('',#9925,#9926,#9927);
#9925 = CARTESIAN_POINT('',(50.,15.,-0.41148));
#9926 = DIRECTION('',(0.E+000,0.E+000,1.));
#9927 = DIRECTION('',(1.,0.E+000,-0.E+000));
#9928 = CYLINDRICAL_SURFACE('',#9929,1.75);
#9929 = AXIS2_PLACEMENT_3D('',#9930,#9931,#9932);
#9930 = CARTESIAN_POINT('',(50.,15.,-0.41148));
#9931 = DIRECTION('',(-0.E+000,-0.E+000,-1.));
#9932 = DIRECTION('',(1.,0.E+000,-0.E+000));
#9933 = ADVANCED_FACE('',(#9934),#9961,.F.);
#9934 = FACE_BOUND('',#9935,.T.);
#9935 = EDGE_LOOP('',(#9936,#9946,#9953,#9954));
#9936 = ORIENTED_EDGE('',*,*,#9937,.T.);
#9937 = EDGE_CURVE('',#9938,#9940,#9942,.T.);
#9938 = VERTEX_POINT('',#9939);
#9939 = CARTESIAN_POINT('',(52.378,15.059,-0.41148));
#9940 = VERTEX_POINT('',#9941);
#9941 = CARTESIAN_POINT('',(52.378,15.059,0.E+000));
#9942 = LINE('',#9943,#9944);
#9943 = CARTESIAN_POINT('',(52.378,15.059,-0.41148));
#9944 = VECTOR('',#9945,1.);
#9945 = DIRECTION('',(0.E+000,0.E+000,1.));
#9946 = ORIENTED_EDGE('',*,*,#9947,.T.);
#9947 = EDGE_CURVE('',#9940,#9940,#9948,.T.);
#9948 = CIRCLE('',#9949,0.25);
#9949 = AXIS2_PLACEMENT_3D('',#9950,#9951,#9952);
#9950 = CARTESIAN_POINT('',(52.128,15.059,0.E+000));
#9951 = DIRECTION('',(0.E+000,0.E+000,1.));
#9952 = DIRECTION('',(1.,0.E+000,-0.E+000));
#9953 = ORIENTED_EDGE('',*,*,#9937,.F.);
#9954 = ORIENTED_EDGE('',*,*,#9955,.F.);
#9955 = EDGE_CURVE('',#9938,#9938,#9956,.T.);
#9956 = CIRCLE('',#9957,0.25);
#9957 = AXIS2_PLACEMENT_3D('',#9958,#9959,#9960);
#9958 = CARTESIAN_POINT('',(52.128,15.059,-0.41148));
#9959 = DIRECTION('',(0.E+000,0.E+000,1.));
#9960 = DIRECTION('',(1.,0.E+000,-0.E+000));
#9961 = CYLINDRICAL_SURFACE('',#9962,0.25);
#9962 = AXIS2_PLACEMENT_3D('',#9963,#9964,#9965);
#9963 = CARTESIAN_POINT('',(52.128,15.059,-0.41148));
#9964 = DIRECTION('',(-0.E+000,-0.E+000,-1.));
#9965 = DIRECTION('',(1.,0.E+000,-0.E+000));
#9966 = ADVANCED_FACE('',(#9967),#9994,.F.);
#9967 = FACE_BOUND('',#9968,.T.);
#9968 = EDGE_LOOP('',(#9969,#9979,#9986,#9987));
#9969 = ORIENTED_EDGE('',*,*,#9970,.T.);
#9970 = EDGE_CURVE('',#9971,#9973,#9975,.T.);
#9971 = VERTEX_POINT('',#9972);
#9972 = CARTESIAN_POINT('',(34.072,20.447,-0.41148));
#9973 = VERTEX_POINT('',#9974);
#9974 = CARTESIAN_POINT('',(34.072,20.447,0.E+000));
#9975 = LINE('',#9976,#9977);
#9976 = CARTESIAN_POINT('',(34.072,20.447,-0.41148));
#9977 = VECTOR('',#9978,1.);
#9978 = DIRECTION('',(0.E+000,0.E+000,1.));
#9979 = ORIENTED_EDGE('',*,*,#9980,.T.);
#9980 = EDGE_CURVE('',#9973,#9973,#9981,.T.);
#9981 = CIRCLE('',#9982,0.55);
#9982 = AXIS2_PLACEMENT_3D('',#9983,#9984,#9985);
#9983 = CARTESIAN_POINT('',(33.522,20.447,0.E+000));
#9984 = DIRECTION('',(0.E+000,0.E+000,1.));
#9985 = DIRECTION('',(1.,0.E+000,-0.E+000));
#9986 = ORIENTED_EDGE('',*,*,#9970,.F.);
#9987 = ORIENTED_EDGE('',*,*,#9988,.F.);
#9988 = EDGE_CURVE('',#9971,#9971,#9989,.T.);
#9989 = CIRCLE('',#9990,0.55);
#9990 = AXIS2_PLACEMENT_3D('',#9991,#9992,#9993);
#9991 = CARTESIAN_POINT('',(33.522,20.447,-0.41148));
#9992 = DIRECTION('',(0.E+000,0.E+000,1.));
#9993 = DIRECTION('',(1.,0.E+000,-0.E+000));
#9994 = CYLINDRICAL_SURFACE('',#9995,0.55);
#9995 = AXIS2_PLACEMENT_3D('',#9996,#9997,#9998);
#9996 = CARTESIAN_POINT('',(33.522,20.447,-0.41148));
#9997 = DIRECTION('',(-0.E+000,-0.E+000,-1.));
#9998 = DIRECTION('',(1.,0.E+000,-0.E+000));
#9999 = ADVANCED_FACE('',(#10000),#10027,.F.);
#10000 = FACE_BOUND('',#10001,.T.);
#10001 = EDGE_LOOP('',(#10002,#10012,#10019,#10020));
#10002 = ORIENTED_EDGE('',*,*,#10003,.T.);
#10003 = EDGE_CURVE('',#10004,#10006,#10008,.T.);
#10004 = VERTEX_POINT('',#10005);
#10005 = CARTESIAN_POINT('',(34.072,22.987,-0.41148));
#10006 = VERTEX_POINT('',#10007);
#10007 = CARTESIAN_POINT('',(34.072,22.987,0.E+000));
#10008 = LINE('',#10009,#10010);
#10009 = CARTESIAN_POINT('',(34.072,22.987,-0.41148));
#10010 = VECTOR('',#10011,1.);
#10011 = DIRECTION('',(0.E+000,0.E+000,1.));
#10012 = ORIENTED_EDGE('',*,*,#10013,.T.);
#10013 = EDGE_CURVE('',#10006,#10006,#10014,.T.);
#10014 = CIRCLE('',#10015,0.55);
#10015 = AXIS2_PLACEMENT_3D('',#10016,#10017,#10018);
#10016 = CARTESIAN_POINT('',(33.522,22.987,0.E+000));
#10017 = DIRECTION('',(0.E+000,0.E+000,1.));
#10018 = DIRECTION('',(1.,0.E+000,-0.E+000));
#10019 = ORIENTED_EDGE('',*,*,#10003,.F.);
#10020 = ORIENTED_EDGE('',*,*,#10021,.F.);
#10021 = EDGE_CURVE('',#10004,#10004,#10022,.T.);
#10022 = CIRCLE('',#10023,0.55);
#10023 = AXIS2_PLACEMENT_3D('',#10024,#10025,#10026);
#10024 = CARTESIAN_POINT('',(33.522,22.987,-0.41148));
#10025 = DIRECTION('',(0.E+000,0.E+000,1.));
#10026 = DIRECTION('',(1.,0.E+000,-0.E+000));
#10027 = CYLINDRICAL_SURFACE('',#10028,0.55);
#10028 = AXIS2_PLACEMENT_3D('',#10029,#10030,#10031);
#10029 = CARTESIAN_POINT('',(33.522,22.987,-0.41148));
#10030 = DIRECTION('',(-0.E+000,-0.E+000,-1.));
#10031 = DIRECTION('',(1.,0.E+000,-0.E+000));
#10032 = ADVANCED_FACE('',(#10033),#10060,.F.);
#10033 = FACE_BOUND('',#10034,.T.);
#10034 = EDGE_LOOP('',(#10035,#10045,#10052,#10053));
#10035 = ORIENTED_EDGE('',*,*,#10036,.T.);
#10036 = EDGE_CURVE('',#10037,#10039,#10041,.T.);
#10037 = VERTEX_POINT('',#10038);
#10038 = CARTESIAN_POINT('',(40.293,20.447,-0.41148));
#10039 = VERTEX_POINT('',#10040);
#10040 = CARTESIAN_POINT('',(40.293,20.447,0.E+000));
#10041 = LINE('',#10042,#10043);
#10042 = CARTESIAN_POINT('',(40.293,20.447,-0.41148));
#10043 = VECTOR('',#10044,1.);
#10044 = DIRECTION('',(0.E+000,0.E+000,1.));
#10045 = ORIENTED_EDGE('',*,*,#10046,.T.);
#10046 = EDGE_CURVE('',#10039,#10039,#10047,.T.);
#10047 = CIRCLE('',#10048,0.55);
#10048 = AXIS2_PLACEMENT_3D('',#10049,#10050,#10051);
#10049 = CARTESIAN_POINT('',(39.743,20.447,0.E+000));
#10050 = DIRECTION('',(0.E+000,0.E+000,1.));
#10051 = DIRECTION('',(1.,0.E+000,-0.E+000));
#10052 = ORIENTED_EDGE('',*,*,#10036,.F.);
#10053 = ORIENTED_EDGE('',*,*,#10054,.F.);
#10054 = EDGE_CURVE('',#10037,#10037,#10055,.T.);
#10055 = CIRCLE('',#10056,0.55);
#10056 = AXIS2_PLACEMENT_3D('',#10057,#10058,#10059);
#10057 = CARTESIAN_POINT('',(39.743,20.447,-0.41148));
#10058 = DIRECTION('',(0.E+000,0.E+000,1.));
#10059 = DIRECTION('',(1.,0.E+000,-0.E+000));
#10060 = CYLINDRICAL_SURFACE('',#10061,0.55);
#10061 = AXIS2_PLACEMENT_3D('',#10062,#10063,#10064);
#10062 = CARTESIAN_POINT('',(39.743,20.447,-0.41148));
#10063 = DIRECTION('',(-0.E+000,-0.E+000,-1.));
#10064 = DIRECTION('',(1.,0.E+000,-0.E+000));
#10065 = ADVANCED_FACE('',(#10066),#10093,.F.);
#10066 = FACE_BOUND('',#10067,.T.);
#10067 = EDGE_LOOP('',(#10068,#10078,#10085,#10086));
#10068 = ORIENTED_EDGE('',*,*,#10069,.T.);
#10069 = EDGE_CURVE('',#10070,#10072,#10074,.T.);
#10070 = VERTEX_POINT('',#10071);
#10071 = CARTESIAN_POINT('',(40.293,22.987,-0.41148));
#10072 = VERTEX_POINT('',#10073);
#10073 = CARTESIAN_POINT('',(40.293,22.987,0.E+000));
#10074 = LINE('',#10075,#10076);
#10075 = CARTESIAN_POINT('',(40.293,22.987,-0.41148));
#10076 = VECTOR('',#10077,1.);
#10077 = DIRECTION('',(0.E+000,0.E+000,1.));
#10078 = ORIENTED_EDGE('',*,*,#10079,.T.);
#10079 = EDGE_CURVE('',#10072,#10072,#10080,.T.);
#10080 = CIRCLE('',#10081,0.55);
#10081 = AXIS2_PLACEMENT_3D('',#10082,#10083,#10084);
#10082 = CARTESIAN_POINT('',(39.743,22.987,0.E+000));
#10083 = DIRECTION('',(0.E+000,0.E+000,1.));
#10084 = DIRECTION('',(1.,0.E+000,-0.E+000));
#10085 = ORIENTED_EDGE('',*,*,#10069,.F.);
#10086 = ORIENTED_EDGE('',*,*,#10087,.F.);
#10087 = EDGE_CURVE('',#10070,#10070,#10088,.T.);
#10088 = CIRCLE('',#10089,0.55);
#10089 = AXIS2_PLACEMENT_3D('',#10090,#10091,#10092);
#10090 = CARTESIAN_POINT('',(39.743,22.987,-0.41148));
#10091 = DIRECTION('',(0.E+000,0.E+000,1.));
#10092 = DIRECTION('',(1.,0.E+000,-0.E+000));
#10093 = CYLINDRICAL_SURFACE('',#10094,0.55);
#10094 = AXIS2_PLACEMENT_3D('',#10095,#10096,#10097);
#10095 = CARTESIAN_POINT('',(39.743,22.987,-0.41148));
#10096 = DIRECTION('',(-0.E+000,-0.E+000,-1.));
#10097 = DIRECTION('',(1.,0.E+000,-0.E+000));
#10098 = ADVANCED_FACE('',(#10099),#10126,.F.);
#10099 = FACE_BOUND('',#10100,.T.);
#10100 = EDGE_LOOP('',(#10101,#10111,#10118,#10119));
#10101 = ORIENTED_EDGE('',*,*,#10102,.T.);
#10102 = EDGE_CURVE('',#10103,#10105,#10107,.T.);
#10103 = VERTEX_POINT('',#10104);
#10104 = CARTESIAN_POINT('',(34.072,25.527,-0.41148));
#10105 = VERTEX_POINT('',#10106);
#10106 = CARTESIAN_POINT('',(34.072,25.527,0.E+000));
#10107 = LINE('',#10108,#10109);
#10108 = CARTESIAN_POINT('',(34.072,25.527,-0.41148));
#10109 = VECTOR('',#10110,1.);
#10110 = DIRECTION('',(0.E+000,0.E+000,1.));
#10111 = ORIENTED_EDGE('',*,*,#10112,.T.);
#10112 = EDGE_CURVE('',#10105,#10105,#10113,.T.);
#10113 = CIRCLE('',#10114,0.55);
#10114 = AXIS2_PLACEMENT_3D('',#10115,#10116,#10117);
#10115 = CARTESIAN_POINT('',(33.522,25.527,0.E+000));
#10116 = DIRECTION('',(0.E+000,0.E+000,1.));
#10117 = DIRECTION('',(1.,0.E+000,-0.E+000));
#10118 = ORIENTED_EDGE('',*,*,#10102,.F.);
#10119 = ORIENTED_EDGE('',*,*,#10120,.F.);
#10120 = EDGE_CURVE('',#10103,#10103,#10121,.T.);
#10121 = CIRCLE('',#10122,0.55);
#10122 = AXIS2_PLACEMENT_3D('',#10123,#10124,#10125);
#10123 = CARTESIAN_POINT('',(33.522,25.527,-0.41148));
#10124 = DIRECTION('',(0.E+000,0.E+000,1.));
#10125 = DIRECTION('',(1.,0.E+000,-0.E+000));
#10126 = CYLINDRICAL_SURFACE('',#10127,0.55);
#10127 = AXIS2_PLACEMENT_3D('',#10128,#10129,#10130);
#10128 = CARTESIAN_POINT('',(33.522,25.527,-0.41148));
#10129 = DIRECTION('',(-0.E+000,-0.E+000,-1.));
#10130 = DIRECTION('',(1.,0.E+000,-0.E+000));
#10131 = ADVANCED_FACE('',(#10132),#10159,.F.);
#10132 = FACE_BOUND('',#10133,.T.);
#10133 = EDGE_LOOP('',(#10134,#10144,#10151,#10152));
#10134 = ORIENTED_EDGE('',*,*,#10135,.T.);
#10135 = EDGE_CURVE('',#10136,#10138,#10140,.T.);
#10136 = VERTEX_POINT('',#10137);
#10137 = CARTESIAN_POINT('',(30.903,51.689,-0.41148));
#10138 = VERTEX_POINT('',#10139);
#10139 = CARTESIAN_POINT('',(30.903,51.689,0.E+000));
#10140 = LINE('',#10141,#10142);
#10141 = CARTESIAN_POINT('',(30.903,51.689,-0.41148));
#10142 = VECTOR('',#10143,1.);
#10143 = DIRECTION('',(0.E+000,0.E+000,1.));
#10144 = ORIENTED_EDGE('',*,*,#10145,.T.);
#10145 = EDGE_CURVE('',#10138,#10138,#10146,.T.);
#10146 = CIRCLE('',#10147,0.55);
#10147 = AXIS2_PLACEMENT_3D('',#10148,#10149,#10150);
#10148 = CARTESIAN_POINT('',(30.353,51.689,0.E+000));
#10149 = DIRECTION('',(0.E+000,0.E+000,1.));
#10150 = DIRECTION('',(1.,0.E+000,-0.E+000));
#10151 = ORIENTED_EDGE('',*,*,#10135,.F.);
#10152 = ORIENTED_EDGE('',*,*,#10153,.F.);
#10153 = EDGE_CURVE('',#10136,#10136,#10154,.T.);
#10154 = CIRCLE('',#10155,0.55);
#10155 = AXIS2_PLACEMENT_3D('',#10156,#10157,#10158);
#10156 = CARTESIAN_POINT('',(30.353,51.689,-0.41148));
#10157 = DIRECTION('',(0.E+000,0.E+000,1.));
#10158 = DIRECTION('',(1.,0.E+000,-0.E+000));
#10159 = CYLINDRICAL_SURFACE('',#10160,0.55);
#10160 = AXIS2_PLACEMENT_3D('',#10161,#10162,#10163);
#10161 = CARTESIAN_POINT('',(30.353,51.689,-0.41148));
#10162 = DIRECTION('',(-0.E+000,-0.E+000,-1.));
#10163 = DIRECTION('',(1.,0.E+000,-0.E+000));
#10164 = ADVANCED_FACE('',(#10165),#10192,.F.);
#10165 = FACE_BOUND('',#10166,.T.);
#10166 = EDGE_LOOP('',(#10167,#10177,#10184,#10185));
#10167 = ORIENTED_EDGE('',*,*,#10168,.T.);
#10168 = EDGE_CURVE('',#10169,#10171,#10173,.T.);
#10169 = VERTEX_POINT('',#10170);
#10170 = CARTESIAN_POINT('',(48.048,25.146,-0.41148));
#10171 = VERTEX_POINT('',#10172);
#10172 = CARTESIAN_POINT('',(48.048,25.146,0.E+000));
#10173 = LINE('',#10174,#10175);
#10174 = CARTESIAN_POINT('',(48.048,25.146,-0.41148));
#10175 = VECTOR('',#10176,1.);
#10176 = DIRECTION('',(0.E+000,0.E+000,1.));
#10177 = ORIENTED_EDGE('',*,*,#10178,.T.);
#10178 = EDGE_CURVE('',#10171,#10171,#10179,.T.);
#10179 = CIRCLE('',#10180,0.55);
#10180 = AXIS2_PLACEMENT_3D('',#10181,#10182,#10183);
#10181 = CARTESIAN_POINT('',(47.498,25.146,0.E+000));
#10182 = DIRECTION('',(0.E+000,0.E+000,1.));
#10183 = DIRECTION('',(1.,0.E+000,-0.E+000));
#10184 = ORIENTED_EDGE('',*,*,#10168,.F.);
#10185 = ORIENTED_EDGE('',*,*,#10186,.F.);
#10186 = EDGE_CURVE('',#10169,#10169,#10187,.T.);
#10187 = CIRCLE('',#10188,0.55);
#10188 = AXIS2_PLACEMENT_3D('',#10189,#10190,#10191);
#10189 = CARTESIAN_POINT('',(47.498,25.146,-0.41148));
#10190 = DIRECTION('',(0.E+000,0.E+000,1.));
#10191 = DIRECTION('',(1.,0.E+000,-0.E+000));
#10192 = CYLINDRICAL_SURFACE('',#10193,0.55);
#10193 = AXIS2_PLACEMENT_3D('',#10194,#10195,#10196);
#10194 = CARTESIAN_POINT('',(47.498,25.146,-0.41148));
#10195 = DIRECTION('',(-0.E+000,-0.E+000,-1.));
#10196 = DIRECTION('',(1.,0.E+000,-0.E+000));
#10197 = ADVANCED_FACE('',(#10198),#10225,.F.);
#10198 = FACE_BOUND('',#10199,.T.);
#10199 = EDGE_LOOP('',(#10200,#10210,#10217,#10218));
#10200 = ORIENTED_EDGE('',*,*,#10201,.T.);
#10201 = EDGE_CURVE('',#10202,#10204,#10206,.T.);
#10202 = VERTEX_POINT('',#10203);
#10203 = CARTESIAN_POINT('',(40.293,25.527,-0.41148));
#10204 = VERTEX_POINT('',#10205);
#10205 = CARTESIAN_POINT('',(40.293,25.527,0.E+000));
#10206 = LINE('',#10207,#10208);
#10207 = CARTESIAN_POINT('',(40.293,25.527,-0.41148));
#10208 = VECTOR('',#10209,1.);
#10209 = DIRECTION('',(0.E+000,0.E+000,1.));
#10210 = ORIENTED_EDGE('',*,*,#10211,.T.);
#10211 = EDGE_CURVE('',#10204,#10204,#10212,.T.);
#10212 = CIRCLE('',#10213,0.55);
#10213 = AXIS2_PLACEMENT_3D('',#10214,#10215,#10216);
#10214 = CARTESIAN_POINT('',(39.743,25.527,0.E+000));
#10215 = DIRECTION('',(0.E+000,0.E+000,1.));
#10216 = DIRECTION('',(1.,0.E+000,-0.E+000));
#10217 = ORIENTED_EDGE('',*,*,#10201,.F.);
#10218 = ORIENTED_EDGE('',*,*,#10219,.F.);
#10219 = EDGE_CURVE('',#10202,#10202,#10220,.T.);
#10220 = CIRCLE('',#10221,0.55);
#10221 = AXIS2_PLACEMENT_3D('',#10222,#10223,#10224);
#10222 = CARTESIAN_POINT('',(39.743,25.527,-0.41148));
#10223 = DIRECTION('',(0.E+000,0.E+000,1.));
#10224 = DIRECTION('',(1.,0.E+000,-0.E+000));
#10225 = CYLINDRICAL_SURFACE('',#10226,0.55);
#10226 = AXIS2_PLACEMENT_3D('',#10227,#10228,#10229);
#10227 = CARTESIAN_POINT('',(39.743,25.527,-0.41148));
#10228 = DIRECTION('',(-0.E+000,-0.E+000,-1.));
#10229 = DIRECTION('',(1.,0.E+000,-0.E+000));
#10230 = ADVANCED_FACE('',(#10231),#10258,.F.);
#10231 = FACE_BOUND('',#10232,.T.);
#10232 = EDGE_LOOP('',(#10233,#10243,#10250,#10251));
#10233 = ORIENTED_EDGE('',*,*,#10234,.T.);
#10234 = EDGE_CURVE('',#10235,#10237,#10239,.T.);
#10235 = VERTEX_POINT('',#10236);
#10236 = CARTESIAN_POINT('',(48.048,35.306,-0.41148));
#10237 = VERTEX_POINT('',#10238);
#10238 = CARTESIAN_POINT('',(48.048,35.306,0.E+000));
#10239 = LINE('',#10240,#10241);
#10240 = CARTESIAN_POINT('',(48.048,35.306,-0.41148));
#10241 = VECTOR('',#10242,1.);
#10242 = DIRECTION('',(0.E+000,0.E+000,1.));
#10243 = ORIENTED_EDGE('',*,*,#10244,.T.);
#10244 = EDGE_CURVE('',#10237,#10237,#10245,.T.);
#10245 = CIRCLE('',#10246,0.55);
#10246 = AXIS2_PLACEMENT_3D('',#10247,#10248,#10249);
#10247 = CARTESIAN_POINT('',(47.498,35.306,0.E+000));
#10248 = DIRECTION('',(0.E+000,0.E+000,1.));
#10249 = DIRECTION('',(1.,0.E+000,-0.E+000));
#10250 = ORIENTED_EDGE('',*,*,#10234,.F.);
#10251 = ORIENTED_EDGE('',*,*,#10252,.F.);
#10252 = EDGE_CURVE('',#10235,#10235,#10253,.T.);
#10253 = CIRCLE('',#10254,0.55);
#10254 = AXIS2_PLACEMENT_3D('',#10255,#10256,#10257);
#10255 = CARTESIAN_POINT('',(47.498,35.306,-0.41148));
#10256 = DIRECTION('',(0.E+000,0.E+000,1.));
#10257 = DIRECTION('',(1.,0.E+000,-0.E+000));
#10258 = CYLINDRICAL_SURFACE('',#10259,0.55);
#10259 = AXIS2_PLACEMENT_3D('',#10260,#10261,#10262);
#10260 = CARTESIAN_POINT('',(47.498,35.306,-0.41148));
#10261 = DIRECTION('',(-0.E+000,-0.E+000,-1.));
#10262 = DIRECTION('',(1.,0.E+000,-0.E+000));
#10263 = ADVANCED_FACE('',(#10264),#10291,.F.);
#10264 = FACE_BOUND('',#10265,.T.);
#10265 = EDGE_LOOP('',(#10266,#10276,#10283,#10284));
#10266 = ORIENTED_EDGE('',*,*,#10267,.T.);
#10267 = EDGE_CURVE('',#10268,#10270,#10272,.T.);
#10268 = VERTEX_POINT('',#10269);
#10269 = CARTESIAN_POINT('',(50.25,17.159,-0.41148));
#10270 = VERTEX_POINT('',#10271);
#10271 = CARTESIAN_POINT('',(50.25,17.159,0.E+000));
#10272 = LINE('',#10273,#10274);
#10273 = CARTESIAN_POINT('',(50.25,17.159,-0.41148));
#10274 = VECTOR('',#10275,1.);
#10275 = DIRECTION('',(0.E+000,0.E+000,1.));
#10276 = ORIENTED_EDGE('',*,*,#10277,.T.);
#10277 = EDGE_CURVE('',#10270,#10270,#10278,.T.);
#10278 = CIRCLE('',#10279,0.25);
#10279 = AXIS2_PLACEMENT_3D('',#10280,#10281,#10282);
#10280 = CARTESIAN_POINT('',(50.,17.159,0.E+000));
#10281 = DIRECTION('',(0.E+000,0.E+000,1.));
#10282 = DIRECTION('',(1.,0.E+000,-0.E+000));
#10283 = ORIENTED_EDGE('',*,*,#10267,.F.);
#10284 = ORIENTED_EDGE('',*,*,#10285,.F.);
#10285 = EDGE_CURVE('',#10268,#10268,#10286,.T.);
#10286 = CIRCLE('',#10287,0.25);
#10287 = AXIS2_PLACEMENT_3D('',#10288,#10289,#10290);
#10288 = CARTESIAN_POINT('',(50.,17.159,-0.41148));
#10289 = DIRECTION('',(0.E+000,0.E+000,1.));
#10290 = DIRECTION('',(1.,0.E+000,-0.E+000));
#10291 = CYLINDRICAL_SURFACE('',#10292,0.25);
#10292 = AXIS2_PLACEMENT_3D('',#10293,#10294,#10295);
#10293 = CARTESIAN_POINT('',(50.,17.159,-0.41148));
#10294 = DIRECTION('',(-0.E+000,-0.E+000,-1.));
#10295 = DIRECTION('',(1.,0.E+000,-0.E+000));
#10296 = ADVANCED_FACE('',(#10297),#10324,.F.);
#10297 = FACE_BOUND('',#10298,.T.);
#10298 = EDGE_LOOP('',(#10299,#10309,#10316,#10317));
#10299 = ORIENTED_EDGE('',*,*,#10300,.T.);
#10300 = EDGE_CURVE('',#10301,#10303,#10305,.T.);
#10301 = VERTEX_POINT('',#10302);
#10302 = CARTESIAN_POINT('',(48.048,27.686,-0.41148));
#10303 = VERTEX_POINT('',#10304);
#10304 = CARTESIAN_POINT('',(48.048,27.686,0.E+000));
#10305 = LINE('',#10306,#10307);
#10306 = CARTESIAN_POINT('',(48.048,27.686,-0.41148));
#10307 = VECTOR('',#10308,1.);
#10308 = DIRECTION('',(0.E+000,0.E+000,1.));
#10309 = ORIENTED_EDGE('',*,*,#10310,.T.);
#10310 = EDGE_CURVE('',#10303,#10303,#10311,.T.);
#10311 = CIRCLE('',#10312,0.55);
#10312 = AXIS2_PLACEMENT_3D('',#10313,#10314,#10315);
#10313 = CARTESIAN_POINT('',(47.498,27.686,0.E+000));
#10314 = DIRECTION('',(0.E+000,0.E+000,1.));
#10315 = DIRECTION('',(1.,0.E+000,-0.E+000));
#10316 = ORIENTED_EDGE('',*,*,#10300,.F.);
#10317 = ORIENTED_EDGE('',*,*,#10318,.F.);
#10318 = EDGE_CURVE('',#10301,#10301,#10319,.T.);
#10319 = CIRCLE('',#10320,0.55);
#10320 = AXIS2_PLACEMENT_3D('',#10321,#10322,#10323);
#10321 = CARTESIAN_POINT('',(47.498,27.686,-0.41148));
#10322 = DIRECTION('',(0.E+000,0.E+000,1.));
#10323 = DIRECTION('',(1.,0.E+000,-0.E+000));
#10324 = CYLINDRICAL_SURFACE('',#10325,0.55);
#10325 = AXIS2_PLACEMENT_3D('',#10326,#10327,#10328);
#10326 = CARTESIAN_POINT('',(47.498,27.686,-0.41148));
#10327 = DIRECTION('',(-0.E+000,-0.E+000,-1.));
#10328 = DIRECTION('',(1.,0.E+000,-0.E+000));
#10329 = ADVANCED_FACE('',(#10330),#10357,.F.);
#10330 = FACE_BOUND('',#10331,.T.);
#10331 = EDGE_LOOP('',(#10332,#10342,#10349,#10350));
#10332 = ORIENTED_EDGE('',*,*,#10333,.T.);
#10333 = EDGE_CURVE('',#10334,#10336,#10338,.T.);
#10334 = VERTEX_POINT('',#10335);
#10335 = CARTESIAN_POINT('',(51.647,16.524,-0.41148));
#10336 = VERTEX_POINT('',#10337);
#10337 = CARTESIAN_POINT('',(51.647,16.524,0.E+000));
#10338 = LINE('',#10339,#10340);
#10339 = CARTESIAN_POINT('',(51.647,16.524,-0.41148));
#10340 = VECTOR('',#10341,1.);
#10341 = DIRECTION('',(0.E+000,0.E+000,1.));
#10342 = ORIENTED_EDGE('',*,*,#10343,.T.);
#10343 = EDGE_CURVE('',#10336,#10336,#10344,.T.);
#10344 = CIRCLE('',#10345,0.25);
#10345 = AXIS2_PLACEMENT_3D('',#10346,#10347,#10348);
#10346 = CARTESIAN_POINT('',(51.397,16.524,0.E+000));
#10347 = DIRECTION('',(0.E+000,0.E+000,1.));
#10348 = DIRECTION('',(1.,0.E+000,-0.E+000));
#10349 = ORIENTED_EDGE('',*,*,#10333,.F.);
#10350 = ORIENTED_EDGE('',*,*,#10351,.F.);
#10351 = EDGE_CURVE('',#10334,#10334,#10352,.T.);
#10352 = CIRCLE('',#10353,0.25);
#10353 = AXIS2_PLACEMENT_3D('',#10354,#10355,#10356);
#10354 = CARTESIAN_POINT('',(51.397,16.524,-0.41148));
#10355 = DIRECTION('',(0.E+000,0.E+000,1.));
#10356 = DIRECTION('',(1.,0.E+000,-0.E+000));
#10357 = CYLINDRICAL_SURFACE('',#10358,0.25);
#10358 = AXIS2_PLACEMENT_3D('',#10359,#10360,#10361);
#10359 = CARTESIAN_POINT('',(51.397,16.524,-0.41148));
#10360 = DIRECTION('',(-0.E+000,-0.E+000,-1.));
#10361 = DIRECTION('',(1.,0.E+000,-0.E+000));
#10362 = ADVANCED_FACE('',(#10363),#10390,.F.);
#10363 = FACE_BOUND('',#10364,.T.);
#10364 = EDGE_LOOP('',(#10365,#10375,#10382,#10383));
#10365 = ORIENTED_EDGE('',*,*,#10366,.T.);
#10366 = EDGE_CURVE('',#10367,#10369,#10371,.T.);
#10367 = VERTEX_POINT('',#10368);
#10368 = CARTESIAN_POINT('',(50.588,27.686,-0.41148));
#10369 = VERTEX_POINT('',#10370);
#10370 = CARTESIAN_POINT('',(50.588,27.686,0.E+000));
#10371 = LINE('',#10372,#10373);
#10372 = CARTESIAN_POINT('',(50.588,27.686,-0.41148));
#10373 = VECTOR('',#10374,1.);
#10374 = DIRECTION('',(0.E+000,0.E+000,1.));
#10375 = ORIENTED_EDGE('',*,*,#10376,.T.);
#10376 = EDGE_CURVE('',#10369,#10369,#10377,.T.);
#10377 = CIRCLE('',#10378,0.55);
#10378 = AXIS2_PLACEMENT_3D('',#10379,#10380,#10381);
#10379 = CARTESIAN_POINT('',(50.038,27.686,0.E+000));
#10380 = DIRECTION('',(0.E+000,0.E+000,1.));
#10381 = DIRECTION('',(1.,0.E+000,-0.E+000));
#10382 = ORIENTED_EDGE('',*,*,#10366,.F.);
#10383 = ORIENTED_EDGE('',*,*,#10384,.F.);
#10384 = EDGE_CURVE('',#10367,#10367,#10385,.T.);
#10385 = CIRCLE('',#10386,0.55);
#10386 = AXIS2_PLACEMENT_3D('',#10387,#10388,#10389);
#10387 = CARTESIAN_POINT('',(50.038,27.686,-0.41148));
#10388 = DIRECTION('',(0.E+000,0.E+000,1.));
#10389 = DIRECTION('',(1.,0.E+000,-0.E+000));
#10390 = CYLINDRICAL_SURFACE('',#10391,0.55);
#10391 = AXIS2_PLACEMENT_3D('',#10392,#10393,#10394);
#10392 = CARTESIAN_POINT('',(50.038,27.686,-0.41148));
#10393 = DIRECTION('',(-0.E+000,-0.E+000,-1.));
#10394 = DIRECTION('',(1.,0.E+000,-0.E+000));
#10395 = ADVANCED_FACE('',(#10396),#10423,.F.);
#10396 = FACE_BOUND('',#10397,.T.);
#10397 = EDGE_LOOP('',(#10398,#10408,#10415,#10416));
#10398 = ORIENTED_EDGE('',*,*,#10399,.T.);
#10399 = EDGE_CURVE('',#10400,#10402,#10404,.T.);
#10400 = VERTEX_POINT('',#10401);
#10401 = CARTESIAN_POINT('',(50.588,25.146,-0.41148));
#10402 = VERTEX_POINT('',#10403);
#10403 = CARTESIAN_POINT('',(50.588,25.146,0.E+000));
#10404 = LINE('',#10405,#10406);
#10405 = CARTESIAN_POINT('',(50.588,25.146,-0.41148));
#10406 = VECTOR('',#10407,1.);
#10407 = DIRECTION('',(0.E+000,0.E+000,1.));
#10408 = ORIENTED_EDGE('',*,*,#10409,.T.);
#10409 = EDGE_CURVE('',#10402,#10402,#10410,.T.);
#10410 = CIRCLE('',#10411,0.55);
#10411 = AXIS2_PLACEMENT_3D('',#10412,#10413,#10414);
#10412 = CARTESIAN_POINT('',(50.038,25.146,0.E+000));
#10413 = DIRECTION('',(0.E+000,0.E+000,1.));
#10414 = DIRECTION('',(1.,0.E+000,-0.E+000));
#10415 = ORIENTED_EDGE('',*,*,#10399,.F.);
#10416 = ORIENTED_EDGE('',*,*,#10417,.F.);
#10417 = EDGE_CURVE('',#10400,#10400,#10418,.T.);
#10418 = CIRCLE('',#10419,0.55);
#10419 = AXIS2_PLACEMENT_3D('',#10420,#10421,#10422);
#10420 = CARTESIAN_POINT('',(50.038,25.146,-0.41148));
#10421 = DIRECTION('',(0.E+000,0.E+000,1.));
#10422 = DIRECTION('',(1.,0.E+000,-0.E+000));
#10423 = CYLINDRICAL_SURFACE('',#10424,0.55);
#10424 = AXIS2_PLACEMENT_3D('',#10425,#10426,#10427);
#10425 = CARTESIAN_POINT('',(50.038,25.146,-0.41148));
#10426 = DIRECTION('',(-0.E+000,-0.E+000,-1.));
#10427 = DIRECTION('',(1.,0.E+000,-0.E+000));
#10428 = ADVANCED_FACE('',(#10429),#10456,.F.);
#10429 = FACE_BOUND('',#10430,.T.);
#10430 = EDGE_LOOP('',(#10431,#10441,#10448,#10449));
#10431 = ORIENTED_EDGE('',*,*,#10432,.T.);
#10432 = EDGE_CURVE('',#10433,#10435,#10437,.T.);
#10433 = VERTEX_POINT('',#10434);
#10434 = CARTESIAN_POINT('',(48.048,30.226,-0.41148));
#10435 = VERTEX_POINT('',#10436);
#10436 = CARTESIAN_POINT('',(48.048,30.226,0.E+000));
#10437 = LINE('',#10438,#10439);
#10438 = CARTESIAN_POINT('',(48.048,30.226,-0.41148));
#10439 = VECTOR('',#10440,1.);
#10440 = DIRECTION('',(0.E+000,0.E+000,1.));
#10441 = ORIENTED_EDGE('',*,*,#10442,.T.);
#10442 = EDGE_CURVE('',#10435,#10435,#10443,.T.);
#10443 = CIRCLE('',#10444,0.55);
#10444 = AXIS2_PLACEMENT_3D('',#10445,#10446,#10447);
#10445 = CARTESIAN_POINT('',(47.498,30.226,0.E+000));
#10446 = DIRECTION('',(0.E+000,0.E+000,1.));
#10447 = DIRECTION('',(1.,0.E+000,-0.E+000));
#10448 = ORIENTED_EDGE('',*,*,#10432,.F.);
#10449 = ORIENTED_EDGE('',*,*,#10450,.F.);
#10450 = EDGE_CURVE('',#10433,#10433,#10451,.T.);
#10451 = CIRCLE('',#10452,0.55);
#10452 = AXIS2_PLACEMENT_3D('',#10453,#10454,#10455);
#10453 = CARTESIAN_POINT('',(47.498,30.226,-0.41148));
#10454 = DIRECTION('',(0.E+000,0.E+000,1.));
#10455 = DIRECTION('',(1.,0.E+000,-0.E+000));
#10456 = CYLINDRICAL_SURFACE('',#10457,0.55);
#10457 = AXIS2_PLACEMENT_3D('',#10458,#10459,#10460);
#10458 = CARTESIAN_POINT('',(47.498,30.226,-0.41148));
#10459 = DIRECTION('',(-0.E+000,-0.E+000,-1.));
#10460 = DIRECTION('',(1.,0.E+000,-0.E+000));
#10461 = ADVANCED_FACE('',(#10462),#10489,.F.);
#10462 = FACE_BOUND('',#10463,.T.);
#10463 = EDGE_LOOP('',(#10464,#10474,#10481,#10482));
#10464 = ORIENTED_EDGE('',*,*,#10465,.T.);
#10465 = EDGE_CURVE('',#10466,#10468,#10470,.T.);
#10466 = VERTEX_POINT('',#10467);
#10467 = CARTESIAN_POINT('',(48.048,32.766,-0.41148));
#10468 = VERTEX_POINT('',#10469);
#10469 = CARTESIAN_POINT('',(48.048,32.766,0.E+000));
#10470 = LINE('',#10471,#10472);
#10471 = CARTESIAN_POINT('',(48.048,32.766,-0.41148));
#10472 = VECTOR('',#10473,1.);
#10473 = DIRECTION('',(0.E+000,0.E+000,1.));
#10474 = ORIENTED_EDGE('',*,*,#10475,.T.);
#10475 = EDGE_CURVE('',#10468,#10468,#10476,.T.);
#10476 = CIRCLE('',#10477,0.55);
#10477 = AXIS2_PLACEMENT_3D('',#10478,#10479,#10480);
#10478 = CARTESIAN_POINT('',(47.498,32.766,0.E+000));
#10479 = DIRECTION('',(0.E+000,0.E+000,1.));
#10480 = DIRECTION('',(1.,0.E+000,-0.E+000));
#10481 = ORIENTED_EDGE('',*,*,#10465,.F.);
#10482 = ORIENTED_EDGE('',*,*,#10483,.F.);
#10483 = EDGE_CURVE('',#10466,#10466,#10484,.T.);
#10484 = CIRCLE('',#10485,0.55);
#10485 = AXIS2_PLACEMENT_3D('',#10486,#10487,#10488);
#10486 = CARTESIAN_POINT('',(47.498,32.766,-0.41148));
#10487 = DIRECTION('',(0.E+000,0.E+000,1.));
#10488 = DIRECTION('',(1.,0.E+000,-0.E+000));
#10489 = CYLINDRICAL_SURFACE('',#10490,0.55);
#10490 = AXIS2_PLACEMENT_3D('',#10491,#10492,#10493);
#10491 = CARTESIAN_POINT('',(47.498,32.766,-0.41148));
#10492 = DIRECTION('',(-0.E+000,-0.E+000,-1.));
#10493 = DIRECTION('',(1.,0.E+000,-0.E+000));
#10494 = ADVANCED_FACE('',(#10495),#10522,.F.);
#10495 = FACE_BOUND('',#10496,.T.);
#10496 = EDGE_LOOP('',(#10497,#10507,#10514,#10515));
#10497 = ORIENTED_EDGE('',*,*,#10498,.T.);
#10498 = EDGE_CURVE('',#10499,#10501,#10503,.T.);
#10499 = VERTEX_POINT('',#10500);
#10500 = CARTESIAN_POINT('',(50.588,30.226,-0.41148));
#10501 = VERTEX_POINT('',#10502);
#10502 = CARTESIAN_POINT('',(50.588,30.226,0.E+000));
#10503 = LINE('',#10504,#10505);
#10504 = CARTESIAN_POINT('',(50.588,30.226,-0.41148));
#10505 = VECTOR('',#10506,1.);
#10506 = DIRECTION('',(0.E+000,0.E+000,1.));
#10507 = ORIENTED_EDGE('',*,*,#10508,.T.);
#10508 = EDGE_CURVE('',#10501,#10501,#10509,.T.);
#10509 = CIRCLE('',#10510,0.55);
#10510 = AXIS2_PLACEMENT_3D('',#10511,#10512,#10513);
#10511 = CARTESIAN_POINT('',(50.038,30.226,0.E+000));
#10512 = DIRECTION('',(0.E+000,0.E+000,1.));
#10513 = DIRECTION('',(1.,0.E+000,-0.E+000));
#10514 = ORIENTED_EDGE('',*,*,#10498,.F.);
#10515 = ORIENTED_EDGE('',*,*,#10516,.F.);
#10516 = EDGE_CURVE('',#10499,#10499,#10517,.T.);
#10517 = CIRCLE('',#10518,0.55);
#10518 = AXIS2_PLACEMENT_3D('',#10519,#10520,#10521);
#10519 = CARTESIAN_POINT('',(50.038,30.226,-0.41148));
#10520 = DIRECTION('',(0.E+000,0.E+000,1.));
#10521 = DIRECTION('',(1.,0.E+000,-0.E+000));
#10522 = CYLINDRICAL_SURFACE('',#10523,0.55);
#10523 = AXIS2_PLACEMENT_3D('',#10524,#10525,#10526);
#10524 = CARTESIAN_POINT('',(50.038,30.226,-0.41148));
#10525 = DIRECTION('',(-0.E+000,-0.E+000,-1.));
#10526 = DIRECTION('',(1.,0.E+000,-0.E+000));
#10527 = ADVANCED_FACE('',(#10528),#10555,.F.);
#10528 = FACE_BOUND('',#10529,.T.);
#10529 = EDGE_LOOP('',(#10530,#10540,#10547,#10548));
#10530 = ORIENTED_EDGE('',*,*,#10531,.T.);
#10531 = EDGE_CURVE('',#10532,#10534,#10536,.T.);
#10532 = VERTEX_POINT('',#10533);
#10533 = CARTESIAN_POINT('',(50.588,35.306,-0.41148));
#10534 = VERTEX_POINT('',#10535);
#10535 = CARTESIAN_POINT('',(50.588,35.306,0.E+000));
#10536 = LINE('',#10537,#10538);
#10537 = CARTESIAN_POINT('',(50.588,35.306,-0.41148));
#10538 = VECTOR('',#10539,1.);
#10539 = DIRECTION('',(0.E+000,0.E+000,1.));
#10540 = ORIENTED_EDGE('',*,*,#10541,.T.);
#10541 = EDGE_CURVE('',#10534,#10534,#10542,.T.);
#10542 = CIRCLE('',#10543,0.55);
#10543 = AXIS2_PLACEMENT_3D('',#10544,#10545,#10546);
#10544 = CARTESIAN_POINT('',(50.038,35.306,0.E+000));
#10545 = DIRECTION('',(0.E+000,0.E+000,1.));
#10546 = DIRECTION('',(1.,0.E+000,-0.E+000));
#10547 = ORIENTED_EDGE('',*,*,#10531,.F.);
#10548 = ORIENTED_EDGE('',*,*,#10549,.F.);
#10549 = EDGE_CURVE('',#10532,#10532,#10550,.T.);
#10550 = CIRCLE('',#10551,0.55);
#10551 = AXIS2_PLACEMENT_3D('',#10552,#10553,#10554);
#10552 = CARTESIAN_POINT('',(50.038,35.306,-0.41148));
#10553 = DIRECTION('',(0.E+000,0.E+000,1.));
#10554 = DIRECTION('',(1.,0.E+000,-0.E+000));
#10555 = CYLINDRICAL_SURFACE('',#10556,0.55);
#10556 = AXIS2_PLACEMENT_3D('',#10557,#10558,#10559);
#10557 = CARTESIAN_POINT('',(50.038,35.306,-0.41148));
#10558 = DIRECTION('',(-0.E+000,-0.E+000,-1.));
#10559 = DIRECTION('',(1.,0.E+000,-0.E+000));
#10560 = ADVANCED_FACE('',(#10561),#10588,.F.);
#10561 = FACE_BOUND('',#10562,.T.);
#10562 = EDGE_LOOP('',(#10563,#10573,#10580,#10581));
#10563 = ORIENTED_EDGE('',*,*,#10564,.T.);
#10564 = EDGE_CURVE('',#10565,#10567,#10569,.T.);
#10565 = VERTEX_POINT('',#10566);
#10566 = CARTESIAN_POINT('',(50.588,32.766,-0.41148));
#10567 = VERTEX_POINT('',#10568);
#10568 = CARTESIAN_POINT('',(50.588,32.766,0.E+000));
#10569 = LINE('',#10570,#10571);
#10570 = CARTESIAN_POINT('',(50.588,32.766,-0.41148));
#10571 = VECTOR('',#10572,1.);
#10572 = DIRECTION('',(0.E+000,0.E+000,1.));
#10573 = ORIENTED_EDGE('',*,*,#10574,.T.);
#10574 = EDGE_CURVE('',#10567,#10567,#10575,.T.);
#10575 = CIRCLE('',#10576,0.55);
#10576 = AXIS2_PLACEMENT_3D('',#10577,#10578,#10579);
#10577 = CARTESIAN_POINT('',(50.038,32.766,0.E+000));
#10578 = DIRECTION('',(0.E+000,0.E+000,1.));
#10579 = DIRECTION('',(1.,0.E+000,-0.E+000));
#10580 = ORIENTED_EDGE('',*,*,#10564,.F.);
#10581 = ORIENTED_EDGE('',*,*,#10582,.F.);
#10582 = EDGE_CURVE('',#10565,#10565,#10583,.T.);
#10583 = CIRCLE('',#10584,0.55);
#10584 = AXIS2_PLACEMENT_3D('',#10585,#10586,#10587);
#10585 = CARTESIAN_POINT('',(50.038,32.766,-0.41148));
#10586 = DIRECTION('',(0.E+000,0.E+000,1.));
#10587 = DIRECTION('',(1.,0.E+000,-0.E+000));
#10588 = CYLINDRICAL_SURFACE('',#10589,0.55);
#10589 = AXIS2_PLACEMENT_3D('',#10590,#10591,#10592);
#10590 = CARTESIAN_POINT('',(50.038,32.766,-0.41148));
#10591 = DIRECTION('',(-0.E+000,-0.E+000,-1.));
#10592 = DIRECTION('',(1.,0.E+000,-0.E+000));
#10593 = ADVANCED_FACE('',(#10594,#10600,#10603,#10606,#10609,#10612,
    #10615,#10618,#10621,#10624,#10627,#10630,#10633,#10636,#10639,
    #10642,#10645,#10648,#10651,#10654,#10657,#10663,#10666,#10669,
    #10672,#10675,#10678,#10681,#10684,#10687,#10690,#10693,#10696,
    #10699,#10702,#10705,#10708,#10711,#10714,#10717,#10720,#10723,
    #10726,#10730,#10733,#10736,#10739,#10745,#10751,#10757,#10760,
    #10763,#10766,#10769,#10772,#10775,#10779,#10782,#10785,#10788,
    #10791,#10794,#10797,#10800,#10803,#10806,#10809,#10812,#10815,
    #10818,#10821,#10824,#10827,#10833,#10836,#10839,#10842,#10845,
    #10848,#10851,#10854,#10857,#10860,#10863,#10866,#10869,#10872,
    #10875,#10878,#10881,#10884,#10887,#10890,#10893,#10896,#10899,
    #10902,#10905,#10908,#10911,#10914,#10917,#10920,#10923,#10926,
    #10929,#10932,#10935,#10938,#10941,#10944,#10947,#10950,#10953,
    #10956,#10959,#10962,#10965,#10968,#10971,#10974,#10977,#10980,
    #10983,#10986,#10989,#10992,#10995,#10998,#11001,#11004,#11007,
    #11010,#11013,#11016,#11019,#11022,#11025,#11028,#11031,#11034,
    #11037,#11040,#11043,#11046,#11049,#11052,#11055,#11061,#11067,
    #11070,#11073,#11079,#11082,#11085,#11088,#11091,#11094,#11097,
    #11100,#11103,#11106,#11109,#11112,#11115,#11118,#11121,#11124,
    #11127,#11130,#11133,#11136,#11139,#11142,#11145,#11148,#11151,
    #11154,#11157,#11160,#11163,#11166,#11169,#11172,#11175,#11178,
    #11181,#11184,#11187,#11190,#11193,#11196,#11199,#11202,#11205,
    #11208,#11211,#11214,#11217,#11220,#11223,#11226,#11229,#11232,
    #11235,#11238,#11241,#11244,#11247,#11250,#11253,#11256,#11262,
    #11265,#11268,#11271,#11274,#11277,#11280,#11283,#11286,#11289,
    #11292,#11295,#11298,#11301,#11304,#11307,#11310,#11313,#11316,
    #11319,#11322,#11325,#11328,#11331,#11334,#11337,#11340,#11343,
    #11346,#11349,#11352,#11355,#11358,#11361,#11364,#11367,#11370,
    #11373,#11376,#11379,#11382,#11385,#11388,#11391,#11394,#11397,
    #11400,#11403,#11406,#11409,#11412,#11415,#11418,#11421,#11424,
    #11427,#11430,#11433,#11436,#11439,#11442,#11445,#11448,#11451,
    #11454,#11457,#11460,#11463,#11466,#11469,#11472,#11475,#11478,
    #11481,#11484,#11487,#11490,#11493),#11496,.T.);
#10594 = FACE_BOUND('',#10595,.F.);
#10595 = EDGE_LOOP('',(#10596,#10597,#10598,#10599));
#10596 = ORIENTED_EDGE('',*,*,#48,.T.);
#10597 = ORIENTED_EDGE('',*,*,#81,.T.);
#10598 = ORIENTED_EDGE('',*,*,#113,.T.);
#10599 = ORIENTED_EDGE('',*,*,#136,.T.);
#10600 = FACE_BOUND('',#10601,.T.);
#10601 = EDGE_LOOP('',(#10602));
#10602 = ORIENTED_EDGE('',*,*,#169,.T.);
#10603 = FACE_BOUND('',#10604,.T.);
#10604 = EDGE_LOOP('',(#10605));
#10605 = ORIENTED_EDGE('',*,*,#202,.T.);
#10606 = FACE_BOUND('',#10607,.T.);
#10607 = EDGE_LOOP('',(#10608));
#10608 = ORIENTED_EDGE('',*,*,#235,.T.);
#10609 = FACE_BOUND('',#10610,.T.);
#10610 = EDGE_LOOP('',(#10611));
#10611 = ORIENTED_EDGE('',*,*,#268,.T.);
#10612 = FACE_BOUND('',#10613,.T.);
#10613 = EDGE_LOOP('',(#10614));
#10614 = ORIENTED_EDGE('',*,*,#301,.T.);
#10615 = FACE_BOUND('',#10616,.T.);
#10616 = EDGE_LOOP('',(#10617));
#10617 = ORIENTED_EDGE('',*,*,#334,.T.);
#10618 = FACE_BOUND('',#10619,.T.);
#10619 = EDGE_LOOP('',(#10620));
#10620 = ORIENTED_EDGE('',*,*,#367,.T.);
#10621 = FACE_BOUND('',#10622,.T.);
#10622 = EDGE_LOOP('',(#10623));
#10623 = ORIENTED_EDGE('',*,*,#400,.T.);
#10624 = FACE_BOUND('',#10625,.T.);
#10625 = EDGE_LOOP('',(#10626));
#10626 = ORIENTED_EDGE('',*,*,#433,.T.);
#10627 = FACE_BOUND('',#10628,.T.);
#10628 = EDGE_LOOP('',(#10629));
#10629 = ORIENTED_EDGE('',*,*,#466,.T.);
#10630 = FACE_BOUND('',#10631,.T.);
#10631 = EDGE_LOOP('',(#10632));
#10632 = ORIENTED_EDGE('',*,*,#499,.T.);
#10633 = FACE_BOUND('',#10634,.T.);
#10634 = EDGE_LOOP('',(#10635));
#10635 = ORIENTED_EDGE('',*,*,#532,.T.);
#10636 = FACE_BOUND('',#10637,.T.);
#10637 = EDGE_LOOP('',(#10638));
#10638 = ORIENTED_EDGE('',*,*,#565,.T.);
#10639 = FACE_BOUND('',#10640,.T.);
#10640 = EDGE_LOOP('',(#10641));
#10641 = ORIENTED_EDGE('',*,*,#598,.T.);
#10642 = FACE_BOUND('',#10643,.T.);
#10643 = EDGE_LOOP('',(#10644));
#10644 = ORIENTED_EDGE('',*,*,#631,.T.);
#10645 = FACE_BOUND('',#10646,.T.);
#10646 = EDGE_LOOP('',(#10647));
#10647 = ORIENTED_EDGE('',*,*,#664,.T.);
#10648 = FACE_BOUND('',#10649,.T.);
#10649 = EDGE_LOOP('',(#10650));
#10650 = ORIENTED_EDGE('',*,*,#697,.T.);
#10651 = FACE_BOUND('',#10652,.T.);
#10652 = EDGE_LOOP('',(#10653));
#10653 = ORIENTED_EDGE('',*,*,#730,.T.);
#10654 = FACE_BOUND('',#10655,.T.);
#10655 = EDGE_LOOP('',(#10656));
#10656 = ORIENTED_EDGE('',*,*,#763,.T.);
#10657 = FACE_BOUND('',#10658,.T.);
#10658 = EDGE_LOOP('',(#10659,#10660,#10661,#10662));
#10659 = ORIENTED_EDGE('',*,*,#804,.F.);
#10660 = ORIENTED_EDGE('',*,*,#835,.F.);
#10661 = ORIENTED_EDGE('',*,*,#866,.F.);
#10662 = ORIENTED_EDGE('',*,*,#888,.F.);
#10663 = FACE_BOUND('',#10664,.T.);
#10664 = EDGE_LOOP('',(#10665));
#10665 = ORIENTED_EDGE('',*,*,#920,.T.);
#10666 = FACE_BOUND('',#10667,.T.);
#10667 = EDGE_LOOP('',(#10668));
#10668 = ORIENTED_EDGE('',*,*,#953,.T.);
#10669 = FACE_BOUND('',#10670,.T.);
#10670 = EDGE_LOOP('',(#10671));
#10671 = ORIENTED_EDGE('',*,*,#986,.T.);
#10672 = FACE_BOUND('',#10673,.T.);
#10673 = EDGE_LOOP('',(#10674));
#10674 = ORIENTED_EDGE('',*,*,#1019,.T.);
#10675 = FACE_BOUND('',#10676,.T.);
#10676 = EDGE_LOOP('',(#10677));
#10677 = ORIENTED_EDGE('',*,*,#1052,.T.);
#10678 = FACE_BOUND('',#10679,.T.);
#10679 = EDGE_LOOP('',(#10680));
#10680 = ORIENTED_EDGE('',*,*,#1085,.T.);
#10681 = FACE_BOUND('',#10682,.T.);
#10682 = EDGE_LOOP('',(#10683));
#10683 = ORIENTED_EDGE('',*,*,#1118,.T.);
#10684 = FACE_BOUND('',#10685,.T.);
#10685 = EDGE_LOOP('',(#10686));
#10686 = ORIENTED_EDGE('',*,*,#1151,.T.);
#10687 = FACE_BOUND('',#10688,.T.);
#10688 = EDGE_LOOP('',(#10689));
#10689 = ORIENTED_EDGE('',*,*,#1184,.T.);
#10690 = FACE_BOUND('',#10691,.T.);
#10691 = EDGE_LOOP('',(#10692));
#10692 = ORIENTED_EDGE('',*,*,#1217,.T.);
#10693 = FACE_BOUND('',#10694,.T.);
#10694 = EDGE_LOOP('',(#10695));
#10695 = ORIENTED_EDGE('',*,*,#1250,.T.);
#10696 = FACE_BOUND('',#10697,.T.);
#10697 = EDGE_LOOP('',(#10698));
#10698 = ORIENTED_EDGE('',*,*,#1283,.T.);
#10699 = FACE_BOUND('',#10700,.T.);
#10700 = EDGE_LOOP('',(#10701));
#10701 = ORIENTED_EDGE('',*,*,#1316,.T.);
#10702 = FACE_BOUND('',#10703,.T.);
#10703 = EDGE_LOOP('',(#10704));
#10704 = ORIENTED_EDGE('',*,*,#1349,.T.);
#10705 = FACE_BOUND('',#10706,.T.);
#10706 = EDGE_LOOP('',(#10707));
#10707 = ORIENTED_EDGE('',*,*,#1382,.T.);
#10708 = FACE_BOUND('',#10709,.T.);
#10709 = EDGE_LOOP('',(#10710));
#10710 = ORIENTED_EDGE('',*,*,#1415,.T.);
#10711 = FACE_BOUND('',#10712,.T.);
#10712 = EDGE_LOOP('',(#10713));
#10713 = ORIENTED_EDGE('',*,*,#1448,.T.);
#10714 = FACE_BOUND('',#10715,.T.);
#10715 = EDGE_LOOP('',(#10716));
#10716 = ORIENTED_EDGE('',*,*,#1481,.T.);
#10717 = FACE_BOUND('',#10718,.T.);
#10718 = EDGE_LOOP('',(#10719));
#10719 = ORIENTED_EDGE('',*,*,#1514,.T.);
#10720 = FACE_BOUND('',#10721,.T.);
#10721 = EDGE_LOOP('',(#10722));
#10722 = ORIENTED_EDGE('',*,*,#1547,.T.);
#10723 = FACE_BOUND('',#10724,.T.);
#10724 = EDGE_LOOP('',(#10725));
#10725 = ORIENTED_EDGE('',*,*,#1580,.T.);
#10726 = FACE_BOUND('',#10727,.T.);
#10727 = EDGE_LOOP('',(#10728,#10729));
#10728 = ORIENTED_EDGE('',*,*,#1622,.T.);
#10729 = ORIENTED_EDGE('',*,*,#1646,.T.);
#10730 = FACE_BOUND('',#10731,.T.);
#10731 = EDGE_LOOP('',(#10732));
#10732 = ORIENTED_EDGE('',*,*,#1679,.T.);
#10733 = FACE_BOUND('',#10734,.T.);
#10734 = EDGE_LOOP('',(#10735));
#10735 = ORIENTED_EDGE('',*,*,#1712,.T.);
#10736 = FACE_BOUND('',#10737,.T.);
#10737 = EDGE_LOOP('',(#10738));
#10738 = ORIENTED_EDGE('',*,*,#1745,.T.);
#10739 = FACE_BOUND('',#10740,.T.);
#10740 = EDGE_LOOP('',(#10741,#10742,#10743,#10744));
#10741 = ORIENTED_EDGE('',*,*,#1786,.T.);
#10742 = ORIENTED_EDGE('',*,*,#1818,.T.);
#10743 = ORIENTED_EDGE('',*,*,#1850,.T.);
#10744 = ORIENTED_EDGE('',*,*,#1873,.T.);
#10745 = FACE_BOUND('',#10746,.T.);
#10746 = EDGE_LOOP('',(#10747,#10748,#10749,#10750));
#10747 = ORIENTED_EDGE('',*,*,#1914,.T.);
#10748 = ORIENTED_EDGE('',*,*,#1946,.T.);
#10749 = ORIENTED_EDGE('',*,*,#1978,.T.);
#10750 = ORIENTED_EDGE('',*,*,#2001,.T.);
#10751 = FACE_BOUND('',#10752,.T.);
#10752 = EDGE_LOOP('',(#10753,#10754,#10755,#10756));
#10753 = ORIENTED_EDGE('',*,*,#2042,.T.);
#10754 = ORIENTED_EDGE('',*,*,#2074,.T.);
#10755 = ORIENTED_EDGE('',*,*,#2106,.T.);
#10756 = ORIENTED_EDGE('',*,*,#2129,.T.);
#10757 = FACE_BOUND('',#10758,.T.);
#10758 = EDGE_LOOP('',(#10759));
#10759 = ORIENTED_EDGE('',*,*,#2162,.T.);
#10760 = FACE_BOUND('',#10761,.T.);
#10761 = EDGE_LOOP('',(#10762));
#10762 = ORIENTED_EDGE('',*,*,#2195,.T.);
#10763 = FACE_BOUND('',#10764,.T.);
#10764 = EDGE_LOOP('',(#10765));
#10765 = ORIENTED_EDGE('',*,*,#2228,.T.);
#10766 = FACE_BOUND('',#10767,.T.);
#10767 = EDGE_LOOP('',(#10768));
#10768 = ORIENTED_EDGE('',*,*,#2261,.T.);
#10769 = FACE_BOUND('',#10770,.T.);
#10770 = EDGE_LOOP('',(#10771));
#10771 = ORIENTED_EDGE('',*,*,#2294,.T.);
#10772 = FACE_BOUND('',#10773,.T.);
#10773 = EDGE_LOOP('',(#10774));
#10774 = ORIENTED_EDGE('',*,*,#2327,.T.);
#10775 = FACE_BOUND('',#10776,.T.);
#10776 = EDGE_LOOP('',(#10777,#10778));
#10777 = ORIENTED_EDGE('',*,*,#2369,.T.);
#10778 = ORIENTED_EDGE('',*,*,#2393,.T.);
#10779 = FACE_BOUND('',#10780,.T.);
#10780 = EDGE_LOOP('',(#10781));
#10781 = ORIENTED_EDGE('',*,*,#2426,.T.);
#10782 = FACE_BOUND('',#10783,.T.);
#10783 = EDGE_LOOP('',(#10784));
#10784 = ORIENTED_EDGE('',*,*,#2459,.T.);
#10785 = FACE_BOUND('',#10786,.T.);
#10786 = EDGE_LOOP('',(#10787));
#10787 = ORIENTED_EDGE('',*,*,#2492,.T.);
#10788 = FACE_BOUND('',#10789,.T.);
#10789 = EDGE_LOOP('',(#10790));
#10790 = ORIENTED_EDGE('',*,*,#2525,.T.);
#10791 = FACE_BOUND('',#10792,.T.);
#10792 = EDGE_LOOP('',(#10793));
#10793 = ORIENTED_EDGE('',*,*,#2558,.T.);
#10794 = FACE_BOUND('',#10795,.T.);
#10795 = EDGE_LOOP('',(#10796));
#10796 = ORIENTED_EDGE('',*,*,#2591,.T.);
#10797 = FACE_BOUND('',#10798,.T.);
#10798 = EDGE_LOOP('',(#10799));
#10799 = ORIENTED_EDGE('',*,*,#2624,.T.);
#10800 = FACE_BOUND('',#10801,.T.);
#10801 = EDGE_LOOP('',(#10802));
#10802 = ORIENTED_EDGE('',*,*,#2657,.T.);
#10803 = FACE_BOUND('',#10804,.T.);
#10804 = EDGE_LOOP('',(#10805));
#10805 = ORIENTED_EDGE('',*,*,#2690,.T.);
#10806 = FACE_BOUND('',#10807,.T.);
#10807 = EDGE_LOOP('',(#10808));
#10808 = ORIENTED_EDGE('',*,*,#2723,.T.);
#10809 = FACE_BOUND('',#10810,.T.);
#10810 = EDGE_LOOP('',(#10811));
#10811 = ORIENTED_EDGE('',*,*,#2756,.T.);
#10812 = FACE_BOUND('',#10813,.T.);
#10813 = EDGE_LOOP('',(#10814));
#10814 = ORIENTED_EDGE('',*,*,#2789,.T.);
#10815 = FACE_BOUND('',#10816,.T.);
#10816 = EDGE_LOOP('',(#10817));
#10817 = ORIENTED_EDGE('',*,*,#2822,.T.);
#10818 = FACE_BOUND('',#10819,.T.);
#10819 = EDGE_LOOP('',(#10820));
#10820 = ORIENTED_EDGE('',*,*,#2855,.T.);
#10821 = FACE_BOUND('',#10822,.T.);
#10822 = EDGE_LOOP('',(#10823));
#10823 = ORIENTED_EDGE('',*,*,#2888,.T.);
#10824 = FACE_BOUND('',#10825,.T.);
#10825 = EDGE_LOOP('',(#10826));
#10826 = ORIENTED_EDGE('',*,*,#2921,.T.);
#10827 = FACE_BOUND('',#10828,.T.);
#10828 = EDGE_LOOP('',(#10829,#10830,#10831,#10832));
#10829 = ORIENTED_EDGE('',*,*,#2962,.F.);
#10830 = ORIENTED_EDGE('',*,*,#2993,.F.);
#10831 = ORIENTED_EDGE('',*,*,#3024,.F.);
#10832 = ORIENTED_EDGE('',*,*,#3046,.F.);
#10833 = FACE_BOUND('',#10834,.T.);
#10834 = EDGE_LOOP('',(#10835));
#10835 = ORIENTED_EDGE('',*,*,#3078,.T.);
#10836 = FACE_BOUND('',#10837,.T.);
#10837 = EDGE_LOOP('',(#10838));
#10838 = ORIENTED_EDGE('',*,*,#3111,.T.);
#10839 = FACE_BOUND('',#10840,.T.);
#10840 = EDGE_LOOP('',(#10841));
#10841 = ORIENTED_EDGE('',*,*,#3144,.T.);
#10842 = FACE_BOUND('',#10843,.T.);
#10843 = EDGE_LOOP('',(#10844));
#10844 = ORIENTED_EDGE('',*,*,#3177,.T.);
#10845 = FACE_BOUND('',#10846,.T.);
#10846 = EDGE_LOOP('',(#10847));
#10847 = ORIENTED_EDGE('',*,*,#3210,.T.);
#10848 = FACE_BOUND('',#10849,.T.);
#10849 = EDGE_LOOP('',(#10850));
#10850 = ORIENTED_EDGE('',*,*,#3243,.T.);
#10851 = FACE_BOUND('',#10852,.T.);
#10852 = EDGE_LOOP('',(#10853));
#10853 = ORIENTED_EDGE('',*,*,#3276,.T.);
#10854 = FACE_BOUND('',#10855,.T.);
#10855 = EDGE_LOOP('',(#10856));
#10856 = ORIENTED_EDGE('',*,*,#3309,.T.);
#10857 = FACE_BOUND('',#10858,.T.);
#10858 = EDGE_LOOP('',(#10859));
#10859 = ORIENTED_EDGE('',*,*,#3342,.T.);
#10860 = FACE_BOUND('',#10861,.T.);
#10861 = EDGE_LOOP('',(#10862));
#10862 = ORIENTED_EDGE('',*,*,#3375,.T.);
#10863 = FACE_BOUND('',#10864,.T.);
#10864 = EDGE_LOOP('',(#10865));
#10865 = ORIENTED_EDGE('',*,*,#3408,.T.);
#10866 = FACE_BOUND('',#10867,.T.);
#10867 = EDGE_LOOP('',(#10868));
#10868 = ORIENTED_EDGE('',*,*,#3441,.T.);
#10869 = FACE_BOUND('',#10870,.T.);
#10870 = EDGE_LOOP('',(#10871));
#10871 = ORIENTED_EDGE('',*,*,#3474,.T.);
#10872 = FACE_BOUND('',#10873,.T.);
#10873 = EDGE_LOOP('',(#10874));
#10874 = ORIENTED_EDGE('',*,*,#3507,.T.);
#10875 = FACE_BOUND('',#10876,.T.);
#10876 = EDGE_LOOP('',(#10877));
#10877 = ORIENTED_EDGE('',*,*,#3540,.T.);
#10878 = FACE_BOUND('',#10879,.T.);
#10879 = EDGE_LOOP('',(#10880));
#10880 = ORIENTED_EDGE('',*,*,#3573,.T.);
#10881 = FACE_BOUND('',#10882,.T.);
#10882 = EDGE_LOOP('',(#10883));
#10883 = ORIENTED_EDGE('',*,*,#3606,.T.);
#10884 = FACE_BOUND('',#10885,.T.);
#10885 = EDGE_LOOP('',(#10886));
#10886 = ORIENTED_EDGE('',*,*,#3639,.T.);
#10887 = FACE_BOUND('',#10888,.T.);
#10888 = EDGE_LOOP('',(#10889));
#10889 = ORIENTED_EDGE('',*,*,#3672,.T.);
#10890 = FACE_BOUND('',#10891,.T.);
#10891 = EDGE_LOOP('',(#10892));
#10892 = ORIENTED_EDGE('',*,*,#3705,.T.);
#10893 = FACE_BOUND('',#10894,.T.);
#10894 = EDGE_LOOP('',(#10895));
#10895 = ORIENTED_EDGE('',*,*,#3738,.T.);
#10896 = FACE_BOUND('',#10897,.T.);
#10897 = EDGE_LOOP('',(#10898));
#10898 = ORIENTED_EDGE('',*,*,#3771,.T.);
#10899 = FACE_BOUND('',#10900,.T.);
#10900 = EDGE_LOOP('',(#10901));
#10901 = ORIENTED_EDGE('',*,*,#3804,.T.);
#10902 = FACE_BOUND('',#10903,.T.);
#10903 = EDGE_LOOP('',(#10904));
#10904 = ORIENTED_EDGE('',*,*,#3837,.T.);
#10905 = FACE_BOUND('',#10906,.T.);
#10906 = EDGE_LOOP('',(#10907));
#10907 = ORIENTED_EDGE('',*,*,#3870,.T.);
#10908 = FACE_BOUND('',#10909,.T.);
#10909 = EDGE_LOOP('',(#10910));
#10910 = ORIENTED_EDGE('',*,*,#3903,.T.);
#10911 = FACE_BOUND('',#10912,.T.);
#10912 = EDGE_LOOP('',(#10913));
#10913 = ORIENTED_EDGE('',*,*,#3936,.T.);
#10914 = FACE_BOUND('',#10915,.T.);
#10915 = EDGE_LOOP('',(#10916));
#10916 = ORIENTED_EDGE('',*,*,#3969,.T.);
#10917 = FACE_BOUND('',#10918,.T.);
#10918 = EDGE_LOOP('',(#10919));
#10919 = ORIENTED_EDGE('',*,*,#4002,.T.);
#10920 = FACE_BOUND('',#10921,.T.);
#10921 = EDGE_LOOP('',(#10922));
#10922 = ORIENTED_EDGE('',*,*,#4035,.T.);
#10923 = FACE_BOUND('',#10924,.T.);
#10924 = EDGE_LOOP('',(#10925));
#10925 = ORIENTED_EDGE('',*,*,#4068,.T.);
#10926 = FACE_BOUND('',#10927,.T.);
#10927 = EDGE_LOOP('',(#10928));
#10928 = ORIENTED_EDGE('',*,*,#4101,.T.);
#10929 = FACE_BOUND('',#10930,.T.);
#10930 = EDGE_LOOP('',(#10931));
#10931 = ORIENTED_EDGE('',*,*,#4134,.T.);
#10932 = FACE_BOUND('',#10933,.T.);
#10933 = EDGE_LOOP('',(#10934));
#10934 = ORIENTED_EDGE('',*,*,#4167,.T.);
#10935 = FACE_BOUND('',#10936,.T.);
#10936 = EDGE_LOOP('',(#10937));
#10937 = ORIENTED_EDGE('',*,*,#4200,.T.);
#10938 = FACE_BOUND('',#10939,.T.);
#10939 = EDGE_LOOP('',(#10940));
#10940 = ORIENTED_EDGE('',*,*,#4233,.T.);
#10941 = FACE_BOUND('',#10942,.T.);
#10942 = EDGE_LOOP('',(#10943));
#10943 = ORIENTED_EDGE('',*,*,#4266,.T.);
#10944 = FACE_BOUND('',#10945,.T.);
#10945 = EDGE_LOOP('',(#10946));
#10946 = ORIENTED_EDGE('',*,*,#4299,.T.);
#10947 = FACE_BOUND('',#10948,.T.);
#10948 = EDGE_LOOP('',(#10949));
#10949 = ORIENTED_EDGE('',*,*,#4332,.T.);
#10950 = FACE_BOUND('',#10951,.T.);
#10951 = EDGE_LOOP('',(#10952));
#10952 = ORIENTED_EDGE('',*,*,#4365,.T.);
#10953 = FACE_BOUND('',#10954,.T.);
#10954 = EDGE_LOOP('',(#10955));
#10955 = ORIENTED_EDGE('',*,*,#4398,.T.);
#10956 = FACE_BOUND('',#10957,.T.);
#10957 = EDGE_LOOP('',(#10958));
#10958 = ORIENTED_EDGE('',*,*,#4431,.T.);
#10959 = FACE_BOUND('',#10960,.T.);
#10960 = EDGE_LOOP('',(#10961));
#10961 = ORIENTED_EDGE('',*,*,#4464,.T.);
#10962 = FACE_BOUND('',#10963,.T.);
#10963 = EDGE_LOOP('',(#10964));
#10964 = ORIENTED_EDGE('',*,*,#4497,.T.);
#10965 = FACE_BOUND('',#10966,.T.);
#10966 = EDGE_LOOP('',(#10967));
#10967 = ORIENTED_EDGE('',*,*,#4530,.T.);
#10968 = FACE_BOUND('',#10969,.T.);
#10969 = EDGE_LOOP('',(#10970));
#10970 = ORIENTED_EDGE('',*,*,#4563,.T.);
#10971 = FACE_BOUND('',#10972,.T.);
#10972 = EDGE_LOOP('',(#10973));
#10973 = ORIENTED_EDGE('',*,*,#4596,.T.);
#10974 = FACE_BOUND('',#10975,.T.);
#10975 = EDGE_LOOP('',(#10976));
#10976 = ORIENTED_EDGE('',*,*,#4629,.T.);
#10977 = FACE_BOUND('',#10978,.T.);
#10978 = EDGE_LOOP('',(#10979));
#10979 = ORIENTED_EDGE('',*,*,#4662,.T.);
#10980 = FACE_BOUND('',#10981,.T.);
#10981 = EDGE_LOOP('',(#10982));
#10982 = ORIENTED_EDGE('',*,*,#4695,.T.);
#10983 = FACE_BOUND('',#10984,.T.);
#10984 = EDGE_LOOP('',(#10985));
#10985 = ORIENTED_EDGE('',*,*,#4728,.T.);
#10986 = FACE_BOUND('',#10987,.T.);
#10987 = EDGE_LOOP('',(#10988));
#10988 = ORIENTED_EDGE('',*,*,#4761,.T.);
#10989 = FACE_BOUND('',#10990,.T.);
#10990 = EDGE_LOOP('',(#10991));
#10991 = ORIENTED_EDGE('',*,*,#4794,.T.);
#10992 = FACE_BOUND('',#10993,.T.);
#10993 = EDGE_LOOP('',(#10994));
#10994 = ORIENTED_EDGE('',*,*,#4827,.T.);
#10995 = FACE_BOUND('',#10996,.T.);
#10996 = EDGE_LOOP('',(#10997));
#10997 = ORIENTED_EDGE('',*,*,#4860,.T.);
#10998 = FACE_BOUND('',#10999,.T.);
#10999 = EDGE_LOOP('',(#11000));
#11000 = ORIENTED_EDGE('',*,*,#4893,.T.);
#11001 = FACE_BOUND('',#11002,.T.);
#11002 = EDGE_LOOP('',(#11003));
#11003 = ORIENTED_EDGE('',*,*,#4926,.T.);
#11004 = FACE_BOUND('',#11005,.T.);
#11005 = EDGE_LOOP('',(#11006));
#11006 = ORIENTED_EDGE('',*,*,#4959,.T.);
#11007 = FACE_BOUND('',#11008,.T.);
#11008 = EDGE_LOOP('',(#11009));
#11009 = ORIENTED_EDGE('',*,*,#4992,.T.);
#11010 = FACE_BOUND('',#11011,.T.);
#11011 = EDGE_LOOP('',(#11012));
#11012 = ORIENTED_EDGE('',*,*,#5025,.T.);
#11013 = FACE_BOUND('',#11014,.T.);
#11014 = EDGE_LOOP('',(#11015));
#11015 = ORIENTED_EDGE('',*,*,#5058,.T.);
#11016 = FACE_BOUND('',#11017,.T.);
#11017 = EDGE_LOOP('',(#11018));
#11018 = ORIENTED_EDGE('',*,*,#5091,.T.);
#11019 = FACE_BOUND('',#11020,.T.);
#11020 = EDGE_LOOP('',(#11021));
#11021 = ORIENTED_EDGE('',*,*,#5124,.T.);
#11022 = FACE_BOUND('',#11023,.T.);
#11023 = EDGE_LOOP('',(#11024));
#11024 = ORIENTED_EDGE('',*,*,#5157,.T.);
#11025 = FACE_BOUND('',#11026,.T.);
#11026 = EDGE_LOOP('',(#11027));
#11027 = ORIENTED_EDGE('',*,*,#5190,.T.);
#11028 = FACE_BOUND('',#11029,.T.);
#11029 = EDGE_LOOP('',(#11030));
#11030 = ORIENTED_EDGE('',*,*,#5223,.T.);
#11031 = FACE_BOUND('',#11032,.T.);
#11032 = EDGE_LOOP('',(#11033));
#11033 = ORIENTED_EDGE('',*,*,#5256,.T.);
#11034 = FACE_BOUND('',#11035,.T.);
#11035 = EDGE_LOOP('',(#11036));
#11036 = ORIENTED_EDGE('',*,*,#5289,.T.);
#11037 = FACE_BOUND('',#11038,.T.);
#11038 = EDGE_LOOP('',(#11039));
#11039 = ORIENTED_EDGE('',*,*,#5322,.T.);
#11040 = FACE_BOUND('',#11041,.T.);
#11041 = EDGE_LOOP('',(#11042));
#11042 = ORIENTED_EDGE('',*,*,#5355,.T.);
#11043 = FACE_BOUND('',#11044,.T.);
#11044 = EDGE_LOOP('',(#11045));
#11045 = ORIENTED_EDGE('',*,*,#5388,.T.);
#11046 = FACE_BOUND('',#11047,.T.);
#11047 = EDGE_LOOP('',(#11048));
#11048 = ORIENTED_EDGE('',*,*,#5421,.T.);
#11049 = FACE_BOUND('',#11050,.T.);
#11050 = EDGE_LOOP('',(#11051));
#11051 = ORIENTED_EDGE('',*,*,#5454,.T.);
#11052 = FACE_BOUND('',#11053,.T.);
#11053 = EDGE_LOOP('',(#11054));
#11054 = ORIENTED_EDGE('',*,*,#5487,.T.);
#11055 = FACE_BOUND('',#11056,.T.);
#11056 = EDGE_LOOP('',(#11057,#11058,#11059,#11060));
#11057 = ORIENTED_EDGE('',*,*,#5528,.T.);
#11058 = ORIENTED_EDGE('',*,*,#5560,.T.);
#11059 = ORIENTED_EDGE('',*,*,#5592,.T.);
#11060 = ORIENTED_EDGE('',*,*,#5615,.T.);
#11061 = FACE_BOUND('',#11062,.T.);
#11062 = EDGE_LOOP('',(#11063,#11064,#11065,#11066));
#11063 = ORIENTED_EDGE('',*,*,#5656,.T.);
#11064 = ORIENTED_EDGE('',*,*,#5688,.T.);
#11065 = ORIENTED_EDGE('',*,*,#5720,.T.);
#11066 = ORIENTED_EDGE('',*,*,#5743,.T.);
#11067 = FACE_BOUND('',#11068,.T.);
#11068 = EDGE_LOOP('',(#11069));
#11069 = ORIENTED_EDGE('',*,*,#5776,.T.);
#11070 = FACE_BOUND('',#11071,.T.);
#11071 = EDGE_LOOP('',(#11072));
#11072 = ORIENTED_EDGE('',*,*,#5809,.T.);
#11073 = FACE_BOUND('',#11074,.T.);
#11074 = EDGE_LOOP('',(#11075,#11076,#11077,#11078));
#11075 = ORIENTED_EDGE('',*,*,#5850,.T.);
#11076 = ORIENTED_EDGE('',*,*,#5882,.T.);
#11077 = ORIENTED_EDGE('',*,*,#5914,.T.);
#11078 = ORIENTED_EDGE('',*,*,#5937,.T.);
#11079 = FACE_BOUND('',#11080,.T.);
#11080 = EDGE_LOOP('',(#11081));
#11081 = ORIENTED_EDGE('',*,*,#5970,.T.);
#11082 = FACE_BOUND('',#11083,.T.);
#11083 = EDGE_LOOP('',(#11084));
#11084 = ORIENTED_EDGE('',*,*,#6003,.T.);
#11085 = FACE_BOUND('',#11086,.T.);
#11086 = EDGE_LOOP('',(#11087));
#11087 = ORIENTED_EDGE('',*,*,#6036,.T.);
#11088 = FACE_BOUND('',#11089,.T.);
#11089 = EDGE_LOOP('',(#11090));
#11090 = ORIENTED_EDGE('',*,*,#6069,.T.);
#11091 = FACE_BOUND('',#11092,.T.);
#11092 = EDGE_LOOP('',(#11093));
#11093 = ORIENTED_EDGE('',*,*,#6102,.T.);
#11094 = FACE_BOUND('',#11095,.T.);
#11095 = EDGE_LOOP('',(#11096));
#11096 = ORIENTED_EDGE('',*,*,#6135,.T.);
#11097 = FACE_BOUND('',#11098,.T.);
#11098 = EDGE_LOOP('',(#11099));
#11099 = ORIENTED_EDGE('',*,*,#6168,.T.);
#11100 = FACE_BOUND('',#11101,.T.);
#11101 = EDGE_LOOP('',(#11102));
#11102 = ORIENTED_EDGE('',*,*,#6201,.T.);
#11103 = FACE_BOUND('',#11104,.T.);
#11104 = EDGE_LOOP('',(#11105));
#11105 = ORIENTED_EDGE('',*,*,#6234,.T.);
#11106 = FACE_BOUND('',#11107,.T.);
#11107 = EDGE_LOOP('',(#11108));
#11108 = ORIENTED_EDGE('',*,*,#6267,.T.);
#11109 = FACE_BOUND('',#11110,.T.);
#11110 = EDGE_LOOP('',(#11111));
#11111 = ORIENTED_EDGE('',*,*,#6300,.T.);
#11112 = FACE_BOUND('',#11113,.T.);
#11113 = EDGE_LOOP('',(#11114));
#11114 = ORIENTED_EDGE('',*,*,#6333,.T.);
#11115 = FACE_BOUND('',#11116,.T.);
#11116 = EDGE_LOOP('',(#11117));
#11117 = ORIENTED_EDGE('',*,*,#6366,.T.);
#11118 = FACE_BOUND('',#11119,.T.);
#11119 = EDGE_LOOP('',(#11120));
#11120 = ORIENTED_EDGE('',*,*,#6399,.T.);
#11121 = FACE_BOUND('',#11122,.T.);
#11122 = EDGE_LOOP('',(#11123));
#11123 = ORIENTED_EDGE('',*,*,#6432,.T.);
#11124 = FACE_BOUND('',#11125,.T.);
#11125 = EDGE_LOOP('',(#11126));
#11126 = ORIENTED_EDGE('',*,*,#6465,.T.);
#11127 = FACE_BOUND('',#11128,.T.);
#11128 = EDGE_LOOP('',(#11129));
#11129 = ORIENTED_EDGE('',*,*,#6498,.T.);
#11130 = FACE_BOUND('',#11131,.T.);
#11131 = EDGE_LOOP('',(#11132));
#11132 = ORIENTED_EDGE('',*,*,#6531,.T.);
#11133 = FACE_BOUND('',#11134,.T.);
#11134 = EDGE_LOOP('',(#11135));
#11135 = ORIENTED_EDGE('',*,*,#6564,.T.);
#11136 = FACE_BOUND('',#11137,.T.);
#11137 = EDGE_LOOP('',(#11138));
#11138 = ORIENTED_EDGE('',*,*,#6597,.T.);
#11139 = FACE_BOUND('',#11140,.T.);
#11140 = EDGE_LOOP('',(#11141));
#11141 = ORIENTED_EDGE('',*,*,#6630,.T.);
#11142 = FACE_BOUND('',#11143,.T.);
#11143 = EDGE_LOOP('',(#11144));
#11144 = ORIENTED_EDGE('',*,*,#6663,.T.);
#11145 = FACE_BOUND('',#11146,.T.);
#11146 = EDGE_LOOP('',(#11147));
#11147 = ORIENTED_EDGE('',*,*,#6696,.T.);
#11148 = FACE_BOUND('',#11149,.T.);
#11149 = EDGE_LOOP('',(#11150));
#11150 = ORIENTED_EDGE('',*,*,#6729,.T.);
#11151 = FACE_BOUND('',#11152,.T.);
#11152 = EDGE_LOOP('',(#11153));
#11153 = ORIENTED_EDGE('',*,*,#6762,.T.);
#11154 = FACE_BOUND('',#11155,.T.);
#11155 = EDGE_LOOP('',(#11156));
#11156 = ORIENTED_EDGE('',*,*,#6795,.T.);
#11157 = FACE_BOUND('',#11158,.T.);
#11158 = EDGE_LOOP('',(#11159));
#11159 = ORIENTED_EDGE('',*,*,#6828,.T.);
#11160 = FACE_BOUND('',#11161,.T.);
#11161 = EDGE_LOOP('',(#11162));
#11162 = ORIENTED_EDGE('',*,*,#6861,.T.);
#11163 = FACE_BOUND('',#11164,.T.);
#11164 = EDGE_LOOP('',(#11165));
#11165 = ORIENTED_EDGE('',*,*,#6894,.T.);
#11166 = FACE_BOUND('',#11167,.T.);
#11167 = EDGE_LOOP('',(#11168));
#11168 = ORIENTED_EDGE('',*,*,#6927,.T.);
#11169 = FACE_BOUND('',#11170,.T.);
#11170 = EDGE_LOOP('',(#11171));
#11171 = ORIENTED_EDGE('',*,*,#6960,.T.);
#11172 = FACE_BOUND('',#11173,.T.);
#11173 = EDGE_LOOP('',(#11174));
#11174 = ORIENTED_EDGE('',*,*,#6993,.T.);
#11175 = FACE_BOUND('',#11176,.T.);
#11176 = EDGE_LOOP('',(#11177));
#11177 = ORIENTED_EDGE('',*,*,#7026,.T.);
#11178 = FACE_BOUND('',#11179,.T.);
#11179 = EDGE_LOOP('',(#11180));
#11180 = ORIENTED_EDGE('',*,*,#7059,.T.);
#11181 = FACE_BOUND('',#11182,.T.);
#11182 = EDGE_LOOP('',(#11183));
#11183 = ORIENTED_EDGE('',*,*,#7092,.T.);
#11184 = FACE_BOUND('',#11185,.T.);
#11185 = EDGE_LOOP('',(#11186));
#11186 = ORIENTED_EDGE('',*,*,#7125,.T.);
#11187 = FACE_BOUND('',#11188,.T.);
#11188 = EDGE_LOOP('',(#11189));
#11189 = ORIENTED_EDGE('',*,*,#7158,.T.);
#11190 = FACE_BOUND('',#11191,.T.);
#11191 = EDGE_LOOP('',(#11192));
#11192 = ORIENTED_EDGE('',*,*,#7191,.T.);
#11193 = FACE_BOUND('',#11194,.T.);
#11194 = EDGE_LOOP('',(#11195));
#11195 = ORIENTED_EDGE('',*,*,#7224,.T.);
#11196 = FACE_BOUND('',#11197,.T.);
#11197 = EDGE_LOOP('',(#11198));
#11198 = ORIENTED_EDGE('',*,*,#7257,.T.);
#11199 = FACE_BOUND('',#11200,.T.);
#11200 = EDGE_LOOP('',(#11201));
#11201 = ORIENTED_EDGE('',*,*,#7290,.T.);
#11202 = FACE_BOUND('',#11203,.T.);
#11203 = EDGE_LOOP('',(#11204));
#11204 = ORIENTED_EDGE('',*,*,#7323,.T.);
#11205 = FACE_BOUND('',#11206,.T.);
#11206 = EDGE_LOOP('',(#11207));
#11207 = ORIENTED_EDGE('',*,*,#7356,.T.);
#11208 = FACE_BOUND('',#11209,.T.);
#11209 = EDGE_LOOP('',(#11210));
#11210 = ORIENTED_EDGE('',*,*,#7389,.T.);
#11211 = FACE_BOUND('',#11212,.T.);
#11212 = EDGE_LOOP('',(#11213));
#11213 = ORIENTED_EDGE('',*,*,#7422,.T.);
#11214 = FACE_BOUND('',#11215,.T.);
#11215 = EDGE_LOOP('',(#11216));
#11216 = ORIENTED_EDGE('',*,*,#7455,.T.);
#11217 = FACE_BOUND('',#11218,.T.);
#11218 = EDGE_LOOP('',(#11219));
#11219 = ORIENTED_EDGE('',*,*,#7488,.T.);
#11220 = FACE_BOUND('',#11221,.T.);
#11221 = EDGE_LOOP('',(#11222));
#11222 = ORIENTED_EDGE('',*,*,#7521,.T.);
#11223 = FACE_BOUND('',#11224,.T.);
#11224 = EDGE_LOOP('',(#11225));
#11225 = ORIENTED_EDGE('',*,*,#7554,.T.);
#11226 = FACE_BOUND('',#11227,.T.);
#11227 = EDGE_LOOP('',(#11228));
#11228 = ORIENTED_EDGE('',*,*,#7587,.T.);
#11229 = FACE_BOUND('',#11230,.T.);
#11230 = EDGE_LOOP('',(#11231));
#11231 = ORIENTED_EDGE('',*,*,#7620,.T.);
#11232 = FACE_BOUND('',#11233,.T.);
#11233 = EDGE_LOOP('',(#11234));
#11234 = ORIENTED_EDGE('',*,*,#7653,.T.);
#11235 = FACE_BOUND('',#11236,.T.);
#11236 = EDGE_LOOP('',(#11237));
#11237 = ORIENTED_EDGE('',*,*,#7686,.T.);
#11238 = FACE_BOUND('',#11239,.T.);
#11239 = EDGE_LOOP('',(#11240));
#11240 = ORIENTED_EDGE('',*,*,#7719,.T.);
#11241 = FACE_BOUND('',#11242,.T.);
#11242 = EDGE_LOOP('',(#11243));
#11243 = ORIENTED_EDGE('',*,*,#7752,.T.);
#11244 = FACE_BOUND('',#11245,.T.);
#11245 = EDGE_LOOP('',(#11246));
#11246 = ORIENTED_EDGE('',*,*,#7785,.T.);
#11247 = FACE_BOUND('',#11248,.T.);
#11248 = EDGE_LOOP('',(#11249));
#11249 = ORIENTED_EDGE('',*,*,#7818,.T.);
#11250 = FACE_BOUND('',#11251,.T.);
#11251 = EDGE_LOOP('',(#11252));
#11252 = ORIENTED_EDGE('',*,*,#7851,.T.);
#11253 = FACE_BOUND('',#11254,.T.);
#11254 = EDGE_LOOP('',(#11255));
#11255 = ORIENTED_EDGE('',*,*,#7884,.T.);
#11256 = FACE_BOUND('',#11257,.T.);
#11257 = EDGE_LOOP('',(#11258,#11259,#11260,#11261));
#11258 = ORIENTED_EDGE('',*,*,#7925,.T.);
#11259 = ORIENTED_EDGE('',*,*,#7956,.T.);
#11260 = ORIENTED_EDGE('',*,*,#7987,.T.);
#11261 = ORIENTED_EDGE('',*,*,#8009,.T.);
#11262 = FACE_BOUND('',#11263,.T.);
#11263 = EDGE_LOOP('',(#11264));
#11264 = ORIENTED_EDGE('',*,*,#8041,.T.);
#11265 = FACE_BOUND('',#11266,.T.);
#11266 = EDGE_LOOP('',(#11267));
#11267 = ORIENTED_EDGE('',*,*,#8074,.T.);
#11268 = FACE_BOUND('',#11269,.T.);
#11269 = EDGE_LOOP('',(#11270));
#11270 = ORIENTED_EDGE('',*,*,#8107,.T.);
#11271 = FACE_BOUND('',#11272,.T.);
#11272 = EDGE_LOOP('',(#11273));
#11273 = ORIENTED_EDGE('',*,*,#8140,.T.);
#11274 = FACE_BOUND('',#11275,.T.);
#11275 = EDGE_LOOP('',(#11276));
#11276 = ORIENTED_EDGE('',*,*,#8173,.T.);
#11277 = FACE_BOUND('',#11278,.T.);
#11278 = EDGE_LOOP('',(#11279));
#11279 = ORIENTED_EDGE('',*,*,#8206,.T.);
#11280 = FACE_BOUND('',#11281,.T.);
#11281 = EDGE_LOOP('',(#11282));
#11282 = ORIENTED_EDGE('',*,*,#8239,.T.);
#11283 = FACE_BOUND('',#11284,.T.);
#11284 = EDGE_LOOP('',(#11285));
#11285 = ORIENTED_EDGE('',*,*,#8272,.T.);
#11286 = FACE_BOUND('',#11287,.T.);
#11287 = EDGE_LOOP('',(#11288));
#11288 = ORIENTED_EDGE('',*,*,#8305,.T.);
#11289 = FACE_BOUND('',#11290,.T.);
#11290 = EDGE_LOOP('',(#11291));
#11291 = ORIENTED_EDGE('',*,*,#8338,.T.);
#11292 = FACE_BOUND('',#11293,.T.);
#11293 = EDGE_LOOP('',(#11294));
#11294 = ORIENTED_EDGE('',*,*,#8371,.T.);
#11295 = FACE_BOUND('',#11296,.T.);
#11296 = EDGE_LOOP('',(#11297));
#11297 = ORIENTED_EDGE('',*,*,#8404,.T.);
#11298 = FACE_BOUND('',#11299,.T.);
#11299 = EDGE_LOOP('',(#11300));
#11300 = ORIENTED_EDGE('',*,*,#8437,.T.);
#11301 = FACE_BOUND('',#11302,.T.);
#11302 = EDGE_LOOP('',(#11303));
#11303 = ORIENTED_EDGE('',*,*,#8470,.T.);
#11304 = FACE_BOUND('',#11305,.T.);
#11305 = EDGE_LOOP('',(#11306));
#11306 = ORIENTED_EDGE('',*,*,#8503,.T.);
#11307 = FACE_BOUND('',#11308,.T.);
#11308 = EDGE_LOOP('',(#11309));
#11309 = ORIENTED_EDGE('',*,*,#8536,.T.);
#11310 = FACE_BOUND('',#11311,.T.);
#11311 = EDGE_LOOP('',(#11312));
#11312 = ORIENTED_EDGE('',*,*,#8569,.T.);
#11313 = FACE_BOUND('',#11314,.T.);
#11314 = EDGE_LOOP('',(#11315));
#11315 = ORIENTED_EDGE('',*,*,#8602,.T.);
#11316 = FACE_BOUND('',#11317,.T.);
#11317 = EDGE_LOOP('',(#11318));
#11318 = ORIENTED_EDGE('',*,*,#8635,.T.);
#11319 = FACE_BOUND('',#11320,.T.);
#11320 = EDGE_LOOP('',(#11321));
#11321 = ORIENTED_EDGE('',*,*,#8668,.T.);
#11322 = FACE_BOUND('',#11323,.T.);
#11323 = EDGE_LOOP('',(#11324));
#11324 = ORIENTED_EDGE('',*,*,#8701,.T.);
#11325 = FACE_BOUND('',#11326,.T.);
#11326 = EDGE_LOOP('',(#11327));
#11327 = ORIENTED_EDGE('',*,*,#8734,.T.);
#11328 = FACE_BOUND('',#11329,.T.);
#11329 = EDGE_LOOP('',(#11330));
#11330 = ORIENTED_EDGE('',*,*,#8767,.T.);
#11331 = FACE_BOUND('',#11332,.T.);
#11332 = EDGE_LOOP('',(#11333));
#11333 = ORIENTED_EDGE('',*,*,#8800,.T.);
#11334 = FACE_BOUND('',#11335,.T.);
#11335 = EDGE_LOOP('',(#11336));
#11336 = ORIENTED_EDGE('',*,*,#8833,.T.);
#11337 = FACE_BOUND('',#11338,.T.);
#11338 = EDGE_LOOP('',(#11339));
#11339 = ORIENTED_EDGE('',*,*,#8866,.T.);
#11340 = FACE_BOUND('',#11341,.T.);
#11341 = EDGE_LOOP('',(#11342));
#11342 = ORIENTED_EDGE('',*,*,#8899,.T.);
#11343 = FACE_BOUND('',#11344,.T.);
#11344 = EDGE_LOOP('',(#11345));
#11345 = ORIENTED_EDGE('',*,*,#8932,.T.);
#11346 = FACE_BOUND('',#11347,.T.);
#11347 = EDGE_LOOP('',(#11348));
#11348 = ORIENTED_EDGE('',*,*,#8965,.T.);
#11349 = FACE_BOUND('',#11350,.T.);
#11350 = EDGE_LOOP('',(#11351));
#11351 = ORIENTED_EDGE('',*,*,#8998,.T.);
#11352 = FACE_BOUND('',#11353,.T.);
#11353 = EDGE_LOOP('',(#11354));
#11354 = ORIENTED_EDGE('',*,*,#9031,.T.);
#11355 = FACE_BOUND('',#11356,.T.);
#11356 = EDGE_LOOP('',(#11357));
#11357 = ORIENTED_EDGE('',*,*,#9064,.T.);
#11358 = FACE_BOUND('',#11359,.T.);
#11359 = EDGE_LOOP('',(#11360));
#11360 = ORIENTED_EDGE('',*,*,#9097,.T.);
#11361 = FACE_BOUND('',#11362,.T.);
#11362 = EDGE_LOOP('',(#11363));
#11363 = ORIENTED_EDGE('',*,*,#9130,.T.);
#11364 = FACE_BOUND('',#11365,.T.);
#11365 = EDGE_LOOP('',(#11366));
#11366 = ORIENTED_EDGE('',*,*,#9163,.T.);
#11367 = FACE_BOUND('',#11368,.T.);
#11368 = EDGE_LOOP('',(#11369));
#11369 = ORIENTED_EDGE('',*,*,#9196,.T.);
#11370 = FACE_BOUND('',#11371,.T.);
#11371 = EDGE_LOOP('',(#11372));
#11372 = ORIENTED_EDGE('',*,*,#9229,.T.);
#11373 = FACE_BOUND('',#11374,.T.);
#11374 = EDGE_LOOP('',(#11375));
#11375 = ORIENTED_EDGE('',*,*,#9262,.T.);
#11376 = FACE_BOUND('',#11377,.T.);
#11377 = EDGE_LOOP('',(#11378));
#11378 = ORIENTED_EDGE('',*,*,#9295,.T.);
#11379 = FACE_BOUND('',#11380,.T.);
#11380 = EDGE_LOOP('',(#11381));
#11381 = ORIENTED_EDGE('',*,*,#9328,.T.);
#11382 = FACE_BOUND('',#11383,.T.);
#11383 = EDGE_LOOP('',(#11384));
#11384 = ORIENTED_EDGE('',*,*,#9361,.T.);
#11385 = FACE_BOUND('',#11386,.T.);
#11386 = EDGE_LOOP('',(#11387));
#11387 = ORIENTED_EDGE('',*,*,#9394,.T.);
#11388 = FACE_BOUND('',#11389,.T.);
#11389 = EDGE_LOOP('',(#11390));
#11390 = ORIENTED_EDGE('',*,*,#9427,.T.);
#11391 = FACE_BOUND('',#11392,.T.);
#11392 = EDGE_LOOP('',(#11393));
#11393 = ORIENTED_EDGE('',*,*,#9460,.T.);
#11394 = FACE_BOUND('',#11395,.T.);
#11395 = EDGE_LOOP('',(#11396));
#11396 = ORIENTED_EDGE('',*,*,#9493,.T.);
#11397 = FACE_BOUND('',#11398,.T.);
#11398 = EDGE_LOOP('',(#11399));
#11399 = ORIENTED_EDGE('',*,*,#9526,.T.);
#11400 = FACE_BOUND('',#11401,.T.);
#11401 = EDGE_LOOP('',(#11402));
#11402 = ORIENTED_EDGE('',*,*,#9559,.T.);
#11403 = FACE_BOUND('',#11404,.T.);
#11404 = EDGE_LOOP('',(#11405));
#11405 = ORIENTED_EDGE('',*,*,#9592,.T.);
#11406 = FACE_BOUND('',#11407,.T.);
#11407 = EDGE_LOOP('',(#11408));
#11408 = ORIENTED_EDGE('',*,*,#9625,.T.);
#11409 = FACE_BOUND('',#11410,.T.);
#11410 = EDGE_LOOP('',(#11411));
#11411 = ORIENTED_EDGE('',*,*,#9658,.T.);
#11412 = FACE_BOUND('',#11413,.T.);
#11413 = EDGE_LOOP('',(#11414));
#11414 = ORIENTED_EDGE('',*,*,#9691,.T.);
#11415 = FACE_BOUND('',#11416,.T.);
#11416 = EDGE_LOOP('',(#11417));
#11417 = ORIENTED_EDGE('',*,*,#9724,.T.);
#11418 = FACE_BOUND('',#11419,.T.);
#11419 = EDGE_LOOP('',(#11420));
#11420 = ORIENTED_EDGE('',*,*,#9757,.T.);
#11421 = FACE_BOUND('',#11422,.T.);
#11422 = EDGE_LOOP('',(#11423));
#11423 = ORIENTED_EDGE('',*,*,#9790,.T.);
#11424 = FACE_BOUND('',#11425,.T.);
#11425 = EDGE_LOOP('',(#11426));
#11426 = ORIENTED_EDGE('',*,*,#9823,.T.);
#11427 = FACE_BOUND('',#11428,.T.);
#11428 = EDGE_LOOP('',(#11429));
#11429 = ORIENTED_EDGE('',*,*,#9856,.T.);
#11430 = FACE_BOUND('',#11431,.T.);
#11431 = EDGE_LOOP('',(#11432));
#11432 = ORIENTED_EDGE('',*,*,#9889,.T.);
#11433 = FACE_BOUND('',#11434,.T.);
#11434 = EDGE_LOOP('',(#11435));
#11435 = ORIENTED_EDGE('',*,*,#9922,.T.);
#11436 = FACE_BOUND('',#11437,.T.);
#11437 = EDGE_LOOP('',(#11438));
#11438 = ORIENTED_EDGE('',*,*,#9955,.T.);
#11439 = FACE_BOUND('',#11440,.T.);
#11440 = EDGE_LOOP('',(#11441));
#11441 = ORIENTED_EDGE('',*,*,#9988,.T.);
#11442 = FACE_BOUND('',#11443,.T.);
#11443 = EDGE_LOOP('',(#11444));
#11444 = ORIENTED_EDGE('',*,*,#10021,.T.);
#11445 = FACE_BOUND('',#11446,.T.);
#11446 = EDGE_LOOP('',(#11447));
#11447 = ORIENTED_EDGE('',*,*,#10054,.T.);
#11448 = FACE_BOUND('',#11449,.T.);
#11449 = EDGE_LOOP('',(#11450));
#11450 = ORIENTED_EDGE('',*,*,#10087,.T.);
#11451 = FACE_BOUND('',#11452,.T.);
#11452 = EDGE_LOOP('',(#11453));
#11453 = ORIENTED_EDGE('',*,*,#10120,.T.);
#11454 = FACE_BOUND('',#11455,.T.);
#11455 = EDGE_LOOP('',(#11456));
#11456 = ORIENTED_EDGE('',*,*,#10153,.T.);
#11457 = FACE_BOUND('',#11458,.T.);
#11458 = EDGE_LOOP('',(#11459));
#11459 = ORIENTED_EDGE('',*,*,#10186,.T.);
#11460 = FACE_BOUND('',#11461,.T.);
#11461 = EDGE_LOOP('',(#11462));
#11462 = ORIENTED_EDGE('',*,*,#10219,.T.);
#11463 = FACE_BOUND('',#11464,.T.);
#11464 = EDGE_LOOP('',(#11465));
#11465 = ORIENTED_EDGE('',*,*,#10252,.T.);
#11466 = FACE_BOUND('',#11467,.T.);
#11467 = EDGE_LOOP('',(#11468));
#11468 = ORIENTED_EDGE('',*,*,#10285,.T.);
#11469 = FACE_BOUND('',#11470,.T.);
#11470 = EDGE_LOOP('',(#11471));
#11471 = ORIENTED_EDGE('',*,*,#10318,.T.);
#11472 = FACE_BOUND('',#11473,.T.);
#11473 = EDGE_LOOP('',(#11474));
#11474 = ORIENTED_EDGE('',*,*,#10351,.T.);
#11475 = FACE_BOUND('',#11476,.T.);
#11476 = EDGE_LOOP('',(#11477));
#11477 = ORIENTED_EDGE('',*,*,#10384,.T.);
#11478 = FACE_BOUND('',#11479,.T.);
#11479 = EDGE_LOOP('',(#11480));
#11480 = ORIENTED_EDGE('',*,*,#10417,.T.);
#11481 = FACE_BOUND('',#11482,.T.);
#11482 = EDGE_LOOP('',(#11483));
#11483 = ORIENTED_EDGE('',*,*,#10450,.T.);
#11484 = FACE_BOUND('',#11485,.T.);
#11485 = EDGE_LOOP('',(#11486));
#11486 = ORIENTED_EDGE('',*,*,#10483,.T.);
#11487 = FACE_BOUND('',#11488,.T.);
#11488 = EDGE_LOOP('',(#11489));
#11489 = ORIENTED_EDGE('',*,*,#10516,.T.);
#11490 = FACE_BOUND('',#11491,.T.);
#11491 = EDGE_LOOP('',(#11492));
#11492 = ORIENTED_EDGE('',*,*,#10549,.T.);
#11493 = FACE_BOUND('',#11494,.T.);
#11494 = EDGE_LOOP('',(#11495));
#11495 = ORIENTED_EDGE('',*,*,#10582,.T.);
#11496 = PLANE('',#11497);
#11497 = AXIS2_PLACEMENT_3D('',#11498,#11499,#11500);
#11498 = CARTESIAN_POINT('',(-35.07300186157,60.751998901367,-0.41148));
#11499 = DIRECTION('',(0.E+000,-0.E+000,-1.));
#11500 = DIRECTION('',(-1.,0.E+000,-0.E+000));
#11501 = ADVANCED_FACE('',(#11502,#11508,#11511,#11514,#11517,#11520,
    #11523,#11526,#11529,#11532,#11535,#11538,#11541,#11544,#11547,
    #11550,#11553,#11556,#11559,#11562,#11565,#11571,#11574,#11577,
    #11580,#11583,#11586,#11589,#11592,#11595,#11598,#11601,#11604,
    #11607,#11610,#11613,#11616,#11619,#11622,#11625,#11628,#11631,
    #11634,#11638,#11641,#11644,#11647,#11653,#11659,#11665,#11668,
    #11671,#11674,#11677,#11680,#11683,#11687,#11690,#11693,#11696,
    #11699,#11702,#11705,#11708,#11711,#11714,#11717,#11720,#11723,
    #11726,#11729,#11732,#11735,#11741,#11744,#11747,#11750,#11753,
    #11756,#11759,#11762,#11765,#11768,#11771,#11774,#11777,#11780,
    #11783,#11786,#11789,#11792,#11795,#11798,#11801,#11804,#11807,
    #11810,#11813,#11816,#11819,#11822,#11825,#11828,#11831,#11834,
    #11837,#11840,#11843,#11846,#11849,#11852,#11855,#11858,#11861,
    #11864,#11867,#11870,#11873,#11876,#11879,#11882,#11885,#11888,
    #11891,#11894,#11897,#11900,#11903,#11906,#11909,#11912,#11915,
    #11918,#11921,#11924,#11927,#11930,#11933,#11936,#11939,#11942,
    #11945,#11948,#11951,#11954,#11957,#11960,#11963,#11969,#11975,
    #11978,#11981,#11987,#11990,#11993,#11996,#11999,#12002,#12005,
    #12008,#12011,#12014,#12017,#12020,#12023,#12026,#12029,#12032,
    #12035,#12038,#12041,#12044,#12047,#12050,#12053,#12056,#12059,
    #12062,#12065,#12068,#12071,#12074,#12077,#12080,#12083,#12086,
    #12089,#12092,#12095,#12098,#12101,#12104,#12107,#12110,#12113,
    #12116,#12119,#12122,#12125,#12128,#12131,#12134,#12137,#12140,
    #12143,#12146,#12149,#12152,#12155,#12158,#12161,#12164,#12170,
    #12173,#12176,#12179,#12182,#12185,#12188,#12191,#12194,#12197,
    #12200,#12203,#12206,#12209,#12212,#12215,#12218,#12221,#12224,
    #12227,#12230,#12233,#12236,#12239,#12242,#12245,#12248,#12251,
    #12254,#12257,#12260,#12263,#12266,#12269,#12272,#12275,#12278,
    #12281,#12284,#12287,#12290,#12293,#12296,#12299,#12302,#12305,
    #12308,#12311,#12314,#12317,#12320,#12323,#12326,#12329,#12332,
    #12335,#12338,#12341,#12344,#12347,#12350,#12353,#12356,#12359,
    #12362,#12365,#12368,#12371,#12374,#12377,#12380,#12383,#12386,
    #12389,#12392,#12395,#12398,#12401),#12404,.F.);
#11502 = FACE_BOUND('',#11503,.T.);
#11503 = EDGE_LOOP('',(#11504,#11505,#11506,#11507));
#11504 = ORIENTED_EDGE('',*,*,#31,.T.);
#11505 = ORIENTED_EDGE('',*,*,#64,.T.);
#11506 = ORIENTED_EDGE('',*,*,#97,.T.);
#11507 = ORIENTED_EDGE('',*,*,#128,.T.);
#11508 = FACE_BOUND('',#11509,.F.);
#11509 = EDGE_LOOP('',(#11510));
#11510 = ORIENTED_EDGE('',*,*,#161,.T.);
#11511 = FACE_BOUND('',#11512,.F.);
#11512 = EDGE_LOOP('',(#11513));
#11513 = ORIENTED_EDGE('',*,*,#194,.T.);
#11514 = FACE_BOUND('',#11515,.F.);
#11515 = EDGE_LOOP('',(#11516));
#11516 = ORIENTED_EDGE('',*,*,#227,.T.);
#11517 = FACE_BOUND('',#11518,.F.);
#11518 = EDGE_LOOP('',(#11519));
#11519 = ORIENTED_EDGE('',*,*,#260,.T.);
#11520 = FACE_BOUND('',#11521,.F.);
#11521 = EDGE_LOOP('',(#11522));
#11522 = ORIENTED_EDGE('',*,*,#293,.T.);
#11523 = FACE_BOUND('',#11524,.F.);
#11524 = EDGE_LOOP('',(#11525));
#11525 = ORIENTED_EDGE('',*,*,#326,.T.);
#11526 = FACE_BOUND('',#11527,.F.);
#11527 = EDGE_LOOP('',(#11528));
#11528 = ORIENTED_EDGE('',*,*,#359,.T.);
#11529 = FACE_BOUND('',#11530,.F.);
#11530 = EDGE_LOOP('',(#11531));
#11531 = ORIENTED_EDGE('',*,*,#392,.T.);
#11532 = FACE_BOUND('',#11533,.F.);
#11533 = EDGE_LOOP('',(#11534));
#11534 = ORIENTED_EDGE('',*,*,#425,.T.);
#11535 = FACE_BOUND('',#11536,.F.);
#11536 = EDGE_LOOP('',(#11537));
#11537 = ORIENTED_EDGE('',*,*,#458,.T.);
#11538 = FACE_BOUND('',#11539,.F.);
#11539 = EDGE_LOOP('',(#11540));
#11540 = ORIENTED_EDGE('',*,*,#491,.T.);
#11541 = FACE_BOUND('',#11542,.F.);
#11542 = EDGE_LOOP('',(#11543));
#11543 = ORIENTED_EDGE('',*,*,#524,.T.);
#11544 = FACE_BOUND('',#11545,.F.);
#11545 = EDGE_LOOP('',(#11546));
#11546 = ORIENTED_EDGE('',*,*,#557,.T.);
#11547 = FACE_BOUND('',#11548,.F.);
#11548 = EDGE_LOOP('',(#11549));
#11549 = ORIENTED_EDGE('',*,*,#590,.T.);
#11550 = FACE_BOUND('',#11551,.F.);
#11551 = EDGE_LOOP('',(#11552));
#11552 = ORIENTED_EDGE('',*,*,#623,.T.);
#11553 = FACE_BOUND('',#11554,.F.);
#11554 = EDGE_LOOP('',(#11555));
#11555 = ORIENTED_EDGE('',*,*,#656,.T.);
#11556 = FACE_BOUND('',#11557,.F.);
#11557 = EDGE_LOOP('',(#11558));
#11558 = ORIENTED_EDGE('',*,*,#689,.T.);
#11559 = FACE_BOUND('',#11560,.F.);
#11560 = EDGE_LOOP('',(#11561));
#11561 = ORIENTED_EDGE('',*,*,#722,.T.);
#11562 = FACE_BOUND('',#11563,.F.);
#11563 = EDGE_LOOP('',(#11564));
#11564 = ORIENTED_EDGE('',*,*,#755,.T.);
#11565 = FACE_BOUND('',#11566,.F.);
#11566 = EDGE_LOOP('',(#11567,#11568,#11569,#11570));
#11567 = ORIENTED_EDGE('',*,*,#788,.F.);
#11568 = ORIENTED_EDGE('',*,*,#828,.F.);
#11569 = ORIENTED_EDGE('',*,*,#859,.F.);
#11570 = ORIENTED_EDGE('',*,*,#881,.F.);
#11571 = FACE_BOUND('',#11572,.F.);
#11572 = EDGE_LOOP('',(#11573));
#11573 = ORIENTED_EDGE('',*,*,#912,.T.);
#11574 = FACE_BOUND('',#11575,.F.);
#11575 = EDGE_LOOP('',(#11576));
#11576 = ORIENTED_EDGE('',*,*,#945,.T.);
#11577 = FACE_BOUND('',#11578,.F.);
#11578 = EDGE_LOOP('',(#11579));
#11579 = ORIENTED_EDGE('',*,*,#978,.T.);
#11580 = FACE_BOUND('',#11581,.F.);
#11581 = EDGE_LOOP('',(#11582));
#11582 = ORIENTED_EDGE('',*,*,#1011,.T.);
#11583 = FACE_BOUND('',#11584,.F.);
#11584 = EDGE_LOOP('',(#11585));
#11585 = ORIENTED_EDGE('',*,*,#1044,.T.);
#11586 = FACE_BOUND('',#11587,.F.);
#11587 = EDGE_LOOP('',(#11588));
#11588 = ORIENTED_EDGE('',*,*,#1077,.T.);
#11589 = FACE_BOUND('',#11590,.F.);
#11590 = EDGE_LOOP('',(#11591));
#11591 = ORIENTED_EDGE('',*,*,#1110,.T.);
#11592 = FACE_BOUND('',#11593,.F.);
#11593 = EDGE_LOOP('',(#11594));
#11594 = ORIENTED_EDGE('',*,*,#1143,.T.);
#11595 = FACE_BOUND('',#11596,.F.);
#11596 = EDGE_LOOP('',(#11597));
#11597 = ORIENTED_EDGE('',*,*,#1176,.T.);
#11598 = FACE_BOUND('',#11599,.F.);
#11599 = EDGE_LOOP('',(#11600));
#11600 = ORIENTED_EDGE('',*,*,#1209,.T.);
#11601 = FACE_BOUND('',#11602,.F.);
#11602 = EDGE_LOOP('',(#11603));
#11603 = ORIENTED_EDGE('',*,*,#1242,.T.);
#11604 = FACE_BOUND('',#11605,.F.);
#11605 = EDGE_LOOP('',(#11606));
#11606 = ORIENTED_EDGE('',*,*,#1275,.T.);
#11607 = FACE_BOUND('',#11608,.F.);
#11608 = EDGE_LOOP('',(#11609));
#11609 = ORIENTED_EDGE('',*,*,#1308,.T.);
#11610 = FACE_BOUND('',#11611,.F.);
#11611 = EDGE_LOOP('',(#11612));
#11612 = ORIENTED_EDGE('',*,*,#1341,.T.);
#11613 = FACE_BOUND('',#11614,.F.);
#11614 = EDGE_LOOP('',(#11615));
#11615 = ORIENTED_EDGE('',*,*,#1374,.T.);
#11616 = FACE_BOUND('',#11617,.F.);
#11617 = EDGE_LOOP('',(#11618));
#11618 = ORIENTED_EDGE('',*,*,#1407,.T.);
#11619 = FACE_BOUND('',#11620,.F.);
#11620 = EDGE_LOOP('',(#11621));
#11621 = ORIENTED_EDGE('',*,*,#1440,.T.);
#11622 = FACE_BOUND('',#11623,.F.);
#11623 = EDGE_LOOP('',(#11624));
#11624 = ORIENTED_EDGE('',*,*,#1473,.T.);
#11625 = FACE_BOUND('',#11626,.F.);
#11626 = EDGE_LOOP('',(#11627));
#11627 = ORIENTED_EDGE('',*,*,#1506,.T.);
#11628 = FACE_BOUND('',#11629,.F.);
#11629 = EDGE_LOOP('',(#11630));
#11630 = ORIENTED_EDGE('',*,*,#1539,.T.);
#11631 = FACE_BOUND('',#11632,.F.);
#11632 = EDGE_LOOP('',(#11633));
#11633 = ORIENTED_EDGE('',*,*,#1572,.T.);
#11634 = FACE_BOUND('',#11635,.F.);
#11635 = EDGE_LOOP('',(#11636,#11637));
#11636 = ORIENTED_EDGE('',*,*,#1605,.T.);
#11637 = ORIENTED_EDGE('',*,*,#1638,.T.);
#11638 = FACE_BOUND('',#11639,.F.);
#11639 = EDGE_LOOP('',(#11640));
#11640 = ORIENTED_EDGE('',*,*,#1671,.T.);
#11641 = FACE_BOUND('',#11642,.F.);
#11642 = EDGE_LOOP('',(#11643));
#11643 = ORIENTED_EDGE('',*,*,#1704,.T.);
#11644 = FACE_BOUND('',#11645,.F.);
#11645 = EDGE_LOOP('',(#11646));
#11646 = ORIENTED_EDGE('',*,*,#1737,.T.);
#11647 = FACE_BOUND('',#11648,.F.);
#11648 = EDGE_LOOP('',(#11649,#11650,#11651,#11652));
#11649 = ORIENTED_EDGE('',*,*,#1770,.T.);
#11650 = ORIENTED_EDGE('',*,*,#1801,.T.);
#11651 = ORIENTED_EDGE('',*,*,#1834,.T.);
#11652 = ORIENTED_EDGE('',*,*,#1865,.T.);
#11653 = FACE_BOUND('',#11654,.F.);
#11654 = EDGE_LOOP('',(#11655,#11656,#11657,#11658));
#11655 = ORIENTED_EDGE('',*,*,#1898,.T.);
#11656 = ORIENTED_EDGE('',*,*,#1929,.T.);
#11657 = ORIENTED_EDGE('',*,*,#1962,.T.);
#11658 = ORIENTED_EDGE('',*,*,#1993,.T.);
#11659 = FACE_BOUND('',#11660,.F.);
#11660 = EDGE_LOOP('',(#11661,#11662,#11663,#11664));
#11661 = ORIENTED_EDGE('',*,*,#2026,.T.);
#11662 = ORIENTED_EDGE('',*,*,#2057,.T.);
#11663 = ORIENTED_EDGE('',*,*,#2090,.T.);
#11664 = ORIENTED_EDGE('',*,*,#2121,.T.);
#11665 = FACE_BOUND('',#11666,.F.);
#11666 = EDGE_LOOP('',(#11667));
#11667 = ORIENTED_EDGE('',*,*,#2154,.T.);
#11668 = FACE_BOUND('',#11669,.F.);
#11669 = EDGE_LOOP('',(#11670));
#11670 = ORIENTED_EDGE('',*,*,#2187,.T.);
#11671 = FACE_BOUND('',#11672,.F.);
#11672 = EDGE_LOOP('',(#11673));
#11673 = ORIENTED_EDGE('',*,*,#2220,.T.);
#11674 = FACE_BOUND('',#11675,.F.);
#11675 = EDGE_LOOP('',(#11676));
#11676 = ORIENTED_EDGE('',*,*,#2253,.T.);
#11677 = FACE_BOUND('',#11678,.F.);
#11678 = EDGE_LOOP('',(#11679));
#11679 = ORIENTED_EDGE('',*,*,#2286,.T.);
#11680 = FACE_BOUND('',#11681,.F.);
#11681 = EDGE_LOOP('',(#11682));
#11682 = ORIENTED_EDGE('',*,*,#2319,.T.);
#11683 = FACE_BOUND('',#11684,.F.);
#11684 = EDGE_LOOP('',(#11685,#11686));
#11685 = ORIENTED_EDGE('',*,*,#2352,.T.);
#11686 = ORIENTED_EDGE('',*,*,#2385,.T.);
#11687 = FACE_BOUND('',#11688,.F.);
#11688 = EDGE_LOOP('',(#11689));
#11689 = ORIENTED_EDGE('',*,*,#2418,.T.);
#11690 = FACE_BOUND('',#11691,.F.);
#11691 = EDGE_LOOP('',(#11692));
#11692 = ORIENTED_EDGE('',*,*,#2451,.T.);
#11693 = FACE_BOUND('',#11694,.F.);
#11694 = EDGE_LOOP('',(#11695));
#11695 = ORIENTED_EDGE('',*,*,#2484,.T.);
#11696 = FACE_BOUND('',#11697,.F.);
#11697 = EDGE_LOOP('',(#11698));
#11698 = ORIENTED_EDGE('',*,*,#2517,.T.);
#11699 = FACE_BOUND('',#11700,.F.);
#11700 = EDGE_LOOP('',(#11701));
#11701 = ORIENTED_EDGE('',*,*,#2550,.T.);
#11702 = FACE_BOUND('',#11703,.F.);
#11703 = EDGE_LOOP('',(#11704));
#11704 = ORIENTED_EDGE('',*,*,#2583,.T.);
#11705 = FACE_BOUND('',#11706,.F.);
#11706 = EDGE_LOOP('',(#11707));
#11707 = ORIENTED_EDGE('',*,*,#2616,.T.);
#11708 = FACE_BOUND('',#11709,.F.);
#11709 = EDGE_LOOP('',(#11710));
#11710 = ORIENTED_EDGE('',*,*,#2649,.T.);
#11711 = FACE_BOUND('',#11712,.F.);
#11712 = EDGE_LOOP('',(#11713));
#11713 = ORIENTED_EDGE('',*,*,#2682,.T.);
#11714 = FACE_BOUND('',#11715,.F.);
#11715 = EDGE_LOOP('',(#11716));
#11716 = ORIENTED_EDGE('',*,*,#2715,.T.);
#11717 = FACE_BOUND('',#11718,.F.);
#11718 = EDGE_LOOP('',(#11719));
#11719 = ORIENTED_EDGE('',*,*,#2748,.T.);
#11720 = FACE_BOUND('',#11721,.F.);
#11721 = EDGE_LOOP('',(#11722));
#11722 = ORIENTED_EDGE('',*,*,#2781,.T.);
#11723 = FACE_BOUND('',#11724,.F.);
#11724 = EDGE_LOOP('',(#11725));
#11725 = ORIENTED_EDGE('',*,*,#2814,.T.);
#11726 = FACE_BOUND('',#11727,.F.);
#11727 = EDGE_LOOP('',(#11728));
#11728 = ORIENTED_EDGE('',*,*,#2847,.T.);
#11729 = FACE_BOUND('',#11730,.F.);
#11730 = EDGE_LOOP('',(#11731));
#11731 = ORIENTED_EDGE('',*,*,#2880,.T.);
#11732 = FACE_BOUND('',#11733,.F.);
#11733 = EDGE_LOOP('',(#11734));
#11734 = ORIENTED_EDGE('',*,*,#2913,.T.);
#11735 = FACE_BOUND('',#11736,.F.);
#11736 = EDGE_LOOP('',(#11737,#11738,#11739,#11740));
#11737 = ORIENTED_EDGE('',*,*,#2946,.F.);
#11738 = ORIENTED_EDGE('',*,*,#2986,.F.);
#11739 = ORIENTED_EDGE('',*,*,#3017,.F.);
#11740 = ORIENTED_EDGE('',*,*,#3039,.F.);
#11741 = FACE_BOUND('',#11742,.F.);
#11742 = EDGE_LOOP('',(#11743));
#11743 = ORIENTED_EDGE('',*,*,#3070,.T.);
#11744 = FACE_BOUND('',#11745,.F.);
#11745 = EDGE_LOOP('',(#11746));
#11746 = ORIENTED_EDGE('',*,*,#3103,.T.);
#11747 = FACE_BOUND('',#11748,.F.);
#11748 = EDGE_LOOP('',(#11749));
#11749 = ORIENTED_EDGE('',*,*,#3136,.T.);
#11750 = FACE_BOUND('',#11751,.F.);
#11751 = EDGE_LOOP('',(#11752));
#11752 = ORIENTED_EDGE('',*,*,#3169,.T.);
#11753 = FACE_BOUND('',#11754,.F.);
#11754 = EDGE_LOOP('',(#11755));
#11755 = ORIENTED_EDGE('',*,*,#3202,.T.);
#11756 = FACE_BOUND('',#11757,.F.);
#11757 = EDGE_LOOP('',(#11758));
#11758 = ORIENTED_EDGE('',*,*,#3235,.T.);
#11759 = FACE_BOUND('',#11760,.F.);
#11760 = EDGE_LOOP('',(#11761));
#11761 = ORIENTED_EDGE('',*,*,#3268,.T.);
#11762 = FACE_BOUND('',#11763,.F.);
#11763 = EDGE_LOOP('',(#11764));
#11764 = ORIENTED_EDGE('',*,*,#3301,.T.);
#11765 = FACE_BOUND('',#11766,.F.);
#11766 = EDGE_LOOP('',(#11767));
#11767 = ORIENTED_EDGE('',*,*,#3334,.T.);
#11768 = FACE_BOUND('',#11769,.F.);
#11769 = EDGE_LOOP('',(#11770));
#11770 = ORIENTED_EDGE('',*,*,#3367,.T.);
#11771 = FACE_BOUND('',#11772,.F.);
#11772 = EDGE_LOOP('',(#11773));
#11773 = ORIENTED_EDGE('',*,*,#3400,.T.);
#11774 = FACE_BOUND('',#11775,.F.);
#11775 = EDGE_LOOP('',(#11776));
#11776 = ORIENTED_EDGE('',*,*,#3433,.T.);
#11777 = FACE_BOUND('',#11778,.F.);
#11778 = EDGE_LOOP('',(#11779));
#11779 = ORIENTED_EDGE('',*,*,#3466,.T.);
#11780 = FACE_BOUND('',#11781,.F.);
#11781 = EDGE_LOOP('',(#11782));
#11782 = ORIENTED_EDGE('',*,*,#3499,.T.);
#11783 = FACE_BOUND('',#11784,.F.);
#11784 = EDGE_LOOP('',(#11785));
#11785 = ORIENTED_EDGE('',*,*,#3532,.T.);
#11786 = FACE_BOUND('',#11787,.F.);
#11787 = EDGE_LOOP('',(#11788));
#11788 = ORIENTED_EDGE('',*,*,#3565,.T.);
#11789 = FACE_BOUND('',#11790,.F.);
#11790 = EDGE_LOOP('',(#11791));
#11791 = ORIENTED_EDGE('',*,*,#3598,.T.);
#11792 = FACE_BOUND('',#11793,.F.);
#11793 = EDGE_LOOP('',(#11794));
#11794 = ORIENTED_EDGE('',*,*,#3631,.T.);
#11795 = FACE_BOUND('',#11796,.F.);
#11796 = EDGE_LOOP('',(#11797));
#11797 = ORIENTED_EDGE('',*,*,#3664,.T.);
#11798 = FACE_BOUND('',#11799,.F.);
#11799 = EDGE_LOOP('',(#11800));
#11800 = ORIENTED_EDGE('',*,*,#3697,.T.);
#11801 = FACE_BOUND('',#11802,.F.);
#11802 = EDGE_LOOP('',(#11803));
#11803 = ORIENTED_EDGE('',*,*,#3730,.T.);
#11804 = FACE_BOUND('',#11805,.F.);
#11805 = EDGE_LOOP('',(#11806));
#11806 = ORIENTED_EDGE('',*,*,#3763,.T.);
#11807 = FACE_BOUND('',#11808,.F.);
#11808 = EDGE_LOOP('',(#11809));
#11809 = ORIENTED_EDGE('',*,*,#3796,.T.);
#11810 = FACE_BOUND('',#11811,.F.);
#11811 = EDGE_LOOP('',(#11812));
#11812 = ORIENTED_EDGE('',*,*,#3829,.T.);
#11813 = FACE_BOUND('',#11814,.F.);
#11814 = EDGE_LOOP('',(#11815));
#11815 = ORIENTED_EDGE('',*,*,#3862,.T.);
#11816 = FACE_BOUND('',#11817,.F.);
#11817 = EDGE_LOOP('',(#11818));
#11818 = ORIENTED_EDGE('',*,*,#3895,.T.);
#11819 = FACE_BOUND('',#11820,.F.);
#11820 = EDGE_LOOP('',(#11821));
#11821 = ORIENTED_EDGE('',*,*,#3928,.T.);
#11822 = FACE_BOUND('',#11823,.F.);
#11823 = EDGE_LOOP('',(#11824));
#11824 = ORIENTED_EDGE('',*,*,#3961,.T.);
#11825 = FACE_BOUND('',#11826,.F.);
#11826 = EDGE_LOOP('',(#11827));
#11827 = ORIENTED_EDGE('',*,*,#3994,.T.);
#11828 = FACE_BOUND('',#11829,.F.);
#11829 = EDGE_LOOP('',(#11830));
#11830 = ORIENTED_EDGE('',*,*,#4027,.T.);
#11831 = FACE_BOUND('',#11832,.F.);
#11832 = EDGE_LOOP('',(#11833));
#11833 = ORIENTED_EDGE('',*,*,#4060,.T.);
#11834 = FACE_BOUND('',#11835,.F.);
#11835 = EDGE_LOOP('',(#11836));
#11836 = ORIENTED_EDGE('',*,*,#4093,.T.);
#11837 = FACE_BOUND('',#11838,.F.);
#11838 = EDGE_LOOP('',(#11839));
#11839 = ORIENTED_EDGE('',*,*,#4126,.T.);
#11840 = FACE_BOUND('',#11841,.F.);
#11841 = EDGE_LOOP('',(#11842));
#11842 = ORIENTED_EDGE('',*,*,#4159,.T.);
#11843 = FACE_BOUND('',#11844,.F.);
#11844 = EDGE_LOOP('',(#11845));
#11845 = ORIENTED_EDGE('',*,*,#4192,.T.);
#11846 = FACE_BOUND('',#11847,.F.);
#11847 = EDGE_LOOP('',(#11848));
#11848 = ORIENTED_EDGE('',*,*,#4225,.T.);
#11849 = FACE_BOUND('',#11850,.F.);
#11850 = EDGE_LOOP('',(#11851));
#11851 = ORIENTED_EDGE('',*,*,#4258,.T.);
#11852 = FACE_BOUND('',#11853,.F.);
#11853 = EDGE_LOOP('',(#11854));
#11854 = ORIENTED_EDGE('',*,*,#4291,.T.);
#11855 = FACE_BOUND('',#11856,.F.);
#11856 = EDGE_LOOP('',(#11857));
#11857 = ORIENTED_EDGE('',*,*,#4324,.T.);
#11858 = FACE_BOUND('',#11859,.F.);
#11859 = EDGE_LOOP('',(#11860));
#11860 = ORIENTED_EDGE('',*,*,#4357,.T.);
#11861 = FACE_BOUND('',#11862,.F.);
#11862 = EDGE_LOOP('',(#11863));
#11863 = ORIENTED_EDGE('',*,*,#4390,.T.);
#11864 = FACE_BOUND('',#11865,.F.);
#11865 = EDGE_LOOP('',(#11866));
#11866 = ORIENTED_EDGE('',*,*,#4423,.T.);
#11867 = FACE_BOUND('',#11868,.F.);
#11868 = EDGE_LOOP('',(#11869));
#11869 = ORIENTED_EDGE('',*,*,#4456,.T.);
#11870 = FACE_BOUND('',#11871,.F.);
#11871 = EDGE_LOOP('',(#11872));
#11872 = ORIENTED_EDGE('',*,*,#4489,.T.);
#11873 = FACE_BOUND('',#11874,.F.);
#11874 = EDGE_LOOP('',(#11875));
#11875 = ORIENTED_EDGE('',*,*,#4522,.T.);
#11876 = FACE_BOUND('',#11877,.F.);
#11877 = EDGE_LOOP('',(#11878));
#11878 = ORIENTED_EDGE('',*,*,#4555,.T.);
#11879 = FACE_BOUND('',#11880,.F.);
#11880 = EDGE_LOOP('',(#11881));
#11881 = ORIENTED_EDGE('',*,*,#4588,.T.);
#11882 = FACE_BOUND('',#11883,.F.);
#11883 = EDGE_LOOP('',(#11884));
#11884 = ORIENTED_EDGE('',*,*,#4621,.T.);
#11885 = FACE_BOUND('',#11886,.F.);
#11886 = EDGE_LOOP('',(#11887));
#11887 = ORIENTED_EDGE('',*,*,#4654,.T.);
#11888 = FACE_BOUND('',#11889,.F.);
#11889 = EDGE_LOOP('',(#11890));
#11890 = ORIENTED_EDGE('',*,*,#4687,.T.);
#11891 = FACE_BOUND('',#11892,.F.);
#11892 = EDGE_LOOP('',(#11893));
#11893 = ORIENTED_EDGE('',*,*,#4720,.T.);
#11894 = FACE_BOUND('',#11895,.F.);
#11895 = EDGE_LOOP('',(#11896));
#11896 = ORIENTED_EDGE('',*,*,#4753,.T.);
#11897 = FACE_BOUND('',#11898,.F.);
#11898 = EDGE_LOOP('',(#11899));
#11899 = ORIENTED_EDGE('',*,*,#4786,.T.);
#11900 = FACE_BOUND('',#11901,.F.);
#11901 = EDGE_LOOP('',(#11902));
#11902 = ORIENTED_EDGE('',*,*,#4819,.T.);
#11903 = FACE_BOUND('',#11904,.F.);
#11904 = EDGE_LOOP('',(#11905));
#11905 = ORIENTED_EDGE('',*,*,#4852,.T.);
#11906 = FACE_BOUND('',#11907,.F.);
#11907 = EDGE_LOOP('',(#11908));
#11908 = ORIENTED_EDGE('',*,*,#4885,.T.);
#11909 = FACE_BOUND('',#11910,.F.);
#11910 = EDGE_LOOP('',(#11911));
#11911 = ORIENTED_EDGE('',*,*,#4918,.T.);
#11912 = FACE_BOUND('',#11913,.F.);
#11913 = EDGE_LOOP('',(#11914));
#11914 = ORIENTED_EDGE('',*,*,#4951,.T.);
#11915 = FACE_BOUND('',#11916,.F.);
#11916 = EDGE_LOOP('',(#11917));
#11917 = ORIENTED_EDGE('',*,*,#4984,.T.);
#11918 = FACE_BOUND('',#11919,.F.);
#11919 = EDGE_LOOP('',(#11920));
#11920 = ORIENTED_EDGE('',*,*,#5017,.T.);
#11921 = FACE_BOUND('',#11922,.F.);
#11922 = EDGE_LOOP('',(#11923));
#11923 = ORIENTED_EDGE('',*,*,#5050,.T.);
#11924 = FACE_BOUND('',#11925,.F.);
#11925 = EDGE_LOOP('',(#11926));
#11926 = ORIENTED_EDGE('',*,*,#5083,.T.);
#11927 = FACE_BOUND('',#11928,.F.);
#11928 = EDGE_LOOP('',(#11929));
#11929 = ORIENTED_EDGE('',*,*,#5116,.T.);
#11930 = FACE_BOUND('',#11931,.F.);
#11931 = EDGE_LOOP('',(#11932));
#11932 = ORIENTED_EDGE('',*,*,#5149,.T.);
#11933 = FACE_BOUND('',#11934,.F.);
#11934 = EDGE_LOOP('',(#11935));
#11935 = ORIENTED_EDGE('',*,*,#5182,.T.);
#11936 = FACE_BOUND('',#11937,.F.);
#11937 = EDGE_LOOP('',(#11938));
#11938 = ORIENTED_EDGE('',*,*,#5215,.T.);
#11939 = FACE_BOUND('',#11940,.F.);
#11940 = EDGE_LOOP('',(#11941));
#11941 = ORIENTED_EDGE('',*,*,#5248,.T.);
#11942 = FACE_BOUND('',#11943,.F.);
#11943 = EDGE_LOOP('',(#11944));
#11944 = ORIENTED_EDGE('',*,*,#5281,.T.);
#11945 = FACE_BOUND('',#11946,.F.);
#11946 = EDGE_LOOP('',(#11947));
#11947 = ORIENTED_EDGE('',*,*,#5314,.T.);
#11948 = FACE_BOUND('',#11949,.F.);
#11949 = EDGE_LOOP('',(#11950));
#11950 = ORIENTED_EDGE('',*,*,#5347,.T.);
#11951 = FACE_BOUND('',#11952,.F.);
#11952 = EDGE_LOOP('',(#11953));
#11953 = ORIENTED_EDGE('',*,*,#5380,.T.);
#11954 = FACE_BOUND('',#11955,.F.);
#11955 = EDGE_LOOP('',(#11956));
#11956 = ORIENTED_EDGE('',*,*,#5413,.T.);
#11957 = FACE_BOUND('',#11958,.F.);
#11958 = EDGE_LOOP('',(#11959));
#11959 = ORIENTED_EDGE('',*,*,#5446,.T.);
#11960 = FACE_BOUND('',#11961,.F.);
#11961 = EDGE_LOOP('',(#11962));
#11962 = ORIENTED_EDGE('',*,*,#5479,.T.);
#11963 = FACE_BOUND('',#11964,.F.);
#11964 = EDGE_LOOP('',(#11965,#11966,#11967,#11968));
#11965 = ORIENTED_EDGE('',*,*,#5512,.T.);
#11966 = ORIENTED_EDGE('',*,*,#5543,.T.);
#11967 = ORIENTED_EDGE('',*,*,#5576,.T.);
#11968 = ORIENTED_EDGE('',*,*,#5607,.T.);
#11969 = FACE_BOUND('',#11970,.F.);
#11970 = EDGE_LOOP('',(#11971,#11972,#11973,#11974));
#11971 = ORIENTED_EDGE('',*,*,#5640,.T.);
#11972 = ORIENTED_EDGE('',*,*,#5671,.T.);
#11973 = ORIENTED_EDGE('',*,*,#5704,.T.);
#11974 = ORIENTED_EDGE('',*,*,#5735,.T.);
#11975 = FACE_BOUND('',#11976,.F.);
#11976 = EDGE_LOOP('',(#11977));
#11977 = ORIENTED_EDGE('',*,*,#5768,.T.);
#11978 = FACE_BOUND('',#11979,.F.);
#11979 = EDGE_LOOP('',(#11980));
#11980 = ORIENTED_EDGE('',*,*,#5801,.T.);
#11981 = FACE_BOUND('',#11982,.F.);
#11982 = EDGE_LOOP('',(#11983,#11984,#11985,#11986));
#11983 = ORIENTED_EDGE('',*,*,#5834,.T.);
#11984 = ORIENTED_EDGE('',*,*,#5865,.T.);
#11985 = ORIENTED_EDGE('',*,*,#5898,.T.);
#11986 = ORIENTED_EDGE('',*,*,#5929,.T.);
#11987 = FACE_BOUND('',#11988,.F.);
#11988 = EDGE_LOOP('',(#11989));
#11989 = ORIENTED_EDGE('',*,*,#5962,.T.);
#11990 = FACE_BOUND('',#11991,.F.);
#11991 = EDGE_LOOP('',(#11992));
#11992 = ORIENTED_EDGE('',*,*,#5995,.T.);
#11993 = FACE_BOUND('',#11994,.F.);
#11994 = EDGE_LOOP('',(#11995));
#11995 = ORIENTED_EDGE('',*,*,#6028,.T.);
#11996 = FACE_BOUND('',#11997,.F.);
#11997 = EDGE_LOOP('',(#11998));
#11998 = ORIENTED_EDGE('',*,*,#6061,.T.);
#11999 = FACE_BOUND('',#12000,.F.);
#12000 = EDGE_LOOP('',(#12001));
#12001 = ORIENTED_EDGE('',*,*,#6094,.T.);
#12002 = FACE_BOUND('',#12003,.F.);
#12003 = EDGE_LOOP('',(#12004));
#12004 = ORIENTED_EDGE('',*,*,#6127,.T.);
#12005 = FACE_BOUND('',#12006,.F.);
#12006 = EDGE_LOOP('',(#12007));
#12007 = ORIENTED_EDGE('',*,*,#6160,.T.);
#12008 = FACE_BOUND('',#12009,.F.);
#12009 = EDGE_LOOP('',(#12010));
#12010 = ORIENTED_EDGE('',*,*,#6193,.T.);
#12011 = FACE_BOUND('',#12012,.F.);
#12012 = EDGE_LOOP('',(#12013));
#12013 = ORIENTED_EDGE('',*,*,#6226,.T.);
#12014 = FACE_BOUND('',#12015,.F.);
#12015 = EDGE_LOOP('',(#12016));
#12016 = ORIENTED_EDGE('',*,*,#6259,.T.);
#12017 = FACE_BOUND('',#12018,.F.);
#12018 = EDGE_LOOP('',(#12019));
#12019 = ORIENTED_EDGE('',*,*,#6292,.T.);
#12020 = FACE_BOUND('',#12021,.F.);
#12021 = EDGE_LOOP('',(#12022));
#12022 = ORIENTED_EDGE('',*,*,#6325,.T.);
#12023 = FACE_BOUND('',#12024,.F.);
#12024 = EDGE_LOOP('',(#12025));
#12025 = ORIENTED_EDGE('',*,*,#6358,.T.);
#12026 = FACE_BOUND('',#12027,.F.);
#12027 = EDGE_LOOP('',(#12028));
#12028 = ORIENTED_EDGE('',*,*,#6391,.T.);
#12029 = FACE_BOUND('',#12030,.F.);
#12030 = EDGE_LOOP('',(#12031));
#12031 = ORIENTED_EDGE('',*,*,#6424,.T.);
#12032 = FACE_BOUND('',#12033,.F.);
#12033 = EDGE_LOOP('',(#12034));
#12034 = ORIENTED_EDGE('',*,*,#6457,.T.);
#12035 = FACE_BOUND('',#12036,.F.);
#12036 = EDGE_LOOP('',(#12037));
#12037 = ORIENTED_EDGE('',*,*,#6490,.T.);
#12038 = FACE_BOUND('',#12039,.F.);
#12039 = EDGE_LOOP('',(#12040));
#12040 = ORIENTED_EDGE('',*,*,#6523,.T.);
#12041 = FACE_BOUND('',#12042,.F.);
#12042 = EDGE_LOOP('',(#12043));
#12043 = ORIENTED_EDGE('',*,*,#6556,.T.);
#12044 = FACE_BOUND('',#12045,.F.);
#12045 = EDGE_LOOP('',(#12046));
#12046 = ORIENTED_EDGE('',*,*,#6589,.T.);
#12047 = FACE_BOUND('',#12048,.F.);
#12048 = EDGE_LOOP('',(#12049));
#12049 = ORIENTED_EDGE('',*,*,#6622,.T.);
#12050 = FACE_BOUND('',#12051,.F.);
#12051 = EDGE_LOOP('',(#12052));
#12052 = ORIENTED_EDGE('',*,*,#6655,.T.);
#12053 = FACE_BOUND('',#12054,.F.);
#12054 = EDGE_LOOP('',(#12055));
#12055 = ORIENTED_EDGE('',*,*,#6688,.T.);
#12056 = FACE_BOUND('',#12057,.F.);
#12057 = EDGE_LOOP('',(#12058));
#12058 = ORIENTED_EDGE('',*,*,#6721,.T.);
#12059 = FACE_BOUND('',#12060,.F.);
#12060 = EDGE_LOOP('',(#12061));
#12061 = ORIENTED_EDGE('',*,*,#6754,.T.);
#12062 = FACE_BOUND('',#12063,.F.);
#12063 = EDGE_LOOP('',(#12064));
#12064 = ORIENTED_EDGE('',*,*,#6787,.T.);
#12065 = FACE_BOUND('',#12066,.F.);
#12066 = EDGE_LOOP('',(#12067));
#12067 = ORIENTED_EDGE('',*,*,#6820,.T.);
#12068 = FACE_BOUND('',#12069,.F.);
#12069 = EDGE_LOOP('',(#12070));
#12070 = ORIENTED_EDGE('',*,*,#6853,.T.);
#12071 = FACE_BOUND('',#12072,.F.);
#12072 = EDGE_LOOP('',(#12073));
#12073 = ORIENTED_EDGE('',*,*,#6886,.T.);
#12074 = FACE_BOUND('',#12075,.F.);
#12075 = EDGE_LOOP('',(#12076));
#12076 = ORIENTED_EDGE('',*,*,#6919,.T.);
#12077 = FACE_BOUND('',#12078,.F.);
#12078 = EDGE_LOOP('',(#12079));
#12079 = ORIENTED_EDGE('',*,*,#6952,.T.);
#12080 = FACE_BOUND('',#12081,.F.);
#12081 = EDGE_LOOP('',(#12082));
#12082 = ORIENTED_EDGE('',*,*,#6985,.T.);
#12083 = FACE_BOUND('',#12084,.F.);
#12084 = EDGE_LOOP('',(#12085));
#12085 = ORIENTED_EDGE('',*,*,#7018,.T.);
#12086 = FACE_BOUND('',#12087,.F.);
#12087 = EDGE_LOOP('',(#12088));
#12088 = ORIENTED_EDGE('',*,*,#7051,.T.);
#12089 = FACE_BOUND('',#12090,.F.);
#12090 = EDGE_LOOP('',(#12091));
#12091 = ORIENTED_EDGE('',*,*,#7084,.T.);
#12092 = FACE_BOUND('',#12093,.F.);
#12093 = EDGE_LOOP('',(#12094));
#12094 = ORIENTED_EDGE('',*,*,#7117,.T.);
#12095 = FACE_BOUND('',#12096,.F.);
#12096 = EDGE_LOOP('',(#12097));
#12097 = ORIENTED_EDGE('',*,*,#7150,.T.);
#12098 = FACE_BOUND('',#12099,.F.);
#12099 = EDGE_LOOP('',(#12100));
#12100 = ORIENTED_EDGE('',*,*,#7183,.T.);
#12101 = FACE_BOUND('',#12102,.F.);
#12102 = EDGE_LOOP('',(#12103));
#12103 = ORIENTED_EDGE('',*,*,#7216,.T.);
#12104 = FACE_BOUND('',#12105,.F.);
#12105 = EDGE_LOOP('',(#12106));
#12106 = ORIENTED_EDGE('',*,*,#7249,.T.);
#12107 = FACE_BOUND('',#12108,.F.);
#12108 = EDGE_LOOP('',(#12109));
#12109 = ORIENTED_EDGE('',*,*,#7282,.T.);
#12110 = FACE_BOUND('',#12111,.F.);
#12111 = EDGE_LOOP('',(#12112));
#12112 = ORIENTED_EDGE('',*,*,#7315,.T.);
#12113 = FACE_BOUND('',#12114,.F.);
#12114 = EDGE_LOOP('',(#12115));
#12115 = ORIENTED_EDGE('',*,*,#7348,.T.);
#12116 = FACE_BOUND('',#12117,.F.);
#12117 = EDGE_LOOP('',(#12118));
#12118 = ORIENTED_EDGE('',*,*,#7381,.T.);
#12119 = FACE_BOUND('',#12120,.F.);
#12120 = EDGE_LOOP('',(#12121));
#12121 = ORIENTED_EDGE('',*,*,#7414,.T.);
#12122 = FACE_BOUND('',#12123,.F.);
#12123 = EDGE_LOOP('',(#12124));
#12124 = ORIENTED_EDGE('',*,*,#7447,.T.);
#12125 = FACE_BOUND('',#12126,.F.);
#12126 = EDGE_LOOP('',(#12127));
#12127 = ORIENTED_EDGE('',*,*,#7480,.T.);
#12128 = FACE_BOUND('',#12129,.F.);
#12129 = EDGE_LOOP('',(#12130));
#12130 = ORIENTED_EDGE('',*,*,#7513,.T.);
#12131 = FACE_BOUND('',#12132,.F.);
#12132 = EDGE_LOOP('',(#12133));
#12133 = ORIENTED_EDGE('',*,*,#7546,.T.);
#12134 = FACE_BOUND('',#12135,.F.);
#12135 = EDGE_LOOP('',(#12136));
#12136 = ORIENTED_EDGE('',*,*,#7579,.T.);
#12137 = FACE_BOUND('',#12138,.F.);
#12138 = EDGE_LOOP('',(#12139));
#12139 = ORIENTED_EDGE('',*,*,#7612,.T.);
#12140 = FACE_BOUND('',#12141,.F.);
#12141 = EDGE_LOOP('',(#12142));
#12142 = ORIENTED_EDGE('',*,*,#7645,.T.);
#12143 = FACE_BOUND('',#12144,.F.);
#12144 = EDGE_LOOP('',(#12145));
#12145 = ORIENTED_EDGE('',*,*,#7678,.T.);
#12146 = FACE_BOUND('',#12147,.F.);
#12147 = EDGE_LOOP('',(#12148));
#12148 = ORIENTED_EDGE('',*,*,#7711,.T.);
#12149 = FACE_BOUND('',#12150,.F.);
#12150 = EDGE_LOOP('',(#12151));
#12151 = ORIENTED_EDGE('',*,*,#7744,.T.);
#12152 = FACE_BOUND('',#12153,.F.);
#12153 = EDGE_LOOP('',(#12154));
#12154 = ORIENTED_EDGE('',*,*,#7777,.T.);
#12155 = FACE_BOUND('',#12156,.F.);
#12156 = EDGE_LOOP('',(#12157));
#12157 = ORIENTED_EDGE('',*,*,#7810,.T.);
#12158 = FACE_BOUND('',#12159,.F.);
#12159 = EDGE_LOOP('',(#12160));
#12160 = ORIENTED_EDGE('',*,*,#7843,.T.);
#12161 = FACE_BOUND('',#12162,.F.);
#12162 = EDGE_LOOP('',(#12163));
#12163 = ORIENTED_EDGE('',*,*,#7876,.T.);
#12164 = FACE_BOUND('',#12165,.F.);
#12165 = EDGE_LOOP('',(#12166,#12167,#12168,#12169));
#12166 = ORIENTED_EDGE('',*,*,#7909,.T.);
#12167 = ORIENTED_EDGE('',*,*,#7940,.T.);
#12168 = ORIENTED_EDGE('',*,*,#7971,.T.);
#12169 = ORIENTED_EDGE('',*,*,#8002,.T.);
#12170 = FACE_BOUND('',#12171,.F.);
#12171 = EDGE_LOOP('',(#12172));
#12172 = ORIENTED_EDGE('',*,*,#8033,.T.);
#12173 = FACE_BOUND('',#12174,.F.);
#12174 = EDGE_LOOP('',(#12175));
#12175 = ORIENTED_EDGE('',*,*,#8066,.T.);
#12176 = FACE_BOUND('',#12177,.F.);
#12177 = EDGE_LOOP('',(#12178));
#12178 = ORIENTED_EDGE('',*,*,#8099,.T.);
#12179 = FACE_BOUND('',#12180,.F.);
#12180 = EDGE_LOOP('',(#12181));
#12181 = ORIENTED_EDGE('',*,*,#8132,.T.);
#12182 = FACE_BOUND('',#12183,.F.);
#12183 = EDGE_LOOP('',(#12184));
#12184 = ORIENTED_EDGE('',*,*,#8165,.T.);
#12185 = FACE_BOUND('',#12186,.F.);
#12186 = EDGE_LOOP('',(#12187));
#12187 = ORIENTED_EDGE('',*,*,#8198,.T.);
#12188 = FACE_BOUND('',#12189,.F.);
#12189 = EDGE_LOOP('',(#12190));
#12190 = ORIENTED_EDGE('',*,*,#8231,.T.);
#12191 = FACE_BOUND('',#12192,.F.);
#12192 = EDGE_LOOP('',(#12193));
#12193 = ORIENTED_EDGE('',*,*,#8264,.T.);
#12194 = FACE_BOUND('',#12195,.F.);
#12195 = EDGE_LOOP('',(#12196));
#12196 = ORIENTED_EDGE('',*,*,#8297,.T.);
#12197 = FACE_BOUND('',#12198,.F.);
#12198 = EDGE_LOOP('',(#12199));
#12199 = ORIENTED_EDGE('',*,*,#8330,.T.);
#12200 = FACE_BOUND('',#12201,.F.);
#12201 = EDGE_LOOP('',(#12202));
#12202 = ORIENTED_EDGE('',*,*,#8363,.T.);
#12203 = FACE_BOUND('',#12204,.F.);
#12204 = EDGE_LOOP('',(#12205));
#12205 = ORIENTED_EDGE('',*,*,#8396,.T.);
#12206 = FACE_BOUND('',#12207,.F.);
#12207 = EDGE_LOOP('',(#12208));
#12208 = ORIENTED_EDGE('',*,*,#8429,.T.);
#12209 = FACE_BOUND('',#12210,.F.);
#12210 = EDGE_LOOP('',(#12211));
#12211 = ORIENTED_EDGE('',*,*,#8462,.T.);
#12212 = FACE_BOUND('',#12213,.F.);
#12213 = EDGE_LOOP('',(#12214));
#12214 = ORIENTED_EDGE('',*,*,#8495,.T.);
#12215 = FACE_BOUND('',#12216,.F.);
#12216 = EDGE_LOOP('',(#12217));
#12217 = ORIENTED_EDGE('',*,*,#8528,.T.);
#12218 = FACE_BOUND('',#12219,.F.);
#12219 = EDGE_LOOP('',(#12220));
#12220 = ORIENTED_EDGE('',*,*,#8561,.T.);
#12221 = FACE_BOUND('',#12222,.F.);
#12222 = EDGE_LOOP('',(#12223));
#12223 = ORIENTED_EDGE('',*,*,#8594,.T.);
#12224 = FACE_BOUND('',#12225,.F.);
#12225 = EDGE_LOOP('',(#12226));
#12226 = ORIENTED_EDGE('',*,*,#8627,.T.);
#12227 = FACE_BOUND('',#12228,.F.);
#12228 = EDGE_LOOP('',(#12229));
#12229 = ORIENTED_EDGE('',*,*,#8660,.T.);
#12230 = FACE_BOUND('',#12231,.F.);
#12231 = EDGE_LOOP('',(#12232));
#12232 = ORIENTED_EDGE('',*,*,#8693,.T.);
#12233 = FACE_BOUND('',#12234,.F.);
#12234 = EDGE_LOOP('',(#12235));
#12235 = ORIENTED_EDGE('',*,*,#8726,.T.);
#12236 = FACE_BOUND('',#12237,.F.);
#12237 = EDGE_LOOP('',(#12238));
#12238 = ORIENTED_EDGE('',*,*,#8759,.T.);
#12239 = FACE_BOUND('',#12240,.F.);
#12240 = EDGE_LOOP('',(#12241));
#12241 = ORIENTED_EDGE('',*,*,#8792,.T.);
#12242 = FACE_BOUND('',#12243,.F.);
#12243 = EDGE_LOOP('',(#12244));
#12244 = ORIENTED_EDGE('',*,*,#8825,.T.);
#12245 = FACE_BOUND('',#12246,.F.);
#12246 = EDGE_LOOP('',(#12247));
#12247 = ORIENTED_EDGE('',*,*,#8858,.T.);
#12248 = FACE_BOUND('',#12249,.F.);
#12249 = EDGE_LOOP('',(#12250));
#12250 = ORIENTED_EDGE('',*,*,#8891,.T.);
#12251 = FACE_BOUND('',#12252,.F.);
#12252 = EDGE_LOOP('',(#12253));
#12253 = ORIENTED_EDGE('',*,*,#8924,.T.);
#12254 = FACE_BOUND('',#12255,.F.);
#12255 = EDGE_LOOP('',(#12256));
#12256 = ORIENTED_EDGE('',*,*,#8957,.T.);
#12257 = FACE_BOUND('',#12258,.F.);
#12258 = EDGE_LOOP('',(#12259));
#12259 = ORIENTED_EDGE('',*,*,#8990,.T.);
#12260 = FACE_BOUND('',#12261,.F.);
#12261 = EDGE_LOOP('',(#12262));
#12262 = ORIENTED_EDGE('',*,*,#9023,.T.);
#12263 = FACE_BOUND('',#12264,.F.);
#12264 = EDGE_LOOP('',(#12265));
#12265 = ORIENTED_EDGE('',*,*,#9056,.T.);
#12266 = FACE_BOUND('',#12267,.F.);
#12267 = EDGE_LOOP('',(#12268));
#12268 = ORIENTED_EDGE('',*,*,#9089,.T.);
#12269 = FACE_BOUND('',#12270,.F.);
#12270 = EDGE_LOOP('',(#12271));
#12271 = ORIENTED_EDGE('',*,*,#9122,.T.);
#12272 = FACE_BOUND('',#12273,.F.);
#12273 = EDGE_LOOP('',(#12274));
#12274 = ORIENTED_EDGE('',*,*,#9155,.T.);
#12275 = FACE_BOUND('',#12276,.F.);
#12276 = EDGE_LOOP('',(#12277));
#12277 = ORIENTED_EDGE('',*,*,#9188,.T.);
#12278 = FACE_BOUND('',#12279,.F.);
#12279 = EDGE_LOOP('',(#12280));
#12280 = ORIENTED_EDGE('',*,*,#9221,.T.);
#12281 = FACE_BOUND('',#12282,.F.);
#12282 = EDGE_LOOP('',(#12283));
#12283 = ORIENTED_EDGE('',*,*,#9254,.T.);
#12284 = FACE_BOUND('',#12285,.F.);
#12285 = EDGE_LOOP('',(#12286));
#12286 = ORIENTED_EDGE('',*,*,#9287,.T.);
#12287 = FACE_BOUND('',#12288,.F.);
#12288 = EDGE_LOOP('',(#12289));
#12289 = ORIENTED_EDGE('',*,*,#9320,.T.);
#12290 = FACE_BOUND('',#12291,.F.);
#12291 = EDGE_LOOP('',(#12292));
#12292 = ORIENTED_EDGE('',*,*,#9353,.T.);
#12293 = FACE_BOUND('',#12294,.F.);
#12294 = EDGE_LOOP('',(#12295));
#12295 = ORIENTED_EDGE('',*,*,#9386,.T.);
#12296 = FACE_BOUND('',#12297,.F.);
#12297 = EDGE_LOOP('',(#12298));
#12298 = ORIENTED_EDGE('',*,*,#9419,.T.);
#12299 = FACE_BOUND('',#12300,.F.);
#12300 = EDGE_LOOP('',(#12301));
#12301 = ORIENTED_EDGE('',*,*,#9452,.T.);
#12302 = FACE_BOUND('',#12303,.F.);
#12303 = EDGE_LOOP('',(#12304));
#12304 = ORIENTED_EDGE('',*,*,#9485,.T.);
#12305 = FACE_BOUND('',#12306,.F.);
#12306 = EDGE_LOOP('',(#12307));
#12307 = ORIENTED_EDGE('',*,*,#9518,.T.);
#12308 = FACE_BOUND('',#12309,.F.);
#12309 = EDGE_LOOP('',(#12310));
#12310 = ORIENTED_EDGE('',*,*,#9551,.T.);
#12311 = FACE_BOUND('',#12312,.F.);
#12312 = EDGE_LOOP('',(#12313));
#12313 = ORIENTED_EDGE('',*,*,#9584,.T.);
#12314 = FACE_BOUND('',#12315,.F.);
#12315 = EDGE_LOOP('',(#12316));
#12316 = ORIENTED_EDGE('',*,*,#9617,.T.);
#12317 = FACE_BOUND('',#12318,.F.);
#12318 = EDGE_LOOP('',(#12319));
#12319 = ORIENTED_EDGE('',*,*,#9650,.T.);
#12320 = FACE_BOUND('',#12321,.F.);
#12321 = EDGE_LOOP('',(#12322));
#12322 = ORIENTED_EDGE('',*,*,#9683,.T.);
#12323 = FACE_BOUND('',#12324,.F.);
#12324 = EDGE_LOOP('',(#12325));
#12325 = ORIENTED_EDGE('',*,*,#9716,.T.);
#12326 = FACE_BOUND('',#12327,.F.);
#12327 = EDGE_LOOP('',(#12328));
#12328 = ORIENTED_EDGE('',*,*,#9749,.T.);
#12329 = FACE_BOUND('',#12330,.F.);
#12330 = EDGE_LOOP('',(#12331));
#12331 = ORIENTED_EDGE('',*,*,#9782,.T.);
#12332 = FACE_BOUND('',#12333,.F.);
#12333 = EDGE_LOOP('',(#12334));
#12334 = ORIENTED_EDGE('',*,*,#9815,.T.);
#12335 = FACE_BOUND('',#12336,.F.);
#12336 = EDGE_LOOP('',(#12337));
#12337 = ORIENTED_EDGE('',*,*,#9848,.T.);
#12338 = FACE_BOUND('',#12339,.F.);
#12339 = EDGE_LOOP('',(#12340));
#12340 = ORIENTED_EDGE('',*,*,#9881,.T.);
#12341 = FACE_BOUND('',#12342,.F.);
#12342 = EDGE_LOOP('',(#12343));
#12343 = ORIENTED_EDGE('',*,*,#9914,.T.);
#12344 = FACE_BOUND('',#12345,.F.);
#12345 = EDGE_LOOP('',(#12346));
#12346 = ORIENTED_EDGE('',*,*,#9947,.T.);
#12347 = FACE_BOUND('',#12348,.F.);
#12348 = EDGE_LOOP('',(#12349));
#12349 = ORIENTED_EDGE('',*,*,#9980,.T.);
#12350 = FACE_BOUND('',#12351,.F.);
#12351 = EDGE_LOOP('',(#12352));
#12352 = ORIENTED_EDGE('',*,*,#10013,.T.);
#12353 = FACE_BOUND('',#12354,.F.);
#12354 = EDGE_LOOP('',(#12355));
#12355 = ORIENTED_EDGE('',*,*,#10046,.T.);
#12356 = FACE_BOUND('',#12357,.F.);
#12357 = EDGE_LOOP('',(#12358));
#12358 = ORIENTED_EDGE('',*,*,#10079,.T.);
#12359 = FACE_BOUND('',#12360,.F.);
#12360 = EDGE_LOOP('',(#12361));
#12361 = ORIENTED_EDGE('',*,*,#10112,.T.);
#12362 = FACE_BOUND('',#12363,.F.);
#12363 = EDGE_LOOP('',(#12364));
#12364 = ORIENTED_EDGE('',*,*,#10145,.T.);
#12365 = FACE_BOUND('',#12366,.F.);
#12366 = EDGE_LOOP('',(#12367));
#12367 = ORIENTED_EDGE('',*,*,#10178,.T.);
#12368 = FACE_BOUND('',#12369,.F.);
#12369 = EDGE_LOOP('',(#12370));
#12370 = ORIENTED_EDGE('',*,*,#10211,.T.);
#12371 = FACE_BOUND('',#12372,.F.);
#12372 = EDGE_LOOP('',(#12373));
#12373 = ORIENTED_EDGE('',*,*,#10244,.T.);
#12374 = FACE_BOUND('',#12375,.F.);
#12375 = EDGE_LOOP('',(#12376));
#12376 = ORIENTED_EDGE('',*,*,#10277,.T.);
#12377 = FACE_BOUND('',#12378,.F.);
#12378 = EDGE_LOOP('',(#12379));
#12379 = ORIENTED_EDGE('',*,*,#10310,.T.);
#12380 = FACE_BOUND('',#12381,.F.);
#12381 = EDGE_LOOP('',(#12382));
#12382 = ORIENTED_EDGE('',*,*,#10343,.T.);
#12383 = FACE_BOUND('',#12384,.F.);
#12384 = EDGE_LOOP('',(#12385));
#12385 = ORIENTED_EDGE('',*,*,#10376,.T.);
#12386 = FACE_BOUND('',#12387,.F.);
#12387 = EDGE_LOOP('',(#12388));
#12388 = ORIENTED_EDGE('',*,*,#10409,.T.);
#12389 = FACE_BOUND('',#12390,.F.);
#12390 = EDGE_LOOP('',(#12391));
#12391 = ORIENTED_EDGE('',*,*,#10442,.T.);
#12392 = FACE_BOUND('',#12393,.F.);
#12393 = EDGE_LOOP('',(#12394));
#12394 = ORIENTED_EDGE('',*,*,#10475,.T.);
#12395 = FACE_BOUND('',#12396,.F.);
#12396 = EDGE_LOOP('',(#12397));
#12397 = ORIENTED_EDGE('',*,*,#10508,.T.);
#12398 = FACE_BOUND('',#12399,.F.);
#12399 = EDGE_LOOP('',(#12400));
#12400 = ORIENTED_EDGE('',*,*,#10541,.T.);
#12401 = FACE_BOUND('',#12402,.F.);
#12402 = EDGE_LOOP('',(#12403));
#12403 = ORIENTED_EDGE('',*,*,#10574,.T.);
#12404 = PLANE('',#12405);
#12405 = AXIS2_PLACEMENT_3D('',#12406,#12407,#12408);
#12406 = CARTESIAN_POINT('',(-35.07300186157,60.751998901367,0.E+000));
#12407 = DIRECTION('',(0.E+000,-0.E+000,-1.));
#12408 = DIRECTION('',(-1.,0.E+000,-0.E+000));
#12409 = ( GEOMETRIC_REPRESENTATION_CONTEXT(3) 
GLOBAL_UNCERTAINTY_ASSIGNED_CONTEXT((#12413)) 
GLOBAL_UNIT_ASSIGNED_CONTEXT((#12410,#12411,#12412)) 
REPRESENTATION_CONTEXT('Context #1',
  '3D Context with UNIT and UNCERTAINTY') );
#12410 = ( LENGTH_UNIT() NAMED_UNIT(*) SI_UNIT(.MILLI.,.METRE.) );
#12411 = ( NAMED_UNIT(*) PLANE_ANGLE_UNIT() SI_UNIT($,.RADIAN.) );
#12412 = ( NAMED_UNIT(*) SI_UNIT($,.STERADIAN.) SOLID_ANGLE_UNIT() );
#12413 = UNCERTAINTY_MEASURE_WITH_UNIT(LENGTH_MEASURE(1.E-007),#12410,
  'distance_accuracy_value','confusion accuracy');
#12414 = PRODUCT_RELATED_PRODUCT_CATEGORY('part',$,(#7));
#12415 = MECHANICAL_DESIGN_GEOMETRIC_PRESENTATION_REPRESENTATION('',(
    #12416),#12409);
#12416 = STYLED_ITEM('color',(#12417),#15);
#12417 = PRESENTATION_STYLE_ASSIGNMENT((#12418));
#12418 = SURFACE_STYLE_USAGE(.BOTH.,#12419);
#12419 = SURFACE_SIDE_STYLE('',(#12420));
#12420 = SURFACE_STYLE_FILL_AREA(#12421);
#12421 = FILL_AREA_STYLE('',(#12422));
#12422 = FILL_AREA_STYLE_COLOUR('',#12423);
#12423 = COLOUR_RGB('',0.E+000,0.501960813999,0.E+000);
ENDSEC;
END-ISO-10303-21;
